batch,intercept
P&S_2020_2015,5.994588118364402
P&S_2020_2017,23.339265955955195
P&S_2023,0.9961115982131414
