gene_id,n_analyses,analyses
LOC111102778,3,cross_study_DEG_comparison; final_consensus_genes; final_panel_gene_list
LOC111105635,3,cross_study_DEG_comparison; ds1-5_allDEGs_merged; top_50_predictive_genes_for_classification
LOC111106307,3,cross_study_DEG_comparison; ds1-5_allDEGs_merged; final_consensus_genes
LOC111125640,3,cross_study_DEG_comparison; ds1-5_allDEGs_merged; final_panel_gene_list
LOC111131490,3,cross_study_DEG_comparison; ds1-5_allDEGs_merged; final_consensus_genes
LOC111133512,3,cross_study_DEG_comparison; final_consensus_genes; final_panel_gene_list
LOC111099040,2,cross_study_DEG_comparison; ds1-5_allDEGs_merged
LOC111099064,2,cross_study_DEG_comparison; ds1-5_allDEGs_merged
LOC111099079,2,cross_study_DEG_comparison; ds1-5_allDEGs_merged
LOC111099119,2,cross_study_DEG_comparison; ds1-5_allDEGs_merged
LOC111099155,2,cross_study_DEG_comparison; ds1-5_allDEGs_merged
LOC111099172,2,cross_study_DEG_comparison; ds1-5_allDEGs_merged
LOC111099194,2,cross_study_DEG_comparison; ds1-5_allDEGs_merged
LOC111099206,2,cross_study_DEG_comparison; ds1-5_allDEGs_merged
LOC111099222,2,cross_study_DEG_comparison; ds1-5_allDEGs_merged
LOC111099424,2,cross_study_DEG_comparison; ds1-5_allDEGs_merged
LOC111099458,2,cross_study_DEG_comparison; ds1-5_allDEGs_merged
LOC111099476,2,cross_study_DEG_comparison; ds1-5_allDEGs_merged
LOC111099477,2,cross_study_DEG_comparison; ds1-5_allDEGs_merged
LOC111099503,2,cross_study_DEG_comparison; ds1-5_allDEGs_merged
LOC111099592,2,cross_study_DEG_comparison; ds1-5_allDEGs_merged
LOC111099603,2,cross_study_DEG_comparison; ds1-5_allDEGs_merged
LOC111099614,2,cross_study_DEG_comparison; ds1-5_allDEGs_merged
LOC111099646,2,cross_study_DEG_comparison; ds1-5_allDEGs_merged
LOC111099649,2,cross_study_DEG_comparison; ds1-5_allDEGs_merged
LOC111099681,2,cross_study_DEG_comparison; ds1-5_allDEGs_merged
LOC111099711,2,cross_study_DEG_comparison; ds1-5_allDEGs_merged
LOC111099737,2,cross_study_DEG_comparison; ds1-5_allDEGs_merged
LOC111099746,2,cross_study_DEG_comparison; ds1-5_allDEGs_merged
LOC111099765,2,cross_study_DEG_comparison; ds1-5_allDEGs_merged
LOC111099776,2,cross_study_DEG_comparison; ds1-5_allDEGs_merged
LOC111099823,2,cross_study_DEG_comparison; ds1-5_allDEGs_merged
LOC111099830,2,cross_study_DEG_comparison; ds1-5_allDEGs_merged
LOC111099849,2,cross_study_DEG_comparison; ds1-5_allDEGs_merged
LOC111099854,2,cross_study_DEG_comparison; ds1-5_allDEGs_merged
LOC111099902,2,cross_study_DEG_comparison; ds1-5_allDEGs_merged
LOC111099910,2,cross_study_DEG_comparison; ds1-5_allDEGs_merged
LOC111099927,2,cross_study_DEG_comparison; ds1-5_allDEGs_merged
LOC111099973,2,cross_study_DEG_comparison; ds1-5_allDEGs_merged
LOC111100011,2,cross_study_DEG_comparison; ds1-5_allDEGs_merged
LOC111100012,2,cross_study_DEG_comparison; ds1-5_allDEGs_merged
LOC111100040,2,cross_study_DEG_comparison; ds1-5_allDEGs_merged
LOC111100064,2,cross_study_DEG_comparison; ds1-5_allDEGs_merged
LOC111100079,2,cross_study_DEG_comparison; ds1-5_allDEGs_merged
LOC111100090,2,cross_study_DEG_comparison; ds1-5_allDEGs_merged
LOC111100100,2,cross_study_DEG_comparison; ds1-5_allDEGs_merged
LOC111100178,2,cross_study_DEG_comparison; ds1-5_allDEGs_merged
LOC111100230,2,cross_study_DEG_comparison; ds1-5_allDEGs_merged
LOC111100239,2,cross_study_DEG_comparison; ds1-5_allDEGs_merged
LOC111100255,2,cross_study_DEG_comparison; ds1-5_allDEGs_merged
LOC111100257,2,cross_study_DEG_comparison; ds1-5_allDEGs_merged
LOC111100265,2,cross_study_DEG_comparison; ds1-5_allDEGs_merged
LOC111100278,2,cross_study_DEG_comparison; ds1-5_allDEGs_merged
LOC111100307,2,cross_study_DEG_comparison; ds1-5_allDEGs_merged
LOC111100311,2,cross_study_DEG_comparison; ds1-5_allDEGs_merged
LOC111100363,2,cross_study_DEG_comparison; ds1-5_allDEGs_merged
LOC111100383,2,cross_study_DEG_comparison; ds1-5_allDEGs_merged
LOC111100391,2,cross_study_DEG_comparison; ds1-5_allDEGs_merged
LOC111100392,2,cross_study_DEG_comparison; ds1-5_allDEGs_merged
LOC111100402,2,cross_study_DEG_comparison; ds1-5_allDEGs_merged
LOC111100403,2,cross_study_DEG_comparison; ds1-5_allDEGs_merged
LOC111100407,2,cross_study_DEG_comparison; ds1-5_allDEGs_merged
LOC111100408,2,cross_study_DEG_comparison; ds1-5_allDEGs_merged
LOC111100413,2,cross_study_DEG_comparison; ds1-5_allDEGs_merged
LOC111100426,2,cross_study_DEG_comparison; ds1-5_allDEGs_merged
LOC111100432,2,cross_study_DEG_comparison; ds1-5_allDEGs_merged
LOC111100443,2,cross_study_DEG_comparison; ds1-5_allDEGs_merged
LOC111100452,2,cross_study_DEG_comparison; ds1-5_allDEGs_merged
LOC111100476,2,cross_study_DEG_comparison; ds1-5_allDEGs_merged
LOC111100483,2,cross_study_DEG_comparison; final_consensus_genes
LOC111100506,2,cross_study_DEG_comparison; ds1-5_allDEGs_merged
LOC111100541,2,cross_study_DEG_comparison; ds1-5_allDEGs_merged
LOC111100548,2,cross_study_DEG_comparison; ds1-5_allDEGs_merged
LOC111100552,2,cross_study_DEG_comparison; ds1-5_allDEGs_merged
LOC111100587,2,cross_study_DEG_comparison; ds1-5_allDEGs_merged
LOC111100613,2,cross_study_DEG_comparison; ds1-5_allDEGs_merged
LOC111100618,2,cross_study_DEG_comparison; ds1-5_allDEGs_merged
LOC111100625,2,cross_study_DEG_comparison; ds1-5_allDEGs_merged
LOC111100628,2,cross_study_DEG_comparison; ds1-5_allDEGs_merged
LOC111100633,2,cross_study_DEG_comparison; ds1-5_allDEGs_merged
LOC111100638,2,cross_study_DEG_comparison; ds1-5_allDEGs_merged
LOC111100642,2,cross_study_DEG_comparison; top_50_predictive_genes_for_classification
LOC111100671,2,cross_study_DEG_comparison; ds1-5_allDEGs_merged
LOC111100677,2,cross_study_DEG_comparison; ds1-5_allDEGs_merged
LOC111100693,2,cross_study_DEG_comparison; ds1-5_allDEGs_merged
LOC111100842,2,cross_study_DEG_comparison; ds1-5_allDEGs_merged
LOC111100855,2,cross_study_DEG_comparison; ds1-5_allDEGs_merged
LOC111100858,2,cross_study_DEG_comparison; ds1-5_allDEGs_merged
LOC111100867,2,cross_study_DEG_comparison; ds1-5_allDEGs_merged
LOC111100881,2,cross_study_DEG_comparison; ds1-5_allDEGs_merged
LOC111100894,2,cross_study_DEG_comparison; ds1-5_allDEGs_merged
LOC111100906,2,cross_study_DEG_comparison; ds1-5_allDEGs_merged
LOC111100921,2,cross_study_DEG_comparison; ds1-5_allDEGs_merged
LOC111100923,2,cross_study_DEG_comparison; ds1-5_allDEGs_merged
LOC111100924,2,cross_study_DEG_comparison; ds1-5_allDEGs_merged
LOC111100926,2,cross_study_DEG_comparison; ds1-5_allDEGs_merged
LOC111100931,2,cross_study_DEG_comparison; ds1-5_allDEGs_merged
LOC111100937,2,cross_study_DEG_comparison; ds1-5_allDEGs_merged
LOC111100939,2,cross_study_DEG_comparison; ds1-5_allDEGs_merged
LOC111100940,2,cross_study_DEG_comparison; ds1-5_allDEGs_merged
LOC111100993,2,cross_study_DEG_comparison; ds1-5_allDEGs_merged
LOC111100995,2,cross_study_DEG_comparison; ds1-5_allDEGs_merged
LOC111101060,2,cross_study_DEG_comparison; ds1-5_allDEGs_merged
LOC111101072,2,cross_study_DEG_comparison; ds1-5_allDEGs_merged
LOC111101078,2,cross_study_DEG_comparison; ds1-5_allDEGs_merged
LOC111101093,2,cross_study_DEG_comparison; ds1-5_allDEGs_merged
LOC111101097,2,cross_study_DEG_comparison; ds1-5_allDEGs_merged
LOC111101117,2,cross_study_DEG_comparison; ds1-5_allDEGs_merged
LOC111101137,2,cross_study_DEG_comparison; ds1-5_allDEGs_merged
LOC111101152,2,cross_study_DEG_comparison; ds1-5_allDEGs_merged
LOC111101173,2,cross_study_DEG_comparison; ds1-5_allDEGs_merged
LOC111101201,2,cross_study_DEG_comparison; ds1-5_allDEGs_merged
LOC111101211,2,cross_study_DEG_comparison; ds1-5_allDEGs_merged
LOC111101232,2,cross_study_DEG_comparison; ds1-5_allDEGs_merged
LOC111101237,2,cross_study_DEG_comparison; ds1-5_allDEGs_merged
LOC111101239,2,cross_study_DEG_comparison; ds1-5_allDEGs_merged
LOC111101243,2,cross_study_DEG_comparison; ds1-5_allDEGs_merged
LOC111101249,2,cross_study_DEG_comparison; ds1-5_allDEGs_merged
LOC111101260,2,cross_study_DEG_comparison; ds1-5_allDEGs_merged
LOC111101264,2,cross_study_DEG_comparison; ds1-5_allDEGs_merged
LOC111101295,2,cross_study_DEG_comparison; ds1-5_allDEGs_merged
LOC111101316,2,cross_study_DEG_comparison; ds1-5_allDEGs_merged
LOC111101543,2,cross_study_DEG_comparison; ds1-5_allDEGs_merged
LOC111101550,2,cross_study_DEG_comparison; ds1-5_allDEGs_merged
LOC111101606,2,cross_study_DEG_comparison; ds1-5_allDEGs_merged
LOC111101781,2,cross_study_DEG_comparison; ds1-5_allDEGs_merged
LOC111101793,2,cross_study_DEG_comparison; ds1-5_allDEGs_merged
LOC111101808,2,cross_study_DEG_comparison; ds1-5_allDEGs_merged
LOC111101819,2,cross_study_DEG_comparison; ds1-5_allDEGs_merged
LOC111101829,2,cross_study_DEG_comparison; final_consensus_genes
LOC111101841,2,cross_study_DEG_comparison; ds1-5_allDEGs_merged
LOC111101845,2,cross_study_DEG_comparison; ds1-5_allDEGs_merged
LOC111101853,2,cross_study_DEG_comparison; ds1-5_allDEGs_merged
LOC111101857,2,cross_study_DEG_comparison; ds1-5_allDEGs_merged
LOC111101858,2,cross_study_DEG_comparison; ds1-5_allDEGs_merged
LOC111101864,2,cross_study_DEG_comparison; ds1-5_allDEGs_merged
LOC111101876,2,cross_study_DEG_comparison; ds1-5_allDEGs_merged
LOC111101946,2,cross_study_DEG_comparison; ds1-5_allDEGs_merged
LOC111101967,2,cross_study_DEG_comparison; ds1-5_allDEGs_merged
LOC111102089,2,cross_study_DEG_comparison; ds1-5_allDEGs_merged
LOC111102109,2,cross_study_DEG_comparison; ds1-5_allDEGs_merged
LOC111102154,2,cross_study_DEG_comparison; ds1-5_allDEGs_merged
LOC111102272,2,cross_study_DEG_comparison; ds1-5_allDEGs_merged
LOC111102276,2,cross_study_DEG_comparison; ds1-5_allDEGs_merged
LOC111102291,2,ds1-5_allDEGs_merged; top_50_predictive_genes_for_classification
LOC111102380,2,cross_study_DEG_comparison; ds1-5_allDEGs_merged
LOC111102569,2,cross_study_DEG_comparison; ds1-5_allDEGs_merged
LOC111102633,2,cross_study_DEG_comparison; ds1-5_allDEGs_merged
LOC111102685,2,cross_study_DEG_comparison; ds1-5_allDEGs_merged
LOC111102697,2,cross_study_DEG_comparison; ds1-5_allDEGs_merged
LOC111102735,2,cross_study_DEG_comparison; ds1-5_allDEGs_merged
LOC111102736,2,cross_study_DEG_comparison; ds1-5_allDEGs_merged
LOC111102872,2,cross_study_DEG_comparison; ds1-5_allDEGs_merged
LOC111102902,2,cross_study_DEG_comparison; ds1-5_allDEGs_merged
LOC111102942,2,cross_study_DEG_comparison; ds1-5_allDEGs_merged
LOC111103066,2,cross_study_DEG_comparison; final_panel_gene_list
LOC111103151,2,cross_study_DEG_comparison; ds1-5_allDEGs_merged
LOC111103155,2,cross_study_DEG_comparison; ds1-5_allDEGs_merged
LOC111103214,2,cross_study_DEG_comparison; ds1-5_allDEGs_merged
LOC111103262,2,cross_study_DEG_comparison; ds1-5_allDEGs_merged
LOC111103270,2,cross_study_DEG_comparison; ds1-5_allDEGs_merged
LOC111103274,2,cross_study_DEG_comparison; ds1-5_allDEGs_merged
LOC111103306,2,cross_study_DEG_comparison; ds1-5_allDEGs_merged
LOC111103323,2,cross_study_DEG_comparison; ds1-5_allDEGs_merged
LOC111103375,2,cross_study_DEG_comparison; ds1-5_allDEGs_merged
LOC111103381,2,cross_study_DEG_comparison; ds1-5_allDEGs_merged
LOC111103394,2,cross_study_DEG_comparison; ds1-5_allDEGs_merged
LOC111103402,2,cross_study_DEG_comparison; ds1-5_allDEGs_merged
LOC111103412,2,cross_study_DEG_comparison; ds1-5_allDEGs_merged
LOC111103416,2,cross_study_DEG_comparison; ds1-5_allDEGs_merged
LOC111103427,2,cross_study_DEG_comparison; ds1-5_allDEGs_merged
LOC111103550,2,cross_study_DEG_comparison; ds1-5_allDEGs_merged
LOC111103626,2,cross_study_DEG_comparison; ds1-5_allDEGs_merged
LOC111103649,2,cross_study_DEG_comparison; ds1-5_allDEGs_merged
LOC111103692,2,cross_study_DEG_comparison; ds1-5_allDEGs_merged
LOC111103816,2,cross_study_DEG_comparison; ds1-5_allDEGs_merged
LOC111103829,2,cross_study_DEG_comparison; ds1-5_allDEGs_merged
LOC111103860,2,cross_study_DEG_comparison; ds1-5_allDEGs_merged
LOC111103888,2,cross_study_DEG_comparison; ds1-5_allDEGs_merged
LOC111103901,2,cross_study_DEG_comparison; ds1-5_allDEGs_merged
LOC111103965,2,cross_study_DEG_comparison; ds1-5_allDEGs_merged
LOC111103982,2,cross_study_DEG_comparison; ds1-5_allDEGs_merged
LOC111103994,2,cross_study_DEG_comparison; ds1-5_allDEGs_merged
LOC111103999,2,cross_study_DEG_comparison; ds1-5_allDEGs_merged
LOC111104000,2,cross_study_DEG_comparison; ds1-5_allDEGs_merged
LOC111104053,2,cross_study_DEG_comparison; ds1-5_allDEGs_merged
LOC111104102,2,cross_study_DEG_comparison; ds1-5_allDEGs_merged
LOC111104137,2,cross_study_DEG_comparison; ds1-5_allDEGs_merged
LOC111104149,2,cross_study_DEG_comparison; ds1-5_allDEGs_merged
LOC111104249,2,cross_study_DEG_comparison; ds1-5_allDEGs_merged
LOC111104281,2,cross_study_DEG_comparison; ds1-5_allDEGs_merged
LOC111104302,2,cross_study_DEG_comparison; ds1-5_allDEGs_merged
LOC111104316,2,cross_study_DEG_comparison; ds1-5_allDEGs_merged
LOC111104401,2,cross_study_DEG_comparison; ds1-5_allDEGs_merged
LOC111104421,2,cross_study_DEG_comparison; ds1-5_allDEGs_merged
LOC111104430,2,cross_study_DEG_comparison; ds1-5_allDEGs_merged
LOC111104451,2,cross_study_DEG_comparison; ds1-5_allDEGs_merged
LOC111104467,2,cross_study_DEG_comparison; ds1-5_allDEGs_merged
LOC111104489,2,cross_study_DEG_comparison; ds1-5_allDEGs_merged
LOC111104490,2,cross_study_DEG_comparison; ds1-5_allDEGs_merged
LOC111104499,2,cross_study_DEG_comparison; ds1-5_allDEGs_merged
LOC111104516,2,cross_study_DEG_comparison; ds1-5_allDEGs_merged
LOC111104518,2,cross_study_DEG_comparison; ds1-5_allDEGs_merged
LOC111104529,2,cross_study_DEG_comparison; ds1-5_allDEGs_merged
LOC111104586,2,cross_study_DEG_comparison; ds1-5_allDEGs_merged
LOC111104680,2,cross_study_DEG_comparison; ds1-5_allDEGs_merged
LOC111104697,2,cross_study_DEG_comparison; ds1-5_allDEGs_merged
LOC111104793,2,cross_study_DEG_comparison; ds1-5_allDEGs_merged
LOC111104803,2,cross_study_DEG_comparison; ds1-5_allDEGs_merged
LOC111104814,2,cross_study_DEG_comparison; ds1-5_allDEGs_merged
LOC111104860,2,cross_study_DEG_comparison; ds1-5_allDEGs_merged
LOC111105148,2,cross_study_DEG_comparison; ds1-5_allDEGs_merged
LOC111105221,2,ds1-5_allDEGs_merged; top_50_predictive_genes_for_classification
LOC111105269,2,cross_study_DEG_comparison; ds1-5_allDEGs_merged
LOC111105440,2,cross_study_DEG_comparison; ds1-5_allDEGs_merged
LOC111105573,2,cross_study_DEG_comparison; ds1-5_allDEGs_merged
LOC111105700,2,cross_study_DEG_comparison; ds1-5_allDEGs_merged
LOC111105708,2,cross_study_DEG_comparison; ds1-5_allDEGs_merged
LOC111105710,2,cross_study_DEG_comparison; ds1-5_allDEGs_merged
LOC111105739,2,cross_study_DEG_comparison; ds1-5_allDEGs_merged
LOC111105761,2,cross_study_DEG_comparison; ds1-5_allDEGs_merged
LOC111105831,2,cross_study_DEG_comparison; ds1-5_allDEGs_merged
LOC111105869,2,cross_study_DEG_comparison; ds1-5_allDEGs_merged
LOC111105882,2,cross_study_DEG_comparison; ds1-5_allDEGs_merged
LOC111105900,2,cross_study_DEG_comparison; ds1-5_allDEGs_merged
LOC111105920,2,cross_study_DEG_comparison; ds1-5_allDEGs_merged
LOC111106031,2,cross_study_DEG_comparison; ds1-5_allDEGs_merged
LOC111106036,2,cross_study_DEG_comparison; ds1-5_allDEGs_merged
LOC111106114,2,cross_study_DEG_comparison; ds1-5_allDEGs_merged
LOC111106183,2,cross_study_DEG_comparison; ds1-5_allDEGs_merged
LOC111106233,2,cross_study_DEG_comparison; ds1-5_allDEGs_merged
LOC111106242,2,cross_study_DEG_comparison; ds1-5_allDEGs_merged
LOC111106251,2,cross_study_DEG_comparison; ds1-5_allDEGs_merged
LOC111106255,2,cross_study_DEG_comparison; ds1-5_allDEGs_merged
LOC111106267,2,cross_study_DEG_comparison; ds1-5_allDEGs_merged
LOC111106288,2,cross_study_DEG_comparison; ds1-5_allDEGs_merged
LOC111106304,2,cross_study_DEG_comparison; ds1-5_allDEGs_merged
LOC111106355,2,cross_study_DEG_comparison; ds1-5_allDEGs_merged
LOC111106371,2,cross_study_DEG_comparison; ds1-5_allDEGs_merged
LOC111106506,2,cross_study_DEG_comparison; ds1-5_allDEGs_merged
LOC111106531,2,cross_study_DEG_comparison; ds1-5_allDEGs_merged
LOC111106605,2,cross_study_DEG_comparison; ds1-5_allDEGs_merged
LOC111106625,2,cross_study_DEG_comparison; ds1-5_allDEGs_merged
LOC111106630,2,cross_study_DEG_comparison; ds1-5_allDEGs_merged
LOC111106631,2,cross_study_DEG_comparison; ds1-5_allDEGs_merged
LOC111106673,2,cross_study_DEG_comparison; ds1-5_allDEGs_merged
LOC111106749,2,cross_study_DEG_comparison; ds1-5_allDEGs_merged
LOC111106836,2,cross_study_DEG_comparison; ds1-5_allDEGs_merged
LOC111106857,2,cross_study_DEG_comparison; ds1-5_allDEGs_merged
LOC111106871,2,cross_study_DEG_comparison; ds1-5_allDEGs_merged
LOC111106882,2,cross_study_DEG_comparison; ds1-5_allDEGs_merged
LOC111107019,2,cross_study_DEG_comparison; ds1-5_allDEGs_merged
LOC111107029,2,cross_study_DEG_comparison; ds1-5_allDEGs_merged
LOC111107067,2,cross_study_DEG_comparison; ds1-5_allDEGs_merged
LOC111107130,2,cross_study_DEG_comparison; ds1-5_allDEGs_merged
LOC111107160,2,cross_study_DEG_comparison; ds1-5_allDEGs_merged
LOC111107163,2,cross_study_DEG_comparison; ds1-5_allDEGs_merged
LOC111107173,2,cross_study_DEG_comparison; ds1-5_allDEGs_merged
LOC111107233,2,cross_study_DEG_comparison; ds1-5_allDEGs_merged
LOC111107234,2,cross_study_DEG_comparison; ds1-5_allDEGs_merged
LOC111107278,2,cross_study_DEG_comparison; ds1-5_allDEGs_merged
LOC111107289,2,cross_study_DEG_comparison; ds1-5_allDEGs_merged
LOC111107360,2,cross_study_DEG_comparison; ds1-5_allDEGs_merged
LOC111107542,2,cross_study_DEG_comparison; ds1-5_allDEGs_merged
LOC111107547,2,cross_study_DEG_comparison; ds1-5_allDEGs_merged
LOC111107550,2,cross_study_DEG_comparison; ds1-5_allDEGs_merged
LOC111107660,2,cross_study_DEG_comparison; ds1-5_allDEGs_merged
LOC111107695,2,cross_study_DEG_comparison; ds1-5_allDEGs_merged
LOC111107747,2,cross_study_DEG_comparison; ds1-5_allDEGs_merged
LOC111107835,2,cross_study_DEG_comparison; top_50_predictive_genes_for_classification
LOC111107840,2,cross_study_DEG_comparison; ds1-5_allDEGs_merged
LOC111107891,2,cross_study_DEG_comparison; ds1-5_allDEGs_merged
LOC111107967,2,cross_study_DEG_comparison; ds1-5_allDEGs_merged
LOC111108010,2,cross_study_DEG_comparison; ds1-5_allDEGs_merged
LOC111108022,2,cross_study_DEG_comparison; ds1-5_allDEGs_merged
LOC111108102,2,cross_study_DEG_comparison; ds1-5_allDEGs_merged
LOC111108103,2,cross_study_DEG_comparison; ds1-5_allDEGs_merged
LOC111108126,2,cross_study_DEG_comparison; ds1-5_allDEGs_merged
LOC111108132,2,cross_study_DEG_comparison; ds1-5_allDEGs_merged
LOC111108143,2,cross_study_DEG_comparison; ds1-5_allDEGs_merged
LOC111108179,2,cross_study_DEG_comparison; ds1-5_allDEGs_merged
LOC111108185,2,cross_study_DEG_comparison; ds1-5_allDEGs_merged
LOC111108225,2,cross_study_DEG_comparison; ds1-5_allDEGs_merged
LOC111108408,2,cross_study_DEG_comparison; ds1-5_allDEGs_merged
LOC111108418,2,cross_study_DEG_comparison; ds1-5_allDEGs_merged
LOC111108439,2,cross_study_DEG_comparison; ds1-5_allDEGs_merged
LOC111108446,2,cross_study_DEG_comparison; ds1-5_allDEGs_merged
LOC111108494,2,cross_study_DEG_comparison; ds1-5_allDEGs_merged
LOC111108500,2,cross_study_DEG_comparison; ds1-5_allDEGs_merged
LOC111108589,2,cross_study_DEG_comparison; ds1-5_allDEGs_merged
LOC111108596,2,cross_study_DEG_comparison; ds1-5_allDEGs_merged
LOC111108650,2,cross_study_DEG_comparison; ds1-5_allDEGs_merged
LOC111108670,2,cross_study_DEG_comparison; ds1-5_allDEGs_merged
LOC111108724,2,cross_study_DEG_comparison; ds1-5_allDEGs_merged
LOC111108763,2,cross_study_DEG_comparison; ds1-5_allDEGs_merged
LOC111108770,2,cross_study_DEG_comparison; ds1-5_allDEGs_merged
LOC111108781,2,cross_study_DEG_comparison; ds1-5_allDEGs_merged
LOC111108929,2,cross_study_DEG_comparison; ds1-5_allDEGs_merged
LOC111108994,2,cross_study_DEG_comparison; ds1-5_allDEGs_merged
LOC111109131,2,cross_study_DEG_comparison; ds1-5_allDEGs_merged
LOC111109165,2,cross_study_DEG_comparison; ds1-5_allDEGs_merged
LOC111109242,2,cross_study_DEG_comparison; ds1-5_allDEGs_merged
LOC111109321,2,cross_study_DEG_comparison; ds1-5_allDEGs_merged
LOC111109404,2,cross_study_DEG_comparison; ds1-5_allDEGs_merged
LOC111109418,2,cross_study_DEG_comparison; ds1-5_allDEGs_merged
LOC111109439,2,cross_study_DEG_comparison; ds1-5_allDEGs_merged
LOC111109496,2,final_panel_gene_list; top_50_predictive_genes_for_classification
LOC111109520,2,cross_study_DEG_comparison; ds1-5_allDEGs_merged
LOC111109544,2,cross_study_DEG_comparison; ds1-5_allDEGs_merged
LOC111109596,2,cross_study_DEG_comparison; ds1-5_allDEGs_merged
LOC111109627,2,cross_study_DEG_comparison; ds1-5_allDEGs_merged
LOC111109647,2,cross_study_DEG_comparison; ds1-5_allDEGs_merged
LOC111109667,2,cross_study_DEG_comparison; ds1-5_allDEGs_merged
LOC111109685,2,cross_study_DEG_comparison; ds1-5_allDEGs_merged
LOC111109702,2,cross_study_DEG_comparison; ds1-5_allDEGs_merged
LOC111109768,2,cross_study_DEG_comparison; ds1-5_allDEGs_merged
LOC111109934,2,cross_study_DEG_comparison; ds1-5_allDEGs_merged
LOC111110004,2,cross_study_DEG_comparison; ds1-5_allDEGs_merged
LOC111110008,2,cross_study_DEG_comparison; ds1-5_allDEGs_merged
LOC111110040,2,cross_study_DEG_comparison; ds1-5_allDEGs_merged
LOC111110063,2,cross_study_DEG_comparison; ds1-5_allDEGs_merged
LOC111110090,2,cross_study_DEG_comparison; ds1-5_allDEGs_merged
LOC111110096,2,cross_study_DEG_comparison; ds1-5_allDEGs_merged
LOC111110104,2,ds1-5_allDEGs_merged; final_consensus_genes
LOC111110148,2,cross_study_DEG_comparison; ds1-5_allDEGs_merged
LOC111110174,2,cross_study_DEG_comparison; ds1-5_allDEGs_merged
LOC111110280,2,cross_study_DEG_comparison; ds1-5_allDEGs_merged
LOC111110296,2,cross_study_DEG_comparison; ds1-5_allDEGs_merged
LOC111110318,2,cross_study_DEG_comparison; ds1-5_allDEGs_merged
LOC111110347,2,cross_study_DEG_comparison; ds1-5_allDEGs_merged
LOC111110442,2,cross_study_DEG_comparison; ds1-5_allDEGs_merged
LOC111110446,2,cross_study_DEG_comparison; ds1-5_allDEGs_merged
LOC111110518,2,cross_study_DEG_comparison; ds1-5_allDEGs_merged
LOC111110540,2,cross_study_DEG_comparison; ds1-5_allDEGs_merged
LOC111110616,2,cross_study_DEG_comparison; top_50_predictive_genes_for_classification
LOC111110677,2,cross_study_DEG_comparison; ds1-5_allDEGs_merged
LOC111110683,2,cross_study_DEG_comparison; ds1-5_allDEGs_merged
LOC111110793,2,cross_study_DEG_comparison; ds1-5_allDEGs_merged
LOC111110798,2,cross_study_DEG_comparison; ds1-5_allDEGs_merged
LOC111110802,2,cross_study_DEG_comparison; ds1-5_allDEGs_merged
LOC111110804,2,cross_study_DEG_comparison; ds1-5_allDEGs_merged
LOC111110811,2,cross_study_DEG_comparison; ds1-5_allDEGs_merged
LOC111110920,2,cross_study_DEG_comparison; ds1-5_allDEGs_merged
LOC111110929,2,cross_study_DEG_comparison; ds1-5_allDEGs_merged
LOC111110953,2,cross_study_DEG_comparison; ds1-5_allDEGs_merged
LOC111111023,2,cross_study_DEG_comparison; ds1-5_allDEGs_merged
LOC111111056,2,cross_study_DEG_comparison; ds1-5_allDEGs_merged
LOC111111104,2,cross_study_DEG_comparison; ds1-5_allDEGs_merged
LOC111111106,2,cross_study_DEG_comparison; ds1-5_allDEGs_merged
LOC111111122,2,cross_study_DEG_comparison; ds1-5_allDEGs_merged
LOC111111127,2,cross_study_DEG_comparison; ds1-5_allDEGs_merged
LOC111111163,2,cross_study_DEG_comparison; ds1-5_allDEGs_merged
LOC111111206,2,cross_study_DEG_comparison; ds1-5_allDEGs_merged
LOC111111234,2,cross_study_DEG_comparison; ds1-5_allDEGs_merged
LOC111111297,2,cross_study_DEG_comparison; ds1-5_allDEGs_merged
LOC111111304,2,cross_study_DEG_comparison; ds1-5_allDEGs_merged
LOC111111314,2,cross_study_DEG_comparison; ds1-5_allDEGs_merged
LOC111111343,2,cross_study_DEG_comparison; ds1-5_allDEGs_merged
LOC111111464,2,cross_study_DEG_comparison; ds1-5_allDEGs_merged
LOC111111546,2,cross_study_DEG_comparison; ds1-5_allDEGs_merged
LOC111111548,2,cross_study_DEG_comparison; ds1-5_allDEGs_merged
LOC111111586,2,cross_study_DEG_comparison; ds1-5_allDEGs_merged
LOC111111610,2,cross_study_DEG_comparison; ds1-5_allDEGs_merged
LOC111111668,2,cross_study_DEG_comparison; ds1-5_allDEGs_merged
LOC111111695,2,cross_study_DEG_comparison; ds1-5_allDEGs_merged
LOC111111741,2,cross_study_DEG_comparison; ds1-5_allDEGs_merged
LOC111111813,2,cross_study_DEG_comparison; ds1-5_allDEGs_merged
LOC111111816,2,cross_study_DEG_comparison; ds1-5_allDEGs_merged
LOC111111835,2,cross_study_DEG_comparison; ds1-5_allDEGs_merged
LOC111111855,2,cross_study_DEG_comparison; ds1-5_allDEGs_merged
LOC111111860,2,cross_study_DEG_comparison; ds1-5_allDEGs_merged
LOC111111879,2,cross_study_DEG_comparison; ds1-5_allDEGs_merged
LOC111111886,2,cross_study_DEG_comparison; ds1-5_allDEGs_merged
LOC111111932,2,cross_study_DEG_comparison; ds1-5_allDEGs_merged
LOC111112028,2,cross_study_DEG_comparison; ds1-5_allDEGs_merged
LOC111112114,2,cross_study_DEG_comparison; ds1-5_allDEGs_merged
LOC111112129,2,cross_study_DEG_comparison; ds1-5_allDEGs_merged
LOC111112214,2,cross_study_DEG_comparison; ds1-5_allDEGs_merged
LOC111112251,2,cross_study_DEG_comparison; ds1-5_allDEGs_merged
LOC111112301,2,cross_study_DEG_comparison; ds1-5_allDEGs_merged
LOC111112363,2,cross_study_DEG_comparison; ds1-5_allDEGs_merged
LOC111112414,2,cross_study_DEG_comparison; ds1-5_allDEGs_merged
LOC111112433,2,cross_study_DEG_comparison; ds1-5_allDEGs_merged
LOC111112466,2,cross_study_DEG_comparison; ds1-5_allDEGs_merged
LOC111112488,2,cross_study_DEG_comparison; ds1-5_allDEGs_merged
LOC111112499,2,cross_study_DEG_comparison; ds1-5_allDEGs_merged
LOC111112603,2,cross_study_DEG_comparison; ds1-5_allDEGs_merged
LOC111112614,2,cross_study_DEG_comparison; ds1-5_allDEGs_merged
LOC111112624,2,cross_study_DEG_comparison; ds1-5_allDEGs_merged
LOC111112629,2,cross_study_DEG_comparison; ds1-5_allDEGs_merged
LOC111112699,2,cross_study_DEG_comparison; ds1-5_allDEGs_merged
LOC111112746,2,cross_study_DEG_comparison; ds1-5_allDEGs_merged
LOC111112749,2,cross_study_DEG_comparison; ds1-5_allDEGs_merged
LOC111112767,2,cross_study_DEG_comparison; ds1-5_allDEGs_merged
LOC111112792,2,cross_study_DEG_comparison; ds1-5_allDEGs_merged
LOC111112794,2,cross_study_DEG_comparison; ds1-5_allDEGs_merged
LOC111112812,2,cross_study_DEG_comparison; ds1-5_allDEGs_merged
LOC111112814,2,cross_study_DEG_comparison; ds1-5_allDEGs_merged
LOC111112839,2,cross_study_DEG_comparison; ds1-5_allDEGs_merged
LOC111112842,2,cross_study_DEG_comparison; ds1-5_allDEGs_merged
LOC111112876,2,cross_study_DEG_comparison; ds1-5_allDEGs_merged
LOC111112883,2,cross_study_DEG_comparison; ds1-5_allDEGs_merged
LOC111112886,2,cross_study_DEG_comparison; ds1-5_allDEGs_merged
LOC111112895,2,cross_study_DEG_comparison; ds1-5_allDEGs_merged
LOC111112912,2,cross_study_DEG_comparison; ds1-5_allDEGs_merged
LOC111112966,2,cross_study_DEG_comparison; ds1-5_allDEGs_merged
LOC111112980,2,cross_study_DEG_comparison; ds1-5_allDEGs_merged
LOC111113003,2,cross_study_DEG_comparison; ds1-5_allDEGs_merged
LOC111113004,2,cross_study_DEG_comparison; ds1-5_allDEGs_merged
LOC111113024,2,cross_study_DEG_comparison; ds1-5_allDEGs_merged
LOC111113027,2,cross_study_DEG_comparison; ds1-5_allDEGs_merged
LOC111113064,2,cross_study_DEG_comparison; ds1-5_allDEGs_merged
LOC111113072,2,cross_study_DEG_comparison; ds1-5_allDEGs_merged
LOC111113086,2,cross_study_DEG_comparison; ds1-5_allDEGs_merged
LOC111113124,2,cross_study_DEG_comparison; ds1-5_allDEGs_merged
LOC111113169,2,cross_study_DEG_comparison; ds1-5_allDEGs_merged
LOC111113208,2,cross_study_DEG_comparison; ds1-5_allDEGs_merged
LOC111113278,2,cross_study_DEG_comparison; ds1-5_allDEGs_merged
LOC111113291,2,cross_study_DEG_comparison; ds1-5_allDEGs_merged
LOC111113321,2,cross_study_DEG_comparison; ds1-5_allDEGs_merged
LOC111113340,2,cross_study_DEG_comparison; ds1-5_allDEGs_merged
LOC111113363,2,cross_study_DEG_comparison; ds1-5_allDEGs_merged
LOC111113390,2,cross_study_DEG_comparison; ds1-5_allDEGs_merged
LOC111113400,2,ds1-5_allDEGs_merged; top_50_predictive_genes_for_classification
LOC111113428,2,cross_study_DEG_comparison; ds1-5_allDEGs_merged
LOC111113501,2,cross_study_DEG_comparison; ds1-5_allDEGs_merged
LOC111113736,2,cross_study_DEG_comparison; ds1-5_allDEGs_merged
LOC111113813,2,cross_study_DEG_comparison; ds1-5_allDEGs_merged
LOC111113890,2,cross_study_DEG_comparison; ds1-5_allDEGs_merged
LOC111113985,2,cross_study_DEG_comparison; ds1-5_allDEGs_merged
LOC111114036,2,cross_study_DEG_comparison; top_50_predictive_genes_for_classification
LOC111114166,2,cross_study_DEG_comparison; ds1-5_allDEGs_merged
LOC111114272,2,cross_study_DEG_comparison; ds1-5_allDEGs_merged
LOC111114379,2,cross_study_DEG_comparison; ds1-5_allDEGs_merged
LOC111114476,2,cross_study_DEG_comparison; ds1-5_allDEGs_merged
LOC111114508,2,cross_study_DEG_comparison; ds1-5_allDEGs_merged
LOC111114530,2,cross_study_DEG_comparison; ds1-5_allDEGs_merged
LOC111114604,2,cross_study_DEG_comparison; ds1-5_allDEGs_merged
LOC111114630,2,cross_study_DEG_comparison; ds1-5_allDEGs_merged
LOC111114634,2,cross_study_DEG_comparison; ds1-5_allDEGs_merged
LOC111114681,2,cross_study_DEG_comparison; ds1-5_allDEGs_merged
LOC111114726,2,cross_study_DEG_comparison; ds1-5_allDEGs_merged
LOC111114739,2,cross_study_DEG_comparison; ds1-5_allDEGs_merged
LOC111114747,2,cross_study_DEG_comparison; ds1-5_allDEGs_merged
LOC111114765,2,cross_study_DEG_comparison; ds1-5_allDEGs_merged
LOC111114792,2,cross_study_DEG_comparison; ds1-5_allDEGs_merged
LOC111114803,2,cross_study_DEG_comparison; ds1-5_allDEGs_merged
LOC111114853,2,cross_study_DEG_comparison; ds1-5_allDEGs_merged
LOC111114898,2,cross_study_DEG_comparison; ds1-5_allDEGs_merged
LOC111114902,2,cross_study_DEG_comparison; ds1-5_allDEGs_merged
LOC111114905,2,cross_study_DEG_comparison; ds1-5_allDEGs_merged
LOC111114906,2,cross_study_DEG_comparison; ds1-5_allDEGs_merged
LOC111114926,2,cross_study_DEG_comparison; ds1-5_allDEGs_merged
LOC111114977,2,cross_study_DEG_comparison; ds1-5_allDEGs_merged
LOC111114987,2,cross_study_DEG_comparison; top_50_predictive_genes_for_classification
LOC111114997,2,cross_study_DEG_comparison; ds1-5_allDEGs_merged
LOC111115212,2,cross_study_DEG_comparison; top_50_predictive_genes_for_classification
LOC111115341,2,cross_study_DEG_comparison; ds1-5_allDEGs_merged
LOC111115342,2,cross_study_DEG_comparison; ds1-5_allDEGs_merged
LOC111115384,2,cross_study_DEG_comparison; ds1-5_allDEGs_merged
LOC111115390,2,cross_study_DEG_comparison; ds1-5_allDEGs_merged
LOC111115421,2,cross_study_DEG_comparison; ds1-5_allDEGs_merged
LOC111115485,2,cross_study_DEG_comparison; ds1-5_allDEGs_merged
LOC111115529,2,cross_study_DEG_comparison; ds1-5_allDEGs_merged
LOC111115570,2,cross_study_DEG_comparison; ds1-5_allDEGs_merged
LOC111115621,2,cross_study_DEG_comparison; ds1-5_allDEGs_merged
LOC111115723,2,cross_study_DEG_comparison; ds1-5_allDEGs_merged
LOC111115724,2,cross_study_DEG_comparison; ds1-5_allDEGs_merged
LOC111115769,2,cross_study_DEG_comparison; ds1-5_allDEGs_merged
LOC111115844,2,cross_study_DEG_comparison; ds1-5_allDEGs_merged
LOC111115896,2,cross_study_DEG_comparison; ds1-5_allDEGs_merged
LOC111115959,2,cross_study_DEG_comparison; ds1-5_allDEGs_merged
LOC111115974,2,cross_study_DEG_comparison; ds1-5_allDEGs_merged
LOC111116053,2,cross_study_DEG_comparison; ds1-5_allDEGs_merged
LOC111116064,2,cross_study_DEG_comparison; ds1-5_allDEGs_merged
LOC111116198,2,cross_study_DEG_comparison; ds1-5_allDEGs_merged
LOC111116352,2,cross_study_DEG_comparison; ds1-5_allDEGs_merged
LOC111116600,2,cross_study_DEG_comparison; ds1-5_allDEGs_merged
LOC111116607,2,cross_study_DEG_comparison; ds1-5_allDEGs_merged
LOC111116632,2,cross_study_DEG_comparison; ds1-5_allDEGs_merged
LOC111116740,2,cross_study_DEG_comparison; ds1-5_allDEGs_merged
LOC111116766,2,cross_study_DEG_comparison; final_panel_gene_list
LOC111116778,2,cross_study_DEG_comparison; ds1-5_allDEGs_merged
LOC111116805,2,cross_study_DEG_comparison; ds1-5_allDEGs_merged
LOC111116888,2,cross_study_DEG_comparison; ds1-5_allDEGs_merged
LOC111117019,2,cross_study_DEG_comparison; ds1-5_allDEGs_merged
LOC111117040,2,cross_study_DEG_comparison; ds1-5_allDEGs_merged
LOC111117103,2,cross_study_DEG_comparison; ds1-5_allDEGs_merged
LOC111117205,2,cross_study_DEG_comparison; ds1-5_allDEGs_merged
LOC111117219,2,cross_study_DEG_comparison; ds1-5_allDEGs_merged
LOC111117323,2,cross_study_DEG_comparison; ds1-5_allDEGs_merged
LOC111117417,2,cross_study_DEG_comparison; ds1-5_allDEGs_merged
LOC111117429,2,cross_study_DEG_comparison; ds1-5_allDEGs_merged
LOC111117447,2,cross_study_DEG_comparison; ds1-5_allDEGs_merged
LOC111117456,2,cross_study_DEG_comparison; ds1-5_allDEGs_merged
LOC111117459,2,cross_study_DEG_comparison; ds1-5_allDEGs_merged
LOC111117483,2,cross_study_DEG_comparison; ds1-5_allDEGs_merged
LOC111117490,2,cross_study_DEG_comparison; ds1-5_allDEGs_merged
LOC111117571,2,cross_study_DEG_comparison; ds1-5_allDEGs_merged
LOC111117604,2,cross_study_DEG_comparison; ds1-5_allDEGs_merged
LOC111117662,2,cross_study_DEG_comparison; ds1-5_allDEGs_merged
LOC111117697,2,cross_study_DEG_comparison; ds1-5_allDEGs_merged
LOC111117698,2,cross_study_DEG_comparison; ds1-5_allDEGs_merged
LOC111117742,2,cross_study_DEG_comparison; ds1-5_allDEGs_merged
LOC111117750,2,cross_study_DEG_comparison; ds1-5_allDEGs_merged
LOC111117764,2,cross_study_DEG_comparison; ds1-5_allDEGs_merged
LOC111117829,2,cross_study_DEG_comparison; ds1-5_allDEGs_merged
LOC111117835,2,cross_study_DEG_comparison; ds1-5_allDEGs_merged
LOC111117987,2,cross_study_DEG_comparison; ds1-5_allDEGs_merged
LOC111117995,2,cross_study_DEG_comparison; ds1-5_allDEGs_merged
LOC111118087,2,cross_study_DEG_comparison; ds1-5_allDEGs_merged
LOC111118088,2,cross_study_DEG_comparison; ds1-5_allDEGs_merged
LOC111118091,2,cross_study_DEG_comparison; ds1-5_allDEGs_merged
LOC111118097,2,cross_study_DEG_comparison; ds1-5_allDEGs_merged
LOC111118098,2,cross_study_DEG_comparison; ds1-5_allDEGs_merged
LOC111118107,2,cross_study_DEG_comparison; ds1-5_allDEGs_merged
LOC111118124,2,cross_study_DEG_comparison; ds1-5_allDEGs_merged
LOC111118140,2,cross_study_DEG_comparison; ds1-5_allDEGs_merged
LOC111118150,2,cross_study_DEG_comparison; ds1-5_allDEGs_merged
LOC111118209,2,cross_study_DEG_comparison; ds1-5_allDEGs_merged
LOC111118218,2,cross_study_DEG_comparison; ds1-5_allDEGs_merged
LOC111118274,2,cross_study_DEG_comparison; ds1-5_allDEGs_merged
LOC111118298,2,cross_study_DEG_comparison; ds1-5_allDEGs_merged
LOC111118304,2,cross_study_DEG_comparison; ds1-5_allDEGs_merged
LOC111118350,2,cross_study_DEG_comparison; ds1-5_allDEGs_merged
LOC111118431,2,cross_study_DEG_comparison; ds1-5_allDEGs_merged
LOC111118446,2,cross_study_DEG_comparison; ds1-5_allDEGs_merged
LOC111118537,2,cross_study_DEG_comparison; ds1-5_allDEGs_merged
LOC111118568,2,cross_study_DEG_comparison; ds1-5_allDEGs_merged
LOC111118584,2,cross_study_DEG_comparison; ds1-5_allDEGs_merged
LOC111118614,2,cross_study_DEG_comparison; ds1-5_allDEGs_merged
LOC111118652,2,cross_study_DEG_comparison; ds1-5_allDEGs_merged
LOC111118661,2,cross_study_DEG_comparison; ds1-5_allDEGs_merged
LOC111118733,2,cross_study_DEG_comparison; ds1-5_allDEGs_merged
LOC111118818,2,cross_study_DEG_comparison; ds1-5_allDEGs_merged
LOC111118934,2,cross_study_DEG_comparison; ds1-5_allDEGs_merged
LOC111118969,2,cross_study_DEG_comparison; top_50_predictive_genes_for_classification
LOC111119043,2,cross_study_DEG_comparison; ds1-5_allDEGs_merged
LOC111119066,2,cross_study_DEG_comparison; ds1-5_allDEGs_merged
LOC111119089,2,cross_study_DEG_comparison; ds1-5_allDEGs_merged
LOC111119208,2,cross_study_DEG_comparison; ds1-5_allDEGs_merged
LOC111119220,2,cross_study_DEG_comparison; ds1-5_allDEGs_merged
LOC111119231,2,cross_study_DEG_comparison; ds1-5_allDEGs_merged
LOC111119280,2,cross_study_DEG_comparison; ds1-5_allDEGs_merged
LOC111119295,2,ds1-5_allDEGs_merged; top10genes
LOC111119309,2,cross_study_DEG_comparison; ds1-5_allDEGs_merged
LOC111119368,2,cross_study_DEG_comparison; ds1-5_allDEGs_merged
LOC111119386,2,cross_study_DEG_comparison; ds1-5_allDEGs_merged
LOC111119389,2,cross_study_DEG_comparison; ds1-5_allDEGs_merged
LOC111119397,2,cross_study_DEG_comparison; ds1-5_allDEGs_merged
LOC111119398,2,cross_study_DEG_comparison; ds1-5_allDEGs_merged
LOC111119418,2,cross_study_DEG_comparison; ds1-5_allDEGs_merged
LOC111119422,2,cross_study_DEG_comparison; ds1-5_allDEGs_merged
LOC111119466,2,cross_study_DEG_comparison; ds1-5_allDEGs_merged
LOC111119484,2,cross_study_DEG_comparison; ds1-5_allDEGs_merged
LOC111119485,2,cross_study_DEG_comparison; ds1-5_allDEGs_merged
LOC111119499,2,cross_study_DEG_comparison; ds1-5_allDEGs_merged
LOC111119500,2,cross_study_DEG_comparison; ds1-5_allDEGs_merged
LOC111119516,2,cross_study_DEG_comparison; ds1-5_allDEGs_merged
LOC111119518,2,cross_study_DEG_comparison; ds1-5_allDEGs_merged
LOC111119530,2,cross_study_DEG_comparison; ds1-5_allDEGs_merged
LOC111119532,2,cross_study_DEG_comparison; ds1-5_allDEGs_merged
LOC111119535,2,cross_study_DEG_comparison; ds1-5_allDEGs_merged
LOC111119539,2,cross_study_DEG_comparison; ds1-5_allDEGs_merged
LOC111119558,2,cross_study_DEG_comparison; ds1-5_allDEGs_merged
LOC111119592,2,cross_study_DEG_comparison; ds1-5_allDEGs_merged
LOC111119624,2,cross_study_DEG_comparison; ds1-5_allDEGs_merged
LOC111119640,2,cross_study_DEG_comparison; ds1-5_allDEGs_merged
LOC111119669,2,cross_study_DEG_comparison; ds1-5_allDEGs_merged
LOC111119690,2,cross_study_DEG_comparison; ds1-5_allDEGs_merged
LOC111119718,2,cross_study_DEG_comparison; ds1-5_allDEGs_merged
LOC111119720,2,cross_study_DEG_comparison; ds1-5_allDEGs_merged
LOC111119770,2,cross_study_DEG_comparison; ds1-5_allDEGs_merged
LOC111119781,2,cross_study_DEG_comparison; ds1-5_allDEGs_merged
LOC111119821,2,cross_study_DEG_comparison; ds1-5_allDEGs_merged
LOC111119843,2,cross_study_DEG_comparison; ds1-5_allDEGs_merged
LOC111119893,2,cross_study_DEG_comparison; ds1-5_allDEGs_merged
LOC111119896,2,cross_study_DEG_comparison; ds1-5_allDEGs_merged
LOC111119957,2,cross_study_DEG_comparison; ds1-5_allDEGs_merged
LOC111119975,2,cross_study_DEG_comparison; ds1-5_allDEGs_merged
LOC111120009,2,cross_study_DEG_comparison; ds1-5_allDEGs_merged
LOC111120021,2,cross_study_DEG_comparison; ds1-5_allDEGs_merged
LOC111120025,2,cross_study_DEG_comparison; ds1-5_allDEGs_merged
LOC111120056,2,cross_study_DEG_comparison; ds1-5_allDEGs_merged
LOC111120106,2,cross_study_DEG_comparison; ds1-5_allDEGs_merged
LOC111120118,2,cross_study_DEG_comparison; ds1-5_allDEGs_merged
LOC111120123,2,cross_study_DEG_comparison; ds1-5_allDEGs_merged
LOC111120232,2,cross_study_DEG_comparison; ds1-5_allDEGs_merged
LOC111120236,2,cross_study_DEG_comparison; ds1-5_allDEGs_merged
LOC111120378,2,cross_study_DEG_comparison; ds1-5_allDEGs_merged
LOC111120465,2,cross_study_DEG_comparison; ds1-5_allDEGs_merged
LOC111120466,2,cross_study_DEG_comparison; ds1-5_allDEGs_merged
LOC111120475,2,cross_study_DEG_comparison; ds1-5_allDEGs_merged
LOC111120479,2,cross_study_DEG_comparison; ds1-5_allDEGs_merged
LOC111120510,2,cross_study_DEG_comparison; ds1-5_allDEGs_merged
LOC111120524,2,cross_study_DEG_comparison; ds1-5_allDEGs_merged
LOC111120551,2,cross_study_DEG_comparison; ds1-5_allDEGs_merged
LOC111120649,2,cross_study_DEG_comparison; ds1-5_allDEGs_merged
LOC111120650,2,cross_study_DEG_comparison; ds1-5_allDEGs_merged
LOC111120666,2,cross_study_DEG_comparison; ds1-5_allDEGs_merged
LOC111120668,2,cross_study_DEG_comparison; ds1-5_allDEGs_merged
LOC111120685,2,cross_study_DEG_comparison; ds1-5_allDEGs_merged
LOC111120689,2,cross_study_DEG_comparison; ds1-5_allDEGs_merged
LOC111120761,2,cross_study_DEG_comparison; ds1-5_allDEGs_merged
LOC111120786,2,cross_study_DEG_comparison; ds1-5_allDEGs_merged
LOC111120792,2,cross_study_DEG_comparison; ds1-5_allDEGs_merged
LOC111120793,2,cross_study_DEG_comparison; ds1-5_allDEGs_merged
LOC111120884,2,cross_study_DEG_comparison; ds1-5_allDEGs_merged
LOC111120885,2,cross_study_DEG_comparison; ds1-5_allDEGs_merged
LOC111120898,2,cross_study_DEG_comparison; ds1-5_allDEGs_merged
LOC111120907,2,cross_study_DEG_comparison; ds1-5_allDEGs_merged
LOC111120917,2,cross_study_DEG_comparison; ds1-5_allDEGs_merged
LOC111121073,2,cross_study_DEG_comparison; ds1-5_allDEGs_merged
LOC111121115,2,cross_study_DEG_comparison; ds1-5_allDEGs_merged
LOC111121141,2,cross_study_DEG_comparison; ds1-5_allDEGs_merged
LOC111121202,2,cross_study_DEG_comparison; ds1-5_allDEGs_merged
LOC111121240,2,cross_study_DEG_comparison; ds1-5_allDEGs_merged
LOC111121273,2,cross_study_DEG_comparison; ds1-5_allDEGs_merged
LOC111121311,2,cross_study_DEG_comparison; ds1-5_allDEGs_merged
LOC111121323,2,cross_study_DEG_comparison; ds1-5_allDEGs_merged
LOC111121327,2,cross_study_DEG_comparison; ds1-5_allDEGs_merged
LOC111121360,2,cross_study_DEG_comparison; ds1-5_allDEGs_merged
LOC111121419,2,cross_study_DEG_comparison; ds1-5_allDEGs_merged
LOC111121463,2,cross_study_DEG_comparison; ds1-5_allDEGs_merged
LOC111121476,2,cross_study_DEG_comparison; ds1-5_allDEGs_merged
LOC111121501,2,cross_study_DEG_comparison; ds1-5_allDEGs_merged
LOC111121536,2,cross_study_DEG_comparison; ds1-5_allDEGs_merged
LOC111121537,2,cross_study_DEG_comparison; ds1-5_allDEGs_merged
LOC111121545,2,cross_study_DEG_comparison; ds1-5_allDEGs_merged
LOC111121546,2,cross_study_DEG_comparison; ds1-5_allDEGs_merged
LOC111121565,2,cross_study_DEG_comparison; ds1-5_allDEGs_merged
LOC111121573,2,cross_study_DEG_comparison; ds1-5_allDEGs_merged
LOC111121619,2,cross_study_DEG_comparison; ds1-5_allDEGs_merged
LOC111121645,2,cross_study_DEG_comparison; ds1-5_allDEGs_merged
LOC111121716,2,cross_study_DEG_comparison; ds1-5_allDEGs_merged
LOC111121846,2,cross_study_DEG_comparison; ds1-5_allDEGs_merged
LOC111121981,2,cross_study_DEG_comparison; ds1-5_allDEGs_merged
LOC111121983,2,cross_study_DEG_comparison; ds1-5_allDEGs_merged
LOC111121989,2,cross_study_DEG_comparison; ds1-5_allDEGs_merged
LOC111121995,2,final_consensus_genes; top_50_predictive_genes_for_classification
LOC111122023,2,cross_study_DEG_comparison; ds1-5_allDEGs_merged
LOC111122030,2,cross_study_DEG_comparison; ds1-5_allDEGs_merged
LOC111122033,2,cross_study_DEG_comparison; ds1-5_allDEGs_merged
LOC111122071,2,cross_study_DEG_comparison; ds1-5_allDEGs_merged
LOC111122073,2,cross_study_DEG_comparison; ds1-5_allDEGs_merged
LOC111122145,2,cross_study_DEG_comparison; ds1-5_allDEGs_merged
LOC111122246,2,cross_study_DEG_comparison; ds1-5_allDEGs_merged
LOC111122255,2,cross_study_DEG_comparison; ds1-5_allDEGs_merged
LOC111122363,2,cross_study_DEG_comparison; ds1-5_allDEGs_merged
LOC111122397,2,cross_study_DEG_comparison; ds1-5_allDEGs_merged
LOC111122441,2,cross_study_DEG_comparison; ds1-5_allDEGs_merged
LOC111122584,2,cross_study_DEG_comparison; ds1-5_allDEGs_merged
LOC111122588,2,cross_study_DEG_comparison; ds1-5_allDEGs_merged
LOC111122602,2,cross_study_DEG_comparison; ds1-5_allDEGs_merged
LOC111122616,2,cross_study_DEG_comparison; ds1-5_allDEGs_merged
LOC111122775,2,cross_study_DEG_comparison; ds1-5_allDEGs_merged
LOC111122805,2,cross_study_DEG_comparison; ds1-5_allDEGs_merged
LOC111122859,2,cross_study_DEG_comparison; ds1-5_allDEGs_merged
LOC111122942,2,cross_study_DEG_comparison; ds1-5_allDEGs_merged
LOC111122968,2,cross_study_DEG_comparison; ds1-5_allDEGs_merged
LOC111122986,2,cross_study_DEG_comparison; ds1-5_allDEGs_merged
LOC111122989,2,cross_study_DEG_comparison; ds1-5_allDEGs_merged
LOC111122990,2,cross_study_DEG_comparison; ds1-5_allDEGs_merged
LOC111123007,2,cross_study_DEG_comparison; ds1-5_allDEGs_merged
LOC111123125,2,cross_study_DEG_comparison; ds1-5_allDEGs_merged
LOC111123221,2,cross_study_DEG_comparison; ds1-5_allDEGs_merged
LOC111123240,2,cross_study_DEG_comparison; ds1-5_allDEGs_merged
LOC111123269,2,cross_study_DEG_comparison; ds1-5_allDEGs_merged
LOC111123275,2,cross_study_DEG_comparison; ds1-5_allDEGs_merged
LOC111123278,2,cross_study_DEG_comparison; ds1-5_allDEGs_merged
LOC111123283,2,cross_study_DEG_comparison; ds1-5_allDEGs_merged
LOC111123295,2,ds1-5_allDEGs_merged; top_50_predictive_genes_for_classification
LOC111123325,2,cross_study_DEG_comparison; ds1-5_allDEGs_merged
LOC111123372,2,cross_study_DEG_comparison; ds1-5_allDEGs_merged
LOC111123415,2,cross_study_DEG_comparison; ds1-5_allDEGs_merged
LOC111123422,2,cross_study_DEG_comparison; ds1-5_allDEGs_merged
LOC111123472,2,cross_study_DEG_comparison; top_50_predictive_genes_for_classification
LOC111123492,2,cross_study_DEG_comparison; ds1-5_allDEGs_merged
LOC111123515,2,cross_study_DEG_comparison; ds1-5_allDEGs_merged
LOC111123529,2,cross_study_DEG_comparison; top_50_predictive_genes_for_classification
LOC111123540,2,cross_study_DEG_comparison; ds1-5_allDEGs_merged
LOC111123661,2,cross_study_DEG_comparison; ds1-5_allDEGs_merged
LOC111123675,2,cross_study_DEG_comparison; ds1-5_allDEGs_merged
LOC111123734,2,cross_study_DEG_comparison; ds1-5_allDEGs_merged
LOC111123743,2,cross_study_DEG_comparison; ds1-5_allDEGs_merged
LOC111123781,2,cross_study_DEG_comparison; ds1-5_allDEGs_merged
LOC111123791,2,cross_study_DEG_comparison; ds1-5_allDEGs_merged
LOC111123795,2,cross_study_DEG_comparison; ds1-5_allDEGs_merged
LOC111123806,2,cross_study_DEG_comparison; ds1-5_allDEGs_merged
LOC111123827,2,cross_study_DEG_comparison; ds1-5_allDEGs_merged
LOC111123913,2,cross_study_DEG_comparison; ds1-5_allDEGs_merged
LOC111123959,2,cross_study_DEG_comparison; ds1-5_allDEGs_merged
LOC111123967,2,cross_study_DEG_comparison; ds1-5_allDEGs_merged
LOC111124025,2,cross_study_DEG_comparison; ds1-5_allDEGs_merged
LOC111124151,2,cross_study_DEG_comparison; ds1-5_allDEGs_merged
LOC111124262,2,cross_study_DEG_comparison; ds1-5_allDEGs_merged
LOC111124301,2,cross_study_DEG_comparison; ds1-5_allDEGs_merged
LOC111124341,2,cross_study_DEG_comparison; ds1-5_allDEGs_merged
LOC111124351,2,cross_study_DEG_comparison; ds1-5_allDEGs_merged
LOC111124421,2,cross_study_DEG_comparison; ds1-5_allDEGs_merged
LOC111124477,2,cross_study_DEG_comparison; ds1-5_allDEGs_merged
LOC111124493,2,cross_study_DEG_comparison; ds1-5_allDEGs_merged
LOC111124535,2,cross_study_DEG_comparison; ds1-5_allDEGs_merged
LOC111124550,2,cross_study_DEG_comparison; ds1-5_allDEGs_merged
LOC111124552,2,cross_study_DEG_comparison; ds1-5_allDEGs_merged
LOC111124556,2,cross_study_DEG_comparison; ds1-5_allDEGs_merged
LOC111124620,2,ds1-5_allDEGs_merged; top_50_predictive_genes_for_classification
LOC111124650,2,cross_study_DEG_comparison; ds1-5_allDEGs_merged
LOC111124659,2,cross_study_DEG_comparison; ds1-5_allDEGs_merged
LOC111124661,2,cross_study_DEG_comparison; ds1-5_allDEGs_merged
LOC111124667,2,cross_study_DEG_comparison; ds1-5_allDEGs_merged
LOC111124694,2,cross_study_DEG_comparison; ds1-5_allDEGs_merged
LOC111124704,2,cross_study_DEG_comparison; ds1-5_allDEGs_merged
LOC111124719,2,cross_study_DEG_comparison; ds1-5_allDEGs_merged
LOC111124750,2,cross_study_DEG_comparison; ds1-5_allDEGs_merged
LOC111124800,2,ds1-5_allDEGs_merged; final_consensus_genes
LOC111124809,2,cross_study_DEG_comparison; ds1-5_allDEGs_merged
LOC111124840,2,cross_study_DEG_comparison; ds1-5_allDEGs_merged
LOC111124847,2,cross_study_DEG_comparison; ds1-5_allDEGs_merged
LOC111124880,2,cross_study_DEG_comparison; ds1-5_allDEGs_merged
LOC111124887,2,cross_study_DEG_comparison; ds1-5_allDEGs_merged
LOC111125001,2,cross_study_DEG_comparison; ds1-5_allDEGs_merged
LOC111125004,2,cross_study_DEG_comparison; ds1-5_allDEGs_merged
LOC111125044,2,cross_study_DEG_comparison; ds1-5_allDEGs_merged
LOC111125074,2,cross_study_DEG_comparison; ds1-5_allDEGs_merged
LOC111125085,2,cross_study_DEG_comparison; ds1-5_allDEGs_merged
LOC111125088,2,cross_study_DEG_comparison; ds1-5_allDEGs_merged
LOC111125130,2,cross_study_DEG_comparison; ds1-5_allDEGs_merged
LOC111125151,2,cross_study_DEG_comparison; ds1-5_allDEGs_merged
LOC111125164,2,cross_study_DEG_comparison; ds1-5_allDEGs_merged
LOC111125241,2,cross_study_DEG_comparison; ds1-5_allDEGs_merged
LOC111125259,2,cross_study_DEG_comparison; ds1-5_allDEGs_merged
LOC111125265,2,cross_study_DEG_comparison; ds1-5_allDEGs_merged
LOC111125276,2,cross_study_DEG_comparison; ds1-5_allDEGs_merged
LOC111125286,2,cross_study_DEG_comparison; ds1-5_allDEGs_merged
LOC111125332,2,cross_study_DEG_comparison; ds1-5_allDEGs_merged
LOC111125356,2,cross_study_DEG_comparison; ds1-5_allDEGs_merged
LOC111125363,2,cross_study_DEG_comparison; ds1-5_allDEGs_merged
LOC111125429,2,cross_study_DEG_comparison; ds1-5_allDEGs_merged
LOC111125432,2,cross_study_DEG_comparison; ds1-5_allDEGs_merged
LOC111125444,2,cross_study_DEG_comparison; ds1-5_allDEGs_merged
LOC111125449,2,cross_study_DEG_comparison; ds1-5_allDEGs_merged
LOC111125451,2,cross_study_DEG_comparison; ds1-5_allDEGs_merged
LOC111125453,2,cross_study_DEG_comparison; ds1-5_allDEGs_merged
LOC111125480,2,cross_study_DEG_comparison; ds1-5_allDEGs_merged
LOC111125504,2,cross_study_DEG_comparison; ds1-5_allDEGs_merged
LOC111125567,2,cross_study_DEG_comparison; ds1-5_allDEGs_merged
LOC111125656,2,cross_study_DEG_comparison; ds1-5_allDEGs_merged
LOC111125658,2,cross_study_DEG_comparison; ds1-5_allDEGs_merged
LOC111125663,2,cross_study_DEG_comparison; ds1-5_allDEGs_merged
LOC111125666,2,cross_study_DEG_comparison; ds1-5_allDEGs_merged
LOC111125739,2,cross_study_DEG_comparison; ds1-5_allDEGs_merged
LOC111125758,2,cross_study_DEG_comparison; ds1-5_allDEGs_merged
LOC111125761,2,cross_study_DEG_comparison; ds1-5_allDEGs_merged
LOC111125797,2,cross_study_DEG_comparison; ds1-5_allDEGs_merged
LOC111125837,2,cross_study_DEG_comparison; ds1-5_allDEGs_merged
LOC111125911,2,cross_study_DEG_comparison; ds1-5_allDEGs_merged
LOC111125950,2,cross_study_DEG_comparison; ds1-5_allDEGs_merged
LOC111125976,2,cross_study_DEG_comparison; ds1-5_allDEGs_merged
LOC111125977,2,cross_study_DEG_comparison; ds1-5_allDEGs_merged
LOC111125998,2,cross_study_DEG_comparison; ds1-5_allDEGs_merged
LOC111126003,2,cross_study_DEG_comparison; ds1-5_allDEGs_merged
LOC111126005,2,cross_study_DEG_comparison; ds1-5_allDEGs_merged
LOC111126054,2,cross_study_DEG_comparison; ds1-5_allDEGs_merged
LOC111126064,2,cross_study_DEG_comparison; ds1-5_allDEGs_merged
LOC111126177,2,cross_study_DEG_comparison; ds1-5_allDEGs_merged
LOC111126243,2,cross_study_DEG_comparison; ds1-5_allDEGs_merged
LOC111126269,2,cross_study_DEG_comparison; ds1-5_allDEGs_merged
LOC111126304,2,cross_study_DEG_comparison; ds1-5_allDEGs_merged
LOC111126358,2,cross_study_DEG_comparison; ds1-5_allDEGs_merged
LOC111126363,2,ds1-5_allDEGs_merged; top_50_predictive_genes_for_classification
LOC111126370,2,cross_study_DEG_comparison; ds1-5_allDEGs_merged
LOC111126455,2,cross_study_DEG_comparison; ds1-5_allDEGs_merged
LOC111126492,2,cross_study_DEG_comparison; ds1-5_allDEGs_merged
LOC111126518,2,cross_study_DEG_comparison; ds1-5_allDEGs_merged
LOC111126566,2,cross_study_DEG_comparison; ds1-5_allDEGs_merged
LOC111126593,2,cross_study_DEG_comparison; ds1-5_allDEGs_merged
LOC111126660,2,cross_study_DEG_comparison; ds1-5_allDEGs_merged
LOC111126663,2,cross_study_DEG_comparison; ds1-5_allDEGs_merged
LOC111126669,2,cross_study_DEG_comparison; ds1-5_allDEGs_merged
LOC111126711,2,cross_study_DEG_comparison; ds1-5_allDEGs_merged
LOC111126714,2,cross_study_DEG_comparison; ds1-5_allDEGs_merged
LOC111126765,2,cross_study_DEG_comparison; ds1-5_allDEGs_merged
LOC111126767,2,cross_study_DEG_comparison; ds1-5_allDEGs_merged
LOC111126779,2,cross_study_DEG_comparison; ds1-5_allDEGs_merged
LOC111126788,2,cross_study_DEG_comparison; ds1-5_allDEGs_merged
LOC111126856,2,cross_study_DEG_comparison; ds1-5_allDEGs_merged
LOC111126863,2,cross_study_DEG_comparison; ds1-5_allDEGs_merged
LOC111126901,2,cross_study_DEG_comparison; ds1-5_allDEGs_merged
LOC111126914,2,cross_study_DEG_comparison; ds1-5_allDEGs_merged
LOC111126923,2,cross_study_DEG_comparison; ds1-5_allDEGs_merged
LOC111127040,2,cross_study_DEG_comparison; ds1-5_allDEGs_merged
LOC111127099,2,cross_study_DEG_comparison; ds1-5_allDEGs_merged
LOC111127150,2,cross_study_DEG_comparison; ds1-5_allDEGs_merged
LOC111127160,2,cross_study_DEG_comparison; ds1-5_allDEGs_merged
LOC111127178,2,cross_study_DEG_comparison; ds1-5_allDEGs_merged
LOC111127271,2,cross_study_DEG_comparison; ds1-5_allDEGs_merged
LOC111127513,2,cross_study_DEG_comparison; ds1-5_allDEGs_merged
LOC111127569,2,cross_study_DEG_comparison; ds1-5_allDEGs_merged
LOC111127601,2,cross_study_DEG_comparison; ds1-5_allDEGs_merged
LOC111127611,2,cross_study_DEG_comparison; ds1-5_allDEGs_merged
LOC111127614,2,cross_study_DEG_comparison; ds1-5_allDEGs_merged
LOC111127658,2,cross_study_DEG_comparison; ds1-5_allDEGs_merged
LOC111127734,2,cross_study_DEG_comparison; ds1-5_allDEGs_merged
LOC111127803,2,cross_study_DEG_comparison; ds1-5_allDEGs_merged
LOC111127842,2,cross_study_DEG_comparison; ds1-5_allDEGs_merged
LOC111127886,2,cross_study_DEG_comparison; ds1-5_allDEGs_merged
LOC111127895,2,cross_study_DEG_comparison; ds1-5_allDEGs_merged
LOC111127902,2,cross_study_DEG_comparison; ds1-5_allDEGs_merged
LOC111127947,2,cross_study_DEG_comparison; ds1-5_allDEGs_merged
LOC111127973,2,cross_study_DEG_comparison; ds1-5_allDEGs_merged
LOC111127981,2,cross_study_DEG_comparison; ds1-5_allDEGs_merged
LOC111128033,2,cross_study_DEG_comparison; ds1-5_allDEGs_merged
LOC111128041,2,cross_study_DEG_comparison; ds1-5_allDEGs_merged
LOC111128064,2,ds1-5_allDEGs_merged; top10genes
LOC111128066,2,cross_study_DEG_comparison; ds1-5_allDEGs_merged
LOC111128067,2,cross_study_DEG_comparison; ds1-5_allDEGs_merged
LOC111128091,2,cross_study_DEG_comparison; ds1-5_allDEGs_merged
LOC111128092,2,cross_study_DEG_comparison; ds1-5_allDEGs_merged
LOC111128133,2,cross_study_DEG_comparison; ds1-5_allDEGs_merged
LOC111128155,2,cross_study_DEG_comparison; ds1-5_allDEGs_merged
LOC111128183,2,cross_study_DEG_comparison; ds1-5_allDEGs_merged
LOC111128242,2,cross_study_DEG_comparison; ds1-5_allDEGs_merged
LOC111128276,2,cross_study_DEG_comparison; ds1-5_allDEGs_merged
LOC111128277,2,cross_study_DEG_comparison; ds1-5_allDEGs_merged
LOC111128315,2,cross_study_DEG_comparison; ds1-5_allDEGs_merged
LOC111128317,2,cross_study_DEG_comparison; ds1-5_allDEGs_merged
LOC111128362,2,cross_study_DEG_comparison; ds1-5_allDEGs_merged
LOC111128410,2,cross_study_DEG_comparison; ds1-5_allDEGs_merged
LOC111128420,2,cross_study_DEG_comparison; ds1-5_allDEGs_merged
LOC111128436,2,cross_study_DEG_comparison; ds1-5_allDEGs_merged
LOC111128481,2,cross_study_DEG_comparison; ds1-5_allDEGs_merged
LOC111128548,2,cross_study_DEG_comparison; ds1-5_allDEGs_merged
LOC111128611,2,ds1-5_allDEGs_merged; top_50_predictive_genes_for_classification
LOC111128632,2,cross_study_DEG_comparison; ds1-5_allDEGs_merged
LOC111128694,2,cross_study_DEG_comparison; ds1-5_allDEGs_merged
LOC111128710,2,cross_study_DEG_comparison; ds1-5_allDEGs_merged
LOC111128728,2,cross_study_DEG_comparison; ds1-5_allDEGs_merged
LOC111128734,2,cross_study_DEG_comparison; ds1-5_allDEGs_merged
LOC111128753,2,cross_study_DEG_comparison; ds1-5_allDEGs_merged
LOC111128817,2,cross_study_DEG_comparison; ds1-5_allDEGs_merged
LOC111128825,2,cross_study_DEG_comparison; ds1-5_allDEGs_merged
LOC111128838,2,cross_study_DEG_comparison; ds1-5_allDEGs_merged
LOC111128878,2,cross_study_DEG_comparison; ds1-5_allDEGs_merged
LOC111128910,2,cross_study_DEG_comparison; ds1-5_allDEGs_merged
LOC111128998,2,cross_study_DEG_comparison; ds1-5_allDEGs_merged
LOC111129003,2,cross_study_DEG_comparison; ds1-5_allDEGs_merged
LOC111129023,2,cross_study_DEG_comparison; ds1-5_allDEGs_merged
LOC111129034,2,cross_study_DEG_comparison; top_50_predictive_genes_for_classification
LOC111129056,2,cross_study_DEG_comparison; ds1-5_allDEGs_merged
LOC111129087,2,cross_study_DEG_comparison; ds1-5_allDEGs_merged
LOC111129146,2,cross_study_DEG_comparison; ds1-5_allDEGs_merged
LOC111129163,2,cross_study_DEG_comparison; ds1-5_allDEGs_merged
LOC111129215,2,cross_study_DEG_comparison; ds1-5_allDEGs_merged
LOC111129311,2,cross_study_DEG_comparison; ds1-5_allDEGs_merged
LOC111129333,2,cross_study_DEG_comparison; ds1-5_allDEGs_merged
LOC111129334,2,cross_study_DEG_comparison; ds1-5_allDEGs_merged
LOC111129372,2,cross_study_DEG_comparison; ds1-5_allDEGs_merged
LOC111129405,2,cross_study_DEG_comparison; ds1-5_allDEGs_merged
LOC111129434,2,cross_study_DEG_comparison; ds1-5_allDEGs_merged
LOC111129441,2,cross_study_DEG_comparison; ds1-5_allDEGs_merged
LOC111129461,2,cross_study_DEG_comparison; ds1-5_allDEGs_merged
LOC111129511,2,cross_study_DEG_comparison; ds1-5_allDEGs_merged
LOC111129513,2,cross_study_DEG_comparison; ds1-5_allDEGs_merged
LOC111129537,2,cross_study_DEG_comparison; ds1-5_allDEGs_merged
LOC111129539,2,cross_study_DEG_comparison; ds1-5_allDEGs_merged
LOC111129591,2,cross_study_DEG_comparison; ds1-5_allDEGs_merged
LOC111129622,2,cross_study_DEG_comparison; ds1-5_allDEGs_merged
LOC111129812,2,cross_study_DEG_comparison; ds1-5_allDEGs_merged
LOC111129856,2,cross_study_DEG_comparison; ds1-5_allDEGs_merged
LOC111129900,2,cross_study_DEG_comparison; ds1-5_allDEGs_merged
LOC111129908,2,cross_study_DEG_comparison; ds1-5_allDEGs_merged
LOC111129936,2,cross_study_DEG_comparison; ds1-5_allDEGs_merged
LOC111129980,2,cross_study_DEG_comparison; ds1-5_allDEGs_merged
LOC111130029,2,cross_study_DEG_comparison; ds1-5_allDEGs_merged
LOC111130040,2,cross_study_DEG_comparison; ds1-5_allDEGs_merged
LOC111130050,2,cross_study_DEG_comparison; ds1-5_allDEGs_merged
LOC111130076,2,cross_study_DEG_comparison; ds1-5_allDEGs_merged
LOC111130169,2,cross_study_DEG_comparison; ds1-5_allDEGs_merged
LOC111130171,2,cross_study_DEG_comparison; ds1-5_allDEGs_merged
LOC111130178,2,cross_study_DEG_comparison; ds1-5_allDEGs_merged
LOC111130218,2,cross_study_DEG_comparison; ds1-5_allDEGs_merged
LOC111130229,2,cross_study_DEG_comparison; ds1-5_allDEGs_merged
LOC111130248,2,cross_study_DEG_comparison; ds1-5_allDEGs_merged
LOC111130257,2,cross_study_DEG_comparison; ds1-5_allDEGs_merged
LOC111130264,2,cross_study_DEG_comparison; ds1-5_allDEGs_merged
LOC111130266,2,cross_study_DEG_comparison; ds1-5_allDEGs_merged
LOC111130267,2,cross_study_DEG_comparison; ds1-5_allDEGs_merged
LOC111130277,2,cross_study_DEG_comparison; ds1-5_allDEGs_merged
LOC111130286,2,cross_study_DEG_comparison; ds1-5_allDEGs_merged
LOC111130297,2,cross_study_DEG_comparison; ds1-5_allDEGs_merged
LOC111130301,2,cross_study_DEG_comparison; ds1-5_allDEGs_merged
LOC111130314,2,cross_study_DEG_comparison; ds1-5_allDEGs_merged
LOC111130340,2,cross_study_DEG_comparison; ds1-5_allDEGs_merged
LOC111130354,2,cross_study_DEG_comparison; ds1-5_allDEGs_merged
LOC111130375,2,cross_study_DEG_comparison; ds1-5_allDEGs_merged
LOC111130384,2,cross_study_DEG_comparison; ds1-5_allDEGs_merged
LOC111130395,2,cross_study_DEG_comparison; ds1-5_allDEGs_merged
LOC111130428,2,cross_study_DEG_comparison; ds1-5_allDEGs_merged
LOC111130438,2,cross_study_DEG_comparison; ds1-5_allDEGs_merged
LOC111130443,2,cross_study_DEG_comparison; ds1-5_allDEGs_merged
LOC111130455,2,cross_study_DEG_comparison; ds1-5_allDEGs_merged
LOC111130470,2,cross_study_DEG_comparison; ds1-5_allDEGs_merged
LOC111130495,2,cross_study_DEG_comparison; ds1-5_allDEGs_merged
LOC111130498,2,cross_study_DEG_comparison; ds1-5_allDEGs_merged
LOC111130511,2,cross_study_DEG_comparison; ds1-5_allDEGs_merged
LOC111130521,2,cross_study_DEG_comparison; ds1-5_allDEGs_merged
LOC111130560,2,cross_study_DEG_comparison; ds1-5_allDEGs_merged
LOC111130579,2,cross_study_DEG_comparison; ds1-5_allDEGs_merged
LOC111130580,2,cross_study_DEG_comparison; ds1-5_allDEGs_merged
LOC111130667,2,cross_study_DEG_comparison; ds1-5_allDEGs_merged
LOC111130704,2,cross_study_DEG_comparison; ds1-5_allDEGs_merged
LOC111130762,2,cross_study_DEG_comparison; ds1-5_allDEGs_merged
LOC111130840,2,cross_study_DEG_comparison; ds1-5_allDEGs_merged
LOC111130859,2,cross_study_DEG_comparison; ds1-5_allDEGs_merged
LOC111130871,2,cross_study_DEG_comparison; ds1-5_allDEGs_merged
LOC111130969,2,cross_study_DEG_comparison; ds1-5_allDEGs_merged
LOC111130979,2,cross_study_DEG_comparison; ds1-5_allDEGs_merged
LOC111130996,2,cross_study_DEG_comparison; ds1-5_allDEGs_merged
LOC111131034,2,cross_study_DEG_comparison; final_consensus_genes
LOC111131037,2,cross_study_DEG_comparison; ds1-5_allDEGs_merged
LOC111131053,2,cross_study_DEG_comparison; ds1-5_allDEGs_merged
LOC111131151,2,cross_study_DEG_comparison; ds1-5_allDEGs_merged
LOC111131218,2,cross_study_DEG_comparison; ds1-5_allDEGs_merged
LOC111131301,2,cross_study_DEG_comparison; ds1-5_allDEGs_merged
LOC111131329,2,cross_study_DEG_comparison; ds1-5_allDEGs_merged
LOC111131406,2,cross_study_DEG_comparison; ds1-5_allDEGs_merged
LOC111131486,2,cross_study_DEG_comparison; ds1-5_allDEGs_merged
LOC111131489,2,cross_study_DEG_comparison; ds1-5_allDEGs_merged
LOC111131494,2,cross_study_DEG_comparison; ds1-5_allDEGs_merged
LOC111131580,2,cross_study_DEG_comparison; ds1-5_allDEGs_merged
LOC111131602,2,cross_study_DEG_comparison; ds1-5_allDEGs_merged
LOC111131611,2,cross_study_DEG_comparison; ds1-5_allDEGs_merged
LOC111131726,2,cross_study_DEG_comparison; ds1-5_allDEGs_merged
LOC111131763,2,cross_study_DEG_comparison; ds1-5_allDEGs_merged
LOC111131799,2,cross_study_DEG_comparison; ds1-5_allDEGs_merged
LOC111131828,2,cross_study_DEG_comparison; ds1-5_allDEGs_merged
LOC111131835,2,cross_study_DEG_comparison; ds1-5_allDEGs_merged
LOC111131917,2,cross_study_DEG_comparison; ds1-5_allDEGs_merged
LOC111132038,2,cross_study_DEG_comparison; ds1-5_allDEGs_merged
LOC111132094,2,cross_study_DEG_comparison; ds1-5_allDEGs_merged
LOC111132106,2,cross_study_DEG_comparison; ds1-5_allDEGs_merged
LOC111132151,2,cross_study_DEG_comparison; ds1-5_allDEGs_merged
LOC111132201,2,cross_study_DEG_comparison; ds1-5_allDEGs_merged
LOC111132202,2,cross_study_DEG_comparison; ds1-5_allDEGs_merged
LOC111132291,2,cross_study_DEG_comparison; ds1-5_allDEGs_merged
LOC111132314,2,cross_study_DEG_comparison; ds1-5_allDEGs_merged
LOC111132319,2,cross_study_DEG_comparison; ds1-5_allDEGs_merged
LOC111132492,2,cross_study_DEG_comparison; ds1-5_allDEGs_merged
LOC111132570,2,cross_study_DEG_comparison; ds1-5_allDEGs_merged
LOC111132644,2,cross_study_DEG_comparison; ds1-5_allDEGs_merged
LOC111132656,2,cross_study_DEG_comparison; ds1-5_allDEGs_merged
LOC111132721,2,cross_study_DEG_comparison; ds1-5_allDEGs_merged
LOC111132732,2,cross_study_DEG_comparison; ds1-5_allDEGs_merged
LOC111132736,2,cross_study_DEG_comparison; ds1-5_allDEGs_merged
LOC111132742,2,cross_study_DEG_comparison; ds1-5_allDEGs_merged
LOC111132772,2,cross_study_DEG_comparison; ds1-5_allDEGs_merged
LOC111132787,2,cross_study_DEG_comparison; ds1-5_allDEGs_merged
LOC111132799,2,cross_study_DEG_comparison; ds1-5_allDEGs_merged
LOC111132807,2,cross_study_DEG_comparison; ds1-5_allDEGs_merged
LOC111132840,2,cross_study_DEG_comparison; ds1-5_allDEGs_merged
LOC111132902,2,cross_study_DEG_comparison; ds1-5_allDEGs_merged
LOC111132939,2,cross_study_DEG_comparison; ds1-5_allDEGs_merged
LOC111132962,2,cross_study_DEG_comparison; ds1-5_allDEGs_merged
LOC111132966,2,cross_study_DEG_comparison; ds1-5_allDEGs_merged
LOC111133049,2,cross_study_DEG_comparison; ds1-5_allDEGs_merged
LOC111133050,2,cross_study_DEG_comparison; ds1-5_allDEGs_merged
LOC111133062,2,cross_study_DEG_comparison; ds1-5_allDEGs_merged
LOC111133156,2,cross_study_DEG_comparison; ds1-5_allDEGs_merged
LOC111133197,2,cross_study_DEG_comparison; ds1-5_allDEGs_merged
LOC111133212,2,cross_study_DEG_comparison; ds1-5_allDEGs_merged
LOC111133276,2,cross_study_DEG_comparison; ds1-5_allDEGs_merged
LOC111133279,2,cross_study_DEG_comparison; ds1-5_allDEGs_merged
LOC111133281,2,cross_study_DEG_comparison; ds1-5_allDEGs_merged
LOC111133282,2,cross_study_DEG_comparison; ds1-5_allDEGs_merged
LOC111133291,2,cross_study_DEG_comparison; ds1-5_allDEGs_merged
LOC111133292,2,cross_study_DEG_comparison; ds1-5_allDEGs_merged
LOC111133296,2,cross_study_DEG_comparison; ds1-5_allDEGs_merged
LOC111133336,2,cross_study_DEG_comparison; ds1-5_allDEGs_merged
LOC111133357,2,cross_study_DEG_comparison; ds1-5_allDEGs_merged
LOC111133368,2,cross_study_DEG_comparison; ds1-5_allDEGs_merged
LOC111133380,2,cross_study_DEG_comparison; ds1-5_allDEGs_merged
LOC111133392,2,cross_study_DEG_comparison; ds1-5_allDEGs_merged
LOC111133398,2,cross_study_DEG_comparison; ds1-5_allDEGs_merged
LOC111133421,2,cross_study_DEG_comparison; ds1-5_allDEGs_merged
LOC111133465,2,cross_study_DEG_comparison; ds1-5_allDEGs_merged
LOC111133481,2,cross_study_DEG_comparison; ds1-5_allDEGs_merged
LOC111133488,2,cross_study_DEG_comparison; ds1-5_allDEGs_merged
LOC111133500,2,cross_study_DEG_comparison; ds1-5_allDEGs_merged
LOC111133508,2,cross_study_DEG_comparison; ds1-5_allDEGs_merged
LOC111133536,2,cross_study_DEG_comparison; ds1-5_allDEGs_merged
LOC111133545,2,cross_study_DEG_comparison; ds1-5_allDEGs_merged
LOC111133551,2,cross_study_DEG_comparison; ds1-5_allDEGs_merged
LOC111133617,2,cross_study_DEG_comparison; ds1-5_allDEGs_merged
LOC111133620,2,cross_study_DEG_comparison; ds1-5_allDEGs_merged
LOC111133656,2,cross_study_DEG_comparison; ds1-5_allDEGs_merged
LOC111133725,2,cross_study_DEG_comparison; ds1-5_allDEGs_merged
LOC111133727,2,cross_study_DEG_comparison; ds1-5_allDEGs_merged
LOC111133765,2,ds1-5_allDEGs_merged; top_50_predictive_genes_for_classification
LOC111133797,2,cross_study_DEG_comparison; ds1-5_allDEGs_merged
LOC111133801,2,cross_study_DEG_comparison; ds1-5_allDEGs_merged
LOC111133833,2,cross_study_DEG_comparison; ds1-5_allDEGs_merged
LOC111133850,2,cross_study_DEG_comparison; ds1-5_allDEGs_merged
LOC111133886,2,cross_study_DEG_comparison; ds1-5_allDEGs_merged
LOC111133911,2,cross_study_DEG_comparison; ds1-5_allDEGs_merged
LOC111133958,2,cross_study_DEG_comparison; ds1-5_allDEGs_merged
LOC111133967,2,cross_study_DEG_comparison; ds1-5_allDEGs_merged
LOC111134047,2,cross_study_DEG_comparison; ds1-5_allDEGs_merged
LOC111134048,2,cross_study_DEG_comparison; ds1-5_allDEGs_merged
LOC111134106,2,cross_study_DEG_comparison; ds1-5_allDEGs_merged
LOC111134140,2,cross_study_DEG_comparison; ds1-5_allDEGs_merged
LOC111134177,2,cross_study_DEG_comparison; ds1-5_allDEGs_merged
LOC111134185,2,cross_study_DEG_comparison; ds1-5_allDEGs_merged
LOC111134208,2,cross_study_DEG_comparison; ds1-5_allDEGs_merged
LOC111134211,2,cross_study_DEG_comparison; ds1-5_allDEGs_merged
LOC111134224,2,cross_study_DEG_comparison; ds1-5_allDEGs_merged
LOC111134249,2,cross_study_DEG_comparison; ds1-5_allDEGs_merged
LOC111134265,2,cross_study_DEG_comparison; ds1-5_allDEGs_merged
LOC111134313,2,cross_study_DEG_comparison; ds1-5_allDEGs_merged
LOC111134336,2,cross_study_DEG_comparison; ds1-5_allDEGs_merged
LOC111134357,2,cross_study_DEG_comparison; ds1-5_allDEGs_merged
LOC111134359,2,cross_study_DEG_comparison; ds1-5_allDEGs_merged
LOC111134364,2,cross_study_DEG_comparison; ds1-5_allDEGs_merged
LOC111134389,2,cross_study_DEG_comparison; ds1-5_allDEGs_merged
LOC111134409,2,cross_study_DEG_comparison; ds1-5_allDEGs_merged
LOC111134436,2,ds1-5_allDEGs_merged; top_50_predictive_genes_for_classification
LOC111134457,2,cross_study_DEG_comparison; ds1-5_allDEGs_merged
LOC111134458,2,cross_study_DEG_comparison; ds1-5_allDEGs_merged
LOC111134474,2,cross_study_DEG_comparison; ds1-5_allDEGs_merged
LOC111134486,2,ds1-5_allDEGs_merged; top_50_predictive_genes_for_classification
LOC111134497,2,cross_study_DEG_comparison; ds1-5_allDEGs_merged
LOC111134502,2,cross_study_DEG_comparison; ds1-5_allDEGs_merged
LOC111134504,2,cross_study_DEG_comparison; ds1-5_allDEGs_merged
LOC111134527,2,cross_study_DEG_comparison; ds1-5_allDEGs_merged
LOC111134538,2,cross_study_DEG_comparison; ds1-5_allDEGs_merged
LOC111134561,2,cross_study_DEG_comparison; ds1-5_allDEGs_merged
LOC111134583,2,cross_study_DEG_comparison; ds1-5_allDEGs_merged
LOC111134609,2,cross_study_DEG_comparison; ds1-5_allDEGs_merged
LOC111134631,2,cross_study_DEG_comparison; ds1-5_allDEGs_merged
LOC111134638,2,cross_study_DEG_comparison; ds1-5_allDEGs_merged
LOC111134651,2,cross_study_DEG_comparison; ds1-5_allDEGs_merged
LOC111134664,2,cross_study_DEG_comparison; ds1-5_allDEGs_merged
LOC111134678,2,cross_study_DEG_comparison; ds1-5_allDEGs_merged
LOC111134695,2,cross_study_DEG_comparison; ds1-5_allDEGs_merged
LOC111134722,2,cross_study_DEG_comparison; ds1-5_allDEGs_merged
LOC111134725,2,cross_study_DEG_comparison; ds1-5_allDEGs_merged
LOC111134742,2,cross_study_DEG_comparison; ds1-5_allDEGs_merged
LOC111134793,2,cross_study_DEG_comparison; ds1-5_allDEGs_merged
LOC111134797,2,cross_study_DEG_comparison; ds1-5_allDEGs_merged
LOC111134800,2,cross_study_DEG_comparison; ds1-5_allDEGs_merged
LOC111134808,2,cross_study_DEG_comparison; ds1-5_allDEGs_merged
LOC111134843,2,cross_study_DEG_comparison; ds1-5_allDEGs_merged
LOC111134846,2,cross_study_DEG_comparison; ds1-5_allDEGs_merged
LOC111134864,2,cross_study_DEG_comparison; ds1-5_allDEGs_merged
LOC111134880,2,cross_study_DEG_comparison; ds1-5_allDEGs_merged
LOC111134917,2,cross_study_DEG_comparison; ds1-5_allDEGs_merged
LOC111134925,2,cross_study_DEG_comparison; ds1-5_allDEGs_merged
LOC111134931,2,cross_study_DEG_comparison; ds1-5_allDEGs_merged
LOC111134953,2,cross_study_DEG_comparison; ds1-5_allDEGs_merged
LOC111134955,2,cross_study_DEG_comparison; ds1-5_allDEGs_merged
LOC111134997,2,cross_study_DEG_comparison; ds1-5_allDEGs_merged
LOC111135022,2,cross_study_DEG_comparison; ds1-5_allDEGs_merged
LOC111135025,2,cross_study_DEG_comparison; ds1-5_allDEGs_merged
LOC111135030,2,cross_study_DEG_comparison; ds1-5_allDEGs_merged
LOC111135047,2,cross_study_DEG_comparison; ds1-5_allDEGs_merged
LOC111135056,2,cross_study_DEG_comparison; ds1-5_allDEGs_merged
LOC111135072,2,cross_study_DEG_comparison; ds1-5_allDEGs_merged
LOC111135079,2,cross_study_DEG_comparison; ds1-5_allDEGs_merged
LOC111135089,2,cross_study_DEG_comparison; ds1-5_allDEGs_merged
LOC111135108,2,cross_study_DEG_comparison; ds1-5_allDEGs_merged
LOC111135135,2,cross_study_DEG_comparison; ds1-5_allDEGs_merged
LOC111135159,2,cross_study_DEG_comparison; ds1-5_allDEGs_merged
LOC111135165,2,cross_study_DEG_comparison; ds1-5_allDEGs_merged
LOC111135168,2,cross_study_DEG_comparison; ds1-5_allDEGs_merged
LOC111135177,2,cross_study_DEG_comparison; ds1-5_allDEGs_merged
LOC111135189,2,cross_study_DEG_comparison; ds1-5_allDEGs_merged
LOC111135208,2,cross_study_DEG_comparison; ds1-5_allDEGs_merged
LOC111135221,2,cross_study_DEG_comparison; ds1-5_allDEGs_merged
LOC111135227,2,cross_study_DEG_comparison; ds1-5_allDEGs_merged
LOC111135252,2,cross_study_DEG_comparison; ds1-5_allDEGs_merged
LOC111135255,2,cross_study_DEG_comparison; ds1-5_allDEGs_merged
LOC111135290,2,cross_study_DEG_comparison; ds1-5_allDEGs_merged
LOC111135297,2,cross_study_DEG_comparison; ds1-5_allDEGs_merged
LOC111135299,2,cross_study_DEG_comparison; ds1-5_allDEGs_merged
LOC111135351,2,cross_study_DEG_comparison; ds1-5_allDEGs_merged
LOC111135365,2,cross_study_DEG_comparison; ds1-5_allDEGs_merged
LOC111135366,2,cross_study_DEG_comparison; ds1-5_allDEGs_merged
LOC111135443,2,cross_study_DEG_comparison; ds1-5_allDEGs_merged
LOC111135463,2,cross_study_DEG_comparison; ds1-5_allDEGs_merged
LOC111135475,2,cross_study_DEG_comparison; ds1-5_allDEGs_merged
LOC111135486,2,cross_study_DEG_comparison; ds1-5_allDEGs_merged
LOC111135501,2,cross_study_DEG_comparison; ds1-5_allDEGs_merged
LOC111135510,2,cross_study_DEG_comparison; ds1-5_allDEGs_merged
LOC111135512,2,cross_study_DEG_comparison; ds1-5_allDEGs_merged
LOC111135603,2,cross_study_DEG_comparison; ds1-5_allDEGs_merged
LOC111135624,2,cross_study_DEG_comparison; ds1-5_allDEGs_merged
LOC111135641,2,cross_study_DEG_comparison; ds1-5_allDEGs_merged
LOC111135656,2,cross_study_DEG_comparison; ds1-5_allDEGs_merged
LOC111135687,2,cross_study_DEG_comparison; ds1-5_allDEGs_merged
LOC111135710,2,cross_study_DEG_comparison; ds1-5_allDEGs_merged
LOC111135714,2,cross_study_DEG_comparison; ds1-5_allDEGs_merged
LOC111135723,2,cross_study_DEG_comparison; ds1-5_allDEGs_merged
LOC111135735,2,cross_study_DEG_comparison; ds1-5_allDEGs_merged
LOC111135761,2,cross_study_DEG_comparison; ds1-5_allDEGs_merged
LOC111135790,2,cross_study_DEG_comparison; ds1-5_allDEGs_merged
LOC111135795,2,cross_study_DEG_comparison; ds1-5_allDEGs_merged
LOC111135810,2,cross_study_DEG_comparison; ds1-5_allDEGs_merged
LOC111135827,2,cross_study_DEG_comparison; ds1-5_allDEGs_merged
LOC111135841,2,cross_study_DEG_comparison; ds1-5_allDEGs_merged
LOC111135852,2,cross_study_DEG_comparison; ds1-5_allDEGs_merged
LOC111135890,2,cross_study_DEG_comparison; ds1-5_allDEGs_merged
LOC111135909,2,cross_study_DEG_comparison; ds1-5_allDEGs_merged
LOC111135917,2,cross_study_DEG_comparison; ds1-5_allDEGs_merged
LOC111135931,2,cross_study_DEG_comparison; ds1-5_allDEGs_merged
LOC111135952,2,cross_study_DEG_comparison; ds1-5_allDEGs_merged
LOC111136001,2,cross_study_DEG_comparison; ds1-5_allDEGs_merged
LOC111136030,2,cross_study_DEG_comparison; ds1-5_allDEGs_merged
LOC111136053,2,cross_study_DEG_comparison; ds1-5_allDEGs_merged
LOC111136061,2,cross_study_DEG_comparison; ds1-5_allDEGs_merged
LOC111136064,2,cross_study_DEG_comparison; ds1-5_allDEGs_merged
LOC111136075,2,cross_study_DEG_comparison; ds1-5_allDEGs_merged
LOC111136152,2,cross_study_DEG_comparison; ds1-5_allDEGs_merged
LOC111136160,2,cross_study_DEG_comparison; ds1-5_allDEGs_merged
LOC111136168,2,cross_study_DEG_comparison; ds1-5_allDEGs_merged
LOC111136197,2,cross_study_DEG_comparison; ds1-5_allDEGs_merged
LOC111136229,2,ds1-5_allDEGs_merged; final_consensus_genes
LOC111136256,2,cross_study_DEG_comparison; ds1-5_allDEGs_merged
LOC111136258,2,cross_study_DEG_comparison; ds1-5_allDEGs_merged
LOC111136279,2,cross_study_DEG_comparison; ds1-5_allDEGs_merged
LOC111136288,2,cross_study_DEG_comparison; ds1-5_allDEGs_merged
LOC111136293,2,cross_study_DEG_comparison; ds1-5_allDEGs_merged
LOC111136379,2,cross_study_DEG_comparison; ds1-5_allDEGs_merged
LOC111136382,2,cross_study_DEG_comparison; ds1-5_allDEGs_merged
LOC111136426,2,cross_study_DEG_comparison; ds1-5_allDEGs_merged
LOC111136437,2,cross_study_DEG_comparison; ds1-5_allDEGs_merged
LOC111136458,2,cross_study_DEG_comparison; ds1-5_allDEGs_merged
LOC111136471,2,cross_study_DEG_comparison; ds1-5_allDEGs_merged
LOC111136499,2,cross_study_DEG_comparison; ds1-5_allDEGs_merged
LOC111136519,2,cross_study_DEG_comparison; ds1-5_allDEGs_merged
LOC111136540,2,cross_study_DEG_comparison; ds1-5_allDEGs_merged
LOC111136558,2,cross_study_DEG_comparison; ds1-5_allDEGs_merged
LOC111136619,2,cross_study_DEG_comparison; ds1-5_allDEGs_merged
LOC111136620,2,cross_study_DEG_comparison; ds1-5_allDEGs_merged
LOC111136622,2,cross_study_DEG_comparison; ds1-5_allDEGs_merged
LOC111136635,2,cross_study_DEG_comparison; ds1-5_allDEGs_merged
LOC111136653,2,cross_study_DEG_comparison; ds1-5_allDEGs_merged
LOC111136660,2,cross_study_DEG_comparison; ds1-5_allDEGs_merged
LOC111136663,2,cross_study_DEG_comparison; ds1-5_allDEGs_merged
LOC111136700,2,cross_study_DEG_comparison; ds1-5_allDEGs_merged
LOC111136715,2,cross_study_DEG_comparison; ds1-5_allDEGs_merged
LOC111136730,2,cross_study_DEG_comparison; ds1-5_allDEGs_merged
LOC111136740,2,cross_study_DEG_comparison; ds1-5_allDEGs_merged
LOC111136763,2,cross_study_DEG_comparison; ds1-5_allDEGs_merged
LOC111136780,2,cross_study_DEG_comparison; ds1-5_allDEGs_merged
LOC111136807,2,cross_study_DEG_comparison; ds1-5_allDEGs_merged
LOC111136817,2,cross_study_DEG_comparison; ds1-5_allDEGs_merged
LOC111136833,2,cross_study_DEG_comparison; ds1-5_allDEGs_merged
LOC111136850,2,cross_study_DEG_comparison; ds1-5_allDEGs_merged
LOC111136852,2,cross_study_DEG_comparison; ds1-5_allDEGs_merged
LOC111136943,2,cross_study_DEG_comparison; ds1-5_allDEGs_merged
LOC111136945,2,cross_study_DEG_comparison; ds1-5_allDEGs_merged
LOC111136979,2,cross_study_DEG_comparison; ds1-5_allDEGs_merged
LOC111136981,2,cross_study_DEG_comparison; ds1-5_allDEGs_merged
LOC111136982,2,cross_study_DEG_comparison; ds1-5_allDEGs_merged
LOC111137000,2,cross_study_DEG_comparison; ds1-5_allDEGs_merged
LOC111137043,2,cross_study_DEG_comparison; ds1-5_allDEGs_merged
LOC111137068,2,cross_study_DEG_comparison; ds1-5_allDEGs_merged
LOC111137082,2,cross_study_DEG_comparison; ds1-5_allDEGs_merged
LOC111137087,2,cross_study_DEG_comparison; ds1-5_allDEGs_merged
LOC111137089,2,cross_study_DEG_comparison; ds1-5_allDEGs_merged
LOC111137109,2,cross_study_DEG_comparison; ds1-5_allDEGs_merged
LOC111137111,2,cross_study_DEG_comparison; ds1-5_allDEGs_merged
LOC111137112,2,cross_study_DEG_comparison; ds1-5_allDEGs_merged
LOC111137215,2,cross_study_DEG_comparison; ds1-5_allDEGs_merged
LOC111137242,2,cross_study_DEG_comparison; ds1-5_allDEGs_merged
LOC111137302,2,cross_study_DEG_comparison; ds1-5_allDEGs_merged
LOC111137321,2,cross_study_DEG_comparison; ds1-5_allDEGs_merged
LOC111137339,2,cross_study_DEG_comparison; top_50_predictive_genes_for_classification
LOC111137347,2,cross_study_DEG_comparison; ds1-5_allDEGs_merged
LOC111137375,2,cross_study_DEG_comparison; ds1-5_allDEGs_merged
LOC111137398,2,cross_study_DEG_comparison; ds1-5_allDEGs_merged
LOC111137416,2,cross_study_DEG_comparison; ds1-5_allDEGs_merged
LOC111137459,2,cross_study_DEG_comparison; ds1-5_allDEGs_merged
LOC111137463,2,cross_study_DEG_comparison; ds1-5_allDEGs_merged
LOC111137512,2,cross_study_DEG_comparison; ds1-5_allDEGs_merged
LOC111137522,2,cross_study_DEG_comparison; ds1-5_allDEGs_merged
LOC111137575,2,cross_study_DEG_comparison; ds1-5_allDEGs_merged
LOC111137635,2,cross_study_DEG_comparison; ds1-5_allDEGs_merged
LOC111137766,2,cross_study_DEG_comparison; ds1-5_allDEGs_merged
LOC111137960,2,cross_study_DEG_comparison; ds1-5_allDEGs_merged
LOC111137967,2,cross_study_DEG_comparison; ds1-5_allDEGs_merged
LOC111137981,2,cross_study_DEG_comparison; ds1-5_allDEGs_merged
LOC111138059,2,cross_study_DEG_comparison; ds1-5_allDEGs_merged
LOC111138160,2,cross_study_DEG_comparison; top_50_predictive_genes_for_classification
LOC111138165,2,cross_study_DEG_comparison; ds1-5_allDEGs_merged
LOC111138174,2,cross_study_DEG_comparison; top_50_predictive_genes_for_classification
LOC111138209,2,cross_study_DEG_comparison; ds1-5_allDEGs_merged
LOC111138264,2,cross_study_DEG_comparison; ds1-5_allDEGs_merged
LOC111138274,2,cross_study_DEG_comparison; ds1-5_allDEGs_merged
LOC111138348,2,cross_study_DEG_comparison; ds1-5_allDEGs_merged
LOC111138370,2,cross_study_DEG_comparison; ds1-5_allDEGs_merged
LOC111138443,2,cross_study_DEG_comparison; ds1-5_allDEGs_merged
LOC111138463,2,cross_study_DEG_comparison; ds1-5_allDEGs_merged
LOC111138502,2,cross_study_DEG_comparison; ds1-5_allDEGs_merged
LOC111138507,2,cross_study_DEG_comparison; ds1-5_allDEGs_merged
DS3_Cg_OYG_10000016_10037988,1,cross_study_DEG_comparison
DS3_Cg_OYG_10000033_10034927,1,cross_study_DEG_comparison
DS3_Cg_OYG_10000085_10006861,1,cross_study_DEG_comparison
DS3_Cg_OYG_10000134_10016153,1,cross_study_DEG_comparison
DS3_Cg_OYG_10000212_10007288,1,cross_study_DEG_comparison
DS3_Cg_OYG_10000225_10029347,1,cross_study_DEG_comparison
DS3_Cg_OYG_10000258_10029030,1,cross_study_DEG_comparison
DS3_Cg_OYG_10000286_10031584,1,cross_study_DEG_comparison
DS3_Cg_OYG_10000359_10029232,1,cross_study_DEG_comparison
DS3_Cg_OYG_10000444_10001440,1,cross_study_DEG_comparison
DS3_Cg_OYG_10000573_10037404,1,cross_study_DEG_comparison
DS3_Cg_OYG_10000741_10001252,1,cross_study_DEG_comparison
DS3_Cg_OYG_10000854_10005587,1,cross_study_DEG_comparison
DS3_Cg_OYG_10000910_10021012,1,cross_study_DEG_comparison
DS3_Cg_OYG_10000923_10036928,1,cross_study_DEG_comparison
DS3_Cg_OYG_10000986_10032476,1,cross_study_DEG_comparison
DS3_Cg_OYG_10001189_10008248,1,cross_study_DEG_comparison
DS3_Cg_OYG_10001214_10005242,1,cross_study_DEG_comparison
DS3_Cg_OYG_10001373_10041368,1,cross_study_DEG_comparison
DS3_Cg_OYG_10001400_10038082,1,cross_study_DEG_comparison
DS3_Cg_OYG_10001516_10016129,1,cross_study_DEG_comparison
DS3_Cg_OYG_10001557_10041033,1,cross_study_DEG_comparison
DS3_Cg_OYG_10001570_10019299,1,cross_study_DEG_comparison
DS3_Cg_OYG_10001632_10029779,1,cross_study_DEG_comparison
DS3_Cg_OYG_10001663_10037434,1,cross_study_DEG_comparison
DS3_Cg_OYG_10001766,1,cross_study_DEG_comparison
DS3_Cg_OYG_10001781_10019818,1,cross_study_DEG_comparison
DS3_Cg_OYG_10001975_10018681,1,cross_study_DEG_comparison
DS3_Cg_OYG_10001976,1,cross_study_DEG_comparison
DS3_Cg_OYG_10002038_10031911,1,cross_study_DEG_comparison
DS3_Cg_OYG_10002143_10014473,1,cross_study_DEG_comparison
DS3_Cg_OYG_10002372,1,cross_study_DEG_comparison
DS3_Cg_OYG_10002435_10032856,1,cross_study_DEG_comparison
DS3_Cg_OYG_10002498_10016432,1,cross_study_DEG_comparison
DS3_Cg_OYG_10002521_10038478,1,cross_study_DEG_comparison
DS3_Cg_OYG_10002529_10034652,1,cross_study_DEG_comparison
DS3_Cg_OYG_10002584_10008715,1,cross_study_DEG_comparison
DS3_Cg_OYG_10002607_10003430,1,cross_study_DEG_comparison
DS3_Cg_OYG_10002658_10040256,1,cross_study_DEG_comparison
DS3_Cg_OYG_10002660_10037875,1,cross_study_DEG_comparison
DS3_Cg_OYG_10002664_10012547,1,cross_study_DEG_comparison
DS3_Cg_OYG_10002665_10004558,1,cross_study_DEG_comparison
DS3_Cg_OYG_10002738_10002974,1,cross_study_DEG_comparison
DS3_Cg_OYG_10002907_10036478,1,cross_study_DEG_comparison
DS3_Cg_OYG_10002984_10033080,1,cross_study_DEG_comparison
DS3_Cg_OYG_10003004_10010913,1,cross_study_DEG_comparison
DS3_Cg_OYG_10003063_10038613,1,cross_study_DEG_comparison
DS3_Cg_OYG_10003107_10039912,1,cross_study_DEG_comparison
DS3_Cg_OYG_10003303_10036458,1,cross_study_DEG_comparison
DS3_Cg_OYG_10003331_10029750,1,cross_study_DEG_comparison
DS3_Cg_OYG_10003354_10005709,1,cross_study_DEG_comparison
DS3_Cg_OYG_10003355_10011238,1,cross_study_DEG_comparison
DS3_Cg_OYG_10003373_10018541,1,cross_study_DEG_comparison
DS3_Cg_OYG_10003440_10031967,1,cross_study_DEG_comparison
DS3_Cg_OYG_10003466_10004644-D13,1,cross_study_DEG_comparison
DS3_Cg_OYG_10003466_10004644-D6,1,cross_study_DEG_comparison
DS3_Cg_OYG_10003562_10020126,1,cross_study_DEG_comparison
DS3_Cg_OYG_10003599_10005879,1,cross_study_DEG_comparison
DS3_Cg_OYG_10003641_10042070,1,cross_study_DEG_comparison
DS3_Cg_OYG_10003879_10005889,1,cross_study_DEG_comparison
DS3_Cg_OYG_10003895_10039161,1,cross_study_DEG_comparison
DS3_Cg_OYG_10003914_10019814,1,cross_study_DEG_comparison
DS3_Cg_OYG_10003923_10036301,1,cross_study_DEG_comparison
DS3_Cg_OYG_10003943_10020431,1,cross_study_DEG_comparison
DS3_Cg_OYG_10004025_10040991,1,cross_study_DEG_comparison
DS3_Cg_OYG_10004156_10038958,1,cross_study_DEG_comparison
DS3_Cg_OYG_10004194_10025545,1,cross_study_DEG_comparison
DS3_Cg_OYG_10004338,1,cross_study_DEG_comparison
DS3_Cg_OYG_10004370_10008999,1,cross_study_DEG_comparison
DS3_Cg_OYG_10004425_10033196,1,cross_study_DEG_comparison
DS3_Cg_OYG_10004487_10033709,1,cross_study_DEG_comparison
DS3_Cg_OYG_10004565_10021945,1,cross_study_DEG_comparison
DS3_Cg_OYG_10004645_10002533,1,cross_study_DEG_comparison
DS3_Cg_OYG_10004652_10011846,1,cross_study_DEG_comparison
DS3_Cg_OYG_10004654_10040083,1,cross_study_DEG_comparison
DS3_Cg_OYG_10004703_10005889,1,cross_study_DEG_comparison
DS3_Cg_OYG_10004791_10022678,1,cross_study_DEG_comparison
DS3_Cg_OYG_10004798_10037915,1,cross_study_DEG_comparison
DS3_Cg_OYG_10004837_10025768,1,cross_study_DEG_comparison
DS3_Cg_OYG_10004932_10039730,1,cross_study_DEG_comparison
DS3_Cg_OYG_10004947_10013195,1,cross_study_DEG_comparison
DS3_Cg_OYG_10004989_10024172,1,cross_study_DEG_comparison
DS3_Cg_OYG_10005133_10025404,1,cross_study_DEG_comparison
DS3_Cg_OYG_10005156_10023740,1,cross_study_DEG_comparison
DS3_Cg_OYG_10005162_10008792,1,cross_study_DEG_comparison
DS3_Cg_OYG_10005194_10010389-D14,1,cross_study_DEG_comparison
DS3_Cg_OYG_10005194_10010389-D26,1,cross_study_DEG_comparison
DS3_Cg_OYG_10005194_10010389-D31,1,cross_study_DEG_comparison
DS3_Cg_OYG_10005194_10010389-D9,1,cross_study_DEG_comparison
DS3_Cg_OYG_10005393_10006012,1,cross_study_DEG_comparison
DS3_Cg_OYG_10005419_10026347,1,cross_study_DEG_comparison
DS3_Cg_OYG_10005458_10037755,1,cross_study_DEG_comparison
DS3_Cg_OYG_10005511_10031575,1,cross_study_DEG_comparison
DS3_Cg_OYG_10005525_10000568,1,cross_study_DEG_comparison
DS3_Cg_OYG_10005590_10014734,1,cross_study_DEG_comparison
DS3_Cg_OYG_10005646_10008711,1,cross_study_DEG_comparison
DS3_Cg_OYG_10005738_10017913,1,cross_study_DEG_comparison
DS3_Cg_OYG_10005788_10041341,1,cross_study_DEG_comparison
DS3_Cg_OYG_10005808_10033432,1,cross_study_DEG_comparison
DS3_Cg_OYG_10005813_10016942,1,cross_study_DEG_comparison
DS3_Cg_OYG_10005815_10020394,1,cross_study_DEG_comparison
DS3_Cg_OYG_10005875_10019838,1,cross_study_DEG_comparison
DS3_Cg_OYG_10005878_10040586,1,cross_study_DEG_comparison
DS3_Cg_OYG_10005910_10041660,1,cross_study_DEG_comparison
DS3_Cg_OYG_10005949_10038045,1,cross_study_DEG_comparison
DS3_Cg_OYG_10006070_10016756,1,cross_study_DEG_comparison
DS3_Cg_OYG_10006186_10001797,1,cross_study_DEG_comparison
DS3_Cg_OYG_10006288_10029338,1,cross_study_DEG_comparison
DS3_Cg_OYG_10006297_10031746,1,cross_study_DEG_comparison
DS3_Cg_OYG_10006428_10022645,1,cross_study_DEG_comparison
DS3_Cg_OYG_10006474_10002853,1,cross_study_DEG_comparison
DS3_Cg_OYG_10006478_10006491,1,cross_study_DEG_comparison
DS3_Cg_OYG_10006488_10036626,1,cross_study_DEG_comparison
DS3_Cg_OYG_10006490_10038613,1,cross_study_DEG_comparison
DS3_Cg_OYG_10006517_10021218,1,cross_study_DEG_comparison
DS3_Cg_OYG_10006556_10025706,1,cross_study_DEG_comparison
DS3_Cg_OYG_10006570_10014535,1,cross_study_DEG_comparison
DS3_Cg_OYG_10006605_10024945,1,cross_study_DEG_comparison
DS3_Cg_OYG_10006606_10011624,1,cross_study_DEG_comparison
DS3_Cg_OYG_10006639_10008096,1,cross_study_DEG_comparison
DS3_Cg_OYG_10006757_10035964,1,cross_study_DEG_comparison
DS3_Cg_OYG_10006796_10010941,1,cross_study_DEG_comparison
DS3_Cg_OYG_10006829_10006492,1,cross_study_DEG_comparison
DS3_Cg_OYG_10006841_10007783,1,cross_study_DEG_comparison
DS3_Cg_OYG_10006874_10034791,1,cross_study_DEG_comparison
DS3_Cg_OYG_10006889_10024102,1,cross_study_DEG_comparison
DS3_Cg_OYG_10006926_10034817,1,cross_study_DEG_comparison
DS3_Cg_OYG_10006965_10011525,1,cross_study_DEG_comparison
DS3_Cg_OYG_10007011_10027007,1,cross_study_DEG_comparison
DS3_Cg_OYG_10007023_10035502,1,cross_study_DEG_comparison
DS3_Cg_OYG_10007043_10004604,1,cross_study_DEG_comparison
DS3_Cg_OYG_10007071_10030857,1,cross_study_DEG_comparison
DS3_Cg_OYG_10007096_10022159,1,cross_study_DEG_comparison
DS3_Cg_OYG_10007196_10020282,1,cross_study_DEG_comparison
DS3_Cg_OYG_10007276_10005678,1,cross_study_DEG_comparison
DS3_Cg_OYG_10007278_10006872,1,cross_study_DEG_comparison
DS3_Cg_OYG_10007295_10036624,1,cross_study_DEG_comparison
DS3_Cg_OYG_10007357_10036318,1,cross_study_DEG_comparison
DS3_Cg_OYG_10007366_10012865,1,cross_study_DEG_comparison
DS3_Cg_OYG_10007386_10032787,1,cross_study_DEG_comparison
DS3_Cg_OYG_10007407_10018827,1,cross_study_DEG_comparison
DS3_Cg_OYG_10007481_10018288,1,cross_study_DEG_comparison
DS3_Cg_OYG_10007567_10009996,1,cross_study_DEG_comparison
DS3_Cg_OYG_10007645_10025556,1,cross_study_DEG_comparison
DS3_Cg_OYG_10007661_10008409,1,cross_study_DEG_comparison
DS3_Cg_OYG_10007681_10025110,1,cross_study_DEG_comparison
DS3_Cg_OYG_10007774_10042075,1,cross_study_DEG_comparison
DS3_Cg_OYG_10007807_10038209,1,cross_study_DEG_comparison
DS3_Cg_OYG_10007827_10002477,1,cross_study_DEG_comparison
DS3_Cg_OYG_10007882_10005153,1,cross_study_DEG_comparison
DS3_Cg_OYG_10007923_10017902,1,cross_study_DEG_comparison
DS3_Cg_OYG_10007924_10017903,1,cross_study_DEG_comparison
DS3_Cg_OYG_10007963_10000717,1,cross_study_DEG_comparison
DS3_Cg_OYG_10007991_10034321,1,cross_study_DEG_comparison
DS3_Cg_OYG_10008155_10016668,1,cross_study_DEG_comparison
DS3_Cg_OYG_10008175_10015227,1,cross_study_DEG_comparison
DS3_Cg_OYG_10008226_10028787,1,cross_study_DEG_comparison
DS3_Cg_OYG_10008233_10010366,1,cross_study_DEG_comparison
DS3_Cg_OYG_10008285_10031678,1,cross_study_DEG_comparison
DS3_Cg_OYG_10008379_10010992,1,cross_study_DEG_comparison
DS3_Cg_OYG_10008422_10021878,1,cross_study_DEG_comparison
DS3_Cg_OYG_10008504_10007611,1,cross_study_DEG_comparison
DS3_Cg_OYG_10008557_10038282,1,cross_study_DEG_comparison
DS3_Cg_OYG_10008565_10026839,1,cross_study_DEG_comparison
DS3_Cg_OYG_10008641_10020485,1,cross_study_DEG_comparison
DS3_Cg_OYG_10008747_10039965,1,cross_study_DEG_comparison
DS3_Cg_OYG_10008752_10039711,1,cross_study_DEG_comparison
DS3_Cg_OYG_10008753_10039709,1,cross_study_DEG_comparison
DS3_Cg_OYG_10008952_10020757,1,cross_study_DEG_comparison
DS3_Cg_OYG_10009041_10028674,1,cross_study_DEG_comparison
DS3_Cg_OYG_10009048_10010718,1,cross_study_DEG_comparison
DS3_Cg_OYG_10009092_10017642,1,cross_study_DEG_comparison
DS3_Cg_OYG_10009217_10001557R,1,cross_study_DEG_comparison
DS3_Cg_OYG_10009271_10025338,1,cross_study_DEG_comparison
DS3_Cg_OYG_10009423_10038213,1,cross_study_DEG_comparison
DS3_Cg_OYG_10009612_10030036,1,cross_study_DEG_comparison
DS3_Cg_OYG_10009685_10023496,1,cross_study_DEG_comparison
DS3_Cg_OYG_10010012_10015558,1,cross_study_DEG_comparison
DS3_Cg_OYG_10010167_10027830,1,cross_study_DEG_comparison
DS3_Cg_OYG_10010243_10032718,1,cross_study_DEG_comparison
DS3_Cg_OYG_10010262_10031120,1,cross_study_DEG_comparison
DS3_Cg_OYG_10010268_10034983,1,cross_study_DEG_comparison
DS3_Cg_OYG_10010276_10041982,1,cross_study_DEG_comparison
DS3_Cg_OYG_10010419_10021935,1,cross_study_DEG_comparison
DS3_Cg_OYG_10010430_10035108,1,cross_study_DEG_comparison
DS3_Cg_OYG_10010443_10038613,1,cross_study_DEG_comparison
DS3_Cg_OYG_10010476_10030790,1,cross_study_DEG_comparison
DS3_Cg_OYG_10010481_10024422,1,cross_study_DEG_comparison
DS3_Cg_OYG_10010509_10002115,1,cross_study_DEG_comparison
DS3_Cg_OYG_10010513_10016387,1,cross_study_DEG_comparison
DS3_Cg_OYG_10010517_10038613,1,cross_study_DEG_comparison
DS3_Cg_OYG_10010635_10034636,1,cross_study_DEG_comparison
DS3_Cg_OYG_10010706_10013779,1,cross_study_DEG_comparison
DS3_Cg_OYG_10010805_10002503,1,cross_study_DEG_comparison
DS3_Cg_OYG_10010863_10015204,1,cross_study_DEG_comparison
DS3_Cg_OYG_10010919_10036244,1,cross_study_DEG_comparison
DS3_Cg_OYG_10011199_10040492,1,cross_study_DEG_comparison
DS3_Cg_OYG_10011205_10014826,1,cross_study_DEG_comparison
DS3_Cg_OYG_10011228_10028731,1,cross_study_DEG_comparison
DS3_Cg_OYG_10011253_10020681,1,cross_study_DEG_comparison
DS3_Cg_OYG_10011310_10001650,1,cross_study_DEG_comparison
DS3_Cg_OYG_10011342_10006021,1,cross_study_DEG_comparison
DS3_Cg_OYG_10011354,1,cross_study_DEG_comparison
DS3_Cg_OYG_10011359_10027472,1,cross_study_DEG_comparison
DS3_Cg_OYG_10011385_10008879,1,cross_study_DEG_comparison
DS3_Cg_OYG_10011387_10037142,1,cross_study_DEG_comparison
DS3_Cg_OYG_10011481_10036112,1,cross_study_DEG_comparison
DS3_Cg_OYG_10011522_10006895,1,cross_study_DEG_comparison
DS3_Cg_OYG_10011543_10034490,1,cross_study_DEG_comparison
DS3_Cg_OYG_10011654_10020117,1,cross_study_DEG_comparison
DS3_Cg_OYG_10011686_10030619,1,cross_study_DEG_comparison
DS3_Cg_OYG_10011748_10018921,1,cross_study_DEG_comparison
DS3_Cg_OYG_10011810_10032591,1,cross_study_DEG_comparison
DS3_Cg_OYG_10011837_10012607,1,cross_study_DEG_comparison
DS3_Cg_OYG_10011867_10018863,1,cross_study_DEG_comparison
DS3_Cg_OYG_10011942_10036961,1,cross_study_DEG_comparison
DS3_Cg_OYG_10011958_10006710,1,cross_study_DEG_comparison
DS3_Cg_OYG_10012053_10037533,1,cross_study_DEG_comparison
DS3_Cg_OYG_10012198_10036494,1,cross_study_DEG_comparison
DS3_Cg_OYG_10012232_10019325,1,cross_study_DEG_comparison
DS3_Cg_OYG_10012280_10030367,1,cross_study_DEG_comparison
DS3_Cg_OYG_10012321_10008242,1,cross_study_DEG_comparison
DS3_Cg_OYG_10012337_10020418,1,cross_study_DEG_comparison
DS3_Cg_OYG_10012347_10033778,1,cross_study_DEG_comparison
DS3_Cg_OYG_10012415_10015629,1,cross_study_DEG_comparison
DS3_Cg_OYG_10012426_10021215,1,cross_study_DEG_comparison
DS3_Cg_OYG_10012431_10013471,1,cross_study_DEG_comparison
DS3_Cg_OYG_10012525_10017827,1,cross_study_DEG_comparison
DS3_Cg_OYG_10012546_10036825,1,cross_study_DEG_comparison
DS3_Cg_OYG_10012553_10024788,1,cross_study_DEG_comparison
DS3_Cg_OYG_10012630_10035352,1,cross_study_DEG_comparison
DS3_Cg_OYG_10012699_10031353,1,cross_study_DEG_comparison
DS3_Cg_OYG_10012711_10026845,1,cross_study_DEG_comparison
DS3_Cg_OYG_10012864_10035439,1,cross_study_DEG_comparison
DS3_Cg_OYG_10012943_10036072,1,cross_study_DEG_comparison
DS3_Cg_OYG_10012952_10020501,1,cross_study_DEG_comparison
DS3_Cg_OYG_10012965_10038384,1,cross_study_DEG_comparison
DS3_Cg_OYG_10013049_10031575,1,cross_study_DEG_comparison
DS3_Cg_OYG_10013066_10005242,1,cross_study_DEG_comparison
DS3_Cg_OYG_10013069_10009056,1,cross_study_DEG_comparison
DS3_Cg_OYG_10013076_10031957,1,cross_study_DEG_comparison
DS3_Cg_OYG_10013081_10031954,1,cross_study_DEG_comparison
DS3_Cg_OYG_10013084_10008413,1,cross_study_DEG_comparison
DS3_Cg_OYG_10013090_10008419,1,cross_study_DEG_comparison
DS3_Cg_OYG_10013133_10019072,1,cross_study_DEG_comparison
DS3_Cg_OYG_10013155_10017925,1,cross_study_DEG_comparison
DS3_Cg_OYG_10013296_10014060,1,cross_study_DEG_comparison
DS3_Cg_OYG_10013362_10022409,1,cross_study_DEG_comparison
DS3_Cg_OYG_10013370_10022399,1,cross_study_DEG_comparison
DS3_Cg_OYG_10013401_10023420,1,cross_study_DEG_comparison
DS3_Cg_OYG_10013402_10023421,1,cross_study_DEG_comparison
DS3_Cg_OYG_10013456_10000269,1,cross_study_DEG_comparison
DS3_Cg_OYG_10013638_10025219,1,cross_study_DEG_comparison
DS3_Cg_OYG_10013671_10028432-D4,1,cross_study_DEG_comparison
DS3_Cg_OYG_10013700_10041080,1,cross_study_DEG_comparison
DS3_Cg_OYG_10013738_10015583,1,cross_study_DEG_comparison
DS3_Cg_OYG_10013834_10021991,1,cross_study_DEG_comparison
DS3_Cg_OYG_10013874_10023484,1,cross_study_DEG_comparison
DS3_Cg_OYG_10014154_10004321,1,cross_study_DEG_comparison
DS3_Cg_OYG_10014240_10031229,1,cross_study_DEG_comparison
DS3_Cg_OYG_10014277_10041033,1,cross_study_DEG_comparison
DS3_Cg_OYG_10014312_10027409,1,cross_study_DEG_comparison
DS3_Cg_OYG_10014356_10016655,1,cross_study_DEG_comparison
DS3_Cg_OYG_10014371_10030109,1,cross_study_DEG_comparison
DS3_Cg_OYG_10014372_10029854,1,cross_study_DEG_comparison
DS3_Cg_OYG_10014444_10005037,1,cross_study_DEG_comparison
DS3_Cg_OYG_10014469_10040256,1,cross_study_DEG_comparison
DS3_Cg_OYG_10014485,1,cross_study_DEG_comparison
DS3_Cg_OYG_10014490_10028642,1,cross_study_DEG_comparison
DS3_Cg_OYG_10014521_10023245,1,cross_study_DEG_comparison
DS3_Cg_OYG_10014541_10030092,1,cross_study_DEG_comparison
DS3_Cg_OYG_10014547_10017755,1,cross_study_DEG_comparison
DS3_Cg_OYG_10014557_10016596,1,cross_study_DEG_comparison
DS3_Cg_OYG_10014579_10008522,1,cross_study_DEG_comparison
DS3_Cg_OYG_10014690_10041281,1,cross_study_DEG_comparison
DS3_Cg_OYG_10014747_10040335,1,cross_study_DEG_comparison
DS3_Cg_OYG_10014826_10002632,1,cross_study_DEG_comparison
DS3_Cg_OYG_10014905_10001764,1,cross_study_DEG_comparison
DS3_Cg_OYG_10014945_10012123,1,cross_study_DEG_comparison
DS3_Cg_OYG_10015000_10006030,1,cross_study_DEG_comparison
DS3_Cg_OYG_10015053_10041694,1,cross_study_DEG_comparison
DS3_Cg_OYG_10015152_10009825,1,cross_study_DEG_comparison
DS3_Cg_OYG_10015184_10031842,1,cross_study_DEG_comparison
DS3_Cg_OYG_10015187_10020714,1,cross_study_DEG_comparison
DS3_Cg_OYG_10015226_10037459,1,cross_study_DEG_comparison
DS3_Cg_OYG_10015439_10032974,1,cross_study_DEG_comparison
DS3_Cg_OYG_10015605_10017124,1,cross_study_DEG_comparison
DS3_Cg_OYG_10015645_10019480,1,cross_study_DEG_comparison
DS3_Cg_OYG_10015734_10030156,1,cross_study_DEG_comparison
DS3_Cg_OYG_10015754_10031120,1,cross_study_DEG_comparison
DS3_Cg_OYG_10015791_10038296,1,cross_study_DEG_comparison
DS3_Cg_OYG_10015830_10016969,1,cross_study_DEG_comparison
DS3_Cg_OYG_10015898_10015896,1,cross_study_DEG_comparison
DS3_Cg_OYG_10015959_10036528,1,cross_study_DEG_comparison
DS3_Cg_OYG_10016108_10022524,1,cross_study_DEG_comparison
DS3_Cg_OYG_10016333_10040031,1,cross_study_DEG_comparison
DS3_Cg_OYG_10016351_10010040,1,cross_study_DEG_comparison
DS3_Cg_OYG_10016362_10020338,1,cross_study_DEG_comparison
DS3_Cg_OYG_10016363_10020337,1,cross_study_DEG_comparison
DS3_Cg_OYG_10016364_10019639,1,cross_study_DEG_comparison
DS3_Cg_OYG_10016401_10010686,1,cross_study_DEG_comparison
DS3_Cg_OYG_10016431_10006302,1,cross_study_DEG_comparison
DS3_Cg_OYG_10016487_10024473,1,cross_study_DEG_comparison
DS3_Cg_OYG_10016528_10038343,1,cross_study_DEG_comparison
DS3_Cg_OYG_10016538_10009430,1,cross_study_DEG_comparison
DS3_Cg_OYG_10016599_10004558,1,cross_study_DEG_comparison
DS3_Cg_OYG_10016651_10013250,1,cross_study_DEG_comparison
DS3_Cg_OYG_10016893_10041314,1,cross_study_DEG_comparison
DS3_Cg_OYG_10016942_10023150,1,cross_study_DEG_comparison
DS3_Cg_OYG_10016946_10008235,1,cross_study_DEG_comparison
DS3_Cg_OYG_10016954_10042003,1,cross_study_DEG_comparison
DS3_Cg_OYG_10017146_10020448,1,cross_study_DEG_comparison
DS3_Cg_OYG_10017149_10024161,1,cross_study_DEG_comparison
DS3_Cg_OYG_10017200_10032037,1,cross_study_DEG_comparison
DS3_Cg_OYG_10017293_10034924,1,cross_study_DEG_comparison
DS3_Cg_OYG_10017336_10022126,1,cross_study_DEG_comparison
DS3_Cg_OYG_10017362_10011832,1,cross_study_DEG_comparison
DS3_Cg_OYG_10017367_10039768,1,cross_study_DEG_comparison
DS3_Cg_OYG_10017406_10018154,1,cross_study_DEG_comparison
DS3_Cg_OYG_10017463_10029398,1,cross_study_DEG_comparison
DS3_Cg_OYG_10017479_10031860,1,cross_study_DEG_comparison
DS3_Cg_OYG_10017509_10027100,1,cross_study_DEG_comparison
DS3_Cg_OYG_10017683,1,cross_study_DEG_comparison
DS3_Cg_OYG_10017724_10021295,1,cross_study_DEG_comparison
DS3_Cg_OYG_10017796_10005593,1,cross_study_DEG_comparison
DS3_Cg_OYG_10017797_10019157,1,cross_study_DEG_comparison
DS3_Cg_OYG_10017851_10021619,1,cross_study_DEG_comparison
DS3_Cg_OYG_10017884_10011693,1,cross_study_DEG_comparison
DS3_Cg_OYG_10017923_10034518,1,cross_study_DEG_comparison
DS3_Cg_OYG_10017931_10034983,1,cross_study_DEG_comparison
DS3_Cg_OYG_10018000_10002892,1,cross_study_DEG_comparison
DS3_Cg_OYG_10018026_10037874,1,cross_study_DEG_comparison
DS3_Cg_OYG_10018027_10039553,1,cross_study_DEG_comparison
DS3_Cg_OYG_10018124_10021557,1,cross_study_DEG_comparison
DS3_Cg_OYG_10018142_10015113,1,cross_study_DEG_comparison
DS3_Cg_OYG_10018336_10018653,1,cross_study_DEG_comparison
DS3_Cg_OYG_10018363_10030152,1,cross_study_DEG_comparison
DS3_Cg_OYG_10018381_10012478,1,cross_study_DEG_comparison
DS3_Cg_OYG_10018394_10025265,1,cross_study_DEG_comparison
DS3_Cg_OYG_10018405_10013080,1,cross_study_DEG_comparison
DS3_Cg_OYG_10018409_10013080,1,cross_study_DEG_comparison
DS3_Cg_OYG_10018411_10042187,1,cross_study_DEG_comparison
DS3_Cg_OYG_10018493_10014153,1,cross_study_DEG_comparison
DS3_Cg_OYG_10018599_10035948,1,cross_study_DEG_comparison
DS3_Cg_OYG_10018642_10033452,1,cross_study_DEG_comparison
DS3_Cg_OYG_10018650_10036117,1,cross_study_DEG_comparison
DS3_Cg_OYG_10018670_10031649,1,cross_study_DEG_comparison
DS3_Cg_OYG_10018675_10033139,1,cross_study_DEG_comparison
DS3_Cg_OYG_10018684_10022391,1,cross_study_DEG_comparison
DS3_Cg_OYG_10018753_10018324,1,cross_study_DEG_comparison
DS3_Cg_OYG_10018778_10030267,1,cross_study_DEG_comparison
DS3_Cg_OYG_10018833_10030584,1,cross_study_DEG_comparison
DS3_Cg_OYG_10018854_10041100,1,cross_study_DEG_comparison
DS3_Cg_OYG_10018913_10028318,1,cross_study_DEG_comparison
DS3_Cg_OYG_10018963_10019809,1,cross_study_DEG_comparison
DS3_Cg_OYG_10019032_10033045,1,cross_study_DEG_comparison
DS3_Cg_OYG_10019046_10011324,1,cross_study_DEG_comparison
DS3_Cg_OYG_10019049_10029158,1,cross_study_DEG_comparison
DS3_Cg_OYG_10019070_10035446,1,cross_study_DEG_comparison
DS3_Cg_OYG_10019079_10023159,1,cross_study_DEG_comparison
DS3_Cg_OYG_10019149_10017652,1,cross_study_DEG_comparison
DS3_Cg_OYG_10019212_10029398,1,cross_study_DEG_comparison
DS3_Cg_OYG_10019237_10039113,1,cross_study_DEG_comparison
DS3_Cg_OYG_10019246_10040458,1,cross_study_DEG_comparison
DS3_Cg_OYG_10019265_10042160,1,cross_study_DEG_comparison
DS3_Cg_OYG_10019298_10021713,1,cross_study_DEG_comparison
DS3_Cg_OYG_10019333_10035907,1,cross_study_DEG_comparison
DS3_Cg_OYG_10019359_10024155,1,cross_study_DEG_comparison
DS3_Cg_OYG_10019448_10030777,1,cross_study_DEG_comparison
DS3_Cg_OYG_10019508_10019295,1,cross_study_DEG_comparison
DS3_Cg_OYG_10019517_10015615,1,cross_study_DEG_comparison
DS3_Cg_OYG_10019549_10040795,1,cross_study_DEG_comparison
DS3_Cg_OYG_10019711_10037438,1,cross_study_DEG_comparison
DS3_Cg_OYG_10019734_10013553,1,cross_study_DEG_comparison
DS3_Cg_OYG_10019760_10016308,1,cross_study_DEG_comparison
DS3_Cg_OYG_10019796_10039455,1,cross_study_DEG_comparison
DS3_Cg_OYG_10019842_10016340,1,cross_study_DEG_comparison
DS3_Cg_OYG_10019843_10012802,1,cross_study_DEG_comparison
DS3_Cg_OYG_10019877_10003657,1,cross_study_DEG_comparison
DS3_Cg_OYG_10019898_10009945,1,cross_study_DEG_comparison
DS3_Cg_OYG_10020018_10021341,1,cross_study_DEG_comparison
DS3_Cg_OYG_10020062_10037499,1,cross_study_DEG_comparison
DS3_Cg_OYG_10020082_10005295,1,cross_study_DEG_comparison
DS3_Cg_OYG_10020147_10012643,1,cross_study_DEG_comparison
DS3_Cg_OYG_10020201_10033589,1,cross_study_DEG_comparison
DS3_Cg_OYG_10020264_10009039,1,cross_study_DEG_comparison
DS3_Cg_OYG_10020297_10017108,1,cross_study_DEG_comparison
DS3_Cg_OYG_10020325_10021271,1,cross_study_DEG_comparison
DS3_Cg_OYG_10020473_10023612,1,cross_study_DEG_comparison
DS3_Cg_OYG_10020474_10036504,1,cross_study_DEG_comparison
DS3_Cg_OYG_10020481_10021051,1,cross_study_DEG_comparison
DS3_Cg_OYG_10020488_10014539,1,cross_study_DEG_comparison
DS3_Cg_OYG_10020581_10032075,1,cross_study_DEG_comparison
DS3_Cg_OYG_10020626_10023762,1,cross_study_DEG_comparison
DS3_Cg_OYG_10020627_10007935,1,cross_study_DEG_comparison
DS3_Cg_OYG_10020805_10041568,1,cross_study_DEG_comparison
DS3_Cg_OYG_10020857_10014368,1,cross_study_DEG_comparison
DS3_Cg_OYG_10021030_10025712,1,cross_study_DEG_comparison
DS3_Cg_OYG_10021094_10011337,1,cross_study_DEG_comparison
DS3_Cg_OYG_10021120_10013909,1,cross_study_DEG_comparison
DS3_Cg_OYG_10021124_10017238,1,cross_study_DEG_comparison
DS3_Cg_OYG_10021142_10004153,1,cross_study_DEG_comparison
DS3_Cg_OYG_10021159_10021154,1,cross_study_DEG_comparison
DS3_Cg_OYG_10021171_10007268,1,cross_study_DEG_comparison
DS3_Cg_OYG_10021181_10012001,1,cross_study_DEG_comparison
DS3_Cg_OYG_10021254_10040495,1,cross_study_DEG_comparison
DS3_Cg_OYG_10021338_10017729,1,cross_study_DEG_comparison
DS3_Cg_OYG_10021428_10027077,1,cross_study_DEG_comparison
DS3_Cg_OYG_10021493_10032498,1,cross_study_DEG_comparison
DS3_Cg_OYG_10021563_10021995,1,cross_study_DEG_comparison
DS3_Cg_OYG_10021568_10039053,1,cross_study_DEG_comparison
DS3_Cg_OYG_10021596_10035529,1,cross_study_DEG_comparison
DS3_Cg_OYG_10021624_10017442,1,cross_study_DEG_comparison
DS3_Cg_OYG_10021660_10020149,1,cross_study_DEG_comparison
DS3_Cg_OYG_10021681_10033715,1,cross_study_DEG_comparison
DS3_Cg_OYG_10021692_10000987,1,cross_study_DEG_comparison
DS3_Cg_OYG_10021697_10027385,1,cross_study_DEG_comparison
DS3_Cg_OYG_10021714_10035522,1,cross_study_DEG_comparison
DS3_Cg_OYG_10021742_10016432,1,cross_study_DEG_comparison
DS3_Cg_OYG_10021844_10008268,1,cross_study_DEG_comparison
DS3_Cg_OYG_10021895_10018509,1,cross_study_DEG_comparison
DS3_Cg_OYG_10022157_10041136,1,cross_study_DEG_comparison
DS3_Cg_OYG_10022218_10011284,1,cross_study_DEG_comparison
DS3_Cg_OYG_10022248,1,cross_study_DEG_comparison
DS3_Cg_OYG_10022336_10002530,1,cross_study_DEG_comparison
DS3_Cg_OYG_10022397_10012763,1,cross_study_DEG_comparison
DS3_Cg_OYG_10022534_10021477,1,cross_study_DEG_comparison
DS3_Cg_OYG_10022542_10024475,1,cross_study_DEG_comparison
DS3_Cg_OYG_10022607_10035293,1,cross_study_DEG_comparison
DS3_Cg_OYG_10022688_10029446,1,cross_study_DEG_comparison
DS3_Cg_OYG_10022708_10028226,1,cross_study_DEG_comparison
DS3_Cg_OYG_10022709_10028227,1,cross_study_DEG_comparison
DS3_Cg_OYG_10022770_10030537,1,cross_study_DEG_comparison
DS3_Cg_OYG_10022791_10024652,1,cross_study_DEG_comparison
DS3_Cg_OYG_10022804_10005424,1,cross_study_DEG_comparison
DS3_Cg_OYG_10022835_10024371,1,cross_study_DEG_comparison
DS3_Cg_OYG_10022838_10018382,1,cross_study_DEG_comparison
DS3_Cg_OYG_10022875_10028485,1,cross_study_DEG_comparison
DS3_Cg_OYG_10022918_10019060,1,cross_study_DEG_comparison
DS3_Cg_OYG_10022973_10012433,1,cross_study_DEG_comparison
DS3_Cg_OYG_10022982_10021920,1,cross_study_DEG_comparison
DS3_Cg_OYG_10023080_10030229,1,cross_study_DEG_comparison
DS3_Cg_OYG_10023098_10026434,1,cross_study_DEG_comparison
DS3_Cg_OYG_10023107_10028278-D3,1,cross_study_DEG_comparison
DS3_Cg_OYG_10023124_10028936,1,cross_study_DEG_comparison
DS3_Cg_OYG_10023156_10011747,1,cross_study_DEG_comparison
DS3_Cg_OYG_10023349_10019173,1,cross_study_DEG_comparison
DS3_Cg_OYG_10023359_10027171,1,cross_study_DEG_comparison
DS3_Cg_OYG_10023421_10021681,1,cross_study_DEG_comparison
DS3_Cg_OYG_10023493_10008796,1,cross_study_DEG_comparison
DS3_Cg_OYG_10023551_10021627,1,cross_study_DEG_comparison
DS3_Cg_OYG_10023601_10016900,1,cross_study_DEG_comparison
DS3_Cg_OYG_10023625_10027682,1,cross_study_DEG_comparison
DS3_Cg_OYG_10023721_10011091,1,cross_study_DEG_comparison
DS3_Cg_OYG_10023758_10038841,1,cross_study_DEG_comparison
DS3_Cg_OYG_10023774_10017618,1,cross_study_DEG_comparison
DS3_Cg_OYG_10023793_10028377,1,cross_study_DEG_comparison
DS3_Cg_OYG_10023856_10041663,1,cross_study_DEG_comparison
DS3_Cg_OYG_10023866_10021009,1,cross_study_DEG_comparison
DS3_Cg_OYG_10023902_10040387,1,cross_study_DEG_comparison
DS3_Cg_OYG_10023950_10009333,1,cross_study_DEG_comparison
DS3_Cg_OYG_10023960_10024428,1,cross_study_DEG_comparison
DS3_Cg_OYG_10024107_10010519,1,cross_study_DEG_comparison
DS3_Cg_OYG_10024113_10015943,1,cross_study_DEG_comparison
DS3_Cg_OYG_10024137_10010219,1,cross_study_DEG_comparison
DS3_Cg_OYG_10024211_10030220,1,cross_study_DEG_comparison
DS3_Cg_OYG_10024219_10041271,1,cross_study_DEG_comparison
DS3_Cg_OYG_10024228_10020808,1,cross_study_DEG_comparison
DS3_Cg_OYG_10024266_10015694,1,cross_study_DEG_comparison
DS3_Cg_OYG_10024455_10041266,1,cross_study_DEG_comparison
DS3_Cg_OYG_10024457_10027698,1,cross_study_DEG_comparison
DS3_Cg_OYG_10024477_10023286,1,cross_study_DEG_comparison
DS3_Cg_OYG_10024483_10010044,1,cross_study_DEG_comparison
DS3_Cg_OYG_10024664_10039252,1,cross_study_DEG_comparison
DS3_Cg_OYG_10024723_10009287,1,cross_study_DEG_comparison
DS3_Cg_OYG_10024854_10029332,1,cross_study_DEG_comparison
DS3_Cg_OYG_10024876_10002777,1,cross_study_DEG_comparison
DS3_Cg_OYG_10024882_10039016,1,cross_study_DEG_comparison
DS3_Cg_OYG_10024932_10037988,1,cross_study_DEG_comparison
DS3_Cg_OYG_10024933_10030806,1,cross_study_DEG_comparison
DS3_Cg_OYG_10025109_10015821,1,cross_study_DEG_comparison
DS3_Cg_OYG_10025116_10028718,1,cross_study_DEG_comparison
DS3_Cg_OYG_10025126_10024458,1,cross_study_DEG_comparison
DS3_Cg_OYG_10025207_10032814,1,cross_study_DEG_comparison
DS3_Cg_OYG_10025240_10017748,1,cross_study_DEG_comparison
DS3_Cg_OYG_10025260_10037324,1,cross_study_DEG_comparison
DS3_Cg_OYG_10025267_10038939,1,cross_study_DEG_comparison
DS3_Cg_OYG_10025528_10038458,1,cross_study_DEG_comparison
DS3_Cg_OYG_10025581_10019006,1,cross_study_DEG_comparison
DS3_Cg_OYG_10025636_10019116,1,cross_study_DEG_comparison
DS3_Cg_OYG_10025682_10026817,1,cross_study_DEG_comparison
DS3_Cg_OYG_10025689_10033467,1,cross_study_DEG_comparison
DS3_Cg_OYG_10025722_10028432R,1,cross_study_DEG_comparison
DS3_Cg_OYG_10025723_10009027,1,cross_study_DEG_comparison
DS3_Cg_OYG_10025746_10028658,1,cross_study_DEG_comparison
DS3_Cg_OYG_10025754_10010720,1,cross_study_DEG_comparison
DS3_Cg_OYG_10025766_10016746,1,cross_study_DEG_comparison
DS3_Cg_OYG_10025773_10005223,1,cross_study_DEG_comparison
DS3_Cg_OYG_10025806_10011684,1,cross_study_DEG_comparison
DS3_Cg_OYG_10025836_10015917,1,cross_study_DEG_comparison
DS3_Cg_OYG_10025885_10034676,1,cross_study_DEG_comparison
DS3_Cg_OYG_10025898_10015541,1,cross_study_DEG_comparison
DS3_Cg_OYG_10025960_10004702,1,cross_study_DEG_comparison
DS3_Cg_OYG_10026051_10007333,1,cross_study_DEG_comparison
DS3_Cg_OYG_10026068_10026154,1,cross_study_DEG_comparison
DS3_Cg_OYG_10026087_10025343,1,cross_study_DEG_comparison
DS3_Cg_OYG_10026116_10014038,1,cross_study_DEG_comparison
DS3_Cg_OYG_10026144_10014580,1,cross_study_DEG_comparison
DS3_Cg_OYG_10026148_10030582,1,cross_study_DEG_comparison
DS3_Cg_OYG_10026281_10020709,1,cross_study_DEG_comparison
DS3_Cg_OYG_10026294_10009409,1,cross_study_DEG_comparison
DS3_Cg_OYG_10026373,1,cross_study_DEG_comparison
DS3_Cg_OYG_10026374_10026943,1,cross_study_DEG_comparison
DS3_Cg_OYG_10026376_10026943,1,cross_study_DEG_comparison
DS3_Cg_OYG_10026377_10026944,1,cross_study_DEG_comparison
DS3_Cg_OYG_10026379_10026946,1,cross_study_DEG_comparison
DS3_Cg_OYG_10026433_10028016,1,cross_study_DEG_comparison
DS3_Cg_OYG_10026493_10015466,1,cross_study_DEG_comparison
DS3_Cg_OYG_10026560_10039317,1,cross_study_DEG_comparison
DS3_Cg_OYG_10026597_10024934,1,cross_study_DEG_comparison
DS3_Cg_OYG_10026641_10032291,1,cross_study_DEG_comparison
DS3_Cg_OYG_10026649_10012712,1,cross_study_DEG_comparison
DS3_Cg_OYG_10026692_10006130,1,cross_study_DEG_comparison
DS3_Cg_OYG_10026771_10015216,1,cross_study_DEG_comparison
DS3_Cg_OYG_10026772_10015216,1,cross_study_DEG_comparison
DS3_Cg_OYG_10026773_10019357,1,cross_study_DEG_comparison
DS3_Cg_OYG_10026848_10007753,1,cross_study_DEG_comparison
DS3_Cg_OYG_10026860_10037735,1,cross_study_DEG_comparison
DS3_Cg_OYG_10026881_10027404,1,cross_study_DEG_comparison
DS3_Cg_OYG_10026883_10008204,1,cross_study_DEG_comparison
DS3_Cg_OYG_10026885_10008206,1,cross_study_DEG_comparison
DS3_Cg_OYG_10026886_10008204,1,cross_study_DEG_comparison
DS3_Cg_OYG_10026985_10008602,1,cross_study_DEG_comparison
DS3_Cg_OYG_10027072_10011617,1,cross_study_DEG_comparison
DS3_Cg_OYG_10027154_10023858,1,cross_study_DEG_comparison
DS3_Cg_OYG_10027182_10039097,1,cross_study_DEG_comparison
DS3_Cg_OYG_10027230_10026014,1,cross_study_DEG_comparison
DS3_Cg_OYG_10027231_10026012,1,cross_study_DEG_comparison
DS3_Cg_OYG_10027350_10033652,1,cross_study_DEG_comparison
DS3_Cg_OYG_10027444_10011136,1,cross_study_DEG_comparison
DS3_Cg_OYG_10027448_10005108,1,cross_study_DEG_comparison
DS3_Cg_OYG_10027449_10005108,1,cross_study_DEG_comparison
DS3_Cg_OYG_10027500_10023899,1,cross_study_DEG_comparison
DS3_Cg_OYG_10027555_10005504,1,cross_study_DEG_comparison
DS3_Cg_OYG_10027674_10010979,1,cross_study_DEG_comparison
DS3_Cg_OYG_10027675_10010980,1,cross_study_DEG_comparison
DS3_Cg_OYG_10027739_10015762,1,cross_study_DEG_comparison
DS3_Cg_OYG_10027824_10026794,1,cross_study_DEG_comparison
DS3_Cg_OYG_10027825_10026795,1,cross_study_DEG_comparison
DS3_Cg_OYG_10027905_10024368,1,cross_study_DEG_comparison
DS3_Cg_OYG_10027979_10037939,1,cross_study_DEG_comparison
DS3_Cg_OYG_10027987_10031176,1,cross_study_DEG_comparison
DS3_Cg_OYG_10028023,1,cross_study_DEG_comparison
DS3_Cg_OYG_10028030_10040544,1,cross_study_DEG_comparison
DS3_Cg_OYG_10028038_10023941,1,cross_study_DEG_comparison
DS3_Cg_OYG_10028178_10022206,1,cross_study_DEG_comparison
DS3_Cg_OYG_10028196_10025153,1,cross_study_DEG_comparison
DS3_Cg_OYG_10028202_10015236,1,cross_study_DEG_comparison
DS3_Cg_OYG_10028231_10029317,1,cross_study_DEG_comparison
DS3_Cg_OYG_10028233_10010439,1,cross_study_DEG_comparison
DS3_Cg_OYG_10028347_10002639,1,cross_study_DEG_comparison
DS3_Cg_OYG_10028616_10029510,1,cross_study_DEG_comparison
DS3_Cg_OYG_10028716_10029281,1,cross_study_DEG_comparison
DS3_Cg_OYG_10028779_10022146,1,cross_study_DEG_comparison
DS3_Cg_OYG_10028824_10034522,1,cross_study_DEG_comparison
DS3_Cg_OYG_10028836_10002392,1,cross_study_DEG_comparison
DS3_Cg_OYG_10028852_10014844,1,cross_study_DEG_comparison
DS3_Cg_OYG_10028905_10011985,1,cross_study_DEG_comparison
DS3_Cg_OYG_10028906_10035925,1,cross_study_DEG_comparison
LOC111099035,1,cross_study_DEG_comparison
LOC111099045,1,cross_study_DEG_comparison
LOC111099056,1,ds1-5_allDEGs_merged
LOC111099059,1,ds1-5_allDEGs_merged
LOC111099073,1,ds1-5_allDEGs_merged
LOC111099093,1,ds1-5_allDEGs_merged
LOC111099102,1,ds1-5_allDEGs_merged
LOC111099104,1,ds1-5_allDEGs_merged
LOC111099118,1,ds1-5_allDEGs_merged
LOC111099122,1,ds1-5_allDEGs_merged
LOC111099124,1,cross_study_DEG_comparison
LOC111099125,1,cross_study_DEG_comparison
LOC111099126,1,cross_study_DEG_comparison
LOC111099130,1,ds1-5_allDEGs_merged
LOC111099137,1,cross_study_DEG_comparison
LOC111099140,1,ds1-5_allDEGs_merged
LOC111099145,1,ds1-5_allDEGs_merged
LOC111099147,1,cross_study_DEG_comparison
LOC111099157,1,cross_study_DEG_comparison
LOC111099165,1,ds1-5_allDEGs_merged
LOC111099168,1,cross_study_DEG_comparison
LOC111099182,1,ds1-5_allDEGs_merged
LOC111099186,1,ds1-5_allDEGs_merged
LOC111099191,1,ds1-5_allDEGs_merged
LOC111099201,1,cross_study_DEG_comparison
LOC111099202,1,ds1-5_allDEGs_merged
LOC111099203,1,ds1-5_allDEGs_merged
LOC111099207,1,ds1-5_allDEGs_merged
LOC111099217,1,cross_study_DEG_comparison
LOC111099220,1,cross_study_DEG_comparison
LOC111099227,1,cross_study_DEG_comparison
LOC111099228,1,ds1-5_allDEGs_merged
LOC111099246,1,ds1-5_allDEGs_merged
LOC111099262,1,cross_study_DEG_comparison
LOC111099327,1,ds1-5_allDEGs_merged
LOC111099375,1,cross_study_DEG_comparison
LOC111099420,1,cross_study_DEG_comparison
LOC111099426,1,cross_study_DEG_comparison
LOC111099427,1,ds1-5_allDEGs_merged
LOC111099430,1,cross_study_DEG_comparison
LOC111099436,1,cross_study_DEG_comparison
LOC111099438,1,cross_study_DEG_comparison
LOC111099439,1,cross_study_DEG_comparison
LOC111099468,1,ds1-5_allDEGs_merged
LOC111099473,1,cross_study_DEG_comparison
LOC111099479,1,cross_study_DEG_comparison
LOC111099481,1,cross_study_DEG_comparison
LOC111099483,1,cross_study_DEG_comparison
LOC111099486,1,cross_study_DEG_comparison
LOC111099495,1,cross_study_DEG_comparison
LOC111099496,1,cross_study_DEG_comparison
LOC111099499,1,cross_study_DEG_comparison
LOC111099504,1,cross_study_DEG_comparison
LOC111099506,1,ds1-5_allDEGs_merged
LOC111099510,1,cross_study_DEG_comparison
LOC111099513,1,cross_study_DEG_comparison
LOC111099516,1,cross_study_DEG_comparison
LOC111099519,1,cross_study_DEG_comparison
LOC111099526,1,cross_study_DEG_comparison
LOC111099532,1,cross_study_DEG_comparison
LOC111099535,1,cross_study_DEG_comparison
LOC111099536,1,cross_study_DEG_comparison
LOC111099540,1,cross_study_DEG_comparison
LOC111099542,1,cross_study_DEG_comparison
LOC111099547,1,cross_study_DEG_comparison
LOC111099549,1,cross_study_DEG_comparison
LOC111099556,1,ds1-5_allDEGs_merged
LOC111099558,1,cross_study_DEG_comparison
LOC111099567,1,cross_study_DEG_comparison
LOC111099579,1,ds1-5_allDEGs_merged
LOC111099580,1,ds1-5_allDEGs_merged
LOC111099583,1,cross_study_DEG_comparison
LOC111099585,1,ds1-5_allDEGs_merged
LOC111099589,1,ds1-5_allDEGs_merged
LOC111099595,1,cross_study_DEG_comparison
LOC111099596,1,final_consensus_genes
LOC111099604,1,ds1-5_allDEGs_merged
LOC111099606,1,cross_study_DEG_comparison
LOC111099610,1,ds1-5_allDEGs_merged
LOC111099617,1,ds1-5_allDEGs_merged
LOC111099618,1,cross_study_DEG_comparison
LOC111099621,1,cross_study_DEG_comparison
LOC111099622,1,cross_study_DEG_comparison
LOC111099627,1,cross_study_DEG_comparison
LOC111099629,1,cross_study_DEG_comparison
LOC111099631,1,ds1-5_allDEGs_merged
LOC111099639,1,ds1-5_allDEGs_merged
LOC111099651,1,cross_study_DEG_comparison
LOC111099654,1,cross_study_DEG_comparison
LOC111099655,1,cross_study_DEG_comparison
LOC111099656,1,ds1-5_allDEGs_merged
LOC111099664,1,ds1-5_allDEGs_merged
LOC111099665,1,ds1-5_allDEGs_merged
LOC111099666,1,cross_study_DEG_comparison
LOC111099680,1,ds1-5_allDEGs_merged
LOC111099685,1,ds1-5_allDEGs_merged
LOC111099689,1,cross_study_DEG_comparison
LOC111099690,1,ds1-5_allDEGs_merged
LOC111099692,1,cross_study_DEG_comparison
LOC111099702,1,cross_study_DEG_comparison
LOC111099708,1,cross_study_DEG_comparison
LOC111099713,1,cross_study_DEG_comparison
LOC111099723,1,cross_study_DEG_comparison
LOC111099724,1,cross_study_DEG_comparison
LOC111099725,1,ds1-5_allDEGs_merged
LOC111099726,1,cross_study_DEG_comparison
LOC111099728,1,cross_study_DEG_comparison
LOC111099733,1,cross_study_DEG_comparison
LOC111099735,1,ds1-5_allDEGs_merged
LOC111099738,1,cross_study_DEG_comparison
LOC111099739,1,ds1-5_allDEGs_merged
LOC111099740,1,cross_study_DEG_comparison
LOC111099745,1,ds1-5_allDEGs_merged
LOC111099748,1,cross_study_DEG_comparison
LOC111099752,1,cross_study_DEG_comparison
LOC111099753,1,ds1-5_allDEGs_merged
LOC111099766,1,cross_study_DEG_comparison
LOC111099771,1,ds1-5_allDEGs_merged
LOC111099789,1,cross_study_DEG_comparison
LOC111099792,1,ds1-5_allDEGs_merged
LOC111099795,1,cross_study_DEG_comparison
LOC111099796,1,ds1-5_allDEGs_merged
LOC111099800,1,ds1-5_allDEGs_merged
LOC111099802,1,ds1-5_allDEGs_merged
LOC111099804,1,cross_study_DEG_comparison
LOC111099808,1,cross_study_DEG_comparison
LOC111099810,1,cross_study_DEG_comparison
LOC111099818,1,cross_study_DEG_comparison
LOC111099821,1,cross_study_DEG_comparison
LOC111099826,1,ds1-5_allDEGs_merged
LOC111099831,1,ds1-5_allDEGs_merged
LOC111099834,1,cross_study_DEG_comparison
LOC111099841,1,cross_study_DEG_comparison
LOC111099842,1,cross_study_DEG_comparison
LOC111099846,1,ds1-5_allDEGs_merged
LOC111099850,1,cross_study_DEG_comparison
LOC111099852,1,cross_study_DEG_comparison
LOC111099856,1,cross_study_DEG_comparison
LOC111099858,1,cross_study_DEG_comparison
LOC111099868,1,cross_study_DEG_comparison
LOC111099873,1,ds1-5_allDEGs_merged
LOC111099880,1,cross_study_DEG_comparison
LOC111099886,1,ds1-5_allDEGs_merged
LOC111099887,1,ds1-5_allDEGs_merged
LOC111099893,1,cross_study_DEG_comparison
LOC111099906,1,cross_study_DEG_comparison
LOC111099917,1,cross_study_DEG_comparison
LOC111099922,1,ds1-5_allDEGs_merged
LOC111099925,1,cross_study_DEG_comparison
LOC111099931,1,cross_study_DEG_comparison
LOC111099940,1,cross_study_DEG_comparison
LOC111099960,1,cross_study_DEG_comparison
LOC111099961,1,cross_study_DEG_comparison
LOC111099962,1,cross_study_DEG_comparison
LOC111099972,1,ds1-5_allDEGs_merged
LOC111099975,1,ds1-5_allDEGs_merged
LOC111099976,1,ds1-5_allDEGs_merged
LOC111099980,1,cross_study_DEG_comparison
LOC111099983,1,ds1-5_allDEGs_merged
LOC111099992,1,ds1-5_allDEGs_merged
LOC111099993,1,cross_study_DEG_comparison
LOC111099995,1,cross_study_DEG_comparison
LOC111100004,1,cross_study_DEG_comparison
LOC111100010,1,cross_study_DEG_comparison
LOC111100017,1,cross_study_DEG_comparison
LOC111100020,1,cross_study_DEG_comparison
LOC111100026,1,cross_study_DEG_comparison
LOC111100030,1,cross_study_DEG_comparison
LOC111100031,1,cross_study_DEG_comparison
LOC111100042,1,ds1-5_allDEGs_merged
LOC111100052,1,cross_study_DEG_comparison
LOC111100057,1,cross_study_DEG_comparison
LOC111100061,1,cross_study_DEG_comparison
LOC111100065,1,cross_study_DEG_comparison
LOC111100071,1,cross_study_DEG_comparison
LOC111100074,1,cross_study_DEG_comparison
LOC111100080,1,ds1-5_allDEGs_merged
LOC111100082,1,cross_study_DEG_comparison
LOC111100085,1,ds1-5_allDEGs_merged
LOC111100086,1,cross_study_DEG_comparison
LOC111100089,1,ds1-5_allDEGs_merged
LOC111100091,1,cross_study_DEG_comparison
LOC111100092,1,ds1-5_allDEGs_merged
LOC111100102,1,cross_study_DEG_comparison
LOC111100103,1,ds1-5_allDEGs_merged
LOC111100112,1,cross_study_DEG_comparison
LOC111100116,1,cross_study_DEG_comparison
LOC111100121,1,cross_study_DEG_comparison
LOC111100133,1,cross_study_DEG_comparison
LOC111100135,1,ds1-5_allDEGs_merged
LOC111100136,1,cross_study_DEG_comparison
LOC111100144,1,ds1-5_allDEGs_merged
LOC111100146,1,cross_study_DEG_comparison
LOC111100147,1,cross_study_DEG_comparison
LOC111100152,1,cross_study_DEG_comparison
LOC111100154,1,cross_study_DEG_comparison
LOC111100157,1,top_50_predictive_genes_for_classification
LOC111100170,1,cross_study_DEG_comparison
LOC111100176,1,ds1-5_allDEGs_merged
LOC111100182,1,ds1-5_allDEGs_merged
LOC111100186,1,cross_study_DEG_comparison
LOC111100191,1,ds1-5_allDEGs_merged
LOC111100196,1,ds1-5_allDEGs_merged
LOC111100200,1,ds1-5_allDEGs_merged
LOC111100201,1,ds1-5_allDEGs_merged
LOC111100206,1,cross_study_DEG_comparison
LOC111100208,1,cross_study_DEG_comparison
LOC111100219,1,cross_study_DEG_comparison
LOC111100220,1,cross_study_DEG_comparison
LOC111100222,1,cross_study_DEG_comparison
LOC111100224,1,ds1-5_allDEGs_merged
LOC111100227,1,cross_study_DEG_comparison
LOC111100231,1,cross_study_DEG_comparison
LOC111100240,1,cross_study_DEG_comparison
LOC111100241,1,ds1-5_allDEGs_merged
LOC111100244,1,cross_study_DEG_comparison
LOC111100263,1,ds1-5_allDEGs_merged
LOC111100267,1,cross_study_DEG_comparison
LOC111100268,1,cross_study_DEG_comparison
LOC111100275,1,cross_study_DEG_comparison
LOC111100277,1,cross_study_DEG_comparison
LOC111100284,1,ds1-5_allDEGs_merged
LOC111100285,1,cross_study_DEG_comparison
LOC111100287,1,ds1-5_allDEGs_merged
LOC111100290,1,cross_study_DEG_comparison
LOC111100292,1,cross_study_DEG_comparison
LOC111100298,1,cross_study_DEG_comparison
LOC111100305,1,cross_study_DEG_comparison
LOC111100306,1,ds1-5_allDEGs_merged
LOC111100308,1,cross_study_DEG_comparison
LOC111100323,1,cross_study_DEG_comparison
LOC111100324,1,cross_study_DEG_comparison
LOC111100325,1,ds1-5_allDEGs_merged
LOC111100326,1,cross_study_DEG_comparison
LOC111100334,1,cross_study_DEG_comparison
LOC111100347,1,ds1-5_allDEGs_merged
LOC111100359,1,ds1-5_allDEGs_merged
LOC111100362,1,cross_study_DEG_comparison
LOC111100369,1,cross_study_DEG_comparison
LOC111100379,1,cross_study_DEG_comparison
LOC111100380,1,cross_study_DEG_comparison
LOC111100381,1,ds1-5_allDEGs_merged
LOC111100389,1,cross_study_DEG_comparison
LOC111100390,1,cross_study_DEG_comparison
LOC111100394,1,ds1-5_allDEGs_merged
LOC111100396,1,cross_study_DEG_comparison
LOC111100398,1,cross_study_DEG_comparison
LOC111100399,1,cross_study_DEG_comparison
LOC111100400,1,cross_study_DEG_comparison
LOC111100411,1,cross_study_DEG_comparison
LOC111100415,1,cross_study_DEG_comparison
LOC111100417,1,ds1-5_allDEGs_merged
LOC111100418,1,cross_study_DEG_comparison
LOC111100419,1,ds1-5_allDEGs_merged
LOC111100425,1,ds1-5_allDEGs_merged
LOC111100430,1,ds1-5_allDEGs_merged
LOC111100437,1,ds1-5_allDEGs_merged
LOC111100438,1,cross_study_DEG_comparison
LOC111100442,1,ds1-5_allDEGs_merged
LOC111100446,1,ds1-5_allDEGs_merged
LOC111100450,1,ds1-5_allDEGs_merged
LOC111100451,1,ds1-5_allDEGs_merged
LOC111100465,1,ds1-5_allDEGs_merged
LOC111100466,1,ds1-5_allDEGs_merged
LOC111100470,1,ds1-5_allDEGs_merged
LOC111100471,1,cross_study_DEG_comparison
LOC111100477,1,cross_study_DEG_comparison
LOC111100478,1,ds1-5_allDEGs_merged
LOC111100498,1,cross_study_DEG_comparison
LOC111100516,1,ds1-5_allDEGs_merged
LOC111100525,1,cross_study_DEG_comparison
LOC111100527,1,cross_study_DEG_comparison
LOC111100528,1,ds1-5_allDEGs_merged
LOC111100531,1,ds1-5_allDEGs_merged
LOC111100539,1,ds1-5_allDEGs_merged
LOC111100543,1,cross_study_DEG_comparison
LOC111100546,1,ds1-5_allDEGs_merged
LOC111100547,1,ds1-5_allDEGs_merged
LOC111100549,1,ds1-5_allDEGs_merged
LOC111100556,1,ds1-5_allDEGs_merged
LOC111100557,1,ds1-5_allDEGs_merged
LOC111100560,1,cross_study_DEG_comparison
LOC111100562,1,cross_study_DEG_comparison
LOC111100563,1,cross_study_DEG_comparison
LOC111100564,1,ds1-5_allDEGs_merged
LOC111100569,1,ds1-5_allDEGs_merged
LOC111100570,1,ds1-5_allDEGs_merged
LOC111100571,1,cross_study_DEG_comparison
LOC111100572,1,cross_study_DEG_comparison
LOC111100580,1,ds1-5_allDEGs_merged
LOC111100581,1,ds1-5_allDEGs_merged
LOC111100582,1,cross_study_DEG_comparison
LOC111100583,1,ds1-5_allDEGs_merged
LOC111100585,1,ds1-5_allDEGs_merged
LOC111100589,1,ds1-5_allDEGs_merged
LOC111100591,1,cross_study_DEG_comparison
LOC111100592,1,ds1-5_allDEGs_merged
LOC111100594,1,cross_study_DEG_comparison
LOC111100596,1,ds1-5_allDEGs_merged
LOC111100599,1,ds1-5_allDEGs_merged
LOC111100603,1,ds1-5_allDEGs_merged
LOC111100605,1,cross_study_DEG_comparison
LOC111100606,1,ds1-5_allDEGs_merged
LOC111100608,1,ds1-5_allDEGs_merged
LOC111100614,1,cross_study_DEG_comparison
LOC111100615,1,cross_study_DEG_comparison
LOC111100629,1,cross_study_DEG_comparison
LOC111100632,1,ds1-5_allDEGs_merged
LOC111100637,1,ds1-5_allDEGs_merged
LOC111100640,1,ds1-5_allDEGs_merged
LOC111100646,1,cross_study_DEG_comparison
LOC111100653,1,cross_study_DEG_comparison
LOC111100657,1,cross_study_DEG_comparison
LOC111100668,1,ds1-5_allDEGs_merged
LOC111100670,1,ds1-5_allDEGs_merged
LOC111100673,1,cross_study_DEG_comparison
LOC111100679,1,cross_study_DEG_comparison
LOC111100685,1,top10genes
LOC111100691,1,ds1-5_allDEGs_merged
LOC111100700,1,ds1-5_allDEGs_merged
LOC111100708,1,ds1-5_allDEGs_merged
LOC111100712,1,cross_study_DEG_comparison
LOC111100714,1,ds1-5_allDEGs_merged
LOC111100718,1,ds1-5_allDEGs_merged
LOC111100721,1,ds1-5_allDEGs_merged
LOC111100723,1,ds1-5_allDEGs_merged
LOC111100725,1,ds1-5_allDEGs_merged
LOC111100726,1,ds1-5_allDEGs_merged
LOC111100728,1,ds1-5_allDEGs_merged
LOC111100729,1,ds1-5_allDEGs_merged
LOC111100730,1,ds1-5_allDEGs_merged
LOC111100732,1,ds1-5_allDEGs_merged
LOC111100739,1,cross_study_DEG_comparison
LOC111100740,1,cross_study_DEG_comparison
LOC111100742,1,cross_study_DEG_comparison
LOC111100743,1,ds1-5_allDEGs_merged
LOC111100747,1,cross_study_DEG_comparison
LOC111100748,1,cross_study_DEG_comparison
LOC111100751,1,cross_study_DEG_comparison
LOC111100753,1,cross_study_DEG_comparison
LOC111100755,1,cross_study_DEG_comparison
LOC111100756,1,ds1-5_allDEGs_merged
LOC111100764,1,cross_study_DEG_comparison
LOC111100775,1,cross_study_DEG_comparison
LOC111100780,1,cross_study_DEG_comparison
LOC111100783,1,top_50_predictive_genes_for_classification
LOC111100784,1,ds1-5_allDEGs_merged
LOC111100786,1,ds1-5_allDEGs_merged
LOC111100789,1,ds1-5_allDEGs_merged
LOC111100790,1,cross_study_DEG_comparison
LOC111100793,1,cross_study_DEG_comparison
LOC111100794,1,ds1-5_allDEGs_merged
LOC111100796,1,ds1-5_allDEGs_merged
LOC111100800,1,cross_study_DEG_comparison
LOC111100803,1,cross_study_DEG_comparison
LOC111100804,1,cross_study_DEG_comparison
LOC111100805,1,ds1-5_allDEGs_merged
LOC111100810,1,cross_study_DEG_comparison
LOC111100813,1,ds1-5_allDEGs_merged
LOC111100819,1,cross_study_DEG_comparison
LOC111100837,1,cross_study_DEG_comparison
LOC111100840,1,cross_study_DEG_comparison
LOC111100843,1,cross_study_DEG_comparison
LOC111100852,1,ds1-5_allDEGs_merged
LOC111100853,1,ds1-5_allDEGs_merged
LOC111100854,1,ds1-5_allDEGs_merged
LOC111100861,1,ds1-5_allDEGs_merged
LOC111100862,1,cross_study_DEG_comparison
LOC111100865,1,ds1-5_allDEGs_merged
LOC111100868,1,ds1-5_allDEGs_merged
LOC111100870,1,ds1-5_allDEGs_merged
LOC111100874,1,ds1-5_allDEGs_merged
LOC111100879,1,cross_study_DEG_comparison
LOC111100880,1,cross_study_DEG_comparison
LOC111100883,1,cross_study_DEG_comparison
LOC111100884,1,ds1-5_allDEGs_merged
LOC111100886,1,cross_study_DEG_comparison
LOC111100888,1,ds1-5_allDEGs_merged
LOC111100893,1,ds1-5_allDEGs_merged
LOC111100897,1,ds1-5_allDEGs_merged
LOC111100899,1,cross_study_DEG_comparison
LOC111100903,1,cross_study_DEG_comparison
LOC111100904,1,cross_study_DEG_comparison
LOC111100907,1,cross_study_DEG_comparison
LOC111100913,1,ds1-5_allDEGs_merged
LOC111100922,1,ds1-5_allDEGs_merged
LOC111100927,1,ds1-5_allDEGs_merged
LOC111100934,1,cross_study_DEG_comparison
LOC111100942,1,cross_study_DEG_comparison
LOC111100946,1,ds1-5_allDEGs_merged
LOC111100947,1,cross_study_DEG_comparison
LOC111100950,1,cross_study_DEG_comparison
LOC111100951,1,cross_study_DEG_comparison
LOC111100965,1,cross_study_DEG_comparison
LOC111100971,1,cross_study_DEG_comparison
LOC111100972,1,ds1-5_allDEGs_merged
LOC111100974,1,cross_study_DEG_comparison
LOC111100977,1,ds1-5_allDEGs_merged
LOC111100978,1,cross_study_DEG_comparison
LOC111100979,1,ds1-5_allDEGs_merged
LOC111100981,1,ds1-5_allDEGs_merged
LOC111100982,1,ds1-5_allDEGs_merged
LOC111100985,1,ds1-5_allDEGs_merged
LOC111100992,1,ds1-5_allDEGs_merged
LOC111100999,1,ds1-5_allDEGs_merged
LOC111101001,1,cross_study_DEG_comparison
LOC111101006,1,cross_study_DEG_comparison
LOC111101007,1,ds1-5_allDEGs_merged
LOC111101008,1,ds1-5_allDEGs_merged
LOC111101010,1,ds1-5_allDEGs_merged
LOC111101016,1,ds1-5_allDEGs_merged
LOC111101018,1,cross_study_DEG_comparison
LOC111101022,1,cross_study_DEG_comparison
LOC111101025,1,ds1-5_allDEGs_merged
LOC111101027,1,ds1-5_allDEGs_merged
LOC111101031,1,cross_study_DEG_comparison
LOC111101033,1,ds1-5_allDEGs_merged
LOC111101035,1,ds1-5_allDEGs_merged
LOC111101036,1,cross_study_DEG_comparison
LOC111101040,1,cross_study_DEG_comparison
LOC111101041,1,ds1-5_allDEGs_merged
LOC111101043,1,ds1-5_allDEGs_merged
LOC111101045,1,ds1-5_allDEGs_merged
LOC111101046,1,ds1-5_allDEGs_merged
LOC111101049,1,cross_study_DEG_comparison
LOC111101051,1,ds1-5_allDEGs_merged
LOC111101054,1,ds1-5_allDEGs_merged
LOC111101055,1,ds1-5_allDEGs_merged
LOC111101058,1,cross_study_DEG_comparison
LOC111101061,1,cross_study_DEG_comparison
LOC111101063,1,ds1-5_allDEGs_merged
LOC111101064,1,cross_study_DEG_comparison
LOC111101068,1,ds1-5_allDEGs_merged
LOC111101070,1,cross_study_DEG_comparison
LOC111101071,1,cross_study_DEG_comparison
LOC111101082,1,ds1-5_allDEGs_merged
LOC111101083,1,cross_study_DEG_comparison
LOC111101090,1,ds1-5_allDEGs_merged
LOC111101094,1,cross_study_DEG_comparison
LOC111101101,1,cross_study_DEG_comparison
LOC111101102,1,cross_study_DEG_comparison
LOC111101103,1,cross_study_DEG_comparison
LOC111101106,1,cross_study_DEG_comparison
LOC111101110,1,cross_study_DEG_comparison
LOC111101112,1,cross_study_DEG_comparison
LOC111101122,1,cross_study_DEG_comparison
LOC111101123,1,ds1-5_allDEGs_merged
LOC111101124,1,cross_study_DEG_comparison
LOC111101126,1,ds1-5_allDEGs_merged
LOC111101129,1,ds1-5_allDEGs_merged
LOC111101133,1,cross_study_DEG_comparison
LOC111101134,1,ds1-5_allDEGs_merged
LOC111101136,1,cross_study_DEG_comparison
LOC111101138,1,cross_study_DEG_comparison
LOC111101139,1,cross_study_DEG_comparison
LOC111101143,1,cross_study_DEG_comparison
LOC111101147,1,cross_study_DEG_comparison
LOC111101148,1,cross_study_DEG_comparison
LOC111101156,1,ds1-5_allDEGs_merged
LOC111101157,1,ds1-5_allDEGs_merged
LOC111101160,1,cross_study_DEG_comparison
LOC111101163,1,cross_study_DEG_comparison
LOC111101166,1,cross_study_DEG_comparison
LOC111101168,1,cross_study_DEG_comparison
LOC111101169,1,ds1-5_allDEGs_merged
LOC111101175,1,cross_study_DEG_comparison
LOC111101179,1,cross_study_DEG_comparison
LOC111101184,1,cross_study_DEG_comparison
LOC111101190,1,ds1-5_allDEGs_merged
LOC111101200,1,cross_study_DEG_comparison
LOC111101204,1,ds1-5_allDEGs_merged
LOC111101216,1,ds1-5_allDEGs_merged
LOC111101217,1,cross_study_DEG_comparison
LOC111101218,1,ds1-5_allDEGs_merged
LOC111101221,1,cross_study_DEG_comparison
LOC111101225,1,cross_study_DEG_comparison
LOC111101227,1,cross_study_DEG_comparison
LOC111101233,1,cross_study_DEG_comparison
LOC111101236,1,ds1-5_allDEGs_merged
LOC111101240,1,ds1-5_allDEGs_merged
LOC111101242,1,cross_study_DEG_comparison
LOC111101252,1,cross_study_DEG_comparison
LOC111101256,1,ds1-5_allDEGs_merged
LOC111101261,1,cross_study_DEG_comparison
LOC111101272,1,cross_study_DEG_comparison
LOC111101274,1,cross_study_DEG_comparison
LOC111101275,1,cross_study_DEG_comparison
LOC111101290,1,cross_study_DEG_comparison
LOC111101296,1,cross_study_DEG_comparison
LOC111101298,1,cross_study_DEG_comparison
LOC111101300,1,ds1-5_allDEGs_merged
LOC111101301,1,cross_study_DEG_comparison
LOC111101304,1,cross_study_DEG_comparison
LOC111101310,1,ds1-5_allDEGs_merged
LOC111101313,1,ds1-5_allDEGs_merged
LOC111101327,1,cross_study_DEG_comparison
LOC111101328,1,ds1-5_allDEGs_merged
LOC111101336,1,cross_study_DEG_comparison
LOC111101346,1,cross_study_DEG_comparison
LOC111101349,1,ds1-5_allDEGs_merged
LOC111101355,1,cross_study_DEG_comparison
LOC111101367,1,ds1-5_allDEGs_merged
LOC111101370,1,cross_study_DEG_comparison
LOC111101373,1,cross_study_DEG_comparison
LOC111101376,1,cross_study_DEG_comparison
LOC111101379,1,cross_study_DEG_comparison
LOC111101397,1,cross_study_DEG_comparison
LOC111101403,1,ds1-5_allDEGs_merged
LOC111101405,1,cross_study_DEG_comparison
LOC111101411,1,cross_study_DEG_comparison
LOC111101412,1,cross_study_DEG_comparison
LOC111101418,1,cross_study_DEG_comparison
LOC111101422,1,cross_study_DEG_comparison
LOC111101430,1,cross_study_DEG_comparison
LOC111101432,1,cross_study_DEG_comparison
LOC111101433,1,cross_study_DEG_comparison
LOC111101434,1,cross_study_DEG_comparison
LOC111101435,1,cross_study_DEG_comparison
LOC111101446,1,ds1-5_allDEGs_merged
LOC111101447,1,cross_study_DEG_comparison
LOC111101453,1,cross_study_DEG_comparison
LOC111101455,1,cross_study_DEG_comparison
LOC111101461,1,cross_study_DEG_comparison
LOC111101464,1,cross_study_DEG_comparison
LOC111101465,1,cross_study_DEG_comparison
LOC111101466,1,cross_study_DEG_comparison
LOC111101478,1,cross_study_DEG_comparison
LOC111101482,1,cross_study_DEG_comparison
LOC111101483,1,cross_study_DEG_comparison
LOC111101486,1,cross_study_DEG_comparison
LOC111101488,1,ds1-5_allDEGs_merged
LOC111101489,1,cross_study_DEG_comparison
LOC111101491,1,cross_study_DEG_comparison
LOC111101496,1,cross_study_DEG_comparison
LOC111101497,1,cross_study_DEG_comparison
LOC111101502,1,cross_study_DEG_comparison
LOC111101503,1,cross_study_DEG_comparison
LOC111101505,1,ds1-5_allDEGs_merged
LOC111101506,1,ds1-5_allDEGs_merged
LOC111101509,1,cross_study_DEG_comparison
LOC111101521,1,cross_study_DEG_comparison
LOC111101524,1,ds1-5_allDEGs_merged
LOC111101525,1,cross_study_DEG_comparison
LOC111101531,1,ds1-5_allDEGs_merged
LOC111101541,1,ds1-5_allDEGs_merged
LOC111101544,1,cross_study_DEG_comparison
LOC111101547,1,ds1-5_allDEGs_merged
LOC111101548,1,cross_study_DEG_comparison
LOC111101555,1,cross_study_DEG_comparison
LOC111101577,1,cross_study_DEG_comparison
LOC111101584,1,cross_study_DEG_comparison
LOC111101590,1,ds1-5_allDEGs_merged
LOC111101599,1,ds1-5_allDEGs_merged
LOC111101605,1,ds1-5_allDEGs_merged
LOC111101607,1,cross_study_DEG_comparison
LOC111101608,1,cross_study_DEG_comparison
LOC111101609,1,ds1-5_allDEGs_merged
LOC111101612,1,cross_study_DEG_comparison
LOC111101621,1,cross_study_DEG_comparison
LOC111101636,1,cross_study_DEG_comparison
LOC111101637,1,cross_study_DEG_comparison
LOC111101639,1,cross_study_DEG_comparison
LOC111101640,1,ds1-5_allDEGs_merged
LOC111101656,1,cross_study_DEG_comparison
LOC111101657,1,cross_study_DEG_comparison
LOC111101660,1,cross_study_DEG_comparison
LOC111101666,1,cross_study_DEG_comparison
LOC111101678,1,ds1-5_allDEGs_merged
LOC111101679,1,ds1-5_allDEGs_merged
LOC111101689,1,cross_study_DEG_comparison
LOC111101691,1,cross_study_DEG_comparison
LOC111101693,1,top10genes
LOC111101695,1,cross_study_DEG_comparison
LOC111101700,1,cross_study_DEG_comparison
LOC111101706,1,ds1-5_allDEGs_merged
LOC111101710,1,ds1-5_allDEGs_merged
LOC111101712,1,cross_study_DEG_comparison
LOC111101713,1,cross_study_DEG_comparison
LOC111101716,1,cross_study_DEG_comparison
LOC111101717,1,ds1-5_allDEGs_merged
LOC111101719,1,cross_study_DEG_comparison
LOC111101722,1,ds1-5_allDEGs_merged
LOC111101725,1,ds1-5_allDEGs_merged
LOC111101727,1,cross_study_DEG_comparison
LOC111101730,1,cross_study_DEG_comparison
LOC111101737,1,ds1-5_allDEGs_merged
LOC111101742,1,cross_study_DEG_comparison
LOC111101748,1,cross_study_DEG_comparison
LOC111101751,1,ds1-5_allDEGs_merged
LOC111101753,1,cross_study_DEG_comparison
LOC111101754,1,top_50_predictive_genes_for_classification
LOC111101759,1,cross_study_DEG_comparison
LOC111101760,1,ds1-5_allDEGs_merged
LOC111101762,1,cross_study_DEG_comparison
LOC111101764,1,ds1-5_allDEGs_merged
LOC111101767,1,cross_study_DEG_comparison
LOC111101772,1,cross_study_DEG_comparison
LOC111101773,1,cross_study_DEG_comparison
LOC111101774,1,cross_study_DEG_comparison
LOC111101775,1,cross_study_DEG_comparison
LOC111101780,1,cross_study_DEG_comparison
LOC111101783,1,ds1-5_allDEGs_merged
LOC111101787,1,ds1-5_allDEGs_merged
LOC111101789,1,ds1-5_allDEGs_merged
LOC111101796,1,cross_study_DEG_comparison
LOC111101798,1,cross_study_DEG_comparison
LOC111101800,1,ds1-5_allDEGs_merged
LOC111101803,1,cross_study_DEG_comparison
LOC111101804,1,ds1-5_allDEGs_merged
LOC111101809,1,ds1-5_allDEGs_merged
LOC111101812,1,cross_study_DEG_comparison
LOC111101813,1,ds1-5_allDEGs_merged
LOC111101816,1,ds1-5_allDEGs_merged
LOC111101818,1,cross_study_DEG_comparison
LOC111101820,1,cross_study_DEG_comparison
LOC111101827,1,cross_study_DEG_comparison
LOC111101828,1,ds1-5_allDEGs_merged
LOC111101830,1,ds1-5_allDEGs_merged
LOC111101834,1,ds1-5_allDEGs_merged
LOC111101846,1,cross_study_DEG_comparison
LOC111101852,1,ds1-5_allDEGs_merged
LOC111101859,1,ds1-5_allDEGs_merged
LOC111101860,1,ds1-5_allDEGs_merged
LOC111101867,1,top10genes
LOC111101882,1,ds1-5_allDEGs_merged
LOC111101893,1,cross_study_DEG_comparison
LOC111101895,1,ds1-5_allDEGs_merged
LOC111101896,1,ds1-5_allDEGs_merged
LOC111101900,1,ds1-5_allDEGs_merged
LOC111101901,1,ds1-5_allDEGs_merged
LOC111101916,1,ds1-5_allDEGs_merged
LOC111101919,1,cross_study_DEG_comparison
LOC111101924,1,cross_study_DEG_comparison
LOC111101931,1,cross_study_DEG_comparison
LOC111101935,1,cross_study_DEG_comparison
LOC111101944,1,cross_study_DEG_comparison
LOC111101960,1,ds1-5_allDEGs_merged
LOC111101966,1,cross_study_DEG_comparison
LOC111101977,1,cross_study_DEG_comparison
LOC111101985,1,cross_study_DEG_comparison
LOC111102015,1,cross_study_DEG_comparison
LOC111102020,1,cross_study_DEG_comparison
LOC111102023,1,cross_study_DEG_comparison
LOC111102033,1,ds1-5_allDEGs_merged
LOC111102036,1,cross_study_DEG_comparison
LOC111102041,1,cross_study_DEG_comparison
LOC111102057,1,cross_study_DEG_comparison
LOC111102061,1,ds1-5_allDEGs_merged
LOC111102092,1,ds1-5_allDEGs_merged
LOC111102113,1,ds1-5_allDEGs_merged
LOC111102116,1,ds1-5_allDEGs_merged
LOC111102122,1,cross_study_DEG_comparison
LOC111102132,1,cross_study_DEG_comparison
LOC111102140,1,cross_study_DEG_comparison
LOC111102151,1,ds1-5_allDEGs_merged
LOC111102152,1,cross_study_DEG_comparison
LOC111102153,1,ds1-5_allDEGs_merged
LOC111102159,1,cross_study_DEG_comparison
LOC111102161,1,cross_study_DEG_comparison
LOC111102201,1,cross_study_DEG_comparison
LOC111102206,1,cross_study_DEG_comparison
LOC111102213,1,cross_study_DEG_comparison
LOC111102228,1,cross_study_DEG_comparison
LOC111102229,1,cross_study_DEG_comparison
LOC111102235,1,ds1-5_allDEGs_merged
LOC111102237,1,cross_study_DEG_comparison
LOC111102240,1,cross_study_DEG_comparison
LOC111102250,1,cross_study_DEG_comparison
LOC111102252,1,ds1-5_allDEGs_merged
LOC111102253,1,cross_study_DEG_comparison
LOC111102256,1,cross_study_DEG_comparison
LOC111102259,1,ds1-5_allDEGs_merged
LOC111102262,1,cross_study_DEG_comparison
LOC111102271,1,cross_study_DEG_comparison
LOC111102275,1,cross_study_DEG_comparison
LOC111102281,1,cross_study_DEG_comparison
LOC111102283,1,ds1-5_allDEGs_merged
LOC111102284,1,cross_study_DEG_comparison
LOC111102285,1,cross_study_DEG_comparison
LOC111102295,1,cross_study_DEG_comparison
LOC111102299,1,cross_study_DEG_comparison
LOC111102300,1,cross_study_DEG_comparison
LOC111102303,1,cross_study_DEG_comparison
LOC111102304,1,cross_study_DEG_comparison
LOC111102335,1,cross_study_DEG_comparison
LOC111102337,1,ds1-5_allDEGs_merged
LOC111102338,1,cross_study_DEG_comparison
LOC111102339,1,cross_study_DEG_comparison
LOC111102351,1,cross_study_DEG_comparison
LOC111102356,1,cross_study_DEG_comparison
LOC111102357,1,cross_study_DEG_comparison
LOC111102361,1,cross_study_DEG_comparison
LOC111102362,1,top_50_predictive_genes_for_classification
LOC111102365,1,ds1-5_allDEGs_merged
LOC111102368,1,cross_study_DEG_comparison
LOC111102374,1,ds1-5_allDEGs_merged
LOC111102383,1,cross_study_DEG_comparison
LOC111102388,1,cross_study_DEG_comparison
LOC111102389,1,cross_study_DEG_comparison
LOC111102391,1,ds1-5_allDEGs_merged
LOC111102394,1,cross_study_DEG_comparison
LOC111102397,1,cross_study_DEG_comparison
LOC111102405,1,cross_study_DEG_comparison
LOC111102406,1,ds1-5_allDEGs_merged
LOC111102415,1,cross_study_DEG_comparison
LOC111102417,1,cross_study_DEG_comparison
LOC111102419,1,cross_study_DEG_comparison
LOC111102425,1,cross_study_DEG_comparison
LOC111102426,1,cross_study_DEG_comparison
LOC111102433,1,cross_study_DEG_comparison
LOC111102435,1,cross_study_DEG_comparison
LOC111102437,1,ds1-5_allDEGs_merged
LOC111102451,1,ds1-5_allDEGs_merged
LOC111102453,1,cross_study_DEG_comparison
LOC111102454,1,ds1-5_allDEGs_merged
LOC111102459,1,cross_study_DEG_comparison
LOC111102463,1,ds1-5_allDEGs_merged
LOC111102466,1,cross_study_DEG_comparison
LOC111102476,1,ds1-5_allDEGs_merged
LOC111102478,1,cross_study_DEG_comparison
LOC111102489,1,cross_study_DEG_comparison
LOC111102491,1,ds1-5_allDEGs_merged
LOC111102493,1,ds1-5_allDEGs_merged
LOC111102510,1,cross_study_DEG_comparison
LOC111102518,1,ds1-5_allDEGs_merged
LOC111102520,1,cross_study_DEG_comparison
LOC111102525,1,cross_study_DEG_comparison
LOC111102529,1,cross_study_DEG_comparison
LOC111102530,1,cross_study_DEG_comparison
LOC111102533,1,top_50_predictive_genes_for_classification
LOC111102539,1,ds1-5_allDEGs_merged
LOC111102540,1,cross_study_DEG_comparison
LOC111102541,1,cross_study_DEG_comparison
LOC111102545,1,ds1-5_allDEGs_merged
LOC111102548,1,ds1-5_allDEGs_merged
LOC111102552,1,cross_study_DEG_comparison
LOC111102553,1,cross_study_DEG_comparison
LOC111102558,1,cross_study_DEG_comparison
LOC111102563,1,ds1-5_allDEGs_merged
LOC111102572,1,cross_study_DEG_comparison
LOC111102582,1,cross_study_DEG_comparison
LOC111102584,1,cross_study_DEG_comparison
LOC111102587,1,cross_study_DEG_comparison
LOC111102602,1,cross_study_DEG_comparison
LOC111102608,1,ds1-5_allDEGs_merged
LOC111102610,1,cross_study_DEG_comparison
LOC111102612,1,ds1-5_allDEGs_merged
LOC111102616,1,cross_study_DEG_comparison
LOC111102626,1,top10genes
LOC111102627,1,ds1-5_allDEGs_merged
LOC111102630,1,cross_study_DEG_comparison
LOC111102645,1,ds1-5_allDEGs_merged
LOC111102648,1,cross_study_DEG_comparison
LOC111102660,1,ds1-5_allDEGs_merged
LOC111102678,1,cross_study_DEG_comparison
LOC111102688,1,ds1-5_allDEGs_merged
LOC111102689,1,ds1-5_allDEGs_merged
LOC111102701,1,ds1-5_allDEGs_merged
LOC111102710,1,cross_study_DEG_comparison
LOC111102711,1,cross_study_DEG_comparison
LOC111102719,1,ds1-5_allDEGs_merged
LOC111102723,1,cross_study_DEG_comparison
LOC111102729,1,cross_study_DEG_comparison
LOC111102730,1,cross_study_DEG_comparison
LOC111102734,1,cross_study_DEG_comparison
LOC111102745,1,ds1-5_allDEGs_merged
LOC111102753,1,ds1-5_allDEGs_merged
LOC111102769,1,cross_study_DEG_comparison
LOC111102779,1,cross_study_DEG_comparison
LOC111102782,1,cross_study_DEG_comparison
LOC111102800,1,cross_study_DEG_comparison
LOC111102803,1,ds1-5_allDEGs_merged
LOC111102807,1,ds1-5_allDEGs_merged
LOC111102808,1,ds1-5_allDEGs_merged
LOC111102810,1,ds1-5_allDEGs_merged
LOC111102819,1,cross_study_DEG_comparison
LOC111102824,1,cross_study_DEG_comparison
LOC111102828,1,cross_study_DEG_comparison
LOC111102829,1,ds1-5_allDEGs_merged
LOC111102830,1,cross_study_DEG_comparison
LOC111102833,1,ds1-5_allDEGs_merged
LOC111102834,1,ds1-5_allDEGs_merged
LOC111102836,1,ds1-5_allDEGs_merged
LOC111102837,1,cross_study_DEG_comparison
LOC111102841,1,ds1-5_allDEGs_merged
LOC111102850,1,ds1-5_allDEGs_merged
LOC111102855,1,cross_study_DEG_comparison
LOC111102858,1,cross_study_DEG_comparison
LOC111102866,1,ds1-5_allDEGs_merged
LOC111102875,1,cross_study_DEG_comparison
LOC111102882,1,ds1-5_allDEGs_merged
LOC111102889,1,ds1-5_allDEGs_merged
LOC111102900,1,ds1-5_allDEGs_merged
LOC111102907,1,cross_study_DEG_comparison
LOC111102914,1,ds1-5_allDEGs_merged
LOC111102916,1,cross_study_DEG_comparison
LOC111102920,1,cross_study_DEG_comparison
LOC111102928,1,ds1-5_allDEGs_merged
LOC111102931,1,ds1-5_allDEGs_merged
LOC111102934,1,ds1-5_allDEGs_merged
LOC111102941,1,ds1-5_allDEGs_merged
LOC111102943,1,cross_study_DEG_comparison
LOC111102949,1,ds1-5_allDEGs_merged
LOC111102953,1,cross_study_DEG_comparison
LOC111102957,1,cross_study_DEG_comparison
LOC111102960,1,ds1-5_allDEGs_merged
LOC111102964,1,cross_study_DEG_comparison
LOC111102966,1,cross_study_DEG_comparison
LOC111102970,1,cross_study_DEG_comparison
LOC111102977,1,ds1-5_allDEGs_merged
LOC111102983,1,cross_study_DEG_comparison
LOC111102987,1,ds1-5_allDEGs_merged
LOC111102993,1,cross_study_DEG_comparison
LOC111103005,1,cross_study_DEG_comparison
LOC111103015,1,ds1-5_allDEGs_merged
LOC111103019,1,ds1-5_allDEGs_merged
LOC111103021,1,ds1-5_allDEGs_merged
LOC111103028,1,ds1-5_allDEGs_merged
LOC111103029,1,cross_study_DEG_comparison
LOC111103032,1,ds1-5_allDEGs_merged
LOC111103043,1,cross_study_DEG_comparison
LOC111103046,1,cross_study_DEG_comparison
LOC111103048,1,cross_study_DEG_comparison
LOC111103050,1,ds1-5_allDEGs_merged
LOC111103057,1,cross_study_DEG_comparison
LOC111103059,1,ds1-5_allDEGs_merged
LOC111103062,1,cross_study_DEG_comparison
LOC111103073,1,ds1-5_allDEGs_merged
LOC111103075,1,cross_study_DEG_comparison
LOC111103076,1,ds1-5_allDEGs_merged
LOC111103078,1,cross_study_DEG_comparison
LOC111103090,1,cross_study_DEG_comparison
LOC111103100,1,cross_study_DEG_comparison
LOC111103101,1,cross_study_DEG_comparison
LOC111103102,1,cross_study_DEG_comparison
LOC111103110,1,ds1-5_allDEGs_merged
LOC111103113,1,ds1-5_allDEGs_merged
LOC111103115,1,ds1-5_allDEGs_merged
LOC111103116,1,cross_study_DEG_comparison
LOC111103124,1,cross_study_DEG_comparison
LOC111103132,1,cross_study_DEG_comparison
LOC111103137,1,cross_study_DEG_comparison
LOC111103143,1,ds1-5_allDEGs_merged
LOC111103144,1,ds1-5_allDEGs_merged
LOC111103150,1,ds1-5_allDEGs_merged
LOC111103153,1,cross_study_DEG_comparison
LOC111103154,1,cross_study_DEG_comparison
LOC111103156,1,ds1-5_allDEGs_merged
LOC111103164,1,cross_study_DEG_comparison
LOC111103165,1,cross_study_DEG_comparison
LOC111103174,1,cross_study_DEG_comparison
LOC111103175,1,cross_study_DEG_comparison
LOC111103176,1,cross_study_DEG_comparison
LOC111103178,1,cross_study_DEG_comparison
LOC111103182,1,cross_study_DEG_comparison
LOC111103185,1,cross_study_DEG_comparison
LOC111103190,1,cross_study_DEG_comparison
LOC111103191,1,cross_study_DEG_comparison
LOC111103202,1,ds1-5_allDEGs_merged
LOC111103204,1,cross_study_DEG_comparison
LOC111103213,1,cross_study_DEG_comparison
LOC111103215,1,ds1-5_allDEGs_merged
LOC111103219,1,ds1-5_allDEGs_merged
LOC111103220,1,ds1-5_allDEGs_merged
LOC111103224,1,cross_study_DEG_comparison
LOC111103226,1,ds1-5_allDEGs_merged
LOC111103236,1,ds1-5_allDEGs_merged
LOC111103238,1,ds1-5_allDEGs_merged
LOC111103244,1,cross_study_DEG_comparison
LOC111103245,1,ds1-5_allDEGs_merged
LOC111103250,1,ds1-5_allDEGs_merged
LOC111103252,1,cross_study_DEG_comparison
LOC111103253,1,cross_study_DEG_comparison
LOC111103264,1,ds1-5_allDEGs_merged
LOC111103275,1,ds1-5_allDEGs_merged
LOC111103287,1,cross_study_DEG_comparison
LOC111103289,1,cross_study_DEG_comparison
LOC111103299,1,ds1-5_allDEGs_merged
LOC111103315,1,ds1-5_allDEGs_merged
LOC111103333,1,ds1-5_allDEGs_merged
LOC111103334,1,ds1-5_allDEGs_merged
LOC111103337,1,cross_study_DEG_comparison
LOC111103342,1,cross_study_DEG_comparison
LOC111103347,1,ds1-5_allDEGs_merged
LOC111103349,1,ds1-5_allDEGs_merged
LOC111103361,1,cross_study_DEG_comparison
LOC111103366,1,ds1-5_allDEGs_merged
LOC111103367,1,ds1-5_allDEGs_merged
LOC111103370,1,cross_study_DEG_comparison
LOC111103371,1,ds1-5_allDEGs_merged
LOC111103383,1,cross_study_DEG_comparison
LOC111103387,1,ds1-5_allDEGs_merged
LOC111103389,1,ds1-5_allDEGs_merged
LOC111103390,1,ds1-5_allDEGs_merged
LOC111103392,1,ds1-5_allDEGs_merged
LOC111103397,1,ds1-5_allDEGs_merged
LOC111103401,1,ds1-5_allDEGs_merged
LOC111103406,1,ds1-5_allDEGs_merged
LOC111103415,1,cross_study_DEG_comparison
LOC111103417,1,cross_study_DEG_comparison
LOC111103429,1,cross_study_DEG_comparison
LOC111103430,1,cross_study_DEG_comparison
LOC111103431,1,ds1-5_allDEGs_merged
LOC111103441,1,cross_study_DEG_comparison
LOC111103443,1,ds1-5_allDEGs_merged
LOC111103452,1,ds1-5_allDEGs_merged
LOC111103455,1,ds1-5_allDEGs_merged
LOC111103459,1,cross_study_DEG_comparison
LOC111103463,1,ds1-5_allDEGs_merged
LOC111103466,1,cross_study_DEG_comparison
LOC111103476,1,ds1-5_allDEGs_merged
LOC111103493,1,cross_study_DEG_comparison
LOC111103496,1,ds1-5_allDEGs_merged
LOC111103500,1,ds1-5_allDEGs_merged
LOC111103501,1,cross_study_DEG_comparison
LOC111103513,1,ds1-5_allDEGs_merged
LOC111103519,1,cross_study_DEG_comparison
LOC111103521,1,ds1-5_allDEGs_merged
LOC111103527,1,cross_study_DEG_comparison
LOC111103530,1,ds1-5_allDEGs_merged
LOC111103549,1,cross_study_DEG_comparison
LOC111103551,1,cross_study_DEG_comparison
LOC111103555,1,cross_study_DEG_comparison
LOC111103557,1,ds1-5_allDEGs_merged
LOC111103564,1,ds1-5_allDEGs_merged
LOC111103568,1,cross_study_DEG_comparison
LOC111103569,1,cross_study_DEG_comparison
LOC111103570,1,cross_study_DEG_comparison
LOC111103574,1,cross_study_DEG_comparison
LOC111103587,1,ds1-5_allDEGs_merged
LOC111103592,1,cross_study_DEG_comparison
LOC111103594,1,cross_study_DEG_comparison
LOC111103595,1,ds1-5_allDEGs_merged
LOC111103596,1,ds1-5_allDEGs_merged
LOC111103599,1,cross_study_DEG_comparison
LOC111103603,1,ds1-5_allDEGs_merged
LOC111103610,1,cross_study_DEG_comparison
LOC111103614,1,ds1-5_allDEGs_merged
LOC111103627,1,cross_study_DEG_comparison
LOC111103630,1,ds1-5_allDEGs_merged
LOC111103641,1,cross_study_DEG_comparison
LOC111103643,1,cross_study_DEG_comparison
LOC111103653,1,cross_study_DEG_comparison
LOC111103658,1,cross_study_DEG_comparison
LOC111103664,1,cross_study_DEG_comparison
LOC111103673,1,ds1-5_allDEGs_merged
LOC111103674,1,cross_study_DEG_comparison
LOC111103676,1,cross_study_DEG_comparison
LOC111103694,1,cross_study_DEG_comparison
LOC111103695,1,cross_study_DEG_comparison
LOC111103696,1,ds1-5_allDEGs_merged
LOC111103697,1,ds1-5_allDEGs_merged
LOC111103707,1,cross_study_DEG_comparison
LOC111103718,1,cross_study_DEG_comparison
LOC111103722,1,ds1-5_allDEGs_merged
LOC111103731,1,cross_study_DEG_comparison
LOC111103735,1,cross_study_DEG_comparison
LOC111103739,1,ds1-5_allDEGs_merged
LOC111103740,1,ds1-5_allDEGs_merged
LOC111103741,1,cross_study_DEG_comparison
LOC111103744,1,ds1-5_allDEGs_merged
LOC111103748,1,ds1-5_allDEGs_merged
LOC111103770,1,cross_study_DEG_comparison
LOC111103772,1,ds1-5_allDEGs_merged
LOC111103778,1,cross_study_DEG_comparison
LOC111103783,1,cross_study_DEG_comparison
LOC111103784,1,ds1-5_allDEGs_merged
LOC111103785,1,ds1-5_allDEGs_merged
LOC111103788,1,ds1-5_allDEGs_merged
LOC111103789,1,ds1-5_allDEGs_merged
LOC111103794,1,cross_study_DEG_comparison
LOC111103796,1,ds1-5_allDEGs_merged
LOC111103803,1,ds1-5_allDEGs_merged
LOC111103804,1,ds1-5_allDEGs_merged
LOC111103810,1,ds1-5_allDEGs_merged
LOC111103811,1,cross_study_DEG_comparison
LOC111103820,1,ds1-5_allDEGs_merged
LOC111103823,1,cross_study_DEG_comparison
LOC111103824,1,cross_study_DEG_comparison
LOC111103831,1,ds1-5_allDEGs_merged
LOC111103840,1,ds1-5_allDEGs_merged
LOC111103843,1,ds1-5_allDEGs_merged
LOC111103848,1,ds1-5_allDEGs_merged
LOC111103858,1,cross_study_DEG_comparison
LOC111103859,1,ds1-5_allDEGs_merged
LOC111103862,1,cross_study_DEG_comparison
LOC111103864,1,ds1-5_allDEGs_merged
LOC111103869,1,ds1-5_allDEGs_merged
LOC111103873,1,ds1-5_allDEGs_merged
LOC111103875,1,ds1-5_allDEGs_merged
LOC111103879,1,ds1-5_allDEGs_merged
LOC111103885,1,ds1-5_allDEGs_merged
LOC111103886,1,ds1-5_allDEGs_merged
LOC111103891,1,ds1-5_allDEGs_merged
LOC111103892,1,ds1-5_allDEGs_merged
LOC111103896,1,final_consensus_genes
LOC111103900,1,ds1-5_allDEGs_merged
LOC111103904,1,cross_study_DEG_comparison
LOC111103906,1,ds1-5_allDEGs_merged
LOC111103912,1,ds1-5_allDEGs_merged
LOC111103913,1,ds1-5_allDEGs_merged
LOC111103928,1,cross_study_DEG_comparison
LOC111103938,1,cross_study_DEG_comparison
LOC111103940,1,ds1-5_allDEGs_merged
LOC111103943,1,ds1-5_allDEGs_merged
LOC111103944,1,ds1-5_allDEGs_merged
LOC111103946,1,cross_study_DEG_comparison
LOC111103947,1,ds1-5_allDEGs_merged
LOC111103958,1,ds1-5_allDEGs_merged
LOC111103959,1,cross_study_DEG_comparison
LOC111103966,1,ds1-5_allDEGs_merged
LOC111103967,1,ds1-5_allDEGs_merged
LOC111103969,1,cross_study_DEG_comparison
LOC111103974,1,cross_study_DEG_comparison
LOC111103975,1,ds1-5_allDEGs_merged
LOC111103977,1,ds1-5_allDEGs_merged
LOC111103980,1,ds1-5_allDEGs_merged
LOC111103984,1,cross_study_DEG_comparison
LOC111103985,1,cross_study_DEG_comparison
LOC111103987,1,ds1-5_allDEGs_merged
LOC111103988,1,ds1-5_allDEGs_merged
LOC111103991,1,ds1-5_allDEGs_merged
LOC111103993,1,ds1-5_allDEGs_merged
LOC111103995,1,cross_study_DEG_comparison
LOC111104002,1,ds1-5_allDEGs_merged
LOC111104004,1,ds1-5_allDEGs_merged
LOC111104010,1,ds1-5_allDEGs_merged
LOC111104016,1,cross_study_DEG_comparison
LOC111104020,1,ds1-5_allDEGs_merged
LOC111104022,1,ds1-5_allDEGs_merged
LOC111104039,1,cross_study_DEG_comparison
LOC111104040,1,ds1-5_allDEGs_merged
LOC111104044,1,cross_study_DEG_comparison
LOC111104046,1,ds1-5_allDEGs_merged
LOC111104048,1,cross_study_DEG_comparison
LOC111104061,1,cross_study_DEG_comparison
LOC111104062,1,ds1-5_allDEGs_merged
LOC111104063,1,cross_study_DEG_comparison
LOC111104065,1,ds1-5_allDEGs_merged
LOC111104067,1,ds1-5_allDEGs_merged
LOC111104074,1,cross_study_DEG_comparison
LOC111104083,1,ds1-5_allDEGs_merged
LOC111104084,1,ds1-5_allDEGs_merged
LOC111104086,1,ds1-5_allDEGs_merged
LOC111104087,1,ds1-5_allDEGs_merged
LOC111104090,1,ds1-5_allDEGs_merged
LOC111104091,1,ds1-5_allDEGs_merged
LOC111104099,1,ds1-5_allDEGs_merged
LOC111104104,1,ds1-5_allDEGs_merged
LOC111104105,1,ds1-5_allDEGs_merged
LOC111104108,1,cross_study_DEG_comparison
LOC111104112,1,cross_study_DEG_comparison
LOC111104113,1,ds1-5_allDEGs_merged
LOC111104116,1,cross_study_DEG_comparison
LOC111104119,1,cross_study_DEG_comparison
LOC111104124,1,cross_study_DEG_comparison
LOC111104125,1,ds1-5_allDEGs_merged
LOC111104128,1,ds1-5_allDEGs_merged
LOC111104129,1,ds1-5_allDEGs_merged
LOC111104131,1,cross_study_DEG_comparison
LOC111104133,1,ds1-5_allDEGs_merged
LOC111104138,1,cross_study_DEG_comparison
LOC111104143,1,ds1-5_allDEGs_merged
LOC111104147,1,ds1-5_allDEGs_merged
LOC111104150,1,cross_study_DEG_comparison
LOC111104151,1,ds1-5_allDEGs_merged
LOC111104156,1,ds1-5_allDEGs_merged
LOC111104170,1,ds1-5_allDEGs_merged
LOC111104171,1,ds1-5_allDEGs_merged
LOC111104174,1,ds1-5_allDEGs_merged
LOC111104180,1,cross_study_DEG_comparison
LOC111104190,1,ds1-5_allDEGs_merged
LOC111104198,1,cross_study_DEG_comparison
LOC111104199,1,cross_study_DEG_comparison
LOC111104208,1,cross_study_DEG_comparison
LOC111104211,1,ds1-5_allDEGs_merged
LOC111104225,1,ds1-5_allDEGs_merged
LOC111104229,1,cross_study_DEG_comparison
LOC111104232,1,ds1-5_allDEGs_merged
LOC111104238,1,cross_study_DEG_comparison
LOC111104244,1,ds1-5_allDEGs_merged
LOC111104247,1,ds1-5_allDEGs_merged
LOC111104250,1,cross_study_DEG_comparison
LOC111104263,1,ds1-5_allDEGs_merged
LOC111104264,1,cross_study_DEG_comparison
LOC111104267,1,ds1-5_allDEGs_merged
LOC111104270,1,cross_study_DEG_comparison
LOC111104272,1,cross_study_DEG_comparison
LOC111104275,1,ds1-5_allDEGs_merged
LOC111104276,1,cross_study_DEG_comparison
LOC111104279,1,cross_study_DEG_comparison
LOC111104280,1,cross_study_DEG_comparison
LOC111104287,1,cross_study_DEG_comparison
LOC111104305,1,cross_study_DEG_comparison
LOC111104307,1,cross_study_DEG_comparison
LOC111104310,1,cross_study_DEG_comparison
LOC111104314,1,ds1-5_allDEGs_merged
LOC111104315,1,ds1-5_allDEGs_merged
LOC111104323,1,cross_study_DEG_comparison
LOC111104327,1,ds1-5_allDEGs_merged
LOC111104330,1,ds1-5_allDEGs_merged
LOC111104334,1,ds1-5_allDEGs_merged
LOC111104338,1,ds1-5_allDEGs_merged
LOC111104342,1,ds1-5_allDEGs_merged
LOC111104343,1,cross_study_DEG_comparison
LOC111104345,1,ds1-5_allDEGs_merged
LOC111104346,1,cross_study_DEG_comparison
LOC111104349,1,cross_study_DEG_comparison
LOC111104351,1,top_50_predictive_genes_for_classification
LOC111104354,1,ds1-5_allDEGs_merged
LOC111104355,1,cross_study_DEG_comparison
LOC111104356,1,ds1-5_allDEGs_merged
LOC111104368,1,ds1-5_allDEGs_merged
LOC111104370,1,cross_study_DEG_comparison
LOC111104380,1,cross_study_DEG_comparison
LOC111104385,1,ds1-5_allDEGs_merged
LOC111104386,1,ds1-5_allDEGs_merged
LOC111104387,1,cross_study_DEG_comparison
LOC111104388,1,ds1-5_allDEGs_merged
LOC111104392,1,cross_study_DEG_comparison
LOC111104396,1,cross_study_DEG_comparison
LOC111104399,1,cross_study_DEG_comparison
LOC111104400,1,ds1-5_allDEGs_merged
LOC111104402,1,ds1-5_allDEGs_merged
LOC111104403,1,ds1-5_allDEGs_merged
LOC111104405,1,cross_study_DEG_comparison
LOC111104406,1,cross_study_DEG_comparison
LOC111104407,1,ds1-5_allDEGs_merged
LOC111104408,1,cross_study_DEG_comparison
LOC111104414,1,ds1-5_allDEGs_merged
LOC111104416,1,cross_study_DEG_comparison
LOC111104422,1,cross_study_DEG_comparison
LOC111104425,1,cross_study_DEG_comparison
LOC111104426,1,ds1-5_allDEGs_merged
LOC111104428,1,cross_study_DEG_comparison
LOC111104432,1,ds1-5_allDEGs_merged
LOC111104437,1,cross_study_DEG_comparison
LOC111104438,1,top_50_predictive_genes_for_classification
LOC111104443,1,cross_study_DEG_comparison
LOC111104456,1,ds1-5_allDEGs_merged
LOC111104465,1,ds1-5_allDEGs_merged
LOC111104478,1,cross_study_DEG_comparison
LOC111104479,1,ds1-5_allDEGs_merged
LOC111104484,1,cross_study_DEG_comparison
LOC111104485,1,ds1-5_allDEGs_merged
LOC111104487,1,ds1-5_allDEGs_merged
LOC111104488,1,ds1-5_allDEGs_merged
LOC111104495,1,cross_study_DEG_comparison
LOC111104507,1,ds1-5_allDEGs_merged
LOC111104514,1,ds1-5_allDEGs_merged
LOC111104522,1,cross_study_DEG_comparison
LOC111104525,1,cross_study_DEG_comparison
LOC111104542,1,cross_study_DEG_comparison
LOC111104543,1,ds1-5_allDEGs_merged
LOC111104546,1,ds1-5_allDEGs_merged
LOC111104547,1,cross_study_DEG_comparison
LOC111104555,1,cross_study_DEG_comparison
LOC111104557,1,cross_study_DEG_comparison
LOC111104559,1,cross_study_DEG_comparison
LOC111104561,1,cross_study_DEG_comparison
LOC111104568,1,cross_study_DEG_comparison
LOC111104570,1,cross_study_DEG_comparison
LOC111104573,1,cross_study_DEG_comparison
LOC111104575,1,ds1-5_allDEGs_merged
LOC111104580,1,cross_study_DEG_comparison
LOC111104581,1,cross_study_DEG_comparison
LOC111104584,1,cross_study_DEG_comparison
LOC111104585,1,cross_study_DEG_comparison
LOC111104605,1,ds1-5_allDEGs_merged
LOC111104612,1,cross_study_DEG_comparison
LOC111104619,1,ds1-5_allDEGs_merged
LOC111104624,1,cross_study_DEG_comparison
LOC111104628,1,ds1-5_allDEGs_merged
LOC111104629,1,ds1-5_allDEGs_merged
LOC111104637,1,cross_study_DEG_comparison
LOC111104639,1,cross_study_DEG_comparison
LOC111104640,1,cross_study_DEG_comparison
LOC111104648,1,cross_study_DEG_comparison
LOC111104649,1,ds1-5_allDEGs_merged
LOC111104650,1,ds1-5_allDEGs_merged
LOC111104651,1,cross_study_DEG_comparison
LOC111104657,1,ds1-5_allDEGs_merged
LOC111104660,1,cross_study_DEG_comparison
LOC111104663,1,ds1-5_allDEGs_merged
LOC111104667,1,ds1-5_allDEGs_merged
LOC111104671,1,ds1-5_allDEGs_merged
LOC111104674,1,cross_study_DEG_comparison
LOC111104678,1,ds1-5_allDEGs_merged
LOC111104688,1,ds1-5_allDEGs_merged
LOC111104693,1,ds1-5_allDEGs_merged
LOC111104694,1,ds1-5_allDEGs_merged
LOC111104699,1,cross_study_DEG_comparison
LOC111104702,1,ds1-5_allDEGs_merged
LOC111104703,1,cross_study_DEG_comparison
LOC111104713,1,ds1-5_allDEGs_merged
LOC111104714,1,cross_study_DEG_comparison
LOC111104723,1,ds1-5_allDEGs_merged
LOC111104737,1,cross_study_DEG_comparison
LOC111104738,1,cross_study_DEG_comparison
LOC111104741,1,cross_study_DEG_comparison
LOC111104745,1,cross_study_DEG_comparison
LOC111104762,1,cross_study_DEG_comparison
LOC111104767,1,cross_study_DEG_comparison
LOC111104777,1,cross_study_DEG_comparison
LOC111104778,1,cross_study_DEG_comparison
LOC111104780,1,ds1-5_allDEGs_merged
LOC111104781,1,cross_study_DEG_comparison
LOC111104782,1,cross_study_DEG_comparison
LOC111104785,1,ds1-5_allDEGs_merged
LOC111104789,1,ds1-5_allDEGs_merged
LOC111104797,1,cross_study_DEG_comparison
LOC111104801,1,ds1-5_allDEGs_merged
LOC111104804,1,ds1-5_allDEGs_merged
LOC111104817,1,ds1-5_allDEGs_merged
LOC111104823,1,cross_study_DEG_comparison
LOC111104825,1,cross_study_DEG_comparison
LOC111104826,1,cross_study_DEG_comparison
LOC111104835,1,cross_study_DEG_comparison
LOC111104836,1,cross_study_DEG_comparison
LOC111104845,1,ds1-5_allDEGs_merged
LOC111104846,1,cross_study_DEG_comparison
LOC111104848,1,cross_study_DEG_comparison
LOC111104849,1,cross_study_DEG_comparison
LOC111104856,1,cross_study_DEG_comparison
LOC111104864,1,ds1-5_allDEGs_merged
LOC111104877,1,ds1-5_allDEGs_merged
LOC111104906,1,ds1-5_allDEGs_merged
LOC111104911,1,cross_study_DEG_comparison
LOC111104912,1,cross_study_DEG_comparison
LOC111104917,1,ds1-5_allDEGs_merged
LOC111104918,1,cross_study_DEG_comparison
LOC111104929,1,cross_study_DEG_comparison
LOC111104944,1,cross_study_DEG_comparison
LOC111104955,1,cross_study_DEG_comparison
LOC111104958,1,ds1-5_allDEGs_merged
LOC111104965,1,cross_study_DEG_comparison
LOC111104972,1,ds1-5_allDEGs_merged
LOC111104999,1,cross_study_DEG_comparison
LOC111105020,1,cross_study_DEG_comparison
LOC111105024,1,cross_study_DEG_comparison
LOC111105025,1,cross_study_DEG_comparison
LOC111105030,1,ds1-5_allDEGs_merged
LOC111105035,1,cross_study_DEG_comparison
LOC111105042,1,ds1-5_allDEGs_merged
LOC111105047,1,cross_study_DEG_comparison
LOC111105051,1,ds1-5_allDEGs_merged
LOC111105055,1,cross_study_DEG_comparison
LOC111105083,1,cross_study_DEG_comparison
LOC111105103,1,cross_study_DEG_comparison
LOC111105113,1,cross_study_DEG_comparison
LOC111105131,1,cross_study_DEG_comparison
LOC111105142,1,cross_study_DEG_comparison
LOC111105152,1,cross_study_DEG_comparison
LOC111105157,1,cross_study_DEG_comparison
LOC111105169,1,cross_study_DEG_comparison
LOC111105171,1,cross_study_DEG_comparison
LOC111105181,1,ds1-5_allDEGs_merged
LOC111105184,1,cross_study_DEG_comparison
LOC111105225,1,cross_study_DEG_comparison
LOC111105226,1,cross_study_DEG_comparison
LOC111105233,1,ds1-5_allDEGs_merged
LOC111105241,1,ds1-5_allDEGs_merged
LOC111105243,1,cross_study_DEG_comparison
LOC111105244,1,cross_study_DEG_comparison
LOC111105245,1,cross_study_DEG_comparison
LOC111105246,1,cross_study_DEG_comparison
LOC111105247,1,ds1-5_allDEGs_merged
LOC111105259,1,cross_study_DEG_comparison
LOC111105260,1,cross_study_DEG_comparison
LOC111105272,1,cross_study_DEG_comparison
LOC111105274,1,cross_study_DEG_comparison
LOC111105275,1,ds1-5_allDEGs_merged
LOC111105278,1,cross_study_DEG_comparison
LOC111105281,1,ds1-5_allDEGs_merged
LOC111105284,1,cross_study_DEG_comparison
LOC111105296,1,cross_study_DEG_comparison
LOC111105298,1,ds1-5_allDEGs_merged
LOC111105303,1,ds1-5_allDEGs_merged
LOC111105304,1,cross_study_DEG_comparison
LOC111105305,1,cross_study_DEG_comparison
LOC111105307,1,cross_study_DEG_comparison
LOC111105311,1,cross_study_DEG_comparison
LOC111105331,1,ds1-5_allDEGs_merged
LOC111105333,1,ds1-5_allDEGs_merged
LOC111105335,1,cross_study_DEG_comparison
LOC111105336,1,cross_study_DEG_comparison
LOC111105338,1,cross_study_DEG_comparison
LOC111105339,1,cross_study_DEG_comparison
LOC111105342,1,cross_study_DEG_comparison
LOC111105354,1,ds1-5_allDEGs_merged
LOC111105357,1,ds1-5_allDEGs_merged
LOC111105363,1,cross_study_DEG_comparison
LOC111105365,1,ds1-5_allDEGs_merged
LOC111105367,1,cross_study_DEG_comparison
LOC111105368,1,cross_study_DEG_comparison
LOC111105372,1,ds1-5_allDEGs_merged
LOC111105378,1,cross_study_DEG_comparison
LOC111105380,1,ds1-5_allDEGs_merged
LOC111105386,1,ds1-5_allDEGs_merged
LOC111105389,1,cross_study_DEG_comparison
LOC111105390,1,cross_study_DEG_comparison
LOC111105391,1,cross_study_DEG_comparison
LOC111105394,1,ds1-5_allDEGs_merged
LOC111105396,1,cross_study_DEG_comparison
LOC111105409,1,cross_study_DEG_comparison
LOC111105419,1,cross_study_DEG_comparison
LOC111105421,1,cross_study_DEG_comparison
LOC111105423,1,ds1-5_allDEGs_merged
LOC111105429,1,ds1-5_allDEGs_merged
LOC111105430,1,cross_study_DEG_comparison
LOC111105432,1,cross_study_DEG_comparison
LOC111105444,1,cross_study_DEG_comparison
LOC111105446,1,ds1-5_allDEGs_merged
LOC111105448,1,cross_study_DEG_comparison
LOC111105449,1,ds1-5_allDEGs_merged
LOC111105452,1,cross_study_DEG_comparison
LOC111105455,1,cross_study_DEG_comparison
LOC111105464,1,ds1-5_allDEGs_merged
LOC111105470,1,cross_study_DEG_comparison
LOC111105471,1,ds1-5_allDEGs_merged
LOC111105476,1,ds1-5_allDEGs_merged
LOC111105480,1,cross_study_DEG_comparison
LOC111105483,1,ds1-5_allDEGs_merged
LOC111105487,1,cross_study_DEG_comparison
LOC111105494,1,ds1-5_allDEGs_merged
LOC111105501,1,ds1-5_allDEGs_merged
LOC111105505,1,cross_study_DEG_comparison
LOC111105509,1,cross_study_DEG_comparison
LOC111105510,1,cross_study_DEG_comparison
LOC111105511,1,cross_study_DEG_comparison
LOC111105516,1,cross_study_DEG_comparison
LOC111105526,1,ds1-5_allDEGs_merged
LOC111105527,1,ds1-5_allDEGs_merged
LOC111105541,1,cross_study_DEG_comparison
LOC111105547,1,cross_study_DEG_comparison
LOC111105560,1,cross_study_DEG_comparison
LOC111105564,1,ds1-5_allDEGs_merged
LOC111105575,1,cross_study_DEG_comparison
LOC111105579,1,ds1-5_allDEGs_merged
LOC111105587,1,cross_study_DEG_comparison
LOC111105595,1,cross_study_DEG_comparison
LOC111105597,1,cross_study_DEG_comparison
LOC111105600,1,cross_study_DEG_comparison
LOC111105601,1,cross_study_DEG_comparison
LOC111105603,1,cross_study_DEG_comparison
LOC111105606,1,cross_study_DEG_comparison
LOC111105608,1,cross_study_DEG_comparison
LOC111105609,1,cross_study_DEG_comparison
LOC111105616,1,ds1-5_allDEGs_merged
LOC111105617,1,ds1-5_allDEGs_merged
LOC111105622,1,cross_study_DEG_comparison
LOC111105627,1,cross_study_DEG_comparison
LOC111105629,1,cross_study_DEG_comparison
LOC111105632,1,cross_study_DEG_comparison
LOC111105636,1,ds1-5_allDEGs_merged
LOC111105637,1,cross_study_DEG_comparison
LOC111105679,1,cross_study_DEG_comparison
LOC111105680,1,cross_study_DEG_comparison
LOC111105682,1,cross_study_DEG_comparison
LOC111105684,1,cross_study_DEG_comparison
LOC111105685,1,top_50_predictive_genes_for_classification
LOC111105686,1,ds1-5_allDEGs_merged
LOC111105688,1,cross_study_DEG_comparison
LOC111105689,1,ds1-5_allDEGs_merged
LOC111105693,1,cross_study_DEG_comparison
LOC111105696,1,cross_study_DEG_comparison
LOC111105699,1,cross_study_DEG_comparison
LOC111105703,1,ds1-5_allDEGs_merged
LOC111105704,1,ds1-5_allDEGs_merged
LOC111105707,1,ds1-5_allDEGs_merged
LOC111105721,1,ds1-5_allDEGs_merged
LOC111105724,1,ds1-5_allDEGs_merged
LOC111105725,1,ds1-5_allDEGs_merged
LOC111105760,1,cross_study_DEG_comparison
LOC111105776,1,cross_study_DEG_comparison
LOC111105796,1,cross_study_DEG_comparison
LOC111105800,1,cross_study_DEG_comparison
LOC111105802,1,cross_study_DEG_comparison
LOC111105805,1,cross_study_DEG_comparison
LOC111105806,1,ds1-5_allDEGs_merged
LOC111105807,1,cross_study_DEG_comparison
LOC111105810,1,cross_study_DEG_comparison
LOC111105820,1,cross_study_DEG_comparison
LOC111105825,1,cross_study_DEG_comparison
LOC111105826,1,cross_study_DEG_comparison
LOC111105828,1,cross_study_DEG_comparison
LOC111105833,1,ds1-5_allDEGs_merged
LOC111105836,1,ds1-5_allDEGs_merged
LOC111105841,1,cross_study_DEG_comparison
LOC111105846,1,ds1-5_allDEGs_merged
LOC111105849,1,ds1-5_allDEGs_merged
LOC111105850,1,cross_study_DEG_comparison
LOC111105852,1,cross_study_DEG_comparison
LOC111105862,1,ds1-5_allDEGs_merged
LOC111105864,1,ds1-5_allDEGs_merged
LOC111105870,1,cross_study_DEG_comparison
LOC111105872,1,cross_study_DEG_comparison
LOC111105878,1,ds1-5_allDEGs_merged
LOC111105885,1,cross_study_DEG_comparison
LOC111105888,1,cross_study_DEG_comparison
LOC111105904,1,ds1-5_allDEGs_merged
LOC111105921,1,cross_study_DEG_comparison
LOC111105923,1,ds1-5_allDEGs_merged
LOC111105931,1,ds1-5_allDEGs_merged
LOC111105935,1,ds1-5_allDEGs_merged
LOC111105938,1,cross_study_DEG_comparison
LOC111105943,1,ds1-5_allDEGs_merged
LOC111105944,1,ds1-5_allDEGs_merged
LOC111105947,1,cross_study_DEG_comparison
LOC111105963,1,cross_study_DEG_comparison
LOC111105967,1,ds1-5_allDEGs_merged
LOC111105972,1,ds1-5_allDEGs_merged
LOC111105973,1,ds1-5_allDEGs_merged
LOC111105978,1,cross_study_DEG_comparison
LOC111105980,1,ds1-5_allDEGs_merged
LOC111105982,1,ds1-5_allDEGs_merged
LOC111105988,1,cross_study_DEG_comparison
LOC111105990,1,ds1-5_allDEGs_merged
LOC111105991,1,ds1-5_allDEGs_merged
LOC111106004,1,ds1-5_allDEGs_merged
LOC111106007,1,cross_study_DEG_comparison
LOC111106012,1,ds1-5_allDEGs_merged
LOC111106022,1,ds1-5_allDEGs_merged
LOC111106023,1,ds1-5_allDEGs_merged
LOC111106027,1,ds1-5_allDEGs_merged
LOC111106033,1,cross_study_DEG_comparison
LOC111106034,1,cross_study_DEG_comparison
LOC111106038,1,cross_study_DEG_comparison
LOC111106040,1,ds1-5_allDEGs_merged
LOC111106041,1,cross_study_DEG_comparison
LOC111106047,1,ds1-5_allDEGs_merged
LOC111106051,1,ds1-5_allDEGs_merged
LOC111106053,1,ds1-5_allDEGs_merged
LOC111106057,1,cross_study_DEG_comparison
LOC111106058,1,cross_study_DEG_comparison
LOC111106065,1,cross_study_DEG_comparison
LOC111106073,1,cross_study_DEG_comparison
LOC111106074,1,cross_study_DEG_comparison
LOC111106075,1,cross_study_DEG_comparison
LOC111106077,1,ds1-5_allDEGs_merged
LOC111106078,1,cross_study_DEG_comparison
LOC111106080,1,ds1-5_allDEGs_merged
LOC111106086,1,cross_study_DEG_comparison
LOC111106096,1,ds1-5_allDEGs_merged
LOC111106100,1,cross_study_DEG_comparison
LOC111106102,1,cross_study_DEG_comparison
LOC111106103,1,cross_study_DEG_comparison
LOC111106105,1,ds1-5_allDEGs_merged
LOC111106108,1,cross_study_DEG_comparison
LOC111106111,1,cross_study_DEG_comparison
LOC111106115,1,ds1-5_allDEGs_merged
LOC111106117,1,cross_study_DEG_comparison
LOC111106118,1,ds1-5_allDEGs_merged
LOC111106119,1,cross_study_DEG_comparison
LOC111106120,1,cross_study_DEG_comparison
LOC111106122,1,cross_study_DEG_comparison
LOC111106128,1,cross_study_DEG_comparison
LOC111106129,1,ds1-5_allDEGs_merged
LOC111106130,1,cross_study_DEG_comparison
LOC111106131,1,cross_study_DEG_comparison
LOC111106133,1,cross_study_DEG_comparison
LOC111106136,1,cross_study_DEG_comparison
LOC111106139,1,cross_study_DEG_comparison
LOC111106140,1,cross_study_DEG_comparison
LOC111106142,1,ds1-5_allDEGs_merged
LOC111106146,1,cross_study_DEG_comparison
LOC111106154,1,ds1-5_allDEGs_merged
LOC111106155,1,cross_study_DEG_comparison
LOC111106158,1,cross_study_DEG_comparison
LOC111106162,1,ds1-5_allDEGs_merged
LOC111106165,1,cross_study_DEG_comparison
LOC111106168,1,cross_study_DEG_comparison
LOC111106169,1,ds1-5_allDEGs_merged
LOC111106170,1,ds1-5_allDEGs_merged
LOC111106171,1,cross_study_DEG_comparison
LOC111106176,1,cross_study_DEG_comparison
LOC111106178,1,ds1-5_allDEGs_merged
LOC111106182,1,cross_study_DEG_comparison
LOC111106196,1,cross_study_DEG_comparison
LOC111106207,1,cross_study_DEG_comparison
LOC111106212,1,cross_study_DEG_comparison
LOC111106219,1,cross_study_DEG_comparison
LOC111106234,1,ds1-5_allDEGs_merged
LOC111106238,1,cross_study_DEG_comparison
LOC111106245,1,cross_study_DEG_comparison
LOC111106249,1,ds1-5_allDEGs_merged
LOC111106252,1,ds1-5_allDEGs_merged
LOC111106257,1,ds1-5_allDEGs_merged
LOC111106258,1,cross_study_DEG_comparison
LOC111106260,1,cross_study_DEG_comparison
LOC111106265,1,cross_study_DEG_comparison
LOC111106273,1,cross_study_DEG_comparison
LOC111106275,1,ds1-5_allDEGs_merged
LOC111106277,1,cross_study_DEG_comparison
LOC111106284,1,cross_study_DEG_comparison
LOC111106292,1,cross_study_DEG_comparison
LOC111106293,1,ds1-5_allDEGs_merged
LOC111106301,1,ds1-5_allDEGs_merged
LOC111106310,1,cross_study_DEG_comparison
LOC111106311,1,cross_study_DEG_comparison
LOC111106314,1,ds1-5_allDEGs_merged
LOC111106317,1,ds1-5_allDEGs_merged
LOC111106329,1,ds1-5_allDEGs_merged
LOC111106339,1,ds1-5_allDEGs_merged
LOC111106343,1,ds1-5_allDEGs_merged
LOC111106349,1,cross_study_DEG_comparison
LOC111106368,1,ds1-5_allDEGs_merged
LOC111106373,1,cross_study_DEG_comparison
LOC111106376,1,cross_study_DEG_comparison
LOC111106379,1,cross_study_DEG_comparison
LOC111106383,1,cross_study_DEG_comparison
LOC111106385,1,cross_study_DEG_comparison
LOC111106386,1,cross_study_DEG_comparison
LOC111106389,1,cross_study_DEG_comparison
LOC111106404,1,cross_study_DEG_comparison
LOC111106425,1,ds1-5_allDEGs_merged
LOC111106434,1,cross_study_DEG_comparison
LOC111106435,1,ds1-5_allDEGs_merged
LOC111106441,1,cross_study_DEG_comparison
LOC111106442,1,ds1-5_allDEGs_merged
LOC111106448,1,cross_study_DEG_comparison
LOC111106450,1,cross_study_DEG_comparison
LOC111106457,1,cross_study_DEG_comparison
LOC111106460,1,cross_study_DEG_comparison
LOC111106484,1,cross_study_DEG_comparison
LOC111106488,1,cross_study_DEG_comparison
LOC111106494,1,cross_study_DEG_comparison
LOC111106495,1,ds1-5_allDEGs_merged
LOC111106499,1,ds1-5_allDEGs_merged
LOC111106509,1,ds1-5_allDEGs_merged
LOC111106512,1,cross_study_DEG_comparison
LOC111106514,1,cross_study_DEG_comparison
LOC111106515,1,ds1-5_allDEGs_merged
LOC111106518,1,cross_study_DEG_comparison
LOC111106521,1,cross_study_DEG_comparison
LOC111106526,1,cross_study_DEG_comparison
LOC111106535,1,ds1-5_allDEGs_merged
LOC111106540,1,ds1-5_allDEGs_merged
LOC111106541,1,ds1-5_allDEGs_merged
LOC111106542,1,ds1-5_allDEGs_merged
LOC111106548,1,ds1-5_allDEGs_merged
LOC111106549,1,cross_study_DEG_comparison
LOC111106560,1,cross_study_DEG_comparison
LOC111106566,1,cross_study_DEG_comparison
LOC111106576,1,ds1-5_allDEGs_merged
LOC111106589,1,ds1-5_allDEGs_merged
LOC111106606,1,cross_study_DEG_comparison
LOC111106611,1,ds1-5_allDEGs_merged
LOC111106614,1,ds1-5_allDEGs_merged
LOC111106616,1,cross_study_DEG_comparison
LOC111106617,1,cross_study_DEG_comparison
LOC111106623,1,ds1-5_allDEGs_merged
LOC111106626,1,ds1-5_allDEGs_merged
LOC111106627,1,cross_study_DEG_comparison
LOC111106628,1,ds1-5_allDEGs_merged
LOC111106629,1,ds1-5_allDEGs_merged
LOC111106632,1,cross_study_DEG_comparison
LOC111106634,1,ds1-5_allDEGs_merged
LOC111106644,1,cross_study_DEG_comparison
LOC111106645,1,ds1-5_allDEGs_merged
LOC111106647,1,cross_study_DEG_comparison
LOC111106650,1,cross_study_DEG_comparison
LOC111106653,1,cross_study_DEG_comparison
LOC111106659,1,ds1-5_allDEGs_merged
LOC111106660,1,cross_study_DEG_comparison
LOC111106665,1,cross_study_DEG_comparison
LOC111106667,1,ds1-5_allDEGs_merged
LOC111106671,1,cross_study_DEG_comparison
LOC111106679,1,cross_study_DEG_comparison
LOC111106696,1,ds1-5_allDEGs_merged
LOC111106700,1,cross_study_DEG_comparison
LOC111106702,1,cross_study_DEG_comparison
LOC111106705,1,cross_study_DEG_comparison
LOC111106709,1,cross_study_DEG_comparison
LOC111106710,1,cross_study_DEG_comparison
LOC111106711,1,cross_study_DEG_comparison
LOC111106714,1,cross_study_DEG_comparison
LOC111106715,1,cross_study_DEG_comparison
LOC111106719,1,ds1-5_allDEGs_merged
LOC111106726,1,cross_study_DEG_comparison
LOC111106733,1,cross_study_DEG_comparison
LOC111106740,1,cross_study_DEG_comparison
LOC111106747,1,ds1-5_allDEGs_merged
LOC111106751,1,cross_study_DEG_comparison
LOC111106753,1,ds1-5_allDEGs_merged
LOC111106754,1,cross_study_DEG_comparison
LOC111106755,1,ds1-5_allDEGs_merged
LOC111106757,1,cross_study_DEG_comparison
LOC111106765,1,cross_study_DEG_comparison
LOC111106766,1,cross_study_DEG_comparison
LOC111106767,1,ds1-5_allDEGs_merged
LOC111106777,1,ds1-5_allDEGs_merged
LOC111106781,1,cross_study_DEG_comparison
LOC111106783,1,ds1-5_allDEGs_merged
LOC111106789,1,cross_study_DEG_comparison
LOC111106790,1,ds1-5_allDEGs_merged
LOC111106791,1,ds1-5_allDEGs_merged
LOC111106794,1,ds1-5_allDEGs_merged
LOC111106795,1,ds1-5_allDEGs_merged
LOC111106799,1,cross_study_DEG_comparison
LOC111106801,1,ds1-5_allDEGs_merged
LOC111106811,1,cross_study_DEG_comparison
LOC111106812,1,cross_study_DEG_comparison
LOC111106816,1,cross_study_DEG_comparison
LOC111106819,1,cross_study_DEG_comparison
LOC111106823,1,cross_study_DEG_comparison
LOC111106824,1,cross_study_DEG_comparison
LOC111106825,1,cross_study_DEG_comparison
LOC111106832,1,cross_study_DEG_comparison
LOC111106835,1,cross_study_DEG_comparison
LOC111106837,1,ds1-5_allDEGs_merged
LOC111106854,1,cross_study_DEG_comparison
LOC111106858,1,cross_study_DEG_comparison
LOC111106859,1,ds1-5_allDEGs_merged
LOC111106860,1,cross_study_DEG_comparison
LOC111106862,1,cross_study_DEG_comparison
LOC111106866,1,cross_study_DEG_comparison
LOC111106874,1,cross_study_DEG_comparison
LOC111106878,1,ds1-5_allDEGs_merged
LOC111106880,1,ds1-5_allDEGs_merged
LOC111106881,1,ds1-5_allDEGs_merged
LOC111106884,1,cross_study_DEG_comparison
LOC111106885,1,cross_study_DEG_comparison
LOC111106886,1,cross_study_DEG_comparison
LOC111106896,1,ds1-5_allDEGs_merged
LOC111106899,1,cross_study_DEG_comparison
LOC111106905,1,cross_study_DEG_comparison
LOC111106911,1,cross_study_DEG_comparison
LOC111106912,1,cross_study_DEG_comparison
LOC111106917,1,ds1-5_allDEGs_merged
LOC111106919,1,cross_study_DEG_comparison
LOC111106924,1,ds1-5_allDEGs_merged
LOC111106930,1,ds1-5_allDEGs_merged
LOC111106933,1,cross_study_DEG_comparison
LOC111106939,1,cross_study_DEG_comparison
LOC111106940,1,cross_study_DEG_comparison
LOC111106941,1,cross_study_DEG_comparison
LOC111106942,1,cross_study_DEG_comparison
LOC111106944,1,ds1-5_allDEGs_merged
LOC111106947,1,cross_study_DEG_comparison
LOC111106950,1,ds1-5_allDEGs_merged
LOC111106951,1,ds1-5_allDEGs_merged
LOC111106954,1,cross_study_DEG_comparison
LOC111106971,1,cross_study_DEG_comparison
LOC111106976,1,cross_study_DEG_comparison
LOC111106978,1,cross_study_DEG_comparison
LOC111106982,1,ds1-5_allDEGs_merged
LOC111106989,1,cross_study_DEG_comparison
LOC111106992,1,cross_study_DEG_comparison
LOC111106998,1,cross_study_DEG_comparison
LOC111107001,1,ds1-5_allDEGs_merged
LOC111107009,1,ds1-5_allDEGs_merged
LOC111107014,1,cross_study_DEG_comparison
LOC111107022,1,ds1-5_allDEGs_merged
LOC111107036,1,cross_study_DEG_comparison
LOC111107048,1,ds1-5_allDEGs_merged
LOC111107052,1,cross_study_DEG_comparison
LOC111107057,1,cross_study_DEG_comparison
LOC111107058,1,cross_study_DEG_comparison
LOC111107060,1,cross_study_DEG_comparison
LOC111107061,1,cross_study_DEG_comparison
LOC111107062,1,ds1-5_allDEGs_merged
LOC111107064,1,cross_study_DEG_comparison
LOC111107068,1,ds1-5_allDEGs_merged
LOC111107087,1,cross_study_DEG_comparison
LOC111107088,1,ds1-5_allDEGs_merged
LOC111107093,1,ds1-5_allDEGs_merged
LOC111107094,1,ds1-5_allDEGs_merged
LOC111107097,1,ds1-5_allDEGs_merged
LOC111107103,1,ds1-5_allDEGs_merged
LOC111107104,1,cross_study_DEG_comparison
LOC111107105,1,ds1-5_allDEGs_merged
LOC111107106,1,ds1-5_allDEGs_merged
LOC111107111,1,cross_study_DEG_comparison
LOC111107113,1,ds1-5_allDEGs_merged
LOC111107115,1,cross_study_DEG_comparison
LOC111107117,1,ds1-5_allDEGs_merged
LOC111107118,1,cross_study_DEG_comparison
LOC111107124,1,ds1-5_allDEGs_merged
LOC111107136,1,ds1-5_allDEGs_merged
LOC111107138,1,cross_study_DEG_comparison
LOC111107144,1,cross_study_DEG_comparison
LOC111107146,1,cross_study_DEG_comparison
LOC111107152,1,cross_study_DEG_comparison
LOC111107154,1,cross_study_DEG_comparison
LOC111107155,1,ds1-5_allDEGs_merged
LOC111107156,1,ds1-5_allDEGs_merged
LOC111107159,1,cross_study_DEG_comparison
LOC111107170,1,cross_study_DEG_comparison
LOC111107171,1,ds1-5_allDEGs_merged
LOC111107177,1,cross_study_DEG_comparison
LOC111107184,1,cross_study_DEG_comparison
LOC111107186,1,cross_study_DEG_comparison
LOC111107200,1,ds1-5_allDEGs_merged
LOC111107204,1,ds1-5_allDEGs_merged
LOC111107208,1,cross_study_DEG_comparison
LOC111107209,1,cross_study_DEG_comparison
LOC111107212,1,cross_study_DEG_comparison
LOC111107217,1,cross_study_DEG_comparison
LOC111107221,1,cross_study_DEG_comparison
LOC111107222,1,ds1-5_allDEGs_merged
LOC111107236,1,ds1-5_allDEGs_merged
LOC111107252,1,ds1-5_allDEGs_merged
LOC111107253,1,ds1-5_allDEGs_merged
LOC111107254,1,cross_study_DEG_comparison
LOC111107257,1,cross_study_DEG_comparison
LOC111107258,1,ds1-5_allDEGs_merged
LOC111107259,1,cross_study_DEG_comparison
LOC111107260,1,ds1-5_allDEGs_merged
LOC111107261,1,cross_study_DEG_comparison
LOC111107262,1,ds1-5_allDEGs_merged
LOC111107264,1,cross_study_DEG_comparison
LOC111107274,1,ds1-5_allDEGs_merged
LOC111107279,1,cross_study_DEG_comparison
LOC111107281,1,cross_study_DEG_comparison
LOC111107287,1,cross_study_DEG_comparison
LOC111107288,1,ds1-5_allDEGs_merged
LOC111107293,1,cross_study_DEG_comparison
LOC111107307,1,ds1-5_allDEGs_merged
LOC111107309,1,cross_study_DEG_comparison
LOC111107310,1,cross_study_DEG_comparison
LOC111107312,1,cross_study_DEG_comparison
LOC111107318,1,cross_study_DEG_comparison
LOC111107325,1,ds1-5_allDEGs_merged
LOC111107328,1,cross_study_DEG_comparison
LOC111107334,1,ds1-5_allDEGs_merged
LOC111107335,1,ds1-5_allDEGs_merged
LOC111107340,1,cross_study_DEG_comparison
LOC111107341,1,cross_study_DEG_comparison
LOC111107343,1,ds1-5_allDEGs_merged
LOC111107348,1,cross_study_DEG_comparison
LOC111107354,1,ds1-5_allDEGs_merged
LOC111107355,1,ds1-5_allDEGs_merged
LOC111107357,1,ds1-5_allDEGs_merged
LOC111107359,1,cross_study_DEG_comparison
LOC111107368,1,cross_study_DEG_comparison
LOC111107375,1,cross_study_DEG_comparison
LOC111107383,1,cross_study_DEG_comparison
LOC111107387,1,ds1-5_allDEGs_merged
LOC111107393,1,cross_study_DEG_comparison
LOC111107394,1,ds1-5_allDEGs_merged
LOC111107401,1,ds1-5_allDEGs_merged
LOC111107402,1,ds1-5_allDEGs_merged
LOC111107403,1,cross_study_DEG_comparison
LOC111107406,1,cross_study_DEG_comparison
LOC111107411,1,cross_study_DEG_comparison
LOC111107413,1,cross_study_DEG_comparison
LOC111107437,1,cross_study_DEG_comparison
LOC111107443,1,cross_study_DEG_comparison
LOC111107444,1,cross_study_DEG_comparison
LOC111107448,1,cross_study_DEG_comparison
LOC111107449,1,cross_study_DEG_comparison
LOC111107461,1,ds1-5_allDEGs_merged
LOC111107462,1,cross_study_DEG_comparison
LOC111107464,1,ds1-5_allDEGs_merged
LOC111107470,1,cross_study_DEG_comparison
LOC111107474,1,ds1-5_allDEGs_merged
LOC111107477,1,cross_study_DEG_comparison
LOC111107485,1,ds1-5_allDEGs_merged
LOC111107487,1,ds1-5_allDEGs_merged
LOC111107489,1,cross_study_DEG_comparison
LOC111107491,1,ds1-5_allDEGs_merged
LOC111107492,1,cross_study_DEG_comparison
LOC111107494,1,cross_study_DEG_comparison
LOC111107495,1,cross_study_DEG_comparison
LOC111107500,1,cross_study_DEG_comparison
LOC111107506,1,cross_study_DEG_comparison
LOC111107508,1,cross_study_DEG_comparison
LOC111107512,1,cross_study_DEG_comparison
LOC111107515,1,cross_study_DEG_comparison
LOC111107518,1,cross_study_DEG_comparison
LOC111107530,1,cross_study_DEG_comparison
LOC111107543,1,cross_study_DEG_comparison
LOC111107548,1,ds1-5_allDEGs_merged
LOC111107549,1,ds1-5_allDEGs_merged
LOC111107555,1,cross_study_DEG_comparison
LOC111107566,1,ds1-5_allDEGs_merged
LOC111107569,1,ds1-5_allDEGs_merged
LOC111107573,1,cross_study_DEG_comparison
LOC111107574,1,ds1-5_allDEGs_merged
LOC111107585,1,ds1-5_allDEGs_merged
LOC111107587,1,cross_study_DEG_comparison
LOC111107593,1,ds1-5_allDEGs_merged
LOC111107595,1,ds1-5_allDEGs_merged
LOC111107596,1,cross_study_DEG_comparison
LOC111107597,1,cross_study_DEG_comparison
LOC111107598,1,ds1-5_allDEGs_merged
LOC111107603,1,cross_study_DEG_comparison
LOC111107607,1,cross_study_DEG_comparison
LOC111107609,1,ds1-5_allDEGs_merged
LOC111107611,1,ds1-5_allDEGs_merged
LOC111107617,1,ds1-5_allDEGs_merged
LOC111107618,1,ds1-5_allDEGs_merged
LOC111107625,1,cross_study_DEG_comparison
LOC111107632,1,ds1-5_allDEGs_merged
LOC111107643,1,cross_study_DEG_comparison
LOC111107644,1,cross_study_DEG_comparison
LOC111107654,1,cross_study_DEG_comparison
LOC111107655,1,cross_study_DEG_comparison
LOC111107657,1,ds1-5_allDEGs_merged
LOC111107664,1,cross_study_DEG_comparison
LOC111107666,1,cross_study_DEG_comparison
LOC111107669,1,cross_study_DEG_comparison
LOC111107687,1,ds1-5_allDEGs_merged
LOC111107689,1,cross_study_DEG_comparison
LOC111107693,1,cross_study_DEG_comparison
LOC111107696,1,ds1-5_allDEGs_merged
LOC111107699,1,ds1-5_allDEGs_merged
LOC111107711,1,ds1-5_allDEGs_merged
LOC111107722,1,ds1-5_allDEGs_merged
LOC111107727,1,cross_study_DEG_comparison
LOC111107734,1,cross_study_DEG_comparison
LOC111107750,1,cross_study_DEG_comparison
LOC111107752,1,cross_study_DEG_comparison
LOC111107755,1,ds1-5_allDEGs_merged
LOC111107756,1,ds1-5_allDEGs_merged
LOC111107757,1,cross_study_DEG_comparison
LOC111107758,1,cross_study_DEG_comparison
LOC111107759,1,cross_study_DEG_comparison
LOC111107760,1,ds1-5_allDEGs_merged
LOC111107763,1,ds1-5_allDEGs_merged
LOC111107764,1,top_50_predictive_genes_for_classification
LOC111107766,1,cross_study_DEG_comparison
LOC111107767,1,ds1-5_allDEGs_merged
LOC111107774,1,ds1-5_allDEGs_merged
LOC111107777,1,cross_study_DEG_comparison
LOC111107780,1,cross_study_DEG_comparison
LOC111107785,1,cross_study_DEG_comparison
LOC111107786,1,cross_study_DEG_comparison
LOC111107787,1,ds1-5_allDEGs_merged
LOC111107790,1,ds1-5_allDEGs_merged
LOC111107792,1,cross_study_DEG_comparison
LOC111107800,1,cross_study_DEG_comparison
LOC111107816,1,ds1-5_allDEGs_merged
LOC111107817,1,ds1-5_allDEGs_merged
LOC111107818,1,ds1-5_allDEGs_merged
LOC111107828,1,cross_study_DEG_comparison
LOC111107831,1,cross_study_DEG_comparison
LOC111107832,1,ds1-5_allDEGs_merged
LOC111107834,1,ds1-5_allDEGs_merged
LOC111107852,1,ds1-5_allDEGs_merged
LOC111107856,1,cross_study_DEG_comparison
LOC111107861,1,ds1-5_allDEGs_merged
LOC111107865,1,ds1-5_allDEGs_merged
LOC111107873,1,cross_study_DEG_comparison
LOC111107874,1,cross_study_DEG_comparison
LOC111107884,1,cross_study_DEG_comparison
LOC111107885,1,cross_study_DEG_comparison
LOC111107893,1,cross_study_DEG_comparison
LOC111107894,1,cross_study_DEG_comparison
LOC111107897,1,cross_study_DEG_comparison
LOC111107899,1,cross_study_DEG_comparison
LOC111107901,1,cross_study_DEG_comparison
LOC111107903,1,cross_study_DEG_comparison
LOC111107905,1,cross_study_DEG_comparison
LOC111107907,1,cross_study_DEG_comparison
LOC111107912,1,ds1-5_allDEGs_merged
LOC111107913,1,cross_study_DEG_comparison
LOC111107925,1,cross_study_DEG_comparison
LOC111107931,1,ds1-5_allDEGs_merged
LOC111107933,1,ds1-5_allDEGs_merged
LOC111107936,1,cross_study_DEG_comparison
LOC111107940,1,ds1-5_allDEGs_merged
LOC111107942,1,ds1-5_allDEGs_merged
LOC111107944,1,ds1-5_allDEGs_merged
LOC111107945,1,ds1-5_allDEGs_merged
LOC111107946,1,ds1-5_allDEGs_merged
LOC111107948,1,ds1-5_allDEGs_merged
LOC111107980,1,cross_study_DEG_comparison
LOC111107982,1,ds1-5_allDEGs_merged
LOC111107984,1,ds1-5_allDEGs_merged
LOC111107985,1,ds1-5_allDEGs_merged
LOC111107992,1,cross_study_DEG_comparison
LOC111107995,1,ds1-5_allDEGs_merged
LOC111107997,1,ds1-5_allDEGs_merged
LOC111107999,1,ds1-5_allDEGs_merged
LOC111108001,1,cross_study_DEG_comparison
LOC111108011,1,ds1-5_allDEGs_merged
LOC111108012,1,ds1-5_allDEGs_merged
LOC111108013,1,cross_study_DEG_comparison
LOC111108015,1,cross_study_DEG_comparison
LOC111108041,1,ds1-5_allDEGs_merged
LOC111108043,1,cross_study_DEG_comparison
LOC111108045,1,cross_study_DEG_comparison
LOC111108046,1,cross_study_DEG_comparison
LOC111108048,1,cross_study_DEG_comparison
LOC111108055,1,ds1-5_allDEGs_merged
LOC111108058,1,ds1-5_allDEGs_merged
LOC111108061,1,ds1-5_allDEGs_merged
LOC111108064,1,ds1-5_allDEGs_merged
LOC111108070,1,ds1-5_allDEGs_merged
LOC111108073,1,cross_study_DEG_comparison
LOC111108080,1,ds1-5_allDEGs_merged
LOC111108081,1,cross_study_DEG_comparison
LOC111108085,1,ds1-5_allDEGs_merged
LOC111108086,1,cross_study_DEG_comparison
LOC111108089,1,cross_study_DEG_comparison
LOC111108090,1,cross_study_DEG_comparison
LOC111108092,1,cross_study_DEG_comparison
LOC111108097,1,cross_study_DEG_comparison
LOC111108099,1,cross_study_DEG_comparison
LOC111108100,1,cross_study_DEG_comparison
LOC111108106,1,cross_study_DEG_comparison
LOC111108110,1,ds1-5_allDEGs_merged
LOC111108114,1,ds1-5_allDEGs_merged
LOC111108115,1,cross_study_DEG_comparison
LOC111108120,1,cross_study_DEG_comparison
LOC111108121,1,ds1-5_allDEGs_merged
LOC111108124,1,cross_study_DEG_comparison
LOC111108128,1,ds1-5_allDEGs_merged
LOC111108129,1,ds1-5_allDEGs_merged
LOC111108135,1,ds1-5_allDEGs_merged
LOC111108137,1,cross_study_DEG_comparison
LOC111108139,1,ds1-5_allDEGs_merged
LOC111108144,1,ds1-5_allDEGs_merged
LOC111108145,1,ds1-5_allDEGs_merged
LOC111108151,1,cross_study_DEG_comparison
LOC111108165,1,ds1-5_allDEGs_merged
LOC111108166,1,ds1-5_allDEGs_merged
LOC111108167,1,cross_study_DEG_comparison
LOC111108173,1,cross_study_DEG_comparison
LOC111108184,1,ds1-5_allDEGs_merged
LOC111108187,1,ds1-5_allDEGs_merged
LOC111108191,1,ds1-5_allDEGs_merged
LOC111108192,1,ds1-5_allDEGs_merged
LOC111108193,1,ds1-5_allDEGs_merged
LOC111108194,1,cross_study_DEG_comparison
LOC111108197,1,cross_study_DEG_comparison
LOC111108202,1,cross_study_DEG_comparison
LOC111108205,1,cross_study_DEG_comparison
LOC111108211,1,ds1-5_allDEGs_merged
LOC111108212,1,cross_study_DEG_comparison
LOC111108218,1,cross_study_DEG_comparison
LOC111108222,1,cross_study_DEG_comparison
LOC111108226,1,cross_study_DEG_comparison
LOC111108236,1,cross_study_DEG_comparison
LOC111108237,1,ds1-5_allDEGs_merged
LOC111108238,1,ds1-5_allDEGs_merged
LOC111108240,1,cross_study_DEG_comparison
LOC111108243,1,cross_study_DEG_comparison
LOC111108244,1,ds1-5_allDEGs_merged
LOC111108249,1,cross_study_DEG_comparison
LOC111108252,1,ds1-5_allDEGs_merged
LOC111108253,1,ds1-5_allDEGs_merged
LOC111108260,1,cross_study_DEG_comparison
LOC111108262,1,cross_study_DEG_comparison
LOC111108265,1,ds1-5_allDEGs_merged
LOC111108271,1,ds1-5_allDEGs_merged
LOC111108276,1,cross_study_DEG_comparison
LOC111108279,1,cross_study_DEG_comparison
LOC111108281,1,ds1-5_allDEGs_merged
LOC111108287,1,ds1-5_allDEGs_merged
LOC111108291,1,top10genes
LOC111108299,1,ds1-5_allDEGs_merged
LOC111108301,1,ds1-5_allDEGs_merged
LOC111108303,1,ds1-5_allDEGs_merged
LOC111108305,1,cross_study_DEG_comparison
LOC111108306,1,cross_study_DEG_comparison
LOC111108307,1,ds1-5_allDEGs_merged
LOC111108308,1,cross_study_DEG_comparison
LOC111108313,1,ds1-5_allDEGs_merged
LOC111108315,1,ds1-5_allDEGs_merged
LOC111108316,1,ds1-5_allDEGs_merged
LOC111108317,1,ds1-5_allDEGs_merged
LOC111108320,1,ds1-5_allDEGs_merged
LOC111108333,1,cross_study_DEG_comparison
LOC111108335,1,cross_study_DEG_comparison
LOC111108337,1,cross_study_DEG_comparison
LOC111108338,1,cross_study_DEG_comparison
LOC111108339,1,ds1-5_allDEGs_merged
LOC111108346,1,ds1-5_allDEGs_merged
LOC111108357,1,ds1-5_allDEGs_merged
LOC111108362,1,ds1-5_allDEGs_merged
LOC111108369,1,cross_study_DEG_comparison
LOC111108370,1,ds1-5_allDEGs_merged
LOC111108377,1,ds1-5_allDEGs_merged
LOC111108379,1,cross_study_DEG_comparison
LOC111108382,1,cross_study_DEG_comparison
LOC111108388,1,cross_study_DEG_comparison
LOC111108389,1,cross_study_DEG_comparison
LOC111108397,1,ds1-5_allDEGs_merged
LOC111108402,1,ds1-5_allDEGs_merged
LOC111108404,1,cross_study_DEG_comparison
LOC111108406,1,ds1-5_allDEGs_merged
LOC111108407,1,cross_study_DEG_comparison
LOC111108411,1,cross_study_DEG_comparison
LOC111108412,1,ds1-5_allDEGs_merged
LOC111108414,1,ds1-5_allDEGs_merged
LOC111108415,1,ds1-5_allDEGs_merged
LOC111108419,1,ds1-5_allDEGs_merged
LOC111108427,1,cross_study_DEG_comparison
LOC111108428,1,ds1-5_allDEGs_merged
LOC111108431,1,ds1-5_allDEGs_merged
LOC111108432,1,ds1-5_allDEGs_merged
LOC111108437,1,ds1-5_allDEGs_merged
LOC111108441,1,ds1-5_allDEGs_merged
LOC111108442,1,ds1-5_allDEGs_merged
LOC111108443,1,cross_study_DEG_comparison
LOC111108451,1,cross_study_DEG_comparison
LOC111108456,1,ds1-5_allDEGs_merged
LOC111108465,1,cross_study_DEG_comparison
LOC111108469,1,cross_study_DEG_comparison
LOC111108471,1,ds1-5_allDEGs_merged
LOC111108472,1,cross_study_DEG_comparison
LOC111108475,1,ds1-5_allDEGs_merged
LOC111108476,1,cross_study_DEG_comparison
LOC111108482,1,ds1-5_allDEGs_merged
LOC111108483,1,ds1-5_allDEGs_merged
LOC111108484,1,ds1-5_allDEGs_merged
LOC111108486,1,cross_study_DEG_comparison
LOC111108492,1,ds1-5_allDEGs_merged
LOC111108495,1,cross_study_DEG_comparison
LOC111108498,1,ds1-5_allDEGs_merged
LOC111108499,1,ds1-5_allDEGs_merged
LOC111108503,1,ds1-5_allDEGs_merged
LOC111108504,1,ds1-5_allDEGs_merged
LOC111108510,1,ds1-5_allDEGs_merged
LOC111108522,1,cross_study_DEG_comparison
LOC111108534,1,cross_study_DEG_comparison
LOC111108536,1,ds1-5_allDEGs_merged
LOC111108540,1,cross_study_DEG_comparison
LOC111108542,1,ds1-5_allDEGs_merged
LOC111108543,1,cross_study_DEG_comparison
LOC111108547,1,cross_study_DEG_comparison
LOC111108553,1,cross_study_DEG_comparison
LOC111108559,1,cross_study_DEG_comparison
LOC111108566,1,ds1-5_allDEGs_merged
LOC111108575,1,ds1-5_allDEGs_merged
LOC111108578,1,ds1-5_allDEGs_merged
LOC111108585,1,ds1-5_allDEGs_merged
LOC111108586,1,ds1-5_allDEGs_merged
LOC111108587,1,ds1-5_allDEGs_merged
LOC111108588,1,cross_study_DEG_comparison
LOC111108595,1,ds1-5_allDEGs_merged
LOC111108598,1,ds1-5_allDEGs_merged
LOC111108604,1,cross_study_DEG_comparison
LOC111108607,1,ds1-5_allDEGs_merged
LOC111108614,1,ds1-5_allDEGs_merged
LOC111108615,1,cross_study_DEG_comparison
LOC111108616,1,cross_study_DEG_comparison
LOC111108617,1,cross_study_DEG_comparison
LOC111108620,1,ds1-5_allDEGs_merged
LOC111108621,1,cross_study_DEG_comparison
LOC111108622,1,cross_study_DEG_comparison
LOC111108633,1,cross_study_DEG_comparison
LOC111108639,1,cross_study_DEG_comparison
LOC111108641,1,ds1-5_allDEGs_merged
LOC111108644,1,cross_study_DEG_comparison
LOC111108645,1,cross_study_DEG_comparison
LOC111108649,1,ds1-5_allDEGs_merged
LOC111108651,1,cross_study_DEG_comparison
LOC111108653,1,cross_study_DEG_comparison
LOC111108659,1,cross_study_DEG_comparison
LOC111108662,1,cross_study_DEG_comparison
LOC111108664,1,ds1-5_allDEGs_merged
LOC111108666,1,ds1-5_allDEGs_merged
LOC111108668,1,ds1-5_allDEGs_merged
LOC111108671,1,ds1-5_allDEGs_merged
LOC111108672,1,ds1-5_allDEGs_merged
LOC111108673,1,ds1-5_allDEGs_merged
LOC111108675,1,cross_study_DEG_comparison
LOC111108677,1,cross_study_DEG_comparison
LOC111108678,1,ds1-5_allDEGs_merged
LOC111108679,1,ds1-5_allDEGs_merged
LOC111108685,1,ds1-5_allDEGs_merged
LOC111108691,1,ds1-5_allDEGs_merged
LOC111108692,1,ds1-5_allDEGs_merged
LOC111108693,1,ds1-5_allDEGs_merged
LOC111108700,1,cross_study_DEG_comparison
LOC111108701,1,ds1-5_allDEGs_merged
LOC111108718,1,ds1-5_allDEGs_merged
LOC111108726,1,ds1-5_allDEGs_merged
LOC111108728,1,cross_study_DEG_comparison
LOC111108730,1,ds1-5_allDEGs_merged
LOC111108731,1,ds1-5_allDEGs_merged
LOC111108733,1,ds1-5_allDEGs_merged
LOC111108734,1,ds1-5_allDEGs_merged
LOC111108741,1,ds1-5_allDEGs_merged
LOC111108744,1,ds1-5_allDEGs_merged
LOC111108746,1,ds1-5_allDEGs_merged
LOC111108748,1,ds1-5_allDEGs_merged
LOC111108749,1,cross_study_DEG_comparison
LOC111108755,1,cross_study_DEG_comparison
LOC111108757,1,cross_study_DEG_comparison
LOC111108759,1,ds1-5_allDEGs_merged
LOC111108760,1,cross_study_DEG_comparison
LOC111108762,1,cross_study_DEG_comparison
LOC111108764,1,ds1-5_allDEGs_merged
LOC111108766,1,cross_study_DEG_comparison
LOC111108767,1,ds1-5_allDEGs_merged
LOC111108768,1,cross_study_DEG_comparison
LOC111108769,1,ds1-5_allDEGs_merged
LOC111108773,1,cross_study_DEG_comparison
LOC111108779,1,ds1-5_allDEGs_merged
LOC111108783,1,ds1-5_allDEGs_merged
LOC111108788,1,ds1-5_allDEGs_merged
LOC111108793,1,cross_study_DEG_comparison
LOC111108810,1,ds1-5_allDEGs_merged
LOC111108813,1,cross_study_DEG_comparison
LOC111108816,1,ds1-5_allDEGs_merged
LOC111108826,1,ds1-5_allDEGs_merged
LOC111108835,1,cross_study_DEG_comparison
LOC111108839,1,ds1-5_allDEGs_merged
LOC111108855,1,ds1-5_allDEGs_merged
LOC111108857,1,ds1-5_allDEGs_merged
LOC111108878,1,ds1-5_allDEGs_merged
LOC111108879,1,cross_study_DEG_comparison
LOC111108896,1,cross_study_DEG_comparison
LOC111108905,1,cross_study_DEG_comparison
LOC111108909,1,cross_study_DEG_comparison
LOC111108922,1,cross_study_DEG_comparison
LOC111108926,1,cross_study_DEG_comparison
LOC111108951,1,cross_study_DEG_comparison
LOC111108955,1,cross_study_DEG_comparison
LOC111108973,1,ds1-5_allDEGs_merged
LOC111109005,1,ds1-5_allDEGs_merged
LOC111109014,1,ds1-5_allDEGs_merged
LOC111109019,1,ds1-5_allDEGs_merged
LOC111109020,1,cross_study_DEG_comparison
LOC111109021,1,cross_study_DEG_comparison
LOC111109022,1,cross_study_DEG_comparison
LOC111109030,1,ds1-5_allDEGs_merged
LOC111109036,1,cross_study_DEG_comparison
LOC111109074,1,ds1-5_allDEGs_merged
LOC111109075,1,ds1-5_allDEGs_merged
LOC111109076,1,ds1-5_allDEGs_merged
LOC111109103,1,ds1-5_allDEGs_merged
LOC111109105,1,cross_study_DEG_comparison
LOC111109108,1,cross_study_DEG_comparison
LOC111109111,1,cross_study_DEG_comparison
LOC111109130,1,ds1-5_allDEGs_merged
LOC111109132,1,ds1-5_allDEGs_merged
LOC111109135,1,cross_study_DEG_comparison
LOC111109147,1,cross_study_DEG_comparison
LOC111109153,1,cross_study_DEG_comparison
LOC111109162,1,cross_study_DEG_comparison
LOC111109164,1,ds1-5_allDEGs_merged
LOC111109168,1,ds1-5_allDEGs_merged
LOC111109173,1,cross_study_DEG_comparison
LOC111109188,1,ds1-5_allDEGs_merged
LOC111109191,1,cross_study_DEG_comparison
LOC111109232,1,cross_study_DEG_comparison
LOC111109233,1,cross_study_DEG_comparison
LOC111109249,1,cross_study_DEG_comparison
LOC111109255,1,cross_study_DEG_comparison
LOC111109257,1,cross_study_DEG_comparison
LOC111109268,1,cross_study_DEG_comparison
LOC111109277,1,ds1-5_allDEGs_merged
LOC111109296,1,cross_study_DEG_comparison
LOC111109309,1,cross_study_DEG_comparison
LOC111109311,1,cross_study_DEG_comparison
LOC111109324,1,cross_study_DEG_comparison
LOC111109332,1,cross_study_DEG_comparison
LOC111109352,1,ds1-5_allDEGs_merged
LOC111109354,1,cross_study_DEG_comparison
LOC111109360,1,cross_study_DEG_comparison
LOC111109368,1,cross_study_DEG_comparison
LOC111109369,1,ds1-5_allDEGs_merged
LOC111109372,1,ds1-5_allDEGs_merged
LOC111109375,1,ds1-5_allDEGs_merged
LOC111109377,1,ds1-5_allDEGs_merged
LOC111109386,1,ds1-5_allDEGs_merged
LOC111109390,1,cross_study_DEG_comparison
LOC111109391,1,cross_study_DEG_comparison
LOC111109392,1,ds1-5_allDEGs_merged
LOC111109394,1,cross_study_DEG_comparison
LOC111109401,1,ds1-5_allDEGs_merged
LOC111109403,1,ds1-5_allDEGs_merged
LOC111109419,1,ds1-5_allDEGs_merged
LOC111109421,1,ds1-5_allDEGs_merged
LOC111109424,1,cross_study_DEG_comparison
LOC111109426,1,ds1-5_allDEGs_merged
LOC111109429,1,ds1-5_allDEGs_merged
LOC111109437,1,cross_study_DEG_comparison
LOC111109440,1,cross_study_DEG_comparison
LOC111109445,1,cross_study_DEG_comparison
LOC111109447,1,cross_study_DEG_comparison
LOC111109448,1,ds1-5_allDEGs_merged
LOC111109449,1,ds1-5_allDEGs_merged
LOC111109452,1,cross_study_DEG_comparison
LOC111109453,1,ds1-5_allDEGs_merged
LOC111109456,1,ds1-5_allDEGs_merged
LOC111109469,1,ds1-5_allDEGs_merged
LOC111109470,1,ds1-5_allDEGs_merged
LOC111109473,1,cross_study_DEG_comparison
LOC111109475,1,cross_study_DEG_comparison
LOC111109476,1,cross_study_DEG_comparison
LOC111109482,1,ds1-5_allDEGs_merged
LOC111109484,1,cross_study_DEG_comparison
LOC111109495,1,cross_study_DEG_comparison
LOC111109497,1,ds1-5_allDEGs_merged
LOC111109498,1,ds1-5_allDEGs_merged
LOC111109504,1,cross_study_DEG_comparison
LOC111109511,1,cross_study_DEG_comparison
LOC111109512,1,cross_study_DEG_comparison
LOC111109517,1,cross_study_DEG_comparison
LOC111109518,1,ds1-5_allDEGs_merged
LOC111109525,1,ds1-5_allDEGs_merged
LOC111109526,1,cross_study_DEG_comparison
LOC111109537,1,cross_study_DEG_comparison
LOC111109540,1,cross_study_DEG_comparison
LOC111109542,1,ds1-5_allDEGs_merged
LOC111109543,1,cross_study_DEG_comparison
LOC111109547,1,cross_study_DEG_comparison
LOC111109550,1,cross_study_DEG_comparison
LOC111109555,1,cross_study_DEG_comparison
LOC111109557,1,cross_study_DEG_comparison
LOC111109558,1,cross_study_DEG_comparison
LOC111109563,1,cross_study_DEG_comparison
LOC111109565,1,cross_study_DEG_comparison
LOC111109566,1,cross_study_DEG_comparison
LOC111109575,1,ds1-5_allDEGs_merged
LOC111109576,1,ds1-5_allDEGs_merged
LOC111109577,1,cross_study_DEG_comparison
LOC111109582,1,cross_study_DEG_comparison
LOC111109589,1,cross_study_DEG_comparison
LOC111109590,1,cross_study_DEG_comparison
LOC111109591,1,ds1-5_allDEGs_merged
LOC111109594,1,ds1-5_allDEGs_merged
LOC111109608,1,ds1-5_allDEGs_merged
LOC111109614,1,cross_study_DEG_comparison
LOC111109617,1,ds1-5_allDEGs_merged
LOC111109620,1,ds1-5_allDEGs_merged
LOC111109622,1,ds1-5_allDEGs_merged
LOC111109643,1,ds1-5_allDEGs_merged
LOC111109649,1,ds1-5_allDEGs_merged
LOC111109653,1,cross_study_DEG_comparison
LOC111109655,1,ds1-5_allDEGs_merged
LOC111109669,1,cross_study_DEG_comparison
LOC111109670,1,cross_study_DEG_comparison
LOC111109671,1,cross_study_DEG_comparison
LOC111109677,1,cross_study_DEG_comparison
LOC111109681,1,ds1-5_allDEGs_merged
LOC111109683,1,cross_study_DEG_comparison
LOC111109688,1,cross_study_DEG_comparison
LOC111109700,1,ds1-5_allDEGs_merged
LOC111109709,1,ds1-5_allDEGs_merged
LOC111109717,1,ds1-5_allDEGs_merged
LOC111109720,1,ds1-5_allDEGs_merged
LOC111109733,1,ds1-5_allDEGs_merged
LOC111109739,1,cross_study_DEG_comparison
LOC111109740,1,ds1-5_allDEGs_merged
LOC111109741,1,cross_study_DEG_comparison
LOC111109744,1,top_50_predictive_genes_for_classification
LOC111109745,1,ds1-5_allDEGs_merged
LOC111109749,1,cross_study_DEG_comparison
LOC111109754,1,ds1-5_allDEGs_merged
LOC111109757,1,ds1-5_allDEGs_merged
LOC111109761,1,ds1-5_allDEGs_merged
LOC111109763,1,ds1-5_allDEGs_merged
LOC111109766,1,ds1-5_allDEGs_merged
LOC111109780,1,ds1-5_allDEGs_merged
LOC111109792,1,cross_study_DEG_comparison
LOC111109808,1,ds1-5_allDEGs_merged
LOC111109812,1,cross_study_DEG_comparison
LOC111109817,1,cross_study_DEG_comparison
LOC111109831,1,ds1-5_allDEGs_merged
LOC111109837,1,cross_study_DEG_comparison
LOC111109840,1,cross_study_DEG_comparison
LOC111109841,1,ds1-5_allDEGs_merged
LOC111109844,1,cross_study_DEG_comparison
LOC111109845,1,ds1-5_allDEGs_merged
LOC111109847,1,ds1-5_allDEGs_merged
LOC111109850,1,cross_study_DEG_comparison
LOC111109852,1,cross_study_DEG_comparison
LOC111109860,1,ds1-5_allDEGs_merged
LOC111109862,1,cross_study_DEG_comparison
LOC111109866,1,cross_study_DEG_comparison
LOC111109875,1,cross_study_DEG_comparison
LOC111109877,1,ds1-5_allDEGs_merged
LOC111109878,1,cross_study_DEG_comparison
LOC111109880,1,ds1-5_allDEGs_merged
LOC111109884,1,cross_study_DEG_comparison
LOC111109885,1,ds1-5_allDEGs_merged
LOC111109886,1,ds1-5_allDEGs_merged
LOC111109893,1,ds1-5_allDEGs_merged
LOC111109899,1,cross_study_DEG_comparison
LOC111109910,1,cross_study_DEG_comparison
LOC111109912,1,cross_study_DEG_comparison
LOC111109913,1,ds1-5_allDEGs_merged
LOC111109914,1,top10genes
LOC111109924,1,cross_study_DEG_comparison
LOC111109929,1,cross_study_DEG_comparison
LOC111109930,1,cross_study_DEG_comparison
LOC111109932,1,cross_study_DEG_comparison
LOC111109942,1,ds1-5_allDEGs_merged
LOC111109943,1,ds1-5_allDEGs_merged
LOC111109944,1,cross_study_DEG_comparison
LOC111109946,1,cross_study_DEG_comparison
LOC111109950,1,ds1-5_allDEGs_merged
LOC111109956,1,cross_study_DEG_comparison
LOC111109958,1,cross_study_DEG_comparison
LOC111109959,1,cross_study_DEG_comparison
LOC111109960,1,cross_study_DEG_comparison
LOC111109963,1,ds1-5_allDEGs_merged
LOC111109965,1,cross_study_DEG_comparison
LOC111109969,1,ds1-5_allDEGs_merged
LOC111109973,1,cross_study_DEG_comparison
LOC111109984,1,cross_study_DEG_comparison
LOC111109985,1,ds1-5_allDEGs_merged
LOC111109996,1,ds1-5_allDEGs_merged
LOC111110003,1,ds1-5_allDEGs_merged
LOC111110005,1,cross_study_DEG_comparison
LOC111110014,1,cross_study_DEG_comparison
LOC111110026,1,cross_study_DEG_comparison
LOC111110027,1,cross_study_DEG_comparison
LOC111110028,1,cross_study_DEG_comparison
LOC111110032,1,cross_study_DEG_comparison
LOC111110033,1,ds1-5_allDEGs_merged
LOC111110034,1,cross_study_DEG_comparison
LOC111110038,1,cross_study_DEG_comparison
LOC111110047,1,cross_study_DEG_comparison
LOC111110051,1,cross_study_DEG_comparison
LOC111110055,1,ds1-5_allDEGs_merged
LOC111110056,1,cross_study_DEG_comparison
LOC111110057,1,cross_study_DEG_comparison
LOC111110059,1,ds1-5_allDEGs_merged
LOC111110066,1,cross_study_DEG_comparison
LOC111110076,1,ds1-5_allDEGs_merged
LOC111110083,1,cross_study_DEG_comparison
LOC111110093,1,cross_study_DEG_comparison
LOC111110099,1,ds1-5_allDEGs_merged
LOC111110105,1,cross_study_DEG_comparison
LOC111110109,1,cross_study_DEG_comparison
LOC111110122,1,cross_study_DEG_comparison
LOC111110123,1,ds1-5_allDEGs_merged
LOC111110124,1,ds1-5_allDEGs_merged
LOC111110126,1,ds1-5_allDEGs_merged
LOC111110140,1,cross_study_DEG_comparison
LOC111110149,1,cross_study_DEG_comparison
LOC111110156,1,ds1-5_allDEGs_merged
LOC111110163,1,ds1-5_allDEGs_merged
LOC111110171,1,cross_study_DEG_comparison
LOC111110179,1,ds1-5_allDEGs_merged
LOC111110181,1,cross_study_DEG_comparison
LOC111110183,1,cross_study_DEG_comparison
LOC111110185,1,ds1-5_allDEGs_merged
LOC111110188,1,ds1-5_allDEGs_merged
LOC111110198,1,cross_study_DEG_comparison
LOC111110199,1,cross_study_DEG_comparison
LOC111110202,1,cross_study_DEG_comparison
LOC111110204,1,ds1-5_allDEGs_merged
LOC111110207,1,cross_study_DEG_comparison
LOC111110232,1,ds1-5_allDEGs_merged
LOC111110238,1,ds1-5_allDEGs_merged
LOC111110247,1,cross_study_DEG_comparison
LOC111110248,1,cross_study_DEG_comparison
LOC111110250,1,cross_study_DEG_comparison
LOC111110251,1,cross_study_DEG_comparison
LOC111110267,1,ds1-5_allDEGs_merged
LOC111110270,1,ds1-5_allDEGs_merged
LOC111110272,1,ds1-5_allDEGs_merged
LOC111110273,1,cross_study_DEG_comparison
LOC111110275,1,ds1-5_allDEGs_merged
LOC111110276,1,ds1-5_allDEGs_merged
LOC111110282,1,ds1-5_allDEGs_merged
LOC111110283,1,cross_study_DEG_comparison
LOC111110284,1,ds1-5_allDEGs_merged
LOC111110286,1,cross_study_DEG_comparison
LOC111110287,1,ds1-5_allDEGs_merged
LOC111110289,1,ds1-5_allDEGs_merged
LOC111110290,1,cross_study_DEG_comparison
LOC111110297,1,ds1-5_allDEGs_merged
LOC111110298,1,ds1-5_allDEGs_merged
LOC111110304,1,cross_study_DEG_comparison
LOC111110309,1,cross_study_DEG_comparison
LOC111110310,1,cross_study_DEG_comparison
LOC111110311,1,cross_study_DEG_comparison
LOC111110316,1,ds1-5_allDEGs_merged
LOC111110317,1,cross_study_DEG_comparison
LOC111110321,1,cross_study_DEG_comparison
LOC111110323,1,cross_study_DEG_comparison
LOC111110330,1,ds1-5_allDEGs_merged
LOC111110332,1,ds1-5_allDEGs_merged
LOC111110333,1,cross_study_DEG_comparison
LOC111110334,1,ds1-5_allDEGs_merged
LOC111110336,1,cross_study_DEG_comparison
LOC111110340,1,cross_study_DEG_comparison
LOC111110352,1,cross_study_DEG_comparison
LOC111110353,1,cross_study_DEG_comparison
LOC111110355,1,ds1-5_allDEGs_merged
LOC111110359,1,ds1-5_allDEGs_merged
LOC111110366,1,ds1-5_allDEGs_merged
LOC111110368,1,ds1-5_allDEGs_merged
LOC111110371,1,ds1-5_allDEGs_merged
LOC111110373,1,cross_study_DEG_comparison
LOC111110374,1,cross_study_DEG_comparison
LOC111110376,1,cross_study_DEG_comparison
LOC111110384,1,ds1-5_allDEGs_merged
LOC111110385,1,cross_study_DEG_comparison
LOC111110394,1,cross_study_DEG_comparison
LOC111110402,1,cross_study_DEG_comparison
LOC111110403,1,ds1-5_allDEGs_merged
LOC111110404,1,cross_study_DEG_comparison
LOC111110405,1,cross_study_DEG_comparison
LOC111110406,1,ds1-5_allDEGs_merged
LOC111110417,1,cross_study_DEG_comparison
LOC111110418,1,ds1-5_allDEGs_merged
LOC111110423,1,cross_study_DEG_comparison
LOC111110427,1,cross_study_DEG_comparison
LOC111110439,1,cross_study_DEG_comparison
LOC111110444,1,cross_study_DEG_comparison
LOC111110445,1,cross_study_DEG_comparison
LOC111110452,1,cross_study_DEG_comparison
LOC111110463,1,cross_study_DEG_comparison
LOC111110467,1,ds1-5_allDEGs_merged
LOC111110470,1,cross_study_DEG_comparison
LOC111110471,1,ds1-5_allDEGs_merged
LOC111110476,1,cross_study_DEG_comparison
LOC111110483,1,cross_study_DEG_comparison
LOC111110489,1,cross_study_DEG_comparison
LOC111110491,1,ds1-5_allDEGs_merged
LOC111110494,1,ds1-5_allDEGs_merged
LOC111110509,1,ds1-5_allDEGs_merged
LOC111110526,1,ds1-5_allDEGs_merged
LOC111110532,1,ds1-5_allDEGs_merged
LOC111110539,1,ds1-5_allDEGs_merged
LOC111110542,1,ds1-5_allDEGs_merged
LOC111110552,1,cross_study_DEG_comparison
LOC111110554,1,cross_study_DEG_comparison
LOC111110570,1,cross_study_DEG_comparison
LOC111110574,1,ds1-5_allDEGs_merged
LOC111110582,1,ds1-5_allDEGs_merged
LOC111110592,1,ds1-5_allDEGs_merged
LOC111110598,1,cross_study_DEG_comparison
LOC111110600,1,cross_study_DEG_comparison
LOC111110601,1,ds1-5_allDEGs_merged
LOC111110603,1,cross_study_DEG_comparison
LOC111110604,1,ds1-5_allDEGs_merged
LOC111110605,1,cross_study_DEG_comparison
LOC111110609,1,cross_study_DEG_comparison
LOC111110615,1,cross_study_DEG_comparison
LOC111110618,1,ds1-5_allDEGs_merged
LOC111110619,1,cross_study_DEG_comparison
LOC111110626,1,cross_study_DEG_comparison
LOC111110628,1,cross_study_DEG_comparison
LOC111110629,1,cross_study_DEG_comparison
LOC111110630,1,ds1-5_allDEGs_merged
LOC111110636,1,ds1-5_allDEGs_merged
LOC111110638,1,ds1-5_allDEGs_merged
LOC111110640,1,cross_study_DEG_comparison
LOC111110642,1,ds1-5_allDEGs_merged
LOC111110643,1,cross_study_DEG_comparison
LOC111110644,1,cross_study_DEG_comparison
LOC111110645,1,ds1-5_allDEGs_merged
LOC111110648,1,ds1-5_allDEGs_merged
LOC111110661,1,ds1-5_allDEGs_merged
LOC111110671,1,cross_study_DEG_comparison
LOC111110672,1,cross_study_DEG_comparison
LOC111110674,1,cross_study_DEG_comparison
LOC111110681,1,ds1-5_allDEGs_merged
LOC111110682,1,ds1-5_allDEGs_merged
LOC111110686,1,cross_study_DEG_comparison
LOC111110715,1,cross_study_DEG_comparison
LOC111110721,1,cross_study_DEG_comparison
LOC111110726,1,ds1-5_allDEGs_merged
LOC111110731,1,cross_study_DEG_comparison
LOC111110735,1,cross_study_DEG_comparison
LOC111110739,1,cross_study_DEG_comparison
LOC111110741,1,cross_study_DEG_comparison
LOC111110744,1,cross_study_DEG_comparison
LOC111110746,1,cross_study_DEG_comparison
LOC111110748,1,cross_study_DEG_comparison
LOC111110755,1,cross_study_DEG_comparison
LOC111110757,1,ds1-5_allDEGs_merged
LOC111110762,1,ds1-5_allDEGs_merged
LOC111110772,1,cross_study_DEG_comparison
LOC111110774,1,ds1-5_allDEGs_merged
LOC111110781,1,cross_study_DEG_comparison
LOC111110784,1,ds1-5_allDEGs_merged
LOC111110785,1,cross_study_DEG_comparison
LOC111110791,1,ds1-5_allDEGs_merged
LOC111110800,1,ds1-5_allDEGs_merged
LOC111110801,1,ds1-5_allDEGs_merged
LOC111110808,1,cross_study_DEG_comparison
LOC111110814,1,cross_study_DEG_comparison
LOC111110818,1,cross_study_DEG_comparison
LOC111110819,1,cross_study_DEG_comparison
LOC111110824,1,cross_study_DEG_comparison
LOC111110826,1,cross_study_DEG_comparison
LOC111110830,1,ds1-5_allDEGs_merged
LOC111110833,1,cross_study_DEG_comparison
LOC111110836,1,ds1-5_allDEGs_merged
LOC111110841,1,ds1-5_allDEGs_merged
LOC111110847,1,ds1-5_allDEGs_merged
LOC111110856,1,cross_study_DEG_comparison
LOC111110860,1,ds1-5_allDEGs_merged
LOC111110861,1,ds1-5_allDEGs_merged
LOC111110866,1,cross_study_DEG_comparison
LOC111110871,1,ds1-5_allDEGs_merged
LOC111110874,1,ds1-5_allDEGs_merged
LOC111110875,1,cross_study_DEG_comparison
LOC111110877,1,ds1-5_allDEGs_merged
LOC111110880,1,cross_study_DEG_comparison
LOC111110883,1,cross_study_DEG_comparison
LOC111110887,1,cross_study_DEG_comparison
LOC111110888,1,cross_study_DEG_comparison
LOC111110893,1,cross_study_DEG_comparison
LOC111110897,1,ds1-5_allDEGs_merged
LOC111110905,1,cross_study_DEG_comparison
LOC111110909,1,cross_study_DEG_comparison
LOC111110917,1,cross_study_DEG_comparison
LOC111110930,1,ds1-5_allDEGs_merged
LOC111110931,1,ds1-5_allDEGs_merged
LOC111110942,1,cross_study_DEG_comparison
LOC111110944,1,ds1-5_allDEGs_merged
LOC111110946,1,ds1-5_allDEGs_merged
LOC111110947,1,ds1-5_allDEGs_merged
LOC111110948,1,cross_study_DEG_comparison
LOC111110952,1,cross_study_DEG_comparison
LOC111110955,1,cross_study_DEG_comparison
LOC111110956,1,cross_study_DEG_comparison
LOC111110958,1,ds1-5_allDEGs_merged
LOC111110962,1,ds1-5_allDEGs_merged
LOC111110970,1,ds1-5_allDEGs_merged
LOC111110972,1,cross_study_DEG_comparison
LOC111110976,1,ds1-5_allDEGs_merged
LOC111110979,1,cross_study_DEG_comparison
LOC111110984,1,cross_study_DEG_comparison
LOC111110994,1,cross_study_DEG_comparison
LOC111110996,1,cross_study_DEG_comparison
LOC111111007,1,cross_study_DEG_comparison
LOC111111014,1,top_50_predictive_genes_for_classification
LOC111111019,1,cross_study_DEG_comparison
LOC111111021,1,cross_study_DEG_comparison
LOC111111025,1,ds1-5_allDEGs_merged
LOC111111026,1,cross_study_DEG_comparison
LOC111111030,1,cross_study_DEG_comparison
LOC111111034,1,ds1-5_allDEGs_merged
LOC111111035,1,ds1-5_allDEGs_merged
LOC111111037,1,ds1-5_allDEGs_merged
LOC111111042,1,cross_study_DEG_comparison
LOC111111048,1,cross_study_DEG_comparison
LOC111111058,1,cross_study_DEG_comparison
LOC111111059,1,ds1-5_allDEGs_merged
LOC111111060,1,cross_study_DEG_comparison
LOC111111063,1,cross_study_DEG_comparison
LOC111111065,1,cross_study_DEG_comparison
LOC111111077,1,ds1-5_allDEGs_merged
LOC111111095,1,ds1-5_allDEGs_merged
LOC111111101,1,cross_study_DEG_comparison
LOC111111108,1,cross_study_DEG_comparison
LOC111111109,1,cross_study_DEG_comparison
LOC111111118,1,ds1-5_allDEGs_merged
LOC111111119,1,cross_study_DEG_comparison
LOC111111120,1,cross_study_DEG_comparison
LOC111111128,1,ds1-5_allDEGs_merged
LOC111111131,1,ds1-5_allDEGs_merged
LOC111111132,1,ds1-5_allDEGs_merged
LOC111111134,1,cross_study_DEG_comparison
LOC111111167,1,cross_study_DEG_comparison
LOC111111168,1,ds1-5_allDEGs_merged
LOC111111172,1,ds1-5_allDEGs_merged
LOC111111178,1,cross_study_DEG_comparison
LOC111111181,1,cross_study_DEG_comparison
LOC111111182,1,cross_study_DEG_comparison
LOC111111184,1,ds1-5_allDEGs_merged
LOC111111185,1,ds1-5_allDEGs_merged
LOC111111190,1,ds1-5_allDEGs_merged
LOC111111203,1,cross_study_DEG_comparison
LOC111111204,1,cross_study_DEG_comparison
LOC111111213,1,ds1-5_allDEGs_merged
LOC111111216,1,ds1-5_allDEGs_merged
LOC111111223,1,cross_study_DEG_comparison
LOC111111226,1,cross_study_DEG_comparison
LOC111111227,1,ds1-5_allDEGs_merged
LOC111111230,1,ds1-5_allDEGs_merged
LOC111111243,1,cross_study_DEG_comparison
LOC111111246,1,cross_study_DEG_comparison
LOC111111248,1,cross_study_DEG_comparison
LOC111111252,1,cross_study_DEG_comparison
LOC111111258,1,cross_study_DEG_comparison
LOC111111273,1,cross_study_DEG_comparison
LOC111111274,1,cross_study_DEG_comparison
LOC111111283,1,ds1-5_allDEGs_merged
LOC111111286,1,ds1-5_allDEGs_merged
LOC111111289,1,cross_study_DEG_comparison
LOC111111303,1,cross_study_DEG_comparison
LOC111111306,1,cross_study_DEG_comparison
LOC111111310,1,cross_study_DEG_comparison
LOC111111311,1,cross_study_DEG_comparison
LOC111111315,1,cross_study_DEG_comparison
LOC111111338,1,ds1-5_allDEGs_merged
LOC111111341,1,ds1-5_allDEGs_merged
LOC111111359,1,ds1-5_allDEGs_merged
LOC111111369,1,cross_study_DEG_comparison
LOC111111372,1,ds1-5_allDEGs_merged
LOC111111373,1,cross_study_DEG_comparison
LOC111111375,1,cross_study_DEG_comparison
LOC111111378,1,cross_study_DEG_comparison
LOC111111381,1,cross_study_DEG_comparison
LOC111111392,1,ds1-5_allDEGs_merged
LOC111111393,1,ds1-5_allDEGs_merged
LOC111111394,1,ds1-5_allDEGs_merged
LOC111111399,1,cross_study_DEG_comparison
LOC111111400,1,cross_study_DEG_comparison
LOC111111401,1,ds1-5_allDEGs_merged
LOC111111402,1,cross_study_DEG_comparison
LOC111111410,1,cross_study_DEG_comparison
LOC111111421,1,cross_study_DEG_comparison
LOC111111429,1,ds1-5_allDEGs_merged
LOC111111431,1,ds1-5_allDEGs_merged
LOC111111433,1,cross_study_DEG_comparison
LOC111111435,1,cross_study_DEG_comparison
LOC111111437,1,cross_study_DEG_comparison
LOC111111442,1,ds1-5_allDEGs_merged
LOC111111447,1,cross_study_DEG_comparison
LOC111111451,1,ds1-5_allDEGs_merged
LOC111111468,1,cross_study_DEG_comparison
LOC111111470,1,cross_study_DEG_comparison
LOC111111471,1,cross_study_DEG_comparison
LOC111111482,1,ds1-5_allDEGs_merged
LOC111111487,1,cross_study_DEG_comparison
LOC111111488,1,cross_study_DEG_comparison
LOC111111494,1,cross_study_DEG_comparison
LOC111111501,1,ds1-5_allDEGs_merged
LOC111111504,1,ds1-5_allDEGs_merged
LOC111111509,1,ds1-5_allDEGs_merged
LOC111111510,1,cross_study_DEG_comparison
LOC111111512,1,cross_study_DEG_comparison
LOC111111514,1,cross_study_DEG_comparison
LOC111111515,1,cross_study_DEG_comparison
LOC111111520,1,cross_study_DEG_comparison
LOC111111521,1,cross_study_DEG_comparison
LOC111111523,1,cross_study_DEG_comparison
LOC111111524,1,cross_study_DEG_comparison
LOC111111534,1,ds1-5_allDEGs_merged
LOC111111536,1,ds1-5_allDEGs_merged
LOC111111543,1,ds1-5_allDEGs_merged
LOC111111549,1,ds1-5_allDEGs_merged
LOC111111550,1,ds1-5_allDEGs_merged
LOC111111556,1,ds1-5_allDEGs_merged
LOC111111564,1,cross_study_DEG_comparison
LOC111111569,1,cross_study_DEG_comparison
LOC111111571,1,ds1-5_allDEGs_merged
LOC111111572,1,ds1-5_allDEGs_merged
LOC111111574,1,cross_study_DEG_comparison
LOC111111582,1,cross_study_DEG_comparison
LOC111111583,1,cross_study_DEG_comparison
LOC111111584,1,cross_study_DEG_comparison
LOC111111589,1,cross_study_DEG_comparison
LOC111111592,1,cross_study_DEG_comparison
LOC111111596,1,ds1-5_allDEGs_merged
LOC111111598,1,ds1-5_allDEGs_merged
LOC111111599,1,cross_study_DEG_comparison
LOC111111600,1,cross_study_DEG_comparison
LOC111111603,1,cross_study_DEG_comparison
LOC111111613,1,ds1-5_allDEGs_merged
LOC111111616,1,cross_study_DEG_comparison
LOC111111620,1,cross_study_DEG_comparison
LOC111111621,1,cross_study_DEG_comparison
LOC111111624,1,cross_study_DEG_comparison
LOC111111625,1,cross_study_DEG_comparison
LOC111111627,1,cross_study_DEG_comparison
LOC111111630,1,ds1-5_allDEGs_merged
LOC111111632,1,ds1-5_allDEGs_merged
LOC111111634,1,cross_study_DEG_comparison
LOC111111637,1,ds1-5_allDEGs_merged
LOC111111638,1,ds1-5_allDEGs_merged
LOC111111647,1,cross_study_DEG_comparison
LOC111111648,1,cross_study_DEG_comparison
LOC111111650,1,ds1-5_allDEGs_merged
LOC111111652,1,ds1-5_allDEGs_merged
LOC111111669,1,cross_study_DEG_comparison
LOC111111675,1,ds1-5_allDEGs_merged
LOC111111677,1,ds1-5_allDEGs_merged
LOC111111678,1,ds1-5_allDEGs_merged
LOC111111679,1,ds1-5_allDEGs_merged
LOC111111680,1,cross_study_DEG_comparison
LOC111111683,1,ds1-5_allDEGs_merged
LOC111111686,1,ds1-5_allDEGs_merged
LOC111111694,1,ds1-5_allDEGs_merged
LOC111111705,1,ds1-5_allDEGs_merged
LOC111111708,1,ds1-5_allDEGs_merged
LOC111111710,1,cross_study_DEG_comparison
LOC111111714,1,cross_study_DEG_comparison
LOC111111724,1,ds1-5_allDEGs_merged
LOC111111742,1,ds1-5_allDEGs_merged
LOC111111758,1,ds1-5_allDEGs_merged
LOC111111764,1,ds1-5_allDEGs_merged
LOC111111778,1,cross_study_DEG_comparison
LOC111111794,1,cross_study_DEG_comparison
LOC111111800,1,cross_study_DEG_comparison
LOC111111801,1,cross_study_DEG_comparison
LOC111111802,1,ds1-5_allDEGs_merged
LOC111111812,1,cross_study_DEG_comparison
LOC111111814,1,ds1-5_allDEGs_merged
LOC111111815,1,ds1-5_allDEGs_merged
LOC111111817,1,cross_study_DEG_comparison
LOC111111818,1,cross_study_DEG_comparison
LOC111111831,1,cross_study_DEG_comparison
LOC111111839,1,cross_study_DEG_comparison
LOC111111843,1,ds1-5_allDEGs_merged
LOC111111852,1,ds1-5_allDEGs_merged
LOC111111864,1,cross_study_DEG_comparison
LOC111111867,1,ds1-5_allDEGs_merged
LOC111111871,1,cross_study_DEG_comparison
LOC111111875,1,ds1-5_allDEGs_merged
LOC111111877,1,cross_study_DEG_comparison
LOC111111880,1,ds1-5_allDEGs_merged
LOC111111883,1,ds1-5_allDEGs_merged
LOC111111906,1,cross_study_DEG_comparison
LOC111111908,1,cross_study_DEG_comparison
LOC111111916,1,cross_study_DEG_comparison
LOC111111919,1,cross_study_DEG_comparison
LOC111111922,1,cross_study_DEG_comparison
LOC111111930,1,ds1-5_allDEGs_merged
LOC111111935,1,cross_study_DEG_comparison
LOC111111938,1,ds1-5_allDEGs_merged
LOC111111941,1,ds1-5_allDEGs_merged
LOC111111943,1,ds1-5_allDEGs_merged
LOC111111945,1,ds1-5_allDEGs_merged
LOC111111949,1,cross_study_DEG_comparison
LOC111111953,1,cross_study_DEG_comparison
LOC111111954,1,cross_study_DEG_comparison
LOC111111957,1,ds1-5_allDEGs_merged
LOC111111969,1,cross_study_DEG_comparison
LOC111111978,1,cross_study_DEG_comparison
LOC111111982,1,cross_study_DEG_comparison
LOC111111990,1,ds1-5_allDEGs_merged
LOC111111992,1,cross_study_DEG_comparison
LOC111112006,1,cross_study_DEG_comparison
LOC111112007,1,ds1-5_allDEGs_merged
LOC111112011,1,ds1-5_allDEGs_merged
LOC111112014,1,ds1-5_allDEGs_merged
LOC111112017,1,cross_study_DEG_comparison
LOC111112018,1,cross_study_DEG_comparison
LOC111112022,1,cross_study_DEG_comparison
LOC111112024,1,ds1-5_allDEGs_merged
LOC111112027,1,cross_study_DEG_comparison
LOC111112032,1,cross_study_DEG_comparison
LOC111112036,1,ds1-5_allDEGs_merged
LOC111112040,1,ds1-5_allDEGs_merged
LOC111112041,1,cross_study_DEG_comparison
LOC111112043,1,ds1-5_allDEGs_merged
LOC111112046,1,cross_study_DEG_comparison
LOC111112047,1,cross_study_DEG_comparison
LOC111112048,1,ds1-5_allDEGs_merged
LOC111112050,1,cross_study_DEG_comparison
LOC111112064,1,ds1-5_allDEGs_merged
LOC111112066,1,cross_study_DEG_comparison
LOC111112070,1,cross_study_DEG_comparison
LOC111112074,1,cross_study_DEG_comparison
LOC111112080,1,cross_study_DEG_comparison
LOC111112084,1,ds1-5_allDEGs_merged
LOC111112085,1,cross_study_DEG_comparison
LOC111112086,1,cross_study_DEG_comparison
LOC111112088,1,ds1-5_allDEGs_merged
LOC111112096,1,ds1-5_allDEGs_merged
LOC111112099,1,cross_study_DEG_comparison
LOC111112101,1,cross_study_DEG_comparison
LOC111112103,1,ds1-5_allDEGs_merged
LOC111112111,1,cross_study_DEG_comparison
LOC111112117,1,ds1-5_allDEGs_merged
LOC111112120,1,cross_study_DEG_comparison
LOC111112130,1,ds1-5_allDEGs_merged
LOC111112131,1,cross_study_DEG_comparison
LOC111112136,1,ds1-5_allDEGs_merged
LOC111112139,1,cross_study_DEG_comparison
LOC111112161,1,ds1-5_allDEGs_merged
LOC111112166,1,ds1-5_allDEGs_merged
LOC111112167,1,cross_study_DEG_comparison
LOC111112173,1,cross_study_DEG_comparison
LOC111112175,1,ds1-5_allDEGs_merged
LOC111112184,1,ds1-5_allDEGs_merged
LOC111112204,1,cross_study_DEG_comparison
LOC111112206,1,ds1-5_allDEGs_merged
LOC111112210,1,ds1-5_allDEGs_merged
LOC111112213,1,ds1-5_allDEGs_merged
LOC111112225,1,cross_study_DEG_comparison
LOC111112226,1,cross_study_DEG_comparison
LOC111112228,1,ds1-5_allDEGs_merged
LOC111112237,1,ds1-5_allDEGs_merged
LOC111112238,1,ds1-5_allDEGs_merged
LOC111112239,1,ds1-5_allDEGs_merged
LOC111112253,1,cross_study_DEG_comparison
LOC111112260,1,cross_study_DEG_comparison
LOC111112262,1,ds1-5_allDEGs_merged
LOC111112291,1,ds1-5_allDEGs_merged
LOC111112303,1,ds1-5_allDEGs_merged
LOC111112304,1,ds1-5_allDEGs_merged
LOC111112307,1,cross_study_DEG_comparison
LOC111112316,1,cross_study_DEG_comparison
LOC111112317,1,ds1-5_allDEGs_merged
LOC111112321,1,top_50_predictive_genes_for_classification
LOC111112324,1,cross_study_DEG_comparison
LOC111112332,1,ds1-5_allDEGs_merged
LOC111112350,1,ds1-5_allDEGs_merged
LOC111112352,1,cross_study_DEG_comparison
LOC111112360,1,ds1-5_allDEGs_merged
LOC111112369,1,cross_study_DEG_comparison
LOC111112374,1,ds1-5_allDEGs_merged
LOC111112381,1,cross_study_DEG_comparison
LOC111112389,1,ds1-5_allDEGs_merged
LOC111112392,1,cross_study_DEG_comparison
LOC111112397,1,ds1-5_allDEGs_merged
LOC111112400,1,cross_study_DEG_comparison
LOC111112403,1,ds1-5_allDEGs_merged
LOC111112408,1,cross_study_DEG_comparison
LOC111112412,1,ds1-5_allDEGs_merged
LOC111112418,1,cross_study_DEG_comparison
LOC111112420,1,cross_study_DEG_comparison
LOC111112435,1,cross_study_DEG_comparison
LOC111112437,1,cross_study_DEG_comparison
LOC111112445,1,ds1-5_allDEGs_merged
LOC111112446,1,cross_study_DEG_comparison
LOC111112452,1,cross_study_DEG_comparison
LOC111112457,1,cross_study_DEG_comparison
LOC111112476,1,ds1-5_allDEGs_merged
LOC111112477,1,ds1-5_allDEGs_merged
LOC111112490,1,cross_study_DEG_comparison
LOC111112494,1,ds1-5_allDEGs_merged
LOC111112498,1,ds1-5_allDEGs_merged
LOC111112546,1,cross_study_DEG_comparison
LOC111112550,1,cross_study_DEG_comparison
LOC111112558,1,cross_study_DEG_comparison
LOC111112573,1,ds1-5_allDEGs_merged
LOC111112576,1,ds1-5_allDEGs_merged
LOC111112581,1,cross_study_DEG_comparison
LOC111112582,1,cross_study_DEG_comparison
LOC111112587,1,ds1-5_allDEGs_merged
LOC111112588,1,cross_study_DEG_comparison
LOC111112594,1,cross_study_DEG_comparison
LOC111112596,1,ds1-5_allDEGs_merged
LOC111112599,1,ds1-5_allDEGs_merged
LOC111112602,1,cross_study_DEG_comparison
LOC111112604,1,cross_study_DEG_comparison
LOC111112606,1,cross_study_DEG_comparison
LOC111112611,1,cross_study_DEG_comparison
LOC111112612,1,cross_study_DEG_comparison
LOC111112615,1,cross_study_DEG_comparison
LOC111112617,1,ds1-5_allDEGs_merged
LOC111112622,1,ds1-5_allDEGs_merged
LOC111112623,1,ds1-5_allDEGs_merged
LOC111112630,1,ds1-5_allDEGs_merged
LOC111112631,1,cross_study_DEG_comparison
LOC111112632,1,cross_study_DEG_comparison
LOC111112640,1,ds1-5_allDEGs_merged
LOC111112643,1,ds1-5_allDEGs_merged
LOC111112647,1,ds1-5_allDEGs_merged
LOC111112648,1,cross_study_DEG_comparison
LOC111112650,1,ds1-5_allDEGs_merged
LOC111112653,1,cross_study_DEG_comparison
LOC111112657,1,cross_study_DEG_comparison
LOC111112664,1,ds1-5_allDEGs_merged
LOC111112666,1,ds1-5_allDEGs_merged
LOC111112679,1,ds1-5_allDEGs_merged
LOC111112682,1,ds1-5_allDEGs_merged
LOC111112685,1,cross_study_DEG_comparison
LOC111112700,1,cross_study_DEG_comparison
LOC111112701,1,cross_study_DEG_comparison
LOC111112703,1,ds1-5_allDEGs_merged
LOC111112704,1,ds1-5_allDEGs_merged
LOC111112706,1,ds1-5_allDEGs_merged
LOC111112731,1,cross_study_DEG_comparison
LOC111112733,1,cross_study_DEG_comparison
LOC111112734,1,ds1-5_allDEGs_merged
LOC111112736,1,ds1-5_allDEGs_merged
LOC111112737,1,ds1-5_allDEGs_merged
LOC111112739,1,ds1-5_allDEGs_merged
LOC111112743,1,ds1-5_allDEGs_merged
LOC111112744,1,cross_study_DEG_comparison
LOC111112750,1,ds1-5_allDEGs_merged
LOC111112753,1,ds1-5_allDEGs_merged
LOC111112754,1,cross_study_DEG_comparison
LOC111112758,1,ds1-5_allDEGs_merged
LOC111112761,1,ds1-5_allDEGs_merged
LOC111112766,1,cross_study_DEG_comparison
LOC111112770,1,ds1-5_allDEGs_merged
LOC111112772,1,ds1-5_allDEGs_merged
LOC111112775,1,cross_study_DEG_comparison
LOC111112777,1,cross_study_DEG_comparison
LOC111112793,1,cross_study_DEG_comparison
LOC111112796,1,ds1-5_allDEGs_merged
LOC111112798,1,cross_study_DEG_comparison
LOC111112805,1,ds1-5_allDEGs_merged
LOC111112810,1,cross_study_DEG_comparison
LOC111112813,1,cross_study_DEG_comparison
LOC111112819,1,cross_study_DEG_comparison
LOC111112822,1,cross_study_DEG_comparison
LOC111112828,1,ds1-5_allDEGs_merged
LOC111112844,1,ds1-5_allDEGs_merged
LOC111112845,1,ds1-5_allDEGs_merged
LOC111112846,1,ds1-5_allDEGs_merged
LOC111112847,1,cross_study_DEG_comparison
LOC111112848,1,ds1-5_allDEGs_merged
LOC111112864,1,ds1-5_allDEGs_merged
LOC111112879,1,cross_study_DEG_comparison
LOC111112884,1,cross_study_DEG_comparison
LOC111112887,1,cross_study_DEG_comparison
LOC111112892,1,ds1-5_allDEGs_merged
LOC111112894,1,cross_study_DEG_comparison
LOC111112897,1,cross_study_DEG_comparison
LOC111112900,1,cross_study_DEG_comparison
LOC111112901,1,cross_study_DEG_comparison
LOC111112902,1,cross_study_DEG_comparison
LOC111112905,1,ds1-5_allDEGs_merged
LOC111112913,1,ds1-5_allDEGs_merged
LOC111112914,1,cross_study_DEG_comparison
LOC111112916,1,cross_study_DEG_comparison
LOC111112917,1,cross_study_DEG_comparison
LOC111112922,1,ds1-5_allDEGs_merged
LOC111112924,1,cross_study_DEG_comparison
LOC111112925,1,ds1-5_allDEGs_merged
LOC111112938,1,ds1-5_allDEGs_merged
LOC111112939,1,ds1-5_allDEGs_merged
LOC111112942,1,ds1-5_allDEGs_merged
LOC111112949,1,ds1-5_allDEGs_merged
LOC111112952,1,ds1-5_allDEGs_merged
LOC111112956,1,cross_study_DEG_comparison
LOC111112957,1,cross_study_DEG_comparison
LOC111112958,1,cross_study_DEG_comparison
LOC111112969,1,cross_study_DEG_comparison
LOC111112970,1,cross_study_DEG_comparison
LOC111112991,1,cross_study_DEG_comparison
LOC111112993,1,ds1-5_allDEGs_merged
LOC111113002,1,cross_study_DEG_comparison
LOC111113006,1,ds1-5_allDEGs_merged
LOC111113008,1,cross_study_DEG_comparison
LOC111113010,1,ds1-5_allDEGs_merged
LOC111113019,1,ds1-5_allDEGs_merged
LOC111113020,1,cross_study_DEG_comparison
LOC111113026,1,cross_study_DEG_comparison
LOC111113028,1,cross_study_DEG_comparison
LOC111113029,1,cross_study_DEG_comparison
LOC111113030,1,cross_study_DEG_comparison
LOC111113034,1,ds1-5_allDEGs_merged
LOC111113036,1,ds1-5_allDEGs_merged
LOC111113038,1,ds1-5_allDEGs_merged
LOC111113039,1,ds1-5_allDEGs_merged
LOC111113043,1,ds1-5_allDEGs_merged
LOC111113045,1,ds1-5_allDEGs_merged
LOC111113056,1,cross_study_DEG_comparison
LOC111113067,1,cross_study_DEG_comparison
LOC111113069,1,cross_study_DEG_comparison
LOC111113070,1,cross_study_DEG_comparison
LOC111113081,1,cross_study_DEG_comparison
LOC111113084,1,cross_study_DEG_comparison
LOC111113090,1,cross_study_DEG_comparison
LOC111113098,1,cross_study_DEG_comparison
LOC111113099,1,ds1-5_allDEGs_merged
LOC111113106,1,cross_study_DEG_comparison
LOC111113107,1,ds1-5_allDEGs_merged
LOC111113115,1,ds1-5_allDEGs_merged
LOC111113117,1,cross_study_DEG_comparison
LOC111113118,1,cross_study_DEG_comparison
LOC111113119,1,cross_study_DEG_comparison
LOC111113125,1,cross_study_DEG_comparison
LOC111113127,1,ds1-5_allDEGs_merged
LOC111113129,1,ds1-5_allDEGs_merged
LOC111113136,1,ds1-5_allDEGs_merged
LOC111113137,1,ds1-5_allDEGs_merged
LOC111113148,1,cross_study_DEG_comparison
LOC111113149,1,cross_study_DEG_comparison
LOC111113166,1,ds1-5_allDEGs_merged
LOC111113168,1,ds1-5_allDEGs_merged
LOC111113170,1,ds1-5_allDEGs_merged
LOC111113173,1,cross_study_DEG_comparison
LOC111113175,1,cross_study_DEG_comparison
LOC111113177,1,cross_study_DEG_comparison
LOC111113178,1,ds1-5_allDEGs_merged
LOC111113183,1,ds1-5_allDEGs_merged
LOC111113184,1,ds1-5_allDEGs_merged
LOC111113185,1,cross_study_DEG_comparison
LOC111113186,1,cross_study_DEG_comparison
LOC111113188,1,cross_study_DEG_comparison
LOC111113190,1,cross_study_DEG_comparison
LOC111113192,1,cross_study_DEG_comparison
LOC111113194,1,ds1-5_allDEGs_merged
LOC111113196,1,cross_study_DEG_comparison
LOC111113199,1,ds1-5_allDEGs_merged
LOC111113205,1,cross_study_DEG_comparison
LOC111113207,1,ds1-5_allDEGs_merged
LOC111113209,1,cross_study_DEG_comparison
LOC111113238,1,cross_study_DEG_comparison
LOC111113242,1,cross_study_DEG_comparison
LOC111113243,1,cross_study_DEG_comparison
LOC111113248,1,ds1-5_allDEGs_merged
LOC111113249,1,cross_study_DEG_comparison
LOC111113251,1,ds1-5_allDEGs_merged
LOC111113257,1,cross_study_DEG_comparison
LOC111113259,1,cross_study_DEG_comparison
LOC111113260,1,cross_study_DEG_comparison
LOC111113261,1,ds1-5_allDEGs_merged
LOC111113262,1,cross_study_DEG_comparison
LOC111113265,1,ds1-5_allDEGs_merged
LOC111113267,1,cross_study_DEG_comparison
LOC111113279,1,cross_study_DEG_comparison
LOC111113293,1,ds1-5_allDEGs_merged
LOC111113298,1,ds1-5_allDEGs_merged
LOC111113300,1,cross_study_DEG_comparison
LOC111113302,1,cross_study_DEG_comparison
LOC111113304,1,cross_study_DEG_comparison
LOC111113316,1,cross_study_DEG_comparison
LOC111113318,1,ds1-5_allDEGs_merged
LOC111113322,1,ds1-5_allDEGs_merged
LOC111113324,1,cross_study_DEG_comparison
LOC111113326,1,ds1-5_allDEGs_merged
LOC111113327,1,ds1-5_allDEGs_merged
LOC111113337,1,cross_study_DEG_comparison
LOC111113339,1,ds1-5_allDEGs_merged
LOC111113342,1,cross_study_DEG_comparison
LOC111113343,1,cross_study_DEG_comparison
LOC111113348,1,cross_study_DEG_comparison
LOC111113349,1,cross_study_DEG_comparison
LOC111113357,1,ds1-5_allDEGs_merged
LOC111113358,1,cross_study_DEG_comparison
LOC111113359,1,cross_study_DEG_comparison
LOC111113366,1,cross_study_DEG_comparison
LOC111113372,1,cross_study_DEG_comparison
LOC111113373,1,cross_study_DEG_comparison
LOC111113374,1,cross_study_DEG_comparison
LOC111113375,1,ds1-5_allDEGs_merged
LOC111113376,1,ds1-5_allDEGs_merged
LOC111113377,1,cross_study_DEG_comparison
LOC111113381,1,cross_study_DEG_comparison
LOC111113383,1,cross_study_DEG_comparison
LOC111113385,1,ds1-5_allDEGs_merged
LOC111113397,1,ds1-5_allDEGs_merged
LOC111113399,1,cross_study_DEG_comparison
LOC111113406,1,cross_study_DEG_comparison
LOC111113409,1,cross_study_DEG_comparison
LOC111113416,1,ds1-5_allDEGs_merged
LOC111113424,1,ds1-5_allDEGs_merged
LOC111113425,1,cross_study_DEG_comparison
LOC111113426,1,cross_study_DEG_comparison
LOC111113427,1,cross_study_DEG_comparison
LOC111113430,1,ds1-5_allDEGs_merged
LOC111113447,1,cross_study_DEG_comparison
LOC111113448,1,ds1-5_allDEGs_merged
LOC111113474,1,ds1-5_allDEGs_merged
LOC111113495,1,cross_study_DEG_comparison
LOC111113508,1,ds1-5_allDEGs_merged
LOC111113510,1,cross_study_DEG_comparison
LOC111113511,1,ds1-5_allDEGs_merged
LOC111113512,1,ds1-5_allDEGs_merged
LOC111113547,1,cross_study_DEG_comparison
LOC111113551,1,cross_study_DEG_comparison
LOC111113559,1,ds1-5_allDEGs_merged
LOC111113569,1,cross_study_DEG_comparison
LOC111113575,1,cross_study_DEG_comparison
LOC111113576,1,cross_study_DEG_comparison
LOC111113584,1,ds1-5_allDEGs_merged
LOC111113597,1,cross_study_DEG_comparison
LOC111113633,1,cross_study_DEG_comparison
LOC111113647,1,cross_study_DEG_comparison
LOC111113666,1,ds1-5_allDEGs_merged
LOC111113678,1,cross_study_DEG_comparison
LOC111113680,1,ds1-5_allDEGs_merged
LOC111113682,1,ds1-5_allDEGs_merged
LOC111113685,1,ds1-5_allDEGs_merged
LOC111113691,1,cross_study_DEG_comparison
LOC111113698,1,cross_study_DEG_comparison
LOC111113707,1,ds1-5_allDEGs_merged
LOC111113712,1,cross_study_DEG_comparison
LOC111113721,1,cross_study_DEG_comparison
LOC111113722,1,cross_study_DEG_comparison
LOC111113726,1,ds1-5_allDEGs_merged
LOC111113727,1,cross_study_DEG_comparison
LOC111113731,1,cross_study_DEG_comparison
LOC111113733,1,cross_study_DEG_comparison
LOC111113734,1,ds1-5_allDEGs_merged
LOC111113745,1,ds1-5_allDEGs_merged
LOC111113751,1,ds1-5_allDEGs_merged
LOC111113755,1,cross_study_DEG_comparison
LOC111113756,1,cross_study_DEG_comparison
LOC111113758,1,cross_study_DEG_comparison
LOC111113784,1,cross_study_DEG_comparison
LOC111113809,1,top_50_predictive_genes_for_classification
LOC111113812,1,cross_study_DEG_comparison
LOC111113817,1,cross_study_DEG_comparison
LOC111113825,1,ds1-5_allDEGs_merged
LOC111113826,1,cross_study_DEG_comparison
LOC111113828,1,ds1-5_allDEGs_merged
LOC111113830,1,ds1-5_allDEGs_merged
LOC111113840,1,ds1-5_allDEGs_merged
LOC111113845,1,cross_study_DEG_comparison
LOC111113851,1,ds1-5_allDEGs_merged
LOC111113858,1,ds1-5_allDEGs_merged
LOC111113860,1,cross_study_DEG_comparison
LOC111113862,1,cross_study_DEG_comparison
LOC111113887,1,ds1-5_allDEGs_merged
LOC111113900,1,cross_study_DEG_comparison
LOC111113903,1,cross_study_DEG_comparison
LOC111113909,1,cross_study_DEG_comparison
LOC111113922,1,cross_study_DEG_comparison
LOC111113931,1,cross_study_DEG_comparison
LOC111113941,1,cross_study_DEG_comparison
LOC111113948,1,ds1-5_allDEGs_merged
LOC111113956,1,cross_study_DEG_comparison
LOC111113963,1,cross_study_DEG_comparison
LOC111113965,1,cross_study_DEG_comparison
LOC111113970,1,ds1-5_allDEGs_merged
LOC111113981,1,ds1-5_allDEGs_merged
LOC111113986,1,cross_study_DEG_comparison
LOC111113987,1,ds1-5_allDEGs_merged
LOC111113988,1,cross_study_DEG_comparison
LOC111114001,1,cross_study_DEG_comparison
LOC111114002,1,ds1-5_allDEGs_merged
LOC111114011,1,cross_study_DEG_comparison
LOC111114019,1,ds1-5_allDEGs_merged
LOC111114020,1,ds1-5_allDEGs_merged
LOC111114035,1,cross_study_DEG_comparison
LOC111114067,1,ds1-5_allDEGs_merged
LOC111114072,1,cross_study_DEG_comparison
LOC111114090,1,cross_study_DEG_comparison
LOC111114104,1,cross_study_DEG_comparison
LOC111114110,1,ds1-5_allDEGs_merged
LOC111114113,1,cross_study_DEG_comparison
LOC111114120,1,cross_study_DEG_comparison
LOC111114129,1,ds1-5_allDEGs_merged
LOC111114132,1,cross_study_DEG_comparison
LOC111114143,1,cross_study_DEG_comparison
LOC111114148,1,cross_study_DEG_comparison
LOC111114149,1,cross_study_DEG_comparison
LOC111114151,1,cross_study_DEG_comparison
LOC111114159,1,ds1-5_allDEGs_merged
LOC111114161,1,cross_study_DEG_comparison
LOC111114173,1,ds1-5_allDEGs_merged
LOC111114174,1,ds1-5_allDEGs_merged
LOC111114186,1,cross_study_DEG_comparison
LOC111114190,1,ds1-5_allDEGs_merged
LOC111114192,1,ds1-5_allDEGs_merged
LOC111114199,1,cross_study_DEG_comparison
LOC111114200,1,cross_study_DEG_comparison
LOC111114203,1,cross_study_DEG_comparison
LOC111114212,1,ds1-5_allDEGs_merged
LOC111114220,1,ds1-5_allDEGs_merged
LOC111114221,1,ds1-5_allDEGs_merged
LOC111114222,1,cross_study_DEG_comparison
LOC111114225,1,ds1-5_allDEGs_merged
LOC111114226,1,cross_study_DEG_comparison
LOC111114227,1,cross_study_DEG_comparison
LOC111114234,1,cross_study_DEG_comparison
LOC111114240,1,cross_study_DEG_comparison
LOC111114286,1,ds1-5_allDEGs_merged
LOC111114294,1,ds1-5_allDEGs_merged
LOC111114306,1,cross_study_DEG_comparison
LOC111114308,1,cross_study_DEG_comparison
LOC111114322,1,cross_study_DEG_comparison
LOC111114331,1,ds1-5_allDEGs_merged
LOC111114332,1,cross_study_DEG_comparison
LOC111114333,1,ds1-5_allDEGs_merged
LOC111114352,1,ds1-5_allDEGs_merged
LOC111114360,1,cross_study_DEG_comparison
LOC111114370,1,cross_study_DEG_comparison
LOC111114372,1,ds1-5_allDEGs_merged
LOC111114394,1,cross_study_DEG_comparison
LOC111114426,1,ds1-5_allDEGs_merged
LOC111114428,1,cross_study_DEG_comparison
LOC111114448,1,cross_study_DEG_comparison
LOC111114451,1,ds1-5_allDEGs_merged
LOC111114453,1,cross_study_DEG_comparison
LOC111114455,1,ds1-5_allDEGs_merged
LOC111114457,1,ds1-5_allDEGs_merged
LOC111114473,1,ds1-5_allDEGs_merged
LOC111114482,1,cross_study_DEG_comparison
LOC111114484,1,cross_study_DEG_comparison
LOC111114485,1,ds1-5_allDEGs_merged
LOC111114492,1,ds1-5_allDEGs_merged
LOC111114509,1,ds1-5_allDEGs_merged
LOC111114510,1,cross_study_DEG_comparison
LOC111114512,1,cross_study_DEG_comparison
LOC111114513,1,cross_study_DEG_comparison
LOC111114516,1,cross_study_DEG_comparison
LOC111114520,1,ds1-5_allDEGs_merged
LOC111114521,1,ds1-5_allDEGs_merged
LOC111114522,1,ds1-5_allDEGs_merged
LOC111114523,1,ds1-5_allDEGs_merged
LOC111114532,1,ds1-5_allDEGs_merged
LOC111114537,1,ds1-5_allDEGs_merged
LOC111114548,1,cross_study_DEG_comparison
LOC111114551,1,cross_study_DEG_comparison
LOC111114552,1,cross_study_DEG_comparison
LOC111114554,1,cross_study_DEG_comparison
LOC111114560,1,cross_study_DEG_comparison
LOC111114565,1,ds1-5_allDEGs_merged
LOC111114566,1,cross_study_DEG_comparison
LOC111114570,1,ds1-5_allDEGs_merged
LOC111114573,1,ds1-5_allDEGs_merged
LOC111114579,1,cross_study_DEG_comparison
LOC111114586,1,ds1-5_allDEGs_merged
LOC111114597,1,ds1-5_allDEGs_merged
LOC111114598,1,cross_study_DEG_comparison
LOC111114600,1,cross_study_DEG_comparison
LOC111114610,1,ds1-5_allDEGs_merged
LOC111114616,1,cross_study_DEG_comparison
LOC111114620,1,ds1-5_allDEGs_merged
LOC111114628,1,ds1-5_allDEGs_merged
LOC111114633,1,ds1-5_allDEGs_merged
LOC111114636,1,cross_study_DEG_comparison
LOC111114637,1,cross_study_DEG_comparison
LOC111114642,1,cross_study_DEG_comparison
LOC111114647,1,cross_study_DEG_comparison
LOC111114651,1,cross_study_DEG_comparison
LOC111114653,1,cross_study_DEG_comparison
LOC111114656,1,ds1-5_allDEGs_merged
LOC111114657,1,cross_study_DEG_comparison
LOC111114658,1,cross_study_DEG_comparison
LOC111114659,1,cross_study_DEG_comparison
LOC111114660,1,cross_study_DEG_comparison
LOC111114664,1,cross_study_DEG_comparison
LOC111114665,1,cross_study_DEG_comparison
LOC111114666,1,cross_study_DEG_comparison
LOC111114667,1,cross_study_DEG_comparison
LOC111114669,1,cross_study_DEG_comparison
LOC111114680,1,cross_study_DEG_comparison
LOC111114691,1,ds1-5_allDEGs_merged
LOC111114694,1,cross_study_DEG_comparison
LOC111114706,1,ds1-5_allDEGs_merged
LOC111114707,1,cross_study_DEG_comparison
LOC111114709,1,cross_study_DEG_comparison
LOC111114714,1,cross_study_DEG_comparison
LOC111114717,1,cross_study_DEG_comparison
LOC111114721,1,cross_study_DEG_comparison
LOC111114722,1,cross_study_DEG_comparison
LOC111114723,1,ds1-5_allDEGs_merged
LOC111114727,1,cross_study_DEG_comparison
LOC111114733,1,ds1-5_allDEGs_merged
LOC111114734,1,cross_study_DEG_comparison
LOC111114735,1,ds1-5_allDEGs_merged
LOC111114736,1,ds1-5_allDEGs_merged
LOC111114737,1,ds1-5_allDEGs_merged
LOC111114738,1,ds1-5_allDEGs_merged
LOC111114740,1,ds1-5_allDEGs_merged
LOC111114741,1,ds1-5_allDEGs_merged
LOC111114742,1,cross_study_DEG_comparison
LOC111114744,1,ds1-5_allDEGs_merged
LOC111114746,1,ds1-5_allDEGs_merged
LOC111114749,1,ds1-5_allDEGs_merged
LOC111114752,1,cross_study_DEG_comparison
LOC111114756,1,ds1-5_allDEGs_merged
LOC111114758,1,ds1-5_allDEGs_merged
LOC111114777,1,cross_study_DEG_comparison
LOC111114786,1,cross_study_DEG_comparison
LOC111114789,1,cross_study_DEG_comparison
LOC111114795,1,cross_study_DEG_comparison
LOC111114797,1,cross_study_DEG_comparison
LOC111114802,1,cross_study_DEG_comparison
LOC111114814,1,cross_study_DEG_comparison
LOC111114820,1,ds1-5_allDEGs_merged
LOC111114825,1,cross_study_DEG_comparison
LOC111114827,1,cross_study_DEG_comparison
LOC111114830,1,ds1-5_allDEGs_merged
LOC111114836,1,cross_study_DEG_comparison
LOC111114842,1,cross_study_DEG_comparison
LOC111114848,1,cross_study_DEG_comparison
LOC111114849,1,ds1-5_allDEGs_merged
LOC111114852,1,cross_study_DEG_comparison
LOC111114859,1,cross_study_DEG_comparison
LOC111114865,1,cross_study_DEG_comparison
LOC111114866,1,cross_study_DEG_comparison
LOC111114867,1,cross_study_DEG_comparison
LOC111114871,1,cross_study_DEG_comparison
LOC111114878,1,cross_study_DEG_comparison
LOC111114882,1,ds1-5_allDEGs_merged
LOC111114894,1,ds1-5_allDEGs_merged
LOC111114901,1,cross_study_DEG_comparison
LOC111114904,1,cross_study_DEG_comparison
LOC111114907,1,cross_study_DEG_comparison
LOC111114909,1,ds1-5_allDEGs_merged
LOC111114913,1,ds1-5_allDEGs_merged
LOC111114914,1,ds1-5_allDEGs_merged
LOC111114915,1,cross_study_DEG_comparison
LOC111114916,1,ds1-5_allDEGs_merged
LOC111114921,1,cross_study_DEG_comparison
LOC111114922,1,ds1-5_allDEGs_merged
LOC111114924,1,cross_study_DEG_comparison
LOC111114925,1,ds1-5_allDEGs_merged
LOC111114932,1,cross_study_DEG_comparison
LOC111114934,1,ds1-5_allDEGs_merged
LOC111114937,1,ds1-5_allDEGs_merged
LOC111114939,1,cross_study_DEG_comparison
LOC111114940,1,cross_study_DEG_comparison
LOC111114951,1,top_50_predictive_genes_for_classification
LOC111114952,1,ds1-5_allDEGs_merged
LOC111114966,1,cross_study_DEG_comparison
LOC111114972,1,cross_study_DEG_comparison
LOC111114974,1,ds1-5_allDEGs_merged
LOC111114979,1,cross_study_DEG_comparison
LOC111114991,1,cross_study_DEG_comparison
LOC111114992,1,ds1-5_allDEGs_merged
LOC111115001,1,ds1-5_allDEGs_merged
LOC111115003,1,ds1-5_allDEGs_merged
LOC111115012,1,cross_study_DEG_comparison
LOC111115015,1,cross_study_DEG_comparison
LOC111115044,1,ds1-5_allDEGs_merged
LOC111115046,1,cross_study_DEG_comparison
LOC111115048,1,cross_study_DEG_comparison
LOC111115050,1,ds1-5_allDEGs_merged
LOC111115061,1,cross_study_DEG_comparison
LOC111115068,1,cross_study_DEG_comparison
LOC111115073,1,cross_study_DEG_comparison
LOC111115084,1,cross_study_DEG_comparison
LOC111115087,1,ds1-5_allDEGs_merged
LOC111115090,1,cross_study_DEG_comparison
LOC111115099,1,cross_study_DEG_comparison
LOC111115111,1,cross_study_DEG_comparison
LOC111115119,1,cross_study_DEG_comparison
LOC111115120,1,cross_study_DEG_comparison
LOC111115122,1,cross_study_DEG_comparison
LOC111115123,1,ds1-5_allDEGs_merged
LOC111115134,1,ds1-5_allDEGs_merged
LOC111115142,1,cross_study_DEG_comparison
LOC111115143,1,cross_study_DEG_comparison
LOC111115148,1,cross_study_DEG_comparison
LOC111115156,1,cross_study_DEG_comparison
LOC111115157,1,cross_study_DEG_comparison
LOC111115161,1,cross_study_DEG_comparison
LOC111115164,1,ds1-5_allDEGs_merged
LOC111115168,1,cross_study_DEG_comparison
LOC111115169,1,cross_study_DEG_comparison
LOC111115171,1,cross_study_DEG_comparison
LOC111115175,1,ds1-5_allDEGs_merged
LOC111115184,1,ds1-5_allDEGs_merged
LOC111115187,1,cross_study_DEG_comparison
LOC111115189,1,ds1-5_allDEGs_merged
LOC111115218,1,cross_study_DEG_comparison
LOC111115219,1,ds1-5_allDEGs_merged
LOC111115224,1,ds1-5_allDEGs_merged
LOC111115228,1,ds1-5_allDEGs_merged
LOC111115230,1,cross_study_DEG_comparison
LOC111115234,1,ds1-5_allDEGs_merged
LOC111115251,1,ds1-5_allDEGs_merged
LOC111115253,1,cross_study_DEG_comparison
LOC111115258,1,cross_study_DEG_comparison
LOC111115259,1,cross_study_DEG_comparison
LOC111115268,1,ds1-5_allDEGs_merged
LOC111115287,1,cross_study_DEG_comparison
LOC111115290,1,cross_study_DEG_comparison
LOC111115295,1,cross_study_DEG_comparison
LOC111115296,1,cross_study_DEG_comparison
LOC111115301,1,ds1-5_allDEGs_merged
LOC111115308,1,top_50_predictive_genes_for_classification
LOC111115322,1,cross_study_DEG_comparison
LOC111115329,1,cross_study_DEG_comparison
LOC111115330,1,cross_study_DEG_comparison
LOC111115332,1,cross_study_DEG_comparison
LOC111115333,1,cross_study_DEG_comparison
LOC111115334,1,ds1-5_allDEGs_merged
LOC111115350,1,cross_study_DEG_comparison
LOC111115352,1,cross_study_DEG_comparison
LOC111115354,1,cross_study_DEG_comparison
LOC111115356,1,ds1-5_allDEGs_merged
LOC111115361,1,ds1-5_allDEGs_merged
LOC111115370,1,cross_study_DEG_comparison
LOC111115372,1,ds1-5_allDEGs_merged
LOC111115374,1,cross_study_DEG_comparison
LOC111115380,1,ds1-5_allDEGs_merged
LOC111115386,1,ds1-5_allDEGs_merged
LOC111115403,1,cross_study_DEG_comparison
LOC111115416,1,cross_study_DEG_comparison
LOC111115422,1,cross_study_DEG_comparison
LOC111115424,1,cross_study_DEG_comparison
LOC111115428,1,cross_study_DEG_comparison
LOC111115440,1,cross_study_DEG_comparison
LOC111115441,1,ds1-5_allDEGs_merged
LOC111115450,1,cross_study_DEG_comparison
LOC111115452,1,ds1-5_allDEGs_merged
LOC111115455,1,ds1-5_allDEGs_merged
LOC111115456,1,cross_study_DEG_comparison
LOC111115459,1,cross_study_DEG_comparison
LOC111115463,1,ds1-5_allDEGs_merged
LOC111115468,1,ds1-5_allDEGs_merged
LOC111115469,1,ds1-5_allDEGs_merged
LOC111115473,1,ds1-5_allDEGs_merged
LOC111115484,1,cross_study_DEG_comparison
LOC111115487,1,ds1-5_allDEGs_merged
LOC111115493,1,cross_study_DEG_comparison
LOC111115498,1,ds1-5_allDEGs_merged
LOC111115500,1,cross_study_DEG_comparison
LOC111115501,1,cross_study_DEG_comparison
LOC111115508,1,cross_study_DEG_comparison
LOC111115520,1,ds1-5_allDEGs_merged
LOC111115528,1,ds1-5_allDEGs_merged
LOC111115531,1,ds1-5_allDEGs_merged
LOC111115547,1,cross_study_DEG_comparison
LOC111115548,1,cross_study_DEG_comparison
LOC111115556,1,cross_study_DEG_comparison
LOC111115562,1,cross_study_DEG_comparison
LOC111115564,1,cross_study_DEG_comparison
LOC111115568,1,cross_study_DEG_comparison
LOC111115572,1,ds1-5_allDEGs_merged
LOC111115574,1,cross_study_DEG_comparison
LOC111115578,1,ds1-5_allDEGs_merged
LOC111115586,1,ds1-5_allDEGs_merged
LOC111115587,1,ds1-5_allDEGs_merged
LOC111115592,1,cross_study_DEG_comparison
LOC111115595,1,ds1-5_allDEGs_merged
LOC111115596,1,cross_study_DEG_comparison
LOC111115597,1,cross_study_DEG_comparison
LOC111115609,1,cross_study_DEG_comparison
LOC111115612,1,cross_study_DEG_comparison
LOC111115613,1,cross_study_DEG_comparison
LOC111115616,1,cross_study_DEG_comparison
LOC111115618,1,ds1-5_allDEGs_merged
LOC111115620,1,cross_study_DEG_comparison
LOC111115624,1,ds1-5_allDEGs_merged
LOC111115634,1,cross_study_DEG_comparison
LOC111115641,1,ds1-5_allDEGs_merged
LOC111115647,1,ds1-5_allDEGs_merged
LOC111115649,1,ds1-5_allDEGs_merged
LOC111115653,1,cross_study_DEG_comparison
LOC111115656,1,ds1-5_allDEGs_merged
LOC111115675,1,ds1-5_allDEGs_merged
LOC111115681,1,cross_study_DEG_comparison
LOC111115683,1,cross_study_DEG_comparison
LOC111115684,1,cross_study_DEG_comparison
LOC111115685,1,ds1-5_allDEGs_merged
LOC111115690,1,cross_study_DEG_comparison
LOC111115693,1,cross_study_DEG_comparison
LOC111115697,1,ds1-5_allDEGs_merged
LOC111115698,1,ds1-5_allDEGs_merged
LOC111115716,1,cross_study_DEG_comparison
LOC111115717,1,cross_study_DEG_comparison
LOC111115720,1,ds1-5_allDEGs_merged
LOC111115722,1,cross_study_DEG_comparison
LOC111115734,1,cross_study_DEG_comparison
LOC111115736,1,cross_study_DEG_comparison
LOC111115737,1,cross_study_DEG_comparison
LOC111115740,1,cross_study_DEG_comparison
LOC111115742,1,cross_study_DEG_comparison
LOC111115743,1,cross_study_DEG_comparison
LOC111115747,1,cross_study_DEG_comparison
LOC111115754,1,cross_study_DEG_comparison
LOC111115771,1,ds1-5_allDEGs_merged
LOC111115790,1,cross_study_DEG_comparison
LOC111115795,1,cross_study_DEG_comparison
LOC111115796,1,cross_study_DEG_comparison
LOC111115806,1,cross_study_DEG_comparison
LOC111115807,1,cross_study_DEG_comparison
LOC111115810,1,cross_study_DEG_comparison
LOC111115814,1,cross_study_DEG_comparison
LOC111115817,1,ds1-5_allDEGs_merged
LOC111115822,1,ds1-5_allDEGs_merged
LOC111115823,1,cross_study_DEG_comparison
LOC111115834,1,cross_study_DEG_comparison
LOC111115840,1,ds1-5_allDEGs_merged
LOC111115841,1,cross_study_DEG_comparison
LOC111115842,1,cross_study_DEG_comparison
LOC111115850,1,ds1-5_allDEGs_merged
LOC111115851,1,ds1-5_allDEGs_merged
LOC111115860,1,ds1-5_allDEGs_merged
LOC111115863,1,ds1-5_allDEGs_merged
LOC111115870,1,ds1-5_allDEGs_merged
LOC111115873,1,cross_study_DEG_comparison
LOC111115888,1,cross_study_DEG_comparison
LOC111115899,1,cross_study_DEG_comparison
LOC111115902,1,cross_study_DEG_comparison
LOC111115908,1,ds1-5_allDEGs_merged
LOC111115911,1,ds1-5_allDEGs_merged
LOC111115915,1,cross_study_DEG_comparison
LOC111115917,1,cross_study_DEG_comparison
LOC111115928,1,cross_study_DEG_comparison
LOC111115936,1,cross_study_DEG_comparison
LOC111115939,1,cross_study_DEG_comparison
LOC111115943,1,ds1-5_allDEGs_merged
LOC111115949,1,cross_study_DEG_comparison
LOC111115957,1,cross_study_DEG_comparison
LOC111115958,1,cross_study_DEG_comparison
LOC111115962,1,ds1-5_allDEGs_merged
LOC111115966,1,cross_study_DEG_comparison
LOC111115972,1,cross_study_DEG_comparison
LOC111115976,1,cross_study_DEG_comparison
LOC111115978,1,cross_study_DEG_comparison
LOC111115980,1,cross_study_DEG_comparison
LOC111115981,1,ds1-5_allDEGs_merged
LOC111115984,1,cross_study_DEG_comparison
LOC111115985,1,ds1-5_allDEGs_merged
LOC111115989,1,ds1-5_allDEGs_merged
LOC111115993,1,ds1-5_allDEGs_merged
LOC111116003,1,cross_study_DEG_comparison
LOC111116005,1,cross_study_DEG_comparison
LOC111116029,1,cross_study_DEG_comparison
LOC111116030,1,cross_study_DEG_comparison
LOC111116031,1,cross_study_DEG_comparison
LOC111116032,1,cross_study_DEG_comparison
LOC111116033,1,ds1-5_allDEGs_merged
LOC111116041,1,ds1-5_allDEGs_merged
LOC111116042,1,cross_study_DEG_comparison
LOC111116048,1,ds1-5_allDEGs_merged
LOC111116051,1,cross_study_DEG_comparison
LOC111116062,1,ds1-5_allDEGs_merged
LOC111116063,1,cross_study_DEG_comparison
LOC111116065,1,ds1-5_allDEGs_merged
LOC111116071,1,ds1-5_allDEGs_merged
LOC111116079,1,cross_study_DEG_comparison
LOC111116085,1,ds1-5_allDEGs_merged
LOC111116086,1,cross_study_DEG_comparison
LOC111116089,1,ds1-5_allDEGs_merged
LOC111116096,1,cross_study_DEG_comparison
LOC111116099,1,cross_study_DEG_comparison
LOC111116101,1,cross_study_DEG_comparison
LOC111116124,1,ds1-5_allDEGs_merged
LOC111116128,1,cross_study_DEG_comparison
LOC111116134,1,ds1-5_allDEGs_merged
LOC111116135,1,ds1-5_allDEGs_merged
LOC111116136,1,cross_study_DEG_comparison
LOC111116140,1,cross_study_DEG_comparison
LOC111116144,1,cross_study_DEG_comparison
LOC111116150,1,ds1-5_allDEGs_merged
LOC111116151,1,cross_study_DEG_comparison
LOC111116158,1,ds1-5_allDEGs_merged
LOC111116160,1,ds1-5_allDEGs_merged
LOC111116168,1,ds1-5_allDEGs_merged
LOC111116201,1,cross_study_DEG_comparison
LOC111116206,1,cross_study_DEG_comparison
LOC111116214,1,ds1-5_allDEGs_merged
LOC111116220,1,cross_study_DEG_comparison
LOC111116224,1,cross_study_DEG_comparison
LOC111116229,1,ds1-5_allDEGs_merged
LOC111116237,1,ds1-5_allDEGs_merged
LOC111116238,1,ds1-5_allDEGs_merged
LOC111116245,1,cross_study_DEG_comparison
LOC111116246,1,cross_study_DEG_comparison
LOC111116247,1,cross_study_DEG_comparison
LOC111116249,1,cross_study_DEG_comparison
LOC111116256,1,cross_study_DEG_comparison
LOC111116263,1,cross_study_DEG_comparison
LOC111116264,1,ds1-5_allDEGs_merged
LOC111116267,1,cross_study_DEG_comparison
LOC111116270,1,cross_study_DEG_comparison
LOC111116273,1,cross_study_DEG_comparison
LOC111116279,1,ds1-5_allDEGs_merged
LOC111116309,1,cross_study_DEG_comparison
LOC111116311,1,ds1-5_allDEGs_merged
LOC111116321,1,ds1-5_allDEGs_merged
LOC111116331,1,cross_study_DEG_comparison
LOC111116332,1,cross_study_DEG_comparison
LOC111116349,1,cross_study_DEG_comparison
LOC111116380,1,top_50_predictive_genes_for_classification
LOC111116386,1,cross_study_DEG_comparison
LOC111116394,1,cross_study_DEG_comparison
LOC111116418,1,cross_study_DEG_comparison
LOC111116436,1,cross_study_DEG_comparison
LOC111116460,1,cross_study_DEG_comparison
LOC111116477,1,ds1-5_allDEGs_merged
LOC111116489,1,cross_study_DEG_comparison
LOC111116503,1,ds1-5_allDEGs_merged
LOC111116508,1,ds1-5_allDEGs_merged
LOC111116509,1,ds1-5_allDEGs_merged
LOC111116515,1,cross_study_DEG_comparison
LOC111116531,1,ds1-5_allDEGs_merged
LOC111116532,1,cross_study_DEG_comparison
LOC111116533,1,ds1-5_allDEGs_merged
LOC111116535,1,cross_study_DEG_comparison
LOC111116541,1,cross_study_DEG_comparison
LOC111116549,1,cross_study_DEG_comparison
LOC111116555,1,cross_study_DEG_comparison
LOC111116556,1,ds1-5_allDEGs_merged
LOC111116557,1,ds1-5_allDEGs_merged
LOC111116560,1,cross_study_DEG_comparison
LOC111116587,1,cross_study_DEG_comparison
LOC111116589,1,ds1-5_allDEGs_merged
LOC111116590,1,ds1-5_allDEGs_merged
LOC111116593,1,cross_study_DEG_comparison
LOC111116599,1,cross_study_DEG_comparison
LOC111116609,1,cross_study_DEG_comparison
LOC111116612,1,cross_study_DEG_comparison
LOC111116615,1,cross_study_DEG_comparison
LOC111116617,1,cross_study_DEG_comparison
LOC111116624,1,cross_study_DEG_comparison
LOC111116629,1,cross_study_DEG_comparison
LOC111116630,1,cross_study_DEG_comparison
LOC111116631,1,cross_study_DEG_comparison
LOC111116633,1,ds1-5_allDEGs_merged
LOC111116635,1,cross_study_DEG_comparison
LOC111116638,1,cross_study_DEG_comparison
LOC111116639,1,ds1-5_allDEGs_merged
LOC111116646,1,ds1-5_allDEGs_merged
LOC111116647,1,cross_study_DEG_comparison
LOC111116648,1,ds1-5_allDEGs_merged
LOC111116650,1,cross_study_DEG_comparison
LOC111116653,1,ds1-5_allDEGs_merged
LOC111116661,1,cross_study_DEG_comparison
LOC111116662,1,cross_study_DEG_comparison
LOC111116665,1,ds1-5_allDEGs_merged
LOC111116677,1,ds1-5_allDEGs_merged
LOC111116692,1,ds1-5_allDEGs_merged
LOC111116694,1,cross_study_DEG_comparison
LOC111116696,1,cross_study_DEG_comparison
LOC111116709,1,cross_study_DEG_comparison
LOC111116710,1,ds1-5_allDEGs_merged
LOC111116711,1,cross_study_DEG_comparison
LOC111116714,1,ds1-5_allDEGs_merged
LOC111116717,1,cross_study_DEG_comparison
LOC111116726,1,cross_study_DEG_comparison
LOC111116744,1,cross_study_DEG_comparison
LOC111116745,1,ds1-5_allDEGs_merged
LOC111116749,1,cross_study_DEG_comparison
LOC111116754,1,cross_study_DEG_comparison
LOC111116758,1,cross_study_DEG_comparison
LOC111116765,1,cross_study_DEG_comparison
LOC111116774,1,ds1-5_allDEGs_merged
LOC111116777,1,cross_study_DEG_comparison
LOC111116780,1,ds1-5_allDEGs_merged
LOC111116782,1,cross_study_DEG_comparison
LOC111116787,1,cross_study_DEG_comparison
LOC111116790,1,cross_study_DEG_comparison
LOC111116792,1,cross_study_DEG_comparison
LOC111116793,1,cross_study_DEG_comparison
LOC111116794,1,cross_study_DEG_comparison
LOC111116795,1,ds1-5_allDEGs_merged
LOC111116796,1,cross_study_DEG_comparison
LOC111116798,1,cross_study_DEG_comparison
LOC111116802,1,cross_study_DEG_comparison
LOC111116807,1,cross_study_DEG_comparison
LOC111116809,1,cross_study_DEG_comparison
LOC111116818,1,ds1-5_allDEGs_merged
LOC111116824,1,ds1-5_allDEGs_merged
LOC111116825,1,ds1-5_allDEGs_merged
LOC111116830,1,ds1-5_allDEGs_merged
LOC111116842,1,cross_study_DEG_comparison
LOC111116855,1,cross_study_DEG_comparison
LOC111116857,1,ds1-5_allDEGs_merged
LOC111116867,1,cross_study_DEG_comparison
LOC111116878,1,cross_study_DEG_comparison
LOC111116879,1,cross_study_DEG_comparison
LOC111116886,1,ds1-5_allDEGs_merged
LOC111116898,1,cross_study_DEG_comparison
LOC111116899,1,cross_study_DEG_comparison
LOC111116904,1,cross_study_DEG_comparison
LOC111116905,1,ds1-5_allDEGs_merged
LOC111116907,1,cross_study_DEG_comparison
LOC111116908,1,cross_study_DEG_comparison
LOC111116919,1,cross_study_DEG_comparison
LOC111116921,1,cross_study_DEG_comparison
LOC111116924,1,cross_study_DEG_comparison
LOC111116927,1,cross_study_DEG_comparison
LOC111116931,1,cross_study_DEG_comparison
LOC111116932,1,cross_study_DEG_comparison
LOC111116933,1,cross_study_DEG_comparison
LOC111116940,1,ds1-5_allDEGs_merged
LOC111116942,1,ds1-5_allDEGs_merged
LOC111116949,1,cross_study_DEG_comparison
LOC111116960,1,cross_study_DEG_comparison
LOC111116965,1,cross_study_DEG_comparison
LOC111116966,1,ds1-5_allDEGs_merged
LOC111116972,1,cross_study_DEG_comparison
LOC111116974,1,ds1-5_allDEGs_merged
LOC111116981,1,cross_study_DEG_comparison
LOC111116982,1,ds1-5_allDEGs_merged
LOC111116988,1,ds1-5_allDEGs_merged
LOC111116995,1,ds1-5_allDEGs_merged
LOC111117013,1,ds1-5_allDEGs_merged
LOC111117016,1,ds1-5_allDEGs_merged
LOC111117018,1,ds1-5_allDEGs_merged
LOC111117020,1,ds1-5_allDEGs_merged
LOC111117024,1,ds1-5_allDEGs_merged
LOC111117034,1,ds1-5_allDEGs_merged
LOC111117042,1,cross_study_DEG_comparison
LOC111117044,1,cross_study_DEG_comparison
LOC111117050,1,cross_study_DEG_comparison
LOC111117063,1,cross_study_DEG_comparison
LOC111117092,1,ds1-5_allDEGs_merged
LOC111117099,1,cross_study_DEG_comparison
LOC111117116,1,cross_study_DEG_comparison
LOC111117131,1,ds1-5_allDEGs_merged
LOC111117138,1,cross_study_DEG_comparison
LOC111117139,1,cross_study_DEG_comparison
LOC111117144,1,ds1-5_allDEGs_merged
LOC111117154,1,cross_study_DEG_comparison
LOC111117164,1,cross_study_DEG_comparison
LOC111117177,1,ds1-5_allDEGs_merged
LOC111117193,1,ds1-5_allDEGs_merged
LOC111117194,1,ds1-5_allDEGs_merged
LOC111117195,1,cross_study_DEG_comparison
LOC111117218,1,cross_study_DEG_comparison
LOC111117242,1,cross_study_DEG_comparison
LOC111117248,1,ds1-5_allDEGs_merged
LOC111117249,1,cross_study_DEG_comparison
LOC111117254,1,cross_study_DEG_comparison
LOC111117266,1,cross_study_DEG_comparison
LOC111117283,1,cross_study_DEG_comparison
LOC111117287,1,cross_study_DEG_comparison
LOC111117288,1,ds1-5_allDEGs_merged
LOC111117293,1,cross_study_DEG_comparison
LOC111117298,1,cross_study_DEG_comparison
LOC111117299,1,ds1-5_allDEGs_merged
LOC111117304,1,cross_study_DEG_comparison
LOC111117305,1,cross_study_DEG_comparison
LOC111117311,1,ds1-5_allDEGs_merged
LOC111117321,1,ds1-5_allDEGs_merged
LOC111117325,1,cross_study_DEG_comparison
LOC111117327,1,cross_study_DEG_comparison
LOC111117328,1,cross_study_DEG_comparison
LOC111117329,1,cross_study_DEG_comparison
LOC111117335,1,ds1-5_allDEGs_merged
LOC111117337,1,ds1-5_allDEGs_merged
LOC111117339,1,ds1-5_allDEGs_merged
LOC111117340,1,cross_study_DEG_comparison
LOC111117345,1,ds1-5_allDEGs_merged
LOC111117350,1,ds1-5_allDEGs_merged
LOC111117352,1,ds1-5_allDEGs_merged
LOC111117354,1,cross_study_DEG_comparison
LOC111117370,1,cross_study_DEG_comparison
LOC111117385,1,cross_study_DEG_comparison
LOC111117386,1,cross_study_DEG_comparison
LOC111117393,1,cross_study_DEG_comparison
LOC111117398,1,cross_study_DEG_comparison
LOC111117403,1,cross_study_DEG_comparison
LOC111117415,1,ds1-5_allDEGs_merged
LOC111117422,1,ds1-5_allDEGs_merged
LOC111117425,1,cross_study_DEG_comparison
LOC111117430,1,cross_study_DEG_comparison
LOC111117438,1,ds1-5_allDEGs_merged
LOC111117449,1,ds1-5_allDEGs_merged
LOC111117450,1,cross_study_DEG_comparison
LOC111117454,1,cross_study_DEG_comparison
LOC111117465,1,cross_study_DEG_comparison
LOC111117466,1,cross_study_DEG_comparison
LOC111117469,1,ds1-5_allDEGs_merged
LOC111117471,1,cross_study_DEG_comparison
LOC111117475,1,cross_study_DEG_comparison
LOC111117479,1,cross_study_DEG_comparison
LOC111117481,1,cross_study_DEG_comparison
LOC111117491,1,cross_study_DEG_comparison
LOC111117504,1,cross_study_DEG_comparison
LOC111117511,1,cross_study_DEG_comparison
LOC111117512,1,cross_study_DEG_comparison
LOC111117515,1,cross_study_DEG_comparison
LOC111117533,1,ds1-5_allDEGs_merged
LOC111117537,1,cross_study_DEG_comparison
LOC111117538,1,cross_study_DEG_comparison
LOC111117543,1,ds1-5_allDEGs_merged
LOC111117551,1,ds1-5_allDEGs_merged
LOC111117562,1,cross_study_DEG_comparison
LOC111117570,1,ds1-5_allDEGs_merged
LOC111117574,1,cross_study_DEG_comparison
LOC111117580,1,cross_study_DEG_comparison
LOC111117596,1,cross_study_DEG_comparison
LOC111117598,1,cross_study_DEG_comparison
LOC111117599,1,cross_study_DEG_comparison
LOC111117602,1,ds1-5_allDEGs_merged
LOC111117606,1,cross_study_DEG_comparison
LOC111117607,1,ds1-5_allDEGs_merged
LOC111117616,1,cross_study_DEG_comparison
LOC111117620,1,ds1-5_allDEGs_merged
LOC111117622,1,ds1-5_allDEGs_merged
LOC111117624,1,cross_study_DEG_comparison
LOC111117632,1,ds1-5_allDEGs_merged
LOC111117634,1,ds1-5_allDEGs_merged
LOC111117643,1,ds1-5_allDEGs_merged
LOC111117650,1,ds1-5_allDEGs_merged
LOC111117652,1,ds1-5_allDEGs_merged
LOC111117656,1,cross_study_DEG_comparison
LOC111117664,1,cross_study_DEG_comparison
LOC111117669,1,cross_study_DEG_comparison
LOC111117670,1,ds1-5_allDEGs_merged
LOC111117675,1,ds1-5_allDEGs_merged
LOC111117683,1,cross_study_DEG_comparison
LOC111117686,1,cross_study_DEG_comparison
LOC111117696,1,cross_study_DEG_comparison
LOC111117702,1,cross_study_DEG_comparison
LOC111117703,1,cross_study_DEG_comparison
LOC111117704,1,cross_study_DEG_comparison
LOC111117711,1,cross_study_DEG_comparison
LOC111117712,1,cross_study_DEG_comparison
LOC111117715,1,cross_study_DEG_comparison
LOC111117733,1,ds1-5_allDEGs_merged
LOC111117735,1,ds1-5_allDEGs_merged
LOC111117736,1,ds1-5_allDEGs_merged
LOC111117739,1,ds1-5_allDEGs_merged
LOC111117740,1,cross_study_DEG_comparison
LOC111117741,1,ds1-5_allDEGs_merged
LOC111117749,1,ds1-5_allDEGs_merged
LOC111117751,1,ds1-5_allDEGs_merged
LOC111117755,1,cross_study_DEG_comparison
LOC111117756,1,ds1-5_allDEGs_merged
LOC111117760,1,ds1-5_allDEGs_merged
LOC111117782,1,cross_study_DEG_comparison
LOC111117796,1,cross_study_DEG_comparison
LOC111117802,1,cross_study_DEG_comparison
LOC111117803,1,cross_study_DEG_comparison
LOC111117806,1,ds1-5_allDEGs_merged
LOC111117810,1,ds1-5_allDEGs_merged
LOC111117811,1,ds1-5_allDEGs_merged
LOC111117812,1,ds1-5_allDEGs_merged
LOC111117813,1,ds1-5_allDEGs_merged
LOC111117814,1,ds1-5_allDEGs_merged
LOC111117815,1,ds1-5_allDEGs_merged
LOC111117816,1,ds1-5_allDEGs_merged
LOC111117820,1,cross_study_DEG_comparison
LOC111117828,1,cross_study_DEG_comparison
LOC111117844,1,cross_study_DEG_comparison
LOC111117847,1,cross_study_DEG_comparison
LOC111117857,1,cross_study_DEG_comparison
LOC111117861,1,cross_study_DEG_comparison
LOC111117870,1,cross_study_DEG_comparison
LOC111117871,1,cross_study_DEG_comparison
LOC111117877,1,cross_study_DEG_comparison
LOC111117881,1,cross_study_DEG_comparison
LOC111117882,1,ds1-5_allDEGs_merged
LOC111117895,1,cross_study_DEG_comparison
LOC111117904,1,ds1-5_allDEGs_merged
LOC111117915,1,cross_study_DEG_comparison
LOC111117917,1,ds1-5_allDEGs_merged
LOC111117921,1,cross_study_DEG_comparison
LOC111117922,1,ds1-5_allDEGs_merged
LOC111117933,1,cross_study_DEG_comparison
LOC111117941,1,cross_study_DEG_comparison
LOC111117943,1,cross_study_DEG_comparison
LOC111117944,1,cross_study_DEG_comparison
LOC111117946,1,ds1-5_allDEGs_merged
LOC111117947,1,ds1-5_allDEGs_merged
LOC111117948,1,ds1-5_allDEGs_merged
LOC111117952,1,ds1-5_allDEGs_merged
LOC111117953,1,ds1-5_allDEGs_merged
LOC111117955,1,ds1-5_allDEGs_merged
LOC111117964,1,ds1-5_allDEGs_merged
LOC111117978,1,cross_study_DEG_comparison
LOC111117989,1,ds1-5_allDEGs_merged
LOC111117991,1,ds1-5_allDEGs_merged
LOC111117994,1,ds1-5_allDEGs_merged
LOC111117997,1,cross_study_DEG_comparison
LOC111117999,1,cross_study_DEG_comparison
LOC111118002,1,ds1-5_allDEGs_merged
LOC111118003,1,ds1-5_allDEGs_merged
LOC111118004,1,ds1-5_allDEGs_merged
LOC111118005,1,ds1-5_allDEGs_merged
LOC111118007,1,cross_study_DEG_comparison
LOC111118008,1,cross_study_DEG_comparison
LOC111118011,1,ds1-5_allDEGs_merged
LOC111118019,1,ds1-5_allDEGs_merged
LOC111118022,1,ds1-5_allDEGs_merged
LOC111118025,1,top10genes
LOC111118026,1,cross_study_DEG_comparison
LOC111118027,1,ds1-5_allDEGs_merged
LOC111118029,1,ds1-5_allDEGs_merged
LOC111118030,1,cross_study_DEG_comparison
LOC111118031,1,cross_study_DEG_comparison
LOC111118043,1,ds1-5_allDEGs_merged
LOC111118053,1,cross_study_DEG_comparison
LOC111118054,1,ds1-5_allDEGs_merged
LOC111118056,1,ds1-5_allDEGs_merged
LOC111118057,1,cross_study_DEG_comparison
LOC111118060,1,ds1-5_allDEGs_merged
LOC111118068,1,cross_study_DEG_comparison
LOC111118069,1,ds1-5_allDEGs_merged
LOC111118074,1,cross_study_DEG_comparison
LOC111118078,1,cross_study_DEG_comparison
LOC111118080,1,cross_study_DEG_comparison
LOC111118083,1,ds1-5_allDEGs_merged
LOC111118084,1,ds1-5_allDEGs_merged
LOC111118085,1,ds1-5_allDEGs_merged
LOC111118090,1,ds1-5_allDEGs_merged
LOC111118093,1,cross_study_DEG_comparison
LOC111118095,1,ds1-5_allDEGs_merged
LOC111118105,1,ds1-5_allDEGs_merged
LOC111118106,1,cross_study_DEG_comparison
LOC111118111,1,cross_study_DEG_comparison
LOC111118113,1,cross_study_DEG_comparison
LOC111118129,1,ds1-5_allDEGs_merged
LOC111118133,1,top_50_predictive_genes_for_classification
LOC111118134,1,cross_study_DEG_comparison
LOC111118136,1,ds1-5_allDEGs_merged
LOC111118141,1,ds1-5_allDEGs_merged
LOC111118142,1,cross_study_DEG_comparison
LOC111118145,1,cross_study_DEG_comparison
LOC111118148,1,ds1-5_allDEGs_merged
LOC111118149,1,ds1-5_allDEGs_merged
LOC111118154,1,cross_study_DEG_comparison
LOC111118158,1,ds1-5_allDEGs_merged
LOC111118166,1,ds1-5_allDEGs_merged
LOC111118175,1,ds1-5_allDEGs_merged
LOC111118182,1,ds1-5_allDEGs_merged
LOC111118183,1,ds1-5_allDEGs_merged
LOC111118185,1,ds1-5_allDEGs_merged
LOC111118191,1,ds1-5_allDEGs_merged
LOC111118192,1,ds1-5_allDEGs_merged
LOC111118193,1,ds1-5_allDEGs_merged
LOC111118198,1,ds1-5_allDEGs_merged
LOC111118203,1,ds1-5_allDEGs_merged
LOC111118205,1,cross_study_DEG_comparison
LOC111118207,1,cross_study_DEG_comparison
LOC111118211,1,ds1-5_allDEGs_merged
LOC111118213,1,cross_study_DEG_comparison
LOC111118216,1,ds1-5_allDEGs_merged
LOC111118221,1,cross_study_DEG_comparison
LOC111118223,1,cross_study_DEG_comparison
LOC111118225,1,cross_study_DEG_comparison
LOC111118227,1,cross_study_DEG_comparison
LOC111118229,1,cross_study_DEG_comparison
LOC111118231,1,cross_study_DEG_comparison
LOC111118239,1,cross_study_DEG_comparison
LOC111118242,1,cross_study_DEG_comparison
LOC111118244,1,ds1-5_allDEGs_merged
LOC111118245,1,cross_study_DEG_comparison
LOC111118247,1,cross_study_DEG_comparison
LOC111118255,1,ds1-5_allDEGs_merged
LOC111118256,1,cross_study_DEG_comparison
LOC111118259,1,ds1-5_allDEGs_merged
LOC111118264,1,cross_study_DEG_comparison
LOC111118270,1,ds1-5_allDEGs_merged
LOC111118272,1,cross_study_DEG_comparison
LOC111118273,1,ds1-5_allDEGs_merged
LOC111118278,1,cross_study_DEG_comparison
LOC111118279,1,cross_study_DEG_comparison
LOC111118300,1,cross_study_DEG_comparison
LOC111118301,1,cross_study_DEG_comparison
LOC111118315,1,cross_study_DEG_comparison
LOC111118318,1,cross_study_DEG_comparison
LOC111118319,1,ds1-5_allDEGs_merged
LOC111118329,1,ds1-5_allDEGs_merged
LOC111118336,1,ds1-5_allDEGs_merged
LOC111118351,1,ds1-5_allDEGs_merged
LOC111118354,1,ds1-5_allDEGs_merged
LOC111118358,1,ds1-5_allDEGs_merged
LOC111118359,1,ds1-5_allDEGs_merged
LOC111118362,1,cross_study_DEG_comparison
LOC111118363,1,ds1-5_allDEGs_merged
LOC111118364,1,ds1-5_allDEGs_merged
LOC111118367,1,ds1-5_allDEGs_merged
LOC111118369,1,cross_study_DEG_comparison
LOC111118379,1,cross_study_DEG_comparison
LOC111118381,1,ds1-5_allDEGs_merged
LOC111118384,1,cross_study_DEG_comparison
LOC111118385,1,cross_study_DEG_comparison
LOC111118393,1,cross_study_DEG_comparison
LOC111118394,1,cross_study_DEG_comparison
LOC111118401,1,cross_study_DEG_comparison
LOC111118404,1,ds1-5_allDEGs_merged
LOC111118408,1,cross_study_DEG_comparison
LOC111118417,1,cross_study_DEG_comparison
LOC111118418,1,ds1-5_allDEGs_merged
LOC111118419,1,ds1-5_allDEGs_merged
LOC111118421,1,cross_study_DEG_comparison
LOC111118428,1,ds1-5_allDEGs_merged
LOC111118429,1,ds1-5_allDEGs_merged
LOC111118432,1,ds1-5_allDEGs_merged
LOC111118439,1,cross_study_DEG_comparison
LOC111118441,1,ds1-5_allDEGs_merged
LOC111118445,1,ds1-5_allDEGs_merged
LOC111118447,1,ds1-5_allDEGs_merged
LOC111118453,1,ds1-5_allDEGs_merged
LOC111118456,1,ds1-5_allDEGs_merged
LOC111118463,1,cross_study_DEG_comparison
LOC111118470,1,ds1-5_allDEGs_merged
LOC111118493,1,ds1-5_allDEGs_merged
LOC111118497,1,ds1-5_allDEGs_merged
LOC111118498,1,ds1-5_allDEGs_merged
LOC111118500,1,cross_study_DEG_comparison
LOC111118510,1,ds1-5_allDEGs_merged
LOC111118511,1,ds1-5_allDEGs_merged
LOC111118519,1,ds1-5_allDEGs_merged
LOC111118521,1,cross_study_DEG_comparison
LOC111118529,1,cross_study_DEG_comparison
LOC111118530,1,cross_study_DEG_comparison
LOC111118539,1,ds1-5_allDEGs_merged
LOC111118540,1,ds1-5_allDEGs_merged
LOC111118548,1,ds1-5_allDEGs_merged
LOC111118551,1,ds1-5_allDEGs_merged
LOC111118553,1,ds1-5_allDEGs_merged
LOC111118558,1,cross_study_DEG_comparison
LOC111118567,1,ds1-5_allDEGs_merged
LOC111118569,1,ds1-5_allDEGs_merged
LOC111118572,1,ds1-5_allDEGs_merged
LOC111118579,1,ds1-5_allDEGs_merged
LOC111118580,1,cross_study_DEG_comparison
LOC111118585,1,cross_study_DEG_comparison
LOC111118590,1,ds1-5_allDEGs_merged
LOC111118591,1,cross_study_DEG_comparison
LOC111118600,1,cross_study_DEG_comparison
LOC111118601,1,cross_study_DEG_comparison
LOC111118603,1,cross_study_DEG_comparison
LOC111118610,1,ds1-5_allDEGs_merged
LOC111118613,1,cross_study_DEG_comparison
LOC111118620,1,ds1-5_allDEGs_merged
LOC111118623,1,cross_study_DEG_comparison
LOC111118625,1,cross_study_DEG_comparison
LOC111118628,1,ds1-5_allDEGs_merged
LOC111118629,1,ds1-5_allDEGs_merged
LOC111118645,1,ds1-5_allDEGs_merged
LOC111118647,1,ds1-5_allDEGs_merged
LOC111118667,1,ds1-5_allDEGs_merged
LOC111118674,1,cross_study_DEG_comparison
LOC111118680,1,cross_study_DEG_comparison
LOC111118683,1,cross_study_DEG_comparison
LOC111118684,1,cross_study_DEG_comparison
LOC111118686,1,ds1-5_allDEGs_merged
LOC111118701,1,cross_study_DEG_comparison
LOC111118705,1,cross_study_DEG_comparison
LOC111118706,1,cross_study_DEG_comparison
LOC111118720,1,cross_study_DEG_comparison
LOC111118721,1,cross_study_DEG_comparison
LOC111118723,1,cross_study_DEG_comparison
LOC111118731,1,ds1-5_allDEGs_merged
LOC111118737,1,ds1-5_allDEGs_merged
LOC111118738,1,ds1-5_allDEGs_merged
LOC111118740,1,cross_study_DEG_comparison
LOC111118744,1,cross_study_DEG_comparison
LOC111118746,1,ds1-5_allDEGs_merged
LOC111118753,1,cross_study_DEG_comparison
LOC111118756,1,cross_study_DEG_comparison
LOC111118770,1,ds1-5_allDEGs_merged
LOC111118776,1,ds1-5_allDEGs_merged
LOC111118778,1,cross_study_DEG_comparison
LOC111118780,1,ds1-5_allDEGs_merged
LOC111118789,1,cross_study_DEG_comparison
LOC111118790,1,cross_study_DEG_comparison
LOC111118791,1,ds1-5_allDEGs_merged
LOC111118794,1,ds1-5_allDEGs_merged
LOC111118797,1,ds1-5_allDEGs_merged
LOC111118807,1,ds1-5_allDEGs_merged
LOC111118809,1,cross_study_DEG_comparison
LOC111118817,1,ds1-5_allDEGs_merged
LOC111118821,1,cross_study_DEG_comparison
LOC111118823,1,cross_study_DEG_comparison
LOC111118830,1,ds1-5_allDEGs_merged
LOC111118832,1,ds1-5_allDEGs_merged
LOC111118835,1,ds1-5_allDEGs_merged
LOC111118841,1,ds1-5_allDEGs_merged
LOC111118843,1,ds1-5_allDEGs_merged
LOC111118851,1,cross_study_DEG_comparison
LOC111118856,1,cross_study_DEG_comparison
LOC111118857,1,cross_study_DEG_comparison
LOC111118860,1,cross_study_DEG_comparison
LOC111118862,1,cross_study_DEG_comparison
LOC111118864,1,cross_study_DEG_comparison
LOC111118868,1,ds1-5_allDEGs_merged
LOC111118869,1,ds1-5_allDEGs_merged
LOC111118870,1,ds1-5_allDEGs_merged
LOC111118874,1,ds1-5_allDEGs_merged
LOC111118875,1,ds1-5_allDEGs_merged
LOC111118882,1,ds1-5_allDEGs_merged
LOC111118883,1,cross_study_DEG_comparison
LOC111118887,1,cross_study_DEG_comparison
LOC111118893,1,cross_study_DEG_comparison
LOC111118894,1,ds1-5_allDEGs_merged
LOC111118898,1,ds1-5_allDEGs_merged
LOC111118904,1,ds1-5_allDEGs_merged
LOC111118907,1,cross_study_DEG_comparison
LOC111118912,1,ds1-5_allDEGs_merged
LOC111118915,1,cross_study_DEG_comparison
LOC111118918,1,cross_study_DEG_comparison
LOC111118920,1,cross_study_DEG_comparison
LOC111118927,1,cross_study_DEG_comparison
LOC111118929,1,cross_study_DEG_comparison
LOC111118937,1,cross_study_DEG_comparison
LOC111118938,1,cross_study_DEG_comparison
LOC111118939,1,ds1-5_allDEGs_merged
LOC111118940,1,ds1-5_allDEGs_merged
LOC111118941,1,cross_study_DEG_comparison
LOC111118943,1,ds1-5_allDEGs_merged
LOC111118948,1,cross_study_DEG_comparison
LOC111118955,1,cross_study_DEG_comparison
LOC111118959,1,ds1-5_allDEGs_merged
LOC111118964,1,cross_study_DEG_comparison
LOC111118966,1,cross_study_DEG_comparison
LOC111118970,1,cross_study_DEG_comparison
LOC111118975,1,ds1-5_allDEGs_merged
LOC111118983,1,ds1-5_allDEGs_merged
LOC111118990,1,ds1-5_allDEGs_merged
LOC111118999,1,cross_study_DEG_comparison
LOC111119001,1,ds1-5_allDEGs_merged
LOC111119006,1,ds1-5_allDEGs_merged
LOC111119008,1,cross_study_DEG_comparison
LOC111119014,1,ds1-5_allDEGs_merged
LOC111119023,1,ds1-5_allDEGs_merged
LOC111119024,1,ds1-5_allDEGs_merged
LOC111119030,1,cross_study_DEG_comparison
LOC111119033,1,ds1-5_allDEGs_merged
LOC111119038,1,cross_study_DEG_comparison
LOC111119050,1,ds1-5_allDEGs_merged
LOC111119055,1,ds1-5_allDEGs_merged
LOC111119072,1,ds1-5_allDEGs_merged
LOC111119074,1,ds1-5_allDEGs_merged
LOC111119075,1,ds1-5_allDEGs_merged
LOC111119083,1,cross_study_DEG_comparison
LOC111119084,1,ds1-5_allDEGs_merged
LOC111119088,1,ds1-5_allDEGs_merged
LOC111119090,1,ds1-5_allDEGs_merged
LOC111119094,1,ds1-5_allDEGs_merged
LOC111119097,1,ds1-5_allDEGs_merged
LOC111119098,1,cross_study_DEG_comparison
LOC111119099,1,ds1-5_allDEGs_merged
LOC111119100,1,cross_study_DEG_comparison
LOC111119104,1,ds1-5_allDEGs_merged
LOC111119105,1,cross_study_DEG_comparison
LOC111119119,1,cross_study_DEG_comparison
LOC111119123,1,ds1-5_allDEGs_merged
LOC111119129,1,cross_study_DEG_comparison
LOC111119132,1,ds1-5_allDEGs_merged
LOC111119142,1,cross_study_DEG_comparison
LOC111119143,1,cross_study_DEG_comparison
LOC111119147,1,ds1-5_allDEGs_merged
LOC111119149,1,cross_study_DEG_comparison
LOC111119150,1,ds1-5_allDEGs_merged
LOC111119151,1,cross_study_DEG_comparison
LOC111119156,1,ds1-5_allDEGs_merged
LOC111119158,1,ds1-5_allDEGs_merged
LOC111119159,1,ds1-5_allDEGs_merged
LOC111119160,1,ds1-5_allDEGs_merged
LOC111119162,1,cross_study_DEG_comparison
LOC111119163,1,ds1-5_allDEGs_merged
LOC111119169,1,ds1-5_allDEGs_merged
LOC111119171,1,ds1-5_allDEGs_merged
LOC111119173,1,ds1-5_allDEGs_merged
LOC111119177,1,ds1-5_allDEGs_merged
LOC111119178,1,ds1-5_allDEGs_merged
LOC111119192,1,ds1-5_allDEGs_merged
LOC111119195,1,ds1-5_allDEGs_merged
LOC111119203,1,ds1-5_allDEGs_merged
LOC111119207,1,cross_study_DEG_comparison
LOC111119212,1,cross_study_DEG_comparison
LOC111119213,1,ds1-5_allDEGs_merged
LOC111119216,1,ds1-5_allDEGs_merged
LOC111119217,1,ds1-5_allDEGs_merged
LOC111119226,1,cross_study_DEG_comparison
LOC111119230,1,ds1-5_allDEGs_merged
LOC111119234,1,cross_study_DEG_comparison
LOC111119240,1,ds1-5_allDEGs_merged
LOC111119241,1,ds1-5_allDEGs_merged
LOC111119245,1,ds1-5_allDEGs_merged
LOC111119250,1,ds1-5_allDEGs_merged
LOC111119258,1,ds1-5_allDEGs_merged
LOC111119261,1,ds1-5_allDEGs_merged
LOC111119263,1,ds1-5_allDEGs_merged
LOC111119269,1,ds1-5_allDEGs_merged
LOC111119275,1,ds1-5_allDEGs_merged
LOC111119278,1,ds1-5_allDEGs_merged
LOC111119285,1,ds1-5_allDEGs_merged
LOC111119286,1,ds1-5_allDEGs_merged
LOC111119287,1,ds1-5_allDEGs_merged
LOC111119289,1,ds1-5_allDEGs_merged
LOC111119290,1,cross_study_DEG_comparison
LOC111119291,1,cross_study_DEG_comparison
LOC111119292,1,cross_study_DEG_comparison
LOC111119298,1,cross_study_DEG_comparison
LOC111119300,1,cross_study_DEG_comparison
LOC111119310,1,cross_study_DEG_comparison
LOC111119319,1,ds1-5_allDEGs_merged
LOC111119321,1,cross_study_DEG_comparison
LOC111119327,1,cross_study_DEG_comparison
LOC111119328,1,ds1-5_allDEGs_merged
LOC111119330,1,ds1-5_allDEGs_merged
LOC111119332,1,ds1-5_allDEGs_merged
LOC111119333,1,ds1-5_allDEGs_merged
LOC111119339,1,cross_study_DEG_comparison
LOC111119350,1,ds1-5_allDEGs_merged
LOC111119355,1,ds1-5_allDEGs_merged
LOC111119358,1,ds1-5_allDEGs_merged
LOC111119359,1,ds1-5_allDEGs_merged
LOC111119360,1,ds1-5_allDEGs_merged
LOC111119364,1,ds1-5_allDEGs_merged
LOC111119365,1,ds1-5_allDEGs_merged
LOC111119367,1,cross_study_DEG_comparison
LOC111119371,1,cross_study_DEG_comparison
LOC111119374,1,cross_study_DEG_comparison
LOC111119375,1,cross_study_DEG_comparison
LOC111119379,1,cross_study_DEG_comparison
LOC111119380,1,cross_study_DEG_comparison
LOC111119383,1,ds1-5_allDEGs_merged
LOC111119387,1,ds1-5_allDEGs_merged
LOC111119391,1,ds1-5_allDEGs_merged
LOC111119395,1,ds1-5_allDEGs_merged
LOC111119396,1,ds1-5_allDEGs_merged
LOC111119399,1,cross_study_DEG_comparison
LOC111119400,1,ds1-5_allDEGs_merged
LOC111119401,1,ds1-5_allDEGs_merged
LOC111119404,1,ds1-5_allDEGs_merged
LOC111119405,1,ds1-5_allDEGs_merged
LOC111119408,1,cross_study_DEG_comparison
LOC111119409,1,ds1-5_allDEGs_merged
LOC111119414,1,cross_study_DEG_comparison
LOC111119424,1,cross_study_DEG_comparison
LOC111119425,1,cross_study_DEG_comparison
LOC111119426,1,cross_study_DEG_comparison
LOC111119428,1,ds1-5_allDEGs_merged
LOC111119429,1,cross_study_DEG_comparison
LOC111119433,1,ds1-5_allDEGs_merged
LOC111119435,1,ds1-5_allDEGs_merged
LOC111119442,1,ds1-5_allDEGs_merged
LOC111119443,1,ds1-5_allDEGs_merged
LOC111119444,1,ds1-5_allDEGs_merged
LOC111119447,1,cross_study_DEG_comparison
LOC111119449,1,ds1-5_allDEGs_merged
LOC111119454,1,ds1-5_allDEGs_merged
LOC111119460,1,ds1-5_allDEGs_merged
LOC111119467,1,cross_study_DEG_comparison
LOC111119486,1,cross_study_DEG_comparison
LOC111119490,1,ds1-5_allDEGs_merged
LOC111119495,1,cross_study_DEG_comparison
LOC111119496,1,ds1-5_allDEGs_merged
LOC111119498,1,ds1-5_allDEGs_merged
LOC111119502,1,ds1-5_allDEGs_merged
LOC111119504,1,cross_study_DEG_comparison
LOC111119506,1,cross_study_DEG_comparison
LOC111119507,1,cross_study_DEG_comparison
LOC111119512,1,cross_study_DEG_comparison
LOC111119513,1,ds1-5_allDEGs_merged
LOC111119514,1,ds1-5_allDEGs_merged
LOC111119543,1,cross_study_DEG_comparison
LOC111119549,1,ds1-5_allDEGs_merged
LOC111119550,1,ds1-5_allDEGs_merged
LOC111119553,1,ds1-5_allDEGs_merged
LOC111119555,1,ds1-5_allDEGs_merged
LOC111119559,1,cross_study_DEG_comparison
LOC111119561,1,ds1-5_allDEGs_merged
LOC111119570,1,cross_study_DEG_comparison
LOC111119571,1,cross_study_DEG_comparison
LOC111119575,1,cross_study_DEG_comparison
LOC111119585,1,ds1-5_allDEGs_merged
LOC111119586,1,cross_study_DEG_comparison
LOC111119588,1,ds1-5_allDEGs_merged
LOC111119589,1,ds1-5_allDEGs_merged
LOC111119594,1,cross_study_DEG_comparison
LOC111119596,1,ds1-5_allDEGs_merged
LOC111119599,1,ds1-5_allDEGs_merged
LOC111119600,1,cross_study_DEG_comparison
LOC111119602,1,cross_study_DEG_comparison
LOC111119604,1,ds1-5_allDEGs_merged
LOC111119608,1,ds1-5_allDEGs_merged
LOC111119609,1,cross_study_DEG_comparison
LOC111119611,1,cross_study_DEG_comparison
LOC111119613,1,ds1-5_allDEGs_merged
LOC111119614,1,cross_study_DEG_comparison
LOC111119617,1,ds1-5_allDEGs_merged
LOC111119619,1,ds1-5_allDEGs_merged
LOC111119620,1,cross_study_DEG_comparison
LOC111119621,1,ds1-5_allDEGs_merged
LOC111119627,1,ds1-5_allDEGs_merged
LOC111119628,1,ds1-5_allDEGs_merged
LOC111119630,1,cross_study_DEG_comparison
LOC111119634,1,ds1-5_allDEGs_merged
LOC111119637,1,ds1-5_allDEGs_merged
LOC111119638,1,ds1-5_allDEGs_merged
LOC111119644,1,ds1-5_allDEGs_merged
LOC111119645,1,cross_study_DEG_comparison
LOC111119652,1,cross_study_DEG_comparison
LOC111119655,1,cross_study_DEG_comparison
LOC111119656,1,cross_study_DEG_comparison
LOC111119664,1,cross_study_DEG_comparison
LOC111119677,1,ds1-5_allDEGs_merged
LOC111119680,1,cross_study_DEG_comparison
LOC111119693,1,ds1-5_allDEGs_merged
LOC111119696,1,cross_study_DEG_comparison
LOC111119705,1,ds1-5_allDEGs_merged
LOC111119706,1,ds1-5_allDEGs_merged
LOC111119712,1,cross_study_DEG_comparison
LOC111119713,1,ds1-5_allDEGs_merged
LOC111119719,1,ds1-5_allDEGs_merged
LOC111119721,1,cross_study_DEG_comparison
LOC111119722,1,cross_study_DEG_comparison
LOC111119729,1,ds1-5_allDEGs_merged
LOC111119739,1,cross_study_DEG_comparison
LOC111119741,1,cross_study_DEG_comparison
LOC111119744,1,ds1-5_allDEGs_merged
LOC111119745,1,ds1-5_allDEGs_merged
LOC111119748,1,cross_study_DEG_comparison
LOC111119752,1,cross_study_DEG_comparison
LOC111119756,1,ds1-5_allDEGs_merged
LOC111119757,1,cross_study_DEG_comparison
LOC111119759,1,ds1-5_allDEGs_merged
LOC111119768,1,ds1-5_allDEGs_merged
LOC111119775,1,ds1-5_allDEGs_merged
LOC111119776,1,ds1-5_allDEGs_merged
LOC111119782,1,ds1-5_allDEGs_merged
LOC111119783,1,ds1-5_allDEGs_merged
LOC111119785,1,cross_study_DEG_comparison
LOC111119786,1,ds1-5_allDEGs_merged
LOC111119787,1,cross_study_DEG_comparison
LOC111119788,1,ds1-5_allDEGs_merged
LOC111119794,1,cross_study_DEG_comparison
LOC111119801,1,cross_study_DEG_comparison
LOC111119802,1,ds1-5_allDEGs_merged
LOC111119805,1,ds1-5_allDEGs_merged
LOC111119817,1,cross_study_DEG_comparison
LOC111119836,1,ds1-5_allDEGs_merged
LOC111119837,1,cross_study_DEG_comparison
LOC111119844,1,ds1-5_allDEGs_merged
LOC111119846,1,ds1-5_allDEGs_merged
LOC111119850,1,cross_study_DEG_comparison
LOC111119854,1,ds1-5_allDEGs_merged
LOC111119855,1,ds1-5_allDEGs_merged
LOC111119856,1,cross_study_DEG_comparison
LOC111119859,1,cross_study_DEG_comparison
LOC111119861,1,cross_study_DEG_comparison
LOC111119864,1,cross_study_DEG_comparison
LOC111119866,1,cross_study_DEG_comparison
LOC111119882,1,ds1-5_allDEGs_merged
LOC111119885,1,cross_study_DEG_comparison
LOC111119897,1,ds1-5_allDEGs_merged
LOC111119898,1,cross_study_DEG_comparison
LOC111119905,1,ds1-5_allDEGs_merged
LOC111119906,1,ds1-5_allDEGs_merged
LOC111119912,1,ds1-5_allDEGs_merged
LOC111119913,1,ds1-5_allDEGs_merged
LOC111119914,1,ds1-5_allDEGs_merged
LOC111119917,1,ds1-5_allDEGs_merged
LOC111119923,1,ds1-5_allDEGs_merged
LOC111119924,1,ds1-5_allDEGs_merged
LOC111119932,1,ds1-5_allDEGs_merged
LOC111119941,1,ds1-5_allDEGs_merged
LOC111119942,1,ds1-5_allDEGs_merged
LOC111119946,1,ds1-5_allDEGs_merged
LOC111119950,1,ds1-5_allDEGs_merged
LOC111119955,1,ds1-5_allDEGs_merged
LOC111119958,1,cross_study_DEG_comparison
LOC111119964,1,ds1-5_allDEGs_merged
LOC111119978,1,ds1-5_allDEGs_merged
LOC111119981,1,ds1-5_allDEGs_merged
LOC111119983,1,ds1-5_allDEGs_merged
LOC111119988,1,ds1-5_allDEGs_merged
LOC111119989,1,ds1-5_allDEGs_merged
LOC111119998,1,ds1-5_allDEGs_merged
LOC111120002,1,ds1-5_allDEGs_merged
LOC111120008,1,ds1-5_allDEGs_merged
LOC111120010,1,ds1-5_allDEGs_merged
LOC111120011,1,cross_study_DEG_comparison
LOC111120015,1,cross_study_DEG_comparison
LOC111120018,1,ds1-5_allDEGs_merged
LOC111120019,1,cross_study_DEG_comparison
LOC111120020,1,ds1-5_allDEGs_merged
LOC111120024,1,ds1-5_allDEGs_merged
LOC111120026,1,ds1-5_allDEGs_merged
LOC111120031,1,cross_study_DEG_comparison
LOC111120032,1,cross_study_DEG_comparison
LOC111120033,1,ds1-5_allDEGs_merged
LOC111120035,1,ds1-5_allDEGs_merged
LOC111120037,1,ds1-5_allDEGs_merged
LOC111120039,1,ds1-5_allDEGs_merged
LOC111120041,1,ds1-5_allDEGs_merged
LOC111120042,1,cross_study_DEG_comparison
LOC111120044,1,ds1-5_allDEGs_merged
LOC111120045,1,cross_study_DEG_comparison
LOC111120058,1,ds1-5_allDEGs_merged
LOC111120062,1,ds1-5_allDEGs_merged
LOC111120066,1,ds1-5_allDEGs_merged
LOC111120068,1,cross_study_DEG_comparison
LOC111120070,1,ds1-5_allDEGs_merged
LOC111120071,1,ds1-5_allDEGs_merged
LOC111120079,1,ds1-5_allDEGs_merged
LOC111120082,1,ds1-5_allDEGs_merged
LOC111120085,1,ds1-5_allDEGs_merged
LOC111120088,1,cross_study_DEG_comparison
LOC111120089,1,ds1-5_allDEGs_merged
LOC111120090,1,ds1-5_allDEGs_merged
LOC111120093,1,cross_study_DEG_comparison
LOC111120094,1,cross_study_DEG_comparison
LOC111120101,1,ds1-5_allDEGs_merged
LOC111120105,1,ds1-5_allDEGs_merged
LOC111120107,1,ds1-5_allDEGs_merged
LOC111120109,1,ds1-5_allDEGs_merged
LOC111120113,1,ds1-5_allDEGs_merged
LOC111120134,1,cross_study_DEG_comparison
LOC111120135,1,ds1-5_allDEGs_merged
LOC111120137,1,cross_study_DEG_comparison
LOC111120141,1,ds1-5_allDEGs_merged
LOC111120142,1,ds1-5_allDEGs_merged
LOC111120154,1,ds1-5_allDEGs_merged
LOC111120159,1,cross_study_DEG_comparison
LOC111120164,1,ds1-5_allDEGs_merged
LOC111120175,1,cross_study_DEG_comparison
LOC111120179,1,cross_study_DEG_comparison
LOC111120183,1,final_consensus_genes
LOC111120206,1,cross_study_DEG_comparison
LOC111120211,1,cross_study_DEG_comparison
LOC111120218,1,ds1-5_allDEGs_merged
LOC111120224,1,cross_study_DEG_comparison
LOC111120228,1,ds1-5_allDEGs_merged
LOC111120252,1,cross_study_DEG_comparison
LOC111120265,1,cross_study_DEG_comparison
LOC111120278,1,ds1-5_allDEGs_merged
LOC111120280,1,cross_study_DEG_comparison
LOC111120281,1,ds1-5_allDEGs_merged
LOC111120298,1,cross_study_DEG_comparison
LOC111120310,1,cross_study_DEG_comparison
LOC111120320,1,ds1-5_allDEGs_merged
LOC111120321,1,cross_study_DEG_comparison
LOC111120324,1,ds1-5_allDEGs_merged
LOC111120341,1,ds1-5_allDEGs_merged
LOC111120343,1,ds1-5_allDEGs_merged
LOC111120358,1,ds1-5_allDEGs_merged
LOC111120359,1,cross_study_DEG_comparison
LOC111120363,1,ds1-5_allDEGs_merged
LOC111120364,1,cross_study_DEG_comparison
LOC111120366,1,ds1-5_allDEGs_merged
LOC111120385,1,ds1-5_allDEGs_merged
LOC111120390,1,ds1-5_allDEGs_merged
LOC111120396,1,cross_study_DEG_comparison
LOC111120397,1,cross_study_DEG_comparison
LOC111120401,1,cross_study_DEG_comparison
LOC111120407,1,cross_study_DEG_comparison
LOC111120426,1,cross_study_DEG_comparison
LOC111120438,1,cross_study_DEG_comparison
LOC111120439,1,cross_study_DEG_comparison
LOC111120446,1,ds1-5_allDEGs_merged
LOC111120458,1,cross_study_DEG_comparison
LOC111120463,1,ds1-5_allDEGs_merged
LOC111120472,1,cross_study_DEG_comparison
LOC111120476,1,cross_study_DEG_comparison
LOC111120480,1,ds1-5_allDEGs_merged
LOC111120482,1,ds1-5_allDEGs_merged
LOC111120484,1,ds1-5_allDEGs_merged
LOC111120485,1,cross_study_DEG_comparison
LOC111120489,1,cross_study_DEG_comparison
LOC111120493,1,cross_study_DEG_comparison
LOC111120503,1,ds1-5_allDEGs_merged
LOC111120505,1,ds1-5_allDEGs_merged
LOC111120507,1,ds1-5_allDEGs_merged
LOC111120508,1,ds1-5_allDEGs_merged
LOC111120515,1,cross_study_DEG_comparison
LOC111120517,1,cross_study_DEG_comparison
LOC111120519,1,ds1-5_allDEGs_merged
LOC111120525,1,ds1-5_allDEGs_merged
LOC111120526,1,cross_study_DEG_comparison
LOC111120530,1,ds1-5_allDEGs_merged
LOC111120532,1,ds1-5_allDEGs_merged
LOC111120538,1,cross_study_DEG_comparison
LOC111120539,1,cross_study_DEG_comparison
LOC111120553,1,cross_study_DEG_comparison
LOC111120559,1,cross_study_DEG_comparison
LOC111120561,1,cross_study_DEG_comparison
LOC111120571,1,cross_study_DEG_comparison
LOC111120574,1,ds1-5_allDEGs_merged
LOC111120575,1,ds1-5_allDEGs_merged
LOC111120588,1,ds1-5_allDEGs_merged
LOC111120589,1,ds1-5_allDEGs_merged
LOC111120591,1,ds1-5_allDEGs_merged
LOC111120592,1,ds1-5_allDEGs_merged
LOC111120593,1,ds1-5_allDEGs_merged
LOC111120595,1,ds1-5_allDEGs_merged
LOC111120598,1,ds1-5_allDEGs_merged
LOC111120600,1,ds1-5_allDEGs_merged
LOC111120601,1,ds1-5_allDEGs_merged
LOC111120603,1,ds1-5_allDEGs_merged
LOC111120604,1,ds1-5_allDEGs_merged
LOC111120610,1,cross_study_DEG_comparison
LOC111120617,1,cross_study_DEG_comparison
LOC111120618,1,ds1-5_allDEGs_merged
LOC111120619,1,ds1-5_allDEGs_merged
LOC111120621,1,ds1-5_allDEGs_merged
LOC111120623,1,ds1-5_allDEGs_merged
LOC111120624,1,ds1-5_allDEGs_merged
LOC111120626,1,ds1-5_allDEGs_merged
LOC111120627,1,cross_study_DEG_comparison
LOC111120628,1,ds1-5_allDEGs_merged
LOC111120630,1,ds1-5_allDEGs_merged
LOC111120636,1,ds1-5_allDEGs_merged
LOC111120638,1,ds1-5_allDEGs_merged
LOC111120641,1,ds1-5_allDEGs_merged
LOC111120642,1,ds1-5_allDEGs_merged
LOC111120643,1,ds1-5_allDEGs_merged
LOC111120645,1,cross_study_DEG_comparison
LOC111120652,1,cross_study_DEG_comparison
LOC111120657,1,ds1-5_allDEGs_merged
LOC111120662,1,ds1-5_allDEGs_merged
LOC111120670,1,ds1-5_allDEGs_merged
LOC111120676,1,ds1-5_allDEGs_merged
LOC111120679,1,cross_study_DEG_comparison
LOC111120683,1,ds1-5_allDEGs_merged
LOC111120688,1,ds1-5_allDEGs_merged
LOC111120691,1,ds1-5_allDEGs_merged
LOC111120696,1,ds1-5_allDEGs_merged
LOC111120699,1,ds1-5_allDEGs_merged
LOC111120700,1,ds1-5_allDEGs_merged
LOC111120702,1,ds1-5_allDEGs_merged
LOC111120709,1,cross_study_DEG_comparison
LOC111120711,1,ds1-5_allDEGs_merged
LOC111120712,1,ds1-5_allDEGs_merged
LOC111120715,1,cross_study_DEG_comparison
LOC111120718,1,cross_study_DEG_comparison
LOC111120729,1,ds1-5_allDEGs_merged
LOC111120730,1,ds1-5_allDEGs_merged
LOC111120731,1,ds1-5_allDEGs_merged
LOC111120733,1,ds1-5_allDEGs_merged
LOC111120734,1,cross_study_DEG_comparison
LOC111120736,1,ds1-5_allDEGs_merged
LOC111120744,1,ds1-5_allDEGs_merged
LOC111120749,1,ds1-5_allDEGs_merged
LOC111120759,1,ds1-5_allDEGs_merged
LOC111120762,1,ds1-5_allDEGs_merged
LOC111120766,1,ds1-5_allDEGs_merged
LOC111120767,1,ds1-5_allDEGs_merged
LOC111120770,1,ds1-5_allDEGs_merged
LOC111120771,1,ds1-5_allDEGs_merged
LOC111120773,1,ds1-5_allDEGs_merged
LOC111120778,1,ds1-5_allDEGs_merged
LOC111120783,1,ds1-5_allDEGs_merged
LOC111120784,1,ds1-5_allDEGs_merged
LOC111120791,1,cross_study_DEG_comparison
LOC111120794,1,ds1-5_allDEGs_merged
LOC111120798,1,ds1-5_allDEGs_merged
LOC111120800,1,ds1-5_allDEGs_merged
LOC111120805,1,cross_study_DEG_comparison
LOC111120808,1,ds1-5_allDEGs_merged
LOC111120809,1,ds1-5_allDEGs_merged
LOC111120813,1,ds1-5_allDEGs_merged
LOC111120814,1,cross_study_DEG_comparison
LOC111120816,1,ds1-5_allDEGs_merged
LOC111120827,1,ds1-5_allDEGs_merged
LOC111120829,1,cross_study_DEG_comparison
LOC111120832,1,ds1-5_allDEGs_merged
LOC111120841,1,ds1-5_allDEGs_merged
LOC111120846,1,ds1-5_allDEGs_merged
LOC111120847,1,ds1-5_allDEGs_merged
LOC111120850,1,ds1-5_allDEGs_merged
LOC111120854,1,cross_study_DEG_comparison
LOC111120855,1,cross_study_DEG_comparison
LOC111120857,1,ds1-5_allDEGs_merged
LOC111120858,1,ds1-5_allDEGs_merged
LOC111120861,1,ds1-5_allDEGs_merged
LOC111120862,1,ds1-5_allDEGs_merged
LOC111120863,1,cross_study_DEG_comparison
LOC111120868,1,ds1-5_allDEGs_merged
LOC111120869,1,ds1-5_allDEGs_merged
LOC111120871,1,cross_study_DEG_comparison
LOC111120874,1,ds1-5_allDEGs_merged
LOC111120877,1,ds1-5_allDEGs_merged
LOC111120878,1,ds1-5_allDEGs_merged
LOC111120880,1,ds1-5_allDEGs_merged
LOC111120881,1,ds1-5_allDEGs_merged
LOC111120886,1,cross_study_DEG_comparison
LOC111120888,1,ds1-5_allDEGs_merged
LOC111120889,1,ds1-5_allDEGs_merged
LOC111120892,1,ds1-5_allDEGs_merged
LOC111120893,1,ds1-5_allDEGs_merged
LOC111120902,1,ds1-5_allDEGs_merged
LOC111120904,1,cross_study_DEG_comparison
LOC111120910,1,ds1-5_allDEGs_merged
LOC111120911,1,ds1-5_allDEGs_merged
LOC111120912,1,ds1-5_allDEGs_merged
LOC111120913,1,ds1-5_allDEGs_merged
LOC111120915,1,ds1-5_allDEGs_merged
LOC111120922,1,ds1-5_allDEGs_merged
LOC111120924,1,ds1-5_allDEGs_merged
LOC111120928,1,ds1-5_allDEGs_merged
LOC111120938,1,cross_study_DEG_comparison
LOC111120951,1,cross_study_DEG_comparison
LOC111120955,1,ds1-5_allDEGs_merged
LOC111120961,1,ds1-5_allDEGs_merged
LOC111120964,1,cross_study_DEG_comparison
LOC111120966,1,cross_study_DEG_comparison
LOC111120968,1,ds1-5_allDEGs_merged
LOC111120973,1,ds1-5_allDEGs_merged
LOC111120979,1,cross_study_DEG_comparison
LOC111120980,1,ds1-5_allDEGs_merged
LOC111120986,1,ds1-5_allDEGs_merged
LOC111120989,1,cross_study_DEG_comparison
LOC111120994,1,cross_study_DEG_comparison
LOC111120995,1,ds1-5_allDEGs_merged
LOC111120997,1,ds1-5_allDEGs_merged
LOC111120998,1,ds1-5_allDEGs_merged
LOC111121000,1,ds1-5_allDEGs_merged
LOC111121001,1,ds1-5_allDEGs_merged
LOC111121004,1,cross_study_DEG_comparison
LOC111121011,1,cross_study_DEG_comparison
LOC111121015,1,ds1-5_allDEGs_merged
LOC111121017,1,ds1-5_allDEGs_merged
LOC111121019,1,ds1-5_allDEGs_merged
LOC111121023,1,cross_study_DEG_comparison
LOC111121024,1,ds1-5_allDEGs_merged
LOC111121026,1,ds1-5_allDEGs_merged
LOC111121029,1,cross_study_DEG_comparison
LOC111121030,1,cross_study_DEG_comparison
LOC111121034,1,ds1-5_allDEGs_merged
LOC111121043,1,cross_study_DEG_comparison
LOC111121052,1,ds1-5_allDEGs_merged
LOC111121053,1,cross_study_DEG_comparison
LOC111121056,1,ds1-5_allDEGs_merged
LOC111121059,1,cross_study_DEG_comparison
LOC111121063,1,ds1-5_allDEGs_merged
LOC111121065,1,ds1-5_allDEGs_merged
LOC111121071,1,cross_study_DEG_comparison
LOC111121076,1,ds1-5_allDEGs_merged
LOC111121080,1,cross_study_DEG_comparison
LOC111121086,1,ds1-5_allDEGs_merged
LOC111121088,1,ds1-5_allDEGs_merged
LOC111121089,1,cross_study_DEG_comparison
LOC111121093,1,ds1-5_allDEGs_merged
LOC111121098,1,cross_study_DEG_comparison
LOC111121100,1,ds1-5_allDEGs_merged
LOC111121101,1,ds1-5_allDEGs_merged
LOC111121103,1,ds1-5_allDEGs_merged
LOC111121104,1,ds1-5_allDEGs_merged
LOC111121111,1,ds1-5_allDEGs_merged
LOC111121119,1,ds1-5_allDEGs_merged
LOC111121120,1,cross_study_DEG_comparison
LOC111121123,1,ds1-5_allDEGs_merged
LOC111121140,1,ds1-5_allDEGs_merged
LOC111121148,1,ds1-5_allDEGs_merged
LOC111121149,1,cross_study_DEG_comparison
LOC111121158,1,ds1-5_allDEGs_merged
LOC111121160,1,cross_study_DEG_comparison
LOC111121161,1,ds1-5_allDEGs_merged
LOC111121162,1,cross_study_DEG_comparison
LOC111121164,1,ds1-5_allDEGs_merged
LOC111121166,1,ds1-5_allDEGs_merged
LOC111121168,1,ds1-5_allDEGs_merged
LOC111121170,1,cross_study_DEG_comparison
LOC111121180,1,ds1-5_allDEGs_merged
LOC111121182,1,ds1-5_allDEGs_merged
LOC111121183,1,cross_study_DEG_comparison
LOC111121184,1,cross_study_DEG_comparison
LOC111121190,1,cross_study_DEG_comparison
LOC111121196,1,ds1-5_allDEGs_merged
LOC111121200,1,ds1-5_allDEGs_merged
LOC111121205,1,ds1-5_allDEGs_merged
LOC111121218,1,cross_study_DEG_comparison
LOC111121220,1,ds1-5_allDEGs_merged
LOC111121229,1,cross_study_DEG_comparison
LOC111121232,1,cross_study_DEG_comparison
LOC111121243,1,ds1-5_allDEGs_merged
LOC111121248,1,cross_study_DEG_comparison
LOC111121255,1,ds1-5_allDEGs_merged
LOC111121260,1,ds1-5_allDEGs_merged
LOC111121264,1,ds1-5_allDEGs_merged
LOC111121265,1,ds1-5_allDEGs_merged
LOC111121266,1,ds1-5_allDEGs_merged
LOC111121267,1,cross_study_DEG_comparison
LOC111121271,1,ds1-5_allDEGs_merged
LOC111121281,1,ds1-5_allDEGs_merged
LOC111121293,1,ds1-5_allDEGs_merged
LOC111121296,1,cross_study_DEG_comparison
LOC111121306,1,ds1-5_allDEGs_merged
LOC111121309,1,cross_study_DEG_comparison
LOC111121313,1,ds1-5_allDEGs_merged
LOC111121321,1,cross_study_DEG_comparison
LOC111121322,1,ds1-5_allDEGs_merged
LOC111121335,1,cross_study_DEG_comparison
LOC111121336,1,cross_study_DEG_comparison
LOC111121337,1,ds1-5_allDEGs_merged
LOC111121340,1,cross_study_DEG_comparison
LOC111121347,1,ds1-5_allDEGs_merged
LOC111121350,1,ds1-5_allDEGs_merged
LOC111121351,1,cross_study_DEG_comparison
LOC111121352,1,cross_study_DEG_comparison
LOC111121362,1,cross_study_DEG_comparison
LOC111121363,1,ds1-5_allDEGs_merged
LOC111121368,1,cross_study_DEG_comparison
LOC111121370,1,ds1-5_allDEGs_merged
LOC111121372,1,ds1-5_allDEGs_merged
LOC111121381,1,ds1-5_allDEGs_merged
LOC111121384,1,ds1-5_allDEGs_merged
LOC111121392,1,ds1-5_allDEGs_merged
LOC111121393,1,ds1-5_allDEGs_merged
LOC111121395,1,cross_study_DEG_comparison
LOC111121405,1,cross_study_DEG_comparison
LOC111121408,1,ds1-5_allDEGs_merged
LOC111121412,1,ds1-5_allDEGs_merged
LOC111121417,1,ds1-5_allDEGs_merged
LOC111121421,1,ds1-5_allDEGs_merged
LOC111121424,1,cross_study_DEG_comparison
LOC111121427,1,cross_study_DEG_comparison
LOC111121435,1,ds1-5_allDEGs_merged
LOC111121442,1,ds1-5_allDEGs_merged
LOC111121444,1,ds1-5_allDEGs_merged
LOC111121448,1,ds1-5_allDEGs_merged
LOC111121456,1,ds1-5_allDEGs_merged
LOC111121477,1,ds1-5_allDEGs_merged
LOC111121479,1,cross_study_DEG_comparison
LOC111121485,1,ds1-5_allDEGs_merged
LOC111121496,1,ds1-5_allDEGs_merged
LOC111121498,1,cross_study_DEG_comparison
LOC111121499,1,ds1-5_allDEGs_merged
LOC111121500,1,ds1-5_allDEGs_merged
LOC111121505,1,ds1-5_allDEGs_merged
LOC111121511,1,cross_study_DEG_comparison
LOC111121514,1,ds1-5_allDEGs_merged
LOC111121517,1,cross_study_DEG_comparison
LOC111121522,1,ds1-5_allDEGs_merged
LOC111121532,1,ds1-5_allDEGs_merged
LOC111121541,1,ds1-5_allDEGs_merged
LOC111121544,1,ds1-5_allDEGs_merged
LOC111121547,1,ds1-5_allDEGs_merged
LOC111121548,1,cross_study_DEG_comparison
LOC111121549,1,ds1-5_allDEGs_merged
LOC111121558,1,ds1-5_allDEGs_merged
LOC111121560,1,ds1-5_allDEGs_merged
LOC111121563,1,ds1-5_allDEGs_merged
LOC111121566,1,cross_study_DEG_comparison
LOC111121567,1,cross_study_DEG_comparison
LOC111121570,1,cross_study_DEG_comparison
LOC111121571,1,ds1-5_allDEGs_merged
LOC111121574,1,ds1-5_allDEGs_merged
LOC111121576,1,ds1-5_allDEGs_merged
LOC111121581,1,cross_study_DEG_comparison
LOC111121584,1,cross_study_DEG_comparison
LOC111121589,1,ds1-5_allDEGs_merged
LOC111121590,1,cross_study_DEG_comparison
LOC111121591,1,cross_study_DEG_comparison
LOC111121592,1,ds1-5_allDEGs_merged
LOC111121595,1,cross_study_DEG_comparison
LOC111121599,1,ds1-5_allDEGs_merged
LOC111121605,1,cross_study_DEG_comparison
LOC111121617,1,ds1-5_allDEGs_merged
LOC111121623,1,cross_study_DEG_comparison
LOC111121627,1,ds1-5_allDEGs_merged
LOC111121649,1,ds1-5_allDEGs_merged
LOC111121659,1,ds1-5_allDEGs_merged
LOC111121661,1,ds1-5_allDEGs_merged
LOC111121668,1,ds1-5_allDEGs_merged
LOC111121672,1,ds1-5_allDEGs_merged
LOC111121678,1,ds1-5_allDEGs_merged
LOC111121686,1,cross_study_DEG_comparison
LOC111121694,1,ds1-5_allDEGs_merged
LOC111121707,1,ds1-5_allDEGs_merged
LOC111121714,1,cross_study_DEG_comparison
LOC111121721,1,ds1-5_allDEGs_merged
LOC111121722,1,ds1-5_allDEGs_merged
LOC111121729,1,ds1-5_allDEGs_merged
LOC111121730,1,ds1-5_allDEGs_merged
LOC111121736,1,cross_study_DEG_comparison
LOC111121739,1,ds1-5_allDEGs_merged
LOC111121740,1,ds1-5_allDEGs_merged
LOC111121743,1,ds1-5_allDEGs_merged
LOC111121745,1,ds1-5_allDEGs_merged
LOC111121754,1,ds1-5_allDEGs_merged
LOC111121764,1,cross_study_DEG_comparison
LOC111121776,1,cross_study_DEG_comparison
LOC111121779,1,ds1-5_allDEGs_merged
LOC111121780,1,ds1-5_allDEGs_merged
LOC111121787,1,cross_study_DEG_comparison
LOC111121791,1,ds1-5_allDEGs_merged
LOC111121807,1,ds1-5_allDEGs_merged
LOC111121812,1,cross_study_DEG_comparison
LOC111121813,1,cross_study_DEG_comparison
LOC111121818,1,cross_study_DEG_comparison
LOC111121830,1,cross_study_DEG_comparison
LOC111121839,1,cross_study_DEG_comparison
LOC111121840,1,ds1-5_allDEGs_merged
LOC111121841,1,ds1-5_allDEGs_merged
LOC111121847,1,ds1-5_allDEGs_merged
LOC111121848,1,ds1-5_allDEGs_merged
LOC111121849,1,ds1-5_allDEGs_merged
LOC111121854,1,ds1-5_allDEGs_merged
LOC111121857,1,ds1-5_allDEGs_merged
LOC111121859,1,ds1-5_allDEGs_merged
LOC111121861,1,cross_study_DEG_comparison
LOC111121865,1,ds1-5_allDEGs_merged
LOC111121867,1,cross_study_DEG_comparison
LOC111121876,1,ds1-5_allDEGs_merged
LOC111121879,1,ds1-5_allDEGs_merged
LOC111121880,1,ds1-5_allDEGs_merged
LOC111121884,1,ds1-5_allDEGs_merged
LOC111121888,1,cross_study_DEG_comparison
LOC111121898,1,cross_study_DEG_comparison
LOC111121901,1,ds1-5_allDEGs_merged
LOC111121908,1,ds1-5_allDEGs_merged
LOC111121910,1,cross_study_DEG_comparison
LOC111121912,1,ds1-5_allDEGs_merged
LOC111121913,1,ds1-5_allDEGs_merged
LOC111121914,1,ds1-5_allDEGs_merged
LOC111121915,1,cross_study_DEG_comparison
LOC111121916,1,cross_study_DEG_comparison
LOC111121917,1,cross_study_DEG_comparison
LOC111121919,1,cross_study_DEG_comparison
LOC111121924,1,ds1-5_allDEGs_merged
LOC111121928,1,ds1-5_allDEGs_merged
LOC111121940,1,cross_study_DEG_comparison
LOC111121945,1,ds1-5_allDEGs_merged
LOC111121952,1,cross_study_DEG_comparison
LOC111121954,1,ds1-5_allDEGs_merged
LOC111121955,1,cross_study_DEG_comparison
LOC111121956,1,ds1-5_allDEGs_merged
LOC111121964,1,cross_study_DEG_comparison
LOC111121972,1,cross_study_DEG_comparison
LOC111121973,1,cross_study_DEG_comparison
LOC111121977,1,ds1-5_allDEGs_merged
LOC111121984,1,cross_study_DEG_comparison
LOC111121987,1,cross_study_DEG_comparison
LOC111122010,1,ds1-5_allDEGs_merged
LOC111122021,1,ds1-5_allDEGs_merged
LOC111122024,1,ds1-5_allDEGs_merged
LOC111122037,1,cross_study_DEG_comparison
LOC111122040,1,ds1-5_allDEGs_merged
LOC111122043,1,ds1-5_allDEGs_merged
LOC111122050,1,cross_study_DEG_comparison
LOC111122056,1,ds1-5_allDEGs_merged
LOC111122057,1,cross_study_DEG_comparison
LOC111122062,1,ds1-5_allDEGs_merged
LOC111122074,1,ds1-5_allDEGs_merged
LOC111122080,1,ds1-5_allDEGs_merged
LOC111122097,1,ds1-5_allDEGs_merged
LOC111122098,1,ds1-5_allDEGs_merged
LOC111122099,1,ds1-5_allDEGs_merged
LOC111122101,1,cross_study_DEG_comparison
LOC111122103,1,cross_study_DEG_comparison
LOC111122106,1,cross_study_DEG_comparison
LOC111122120,1,cross_study_DEG_comparison
LOC111122121,1,cross_study_DEG_comparison
LOC111122124,1,ds1-5_allDEGs_merged
LOC111122125,1,ds1-5_allDEGs_merged
LOC111122130,1,ds1-5_allDEGs_merged
LOC111122134,1,ds1-5_allDEGs_merged
LOC111122139,1,ds1-5_allDEGs_merged
LOC111122144,1,ds1-5_allDEGs_merged
LOC111122148,1,ds1-5_allDEGs_merged
LOC111122149,1,ds1-5_allDEGs_merged
LOC111122150,1,ds1-5_allDEGs_merged
LOC111122151,1,cross_study_DEG_comparison
LOC111122156,1,cross_study_DEG_comparison
LOC111122158,1,ds1-5_allDEGs_merged
LOC111122159,1,ds1-5_allDEGs_merged
LOC111122163,1,cross_study_DEG_comparison
LOC111122168,1,ds1-5_allDEGs_merged
LOC111122170,1,cross_study_DEG_comparison
LOC111122177,1,ds1-5_allDEGs_merged
LOC111122179,1,ds1-5_allDEGs_merged
LOC111122184,1,ds1-5_allDEGs_merged
LOC111122185,1,ds1-5_allDEGs_merged
LOC111122195,1,cross_study_DEG_comparison
LOC111122197,1,cross_study_DEG_comparison
LOC111122203,1,cross_study_DEG_comparison
LOC111122204,1,cross_study_DEG_comparison
LOC111122210,1,ds1-5_allDEGs_merged
LOC111122214,1,cross_study_DEG_comparison
LOC111122223,1,cross_study_DEG_comparison
LOC111122237,1,ds1-5_allDEGs_merged
LOC111122239,1,cross_study_DEG_comparison
LOC111122250,1,ds1-5_allDEGs_merged
LOC111122252,1,ds1-5_allDEGs_merged
LOC111122260,1,ds1-5_allDEGs_merged
LOC111122264,1,cross_study_DEG_comparison
LOC111122273,1,ds1-5_allDEGs_merged
LOC111122285,1,cross_study_DEG_comparison
LOC111122291,1,ds1-5_allDEGs_merged
LOC111122294,1,ds1-5_allDEGs_merged
LOC111122298,1,cross_study_DEG_comparison
LOC111122300,1,ds1-5_allDEGs_merged
LOC111122305,1,ds1-5_allDEGs_merged
LOC111122308,1,ds1-5_allDEGs_merged
LOC111122313,1,ds1-5_allDEGs_merged
LOC111122316,1,cross_study_DEG_comparison
LOC111122319,1,cross_study_DEG_comparison
LOC111122328,1,ds1-5_allDEGs_merged
LOC111122334,1,cross_study_DEG_comparison
LOC111122336,1,cross_study_DEG_comparison
LOC111122337,1,cross_study_DEG_comparison
LOC111122340,1,ds1-5_allDEGs_merged
LOC111122346,1,cross_study_DEG_comparison
LOC111122350,1,cross_study_DEG_comparison
LOC111122364,1,ds1-5_allDEGs_merged
LOC111122367,1,cross_study_DEG_comparison
LOC111122371,1,cross_study_DEG_comparison
LOC111122374,1,ds1-5_allDEGs_merged
LOC111122376,1,ds1-5_allDEGs_merged
LOC111122377,1,cross_study_DEG_comparison
LOC111122386,1,ds1-5_allDEGs_merged
LOC111122388,1,ds1-5_allDEGs_merged
LOC111122389,1,ds1-5_allDEGs_merged
LOC111122395,1,cross_study_DEG_comparison
LOC111122412,1,ds1-5_allDEGs_merged
LOC111122423,1,ds1-5_allDEGs_merged
LOC111122430,1,ds1-5_allDEGs_merged
LOC111122431,1,ds1-5_allDEGs_merged
LOC111122446,1,cross_study_DEG_comparison
LOC111122447,1,ds1-5_allDEGs_merged
LOC111122450,1,ds1-5_allDEGs_merged
LOC111122487,1,ds1-5_allDEGs_merged
LOC111122491,1,ds1-5_allDEGs_merged
LOC111122497,1,ds1-5_allDEGs_merged
LOC111122502,1,ds1-5_allDEGs_merged
LOC111122503,1,cross_study_DEG_comparison
LOC111122517,1,ds1-5_allDEGs_merged
LOC111122519,1,cross_study_DEG_comparison
LOC111122524,1,ds1-5_allDEGs_merged
LOC111122525,1,cross_study_DEG_comparison
LOC111122537,1,ds1-5_allDEGs_merged
LOC111122540,1,ds1-5_allDEGs_merged
LOC111122548,1,ds1-5_allDEGs_merged
LOC111122549,1,ds1-5_allDEGs_merged
LOC111122551,1,ds1-5_allDEGs_merged
LOC111122555,1,cross_study_DEG_comparison
LOC111122559,1,cross_study_DEG_comparison
LOC111122564,1,ds1-5_allDEGs_merged
LOC111122567,1,ds1-5_allDEGs_merged
LOC111122569,1,cross_study_DEG_comparison
LOC111122578,1,cross_study_DEG_comparison
LOC111122580,1,cross_study_DEG_comparison
LOC111122587,1,ds1-5_allDEGs_merged
LOC111122590,1,ds1-5_allDEGs_merged
LOC111122591,1,cross_study_DEG_comparison
LOC111122593,1,ds1-5_allDEGs_merged
LOC111122599,1,ds1-5_allDEGs_merged
LOC111122603,1,ds1-5_allDEGs_merged
LOC111122604,1,cross_study_DEG_comparison
LOC111122617,1,ds1-5_allDEGs_merged
LOC111122620,1,ds1-5_allDEGs_merged
LOC111122625,1,ds1-5_allDEGs_merged
LOC111122627,1,ds1-5_allDEGs_merged
LOC111122629,1,cross_study_DEG_comparison
LOC111122632,1,cross_study_DEG_comparison
LOC111122634,1,cross_study_DEG_comparison
LOC111122636,1,cross_study_DEG_comparison
LOC111122640,1,ds1-5_allDEGs_merged
LOC111122641,1,ds1-5_allDEGs_merged
LOC111122642,1,ds1-5_allDEGs_merged
LOC111122661,1,ds1-5_allDEGs_merged
LOC111122662,1,cross_study_DEG_comparison
LOC111122663,1,ds1-5_allDEGs_merged
LOC111122668,1,ds1-5_allDEGs_merged
LOC111122670,1,ds1-5_allDEGs_merged
LOC111122677,1,ds1-5_allDEGs_merged
LOC111122684,1,cross_study_DEG_comparison
LOC111122685,1,cross_study_DEG_comparison
LOC111122689,1,cross_study_DEG_comparison
LOC111122691,1,cross_study_DEG_comparison
LOC111122705,1,ds1-5_allDEGs_merged
LOC111122713,1,cross_study_DEG_comparison
LOC111122716,1,ds1-5_allDEGs_merged
LOC111122717,1,ds1-5_allDEGs_merged
LOC111122719,1,cross_study_DEG_comparison
LOC111122726,1,ds1-5_allDEGs_merged
LOC111122727,1,ds1-5_allDEGs_merged
LOC111122732,1,ds1-5_allDEGs_merged
LOC111122738,1,ds1-5_allDEGs_merged
LOC111122742,1,ds1-5_allDEGs_merged
LOC111122745,1,ds1-5_allDEGs_merged
LOC111122747,1,ds1-5_allDEGs_merged
LOC111122748,1,ds1-5_allDEGs_merged
LOC111122752,1,cross_study_DEG_comparison
LOC111122756,1,ds1-5_allDEGs_merged
LOC111122765,1,ds1-5_allDEGs_merged
LOC111122776,1,ds1-5_allDEGs_merged
LOC111122777,1,cross_study_DEG_comparison
LOC111122778,1,ds1-5_allDEGs_merged
LOC111122780,1,cross_study_DEG_comparison
LOC111122782,1,ds1-5_allDEGs_merged
LOC111122790,1,ds1-5_allDEGs_merged
LOC111122791,1,ds1-5_allDEGs_merged
LOC111122792,1,ds1-5_allDEGs_merged
LOC111122806,1,ds1-5_allDEGs_merged
LOC111122809,1,cross_study_DEG_comparison
LOC111122810,1,ds1-5_allDEGs_merged
LOC111122815,1,ds1-5_allDEGs_merged
LOC111122822,1,ds1-5_allDEGs_merged
LOC111122828,1,ds1-5_allDEGs_merged
LOC111122832,1,ds1-5_allDEGs_merged
LOC111122836,1,ds1-5_allDEGs_merged
LOC111122837,1,cross_study_DEG_comparison
LOC111122838,1,ds1-5_allDEGs_merged
LOC111122853,1,ds1-5_allDEGs_merged
LOC111122858,1,ds1-5_allDEGs_merged
LOC111122865,1,ds1-5_allDEGs_merged
LOC111122879,1,ds1-5_allDEGs_merged
LOC111122889,1,cross_study_DEG_comparison
LOC111122897,1,ds1-5_allDEGs_merged
LOC111122905,1,cross_study_DEG_comparison
LOC111122907,1,ds1-5_allDEGs_merged
LOC111122911,1,ds1-5_allDEGs_merged
LOC111122912,1,cross_study_DEG_comparison
LOC111122917,1,cross_study_DEG_comparison
LOC111122918,1,cross_study_DEG_comparison
LOC111122922,1,ds1-5_allDEGs_merged
LOC111122923,1,ds1-5_allDEGs_merged
LOC111122926,1,cross_study_DEG_comparison
LOC111122929,1,cross_study_DEG_comparison
LOC111122935,1,cross_study_DEG_comparison
LOC111122937,1,cross_study_DEG_comparison
LOC111122960,1,cross_study_DEG_comparison
LOC111122962,1,cross_study_DEG_comparison
LOC111122966,1,cross_study_DEG_comparison
LOC111122979,1,ds1-5_allDEGs_merged
LOC111122991,1,cross_study_DEG_comparison
LOC111122995,1,ds1-5_allDEGs_merged
LOC111122996,1,cross_study_DEG_comparison
LOC111122999,1,cross_study_DEG_comparison
LOC111123000,1,ds1-5_allDEGs_merged
LOC111123001,1,ds1-5_allDEGs_merged
LOC111123003,1,ds1-5_allDEGs_merged
LOC111123004,1,ds1-5_allDEGs_merged
LOC111123005,1,cross_study_DEG_comparison
LOC111123011,1,ds1-5_allDEGs_merged
LOC111123018,1,cross_study_DEG_comparison
LOC111123021,1,ds1-5_allDEGs_merged
LOC111123023,1,ds1-5_allDEGs_merged
LOC111123029,1,ds1-5_allDEGs_merged
LOC111123032,1,cross_study_DEG_comparison
LOC111123036,1,cross_study_DEG_comparison
LOC111123038,1,ds1-5_allDEGs_merged
LOC111123039,1,ds1-5_allDEGs_merged
LOC111123040,1,top_50_predictive_genes_for_classification
LOC111123041,1,cross_study_DEG_comparison
LOC111123048,1,cross_study_DEG_comparison
LOC111123052,1,ds1-5_allDEGs_merged
LOC111123056,1,cross_study_DEG_comparison
LOC111123066,1,ds1-5_allDEGs_merged
LOC111123068,1,ds1-5_allDEGs_merged
LOC111123070,1,cross_study_DEG_comparison
LOC111123076,1,ds1-5_allDEGs_merged
LOC111123086,1,cross_study_DEG_comparison
LOC111123090,1,cross_study_DEG_comparison
LOC111123093,1,ds1-5_allDEGs_merged
LOC111123101,1,ds1-5_allDEGs_merged
LOC111123111,1,ds1-5_allDEGs_merged
LOC111123112,1,cross_study_DEG_comparison
LOC111123116,1,cross_study_DEG_comparison
LOC111123117,1,cross_study_DEG_comparison
LOC111123121,1,ds1-5_allDEGs_merged
LOC111123123,1,ds1-5_allDEGs_merged
LOC111123127,1,ds1-5_allDEGs_merged
LOC111123128,1,ds1-5_allDEGs_merged
LOC111123132,1,ds1-5_allDEGs_merged
LOC111123134,1,ds1-5_allDEGs_merged
LOC111123135,1,cross_study_DEG_comparison
LOC111123147,1,ds1-5_allDEGs_merged
LOC111123156,1,cross_study_DEG_comparison
LOC111123166,1,ds1-5_allDEGs_merged
LOC111123176,1,ds1-5_allDEGs_merged
LOC111123195,1,ds1-5_allDEGs_merged
LOC111123198,1,ds1-5_allDEGs_merged
LOC111123199,1,ds1-5_allDEGs_merged
LOC111123205,1,ds1-5_allDEGs_merged
LOC111123207,1,cross_study_DEG_comparison
LOC111123211,1,ds1-5_allDEGs_merged
LOC111123220,1,ds1-5_allDEGs_merged
LOC111123226,1,cross_study_DEG_comparison
LOC111123228,1,ds1-5_allDEGs_merged
LOC111123231,1,cross_study_DEG_comparison
LOC111123245,1,ds1-5_allDEGs_merged
LOC111123256,1,ds1-5_allDEGs_merged
LOC111123257,1,cross_study_DEG_comparison
LOC111123264,1,cross_study_DEG_comparison
LOC111123272,1,ds1-5_allDEGs_merged
LOC111123273,1,cross_study_DEG_comparison
LOC111123276,1,ds1-5_allDEGs_merged
LOC111123285,1,cross_study_DEG_comparison
LOC111123286,1,ds1-5_allDEGs_merged
LOC111123305,1,ds1-5_allDEGs_merged
LOC111123308,1,ds1-5_allDEGs_merged
LOC111123316,1,ds1-5_allDEGs_merged
LOC111123319,1,ds1-5_allDEGs_merged
LOC111123320,1,cross_study_DEG_comparison
LOC111123321,1,cross_study_DEG_comparison
LOC111123323,1,ds1-5_allDEGs_merged
LOC111123324,1,cross_study_DEG_comparison
LOC111123335,1,cross_study_DEG_comparison
LOC111123337,1,ds1-5_allDEGs_merged
LOC111123338,1,cross_study_DEG_comparison
LOC111123339,1,cross_study_DEG_comparison
LOC111123340,1,ds1-5_allDEGs_merged
LOC111123343,1,ds1-5_allDEGs_merged
LOC111123346,1,ds1-5_allDEGs_merged
LOC111123347,1,ds1-5_allDEGs_merged
LOC111123348,1,cross_study_DEG_comparison
LOC111123353,1,ds1-5_allDEGs_merged
LOC111123357,1,ds1-5_allDEGs_merged
LOC111123358,1,ds1-5_allDEGs_merged
LOC111123360,1,cross_study_DEG_comparison
LOC111123364,1,cross_study_DEG_comparison
LOC111123367,1,ds1-5_allDEGs_merged
LOC111123369,1,cross_study_DEG_comparison
LOC111123371,1,cross_study_DEG_comparison
LOC111123388,1,ds1-5_allDEGs_merged
LOC111123399,1,ds1-5_allDEGs_merged
LOC111123411,1,ds1-5_allDEGs_merged
LOC111123416,1,ds1-5_allDEGs_merged
LOC111123418,1,cross_study_DEG_comparison
LOC111123427,1,cross_study_DEG_comparison
LOC111123429,1,cross_study_DEG_comparison
LOC111123432,1,ds1-5_allDEGs_merged
LOC111123434,1,ds1-5_allDEGs_merged
LOC111123435,1,cross_study_DEG_comparison
LOC111123436,1,cross_study_DEG_comparison
LOC111123437,1,cross_study_DEG_comparison
LOC111123438,1,cross_study_DEG_comparison
LOC111123443,1,cross_study_DEG_comparison
LOC111123448,1,ds1-5_allDEGs_merged
LOC111123451,1,ds1-5_allDEGs_merged
LOC111123453,1,ds1-5_allDEGs_merged
LOC111123459,1,cross_study_DEG_comparison
LOC111123460,1,cross_study_DEG_comparison
LOC111123463,1,ds1-5_allDEGs_merged
LOC111123464,1,ds1-5_allDEGs_merged
LOC111123468,1,cross_study_DEG_comparison
LOC111123475,1,ds1-5_allDEGs_merged
LOC111123478,1,cross_study_DEG_comparison
LOC111123479,1,ds1-5_allDEGs_merged
LOC111123483,1,cross_study_DEG_comparison
LOC111123494,1,ds1-5_allDEGs_merged
LOC111123510,1,ds1-5_allDEGs_merged
LOC111123519,1,ds1-5_allDEGs_merged
LOC111123523,1,ds1-5_allDEGs_merged
LOC111123528,1,cross_study_DEG_comparison
LOC111123533,1,cross_study_DEG_comparison
LOC111123535,1,ds1-5_allDEGs_merged
LOC111123543,1,ds1-5_allDEGs_merged
LOC111123552,1,cross_study_DEG_comparison
LOC111123557,1,cross_study_DEG_comparison
LOC111123564,1,cross_study_DEG_comparison
LOC111123571,1,cross_study_DEG_comparison
LOC111123575,1,cross_study_DEG_comparison
LOC111123581,1,ds1-5_allDEGs_merged
LOC111123583,1,cross_study_DEG_comparison
LOC111123599,1,ds1-5_allDEGs_merged
LOC111123608,1,cross_study_DEG_comparison
LOC111123623,1,ds1-5_allDEGs_merged
LOC111123624,1,ds1-5_allDEGs_merged
LOC111123633,1,cross_study_DEG_comparison
LOC111123637,1,cross_study_DEG_comparison
LOC111123640,1,ds1-5_allDEGs_merged
LOC111123648,1,cross_study_DEG_comparison
LOC111123649,1,cross_study_DEG_comparison
LOC111123657,1,cross_study_DEG_comparison
LOC111123666,1,ds1-5_allDEGs_merged
LOC111123684,1,cross_study_DEG_comparison
LOC111123689,1,cross_study_DEG_comparison
LOC111123690,1,cross_study_DEG_comparison
LOC111123691,1,ds1-5_allDEGs_merged
LOC111123701,1,cross_study_DEG_comparison
LOC111123702,1,cross_study_DEG_comparison
LOC111123704,1,cross_study_DEG_comparison
LOC111123705,1,cross_study_DEG_comparison
LOC111123710,1,cross_study_DEG_comparison
LOC111123718,1,cross_study_DEG_comparison
LOC111123720,1,ds1-5_allDEGs_merged
LOC111123728,1,ds1-5_allDEGs_merged
LOC111123732,1,cross_study_DEG_comparison
LOC111123733,1,cross_study_DEG_comparison
LOC111123740,1,ds1-5_allDEGs_merged
LOC111123742,1,cross_study_DEG_comparison
LOC111123745,1,cross_study_DEG_comparison
LOC111123753,1,ds1-5_allDEGs_merged
LOC111123757,1,ds1-5_allDEGs_merged
LOC111123767,1,cross_study_DEG_comparison
LOC111123779,1,cross_study_DEG_comparison
LOC111123780,1,cross_study_DEG_comparison
LOC111123784,1,ds1-5_allDEGs_merged
LOC111123790,1,cross_study_DEG_comparison
LOC111123797,1,cross_study_DEG_comparison
LOC111123801,1,cross_study_DEG_comparison
LOC111123819,1,cross_study_DEG_comparison
LOC111123841,1,ds1-5_allDEGs_merged
LOC111123843,1,cross_study_DEG_comparison
LOC111123852,1,cross_study_DEG_comparison
LOC111123855,1,ds1-5_allDEGs_merged
LOC111123856,1,cross_study_DEG_comparison
LOC111123858,1,ds1-5_allDEGs_merged
LOC111123867,1,ds1-5_allDEGs_merged
LOC111123875,1,cross_study_DEG_comparison
LOC111123879,1,ds1-5_allDEGs_merged
LOC111123881,1,ds1-5_allDEGs_merged
LOC111123884,1,cross_study_DEG_comparison
LOC111123890,1,ds1-5_allDEGs_merged
LOC111123894,1,cross_study_DEG_comparison
LOC111123896,1,ds1-5_allDEGs_merged
LOC111123898,1,ds1-5_allDEGs_merged
LOC111123904,1,cross_study_DEG_comparison
LOC111123905,1,ds1-5_allDEGs_merged
LOC111123906,1,cross_study_DEG_comparison
LOC111123907,1,ds1-5_allDEGs_merged
LOC111123909,1,cross_study_DEG_comparison
LOC111123910,1,cross_study_DEG_comparison
LOC111123916,1,ds1-5_allDEGs_merged
LOC111123923,1,cross_study_DEG_comparison
LOC111123926,1,cross_study_DEG_comparison
LOC111123928,1,ds1-5_allDEGs_merged
LOC111123933,1,cross_study_DEG_comparison
LOC111123936,1,cross_study_DEG_comparison
LOC111123938,1,ds1-5_allDEGs_merged
LOC111123940,1,ds1-5_allDEGs_merged
LOC111123941,1,cross_study_DEG_comparison
LOC111123951,1,cross_study_DEG_comparison
LOC111123952,1,ds1-5_allDEGs_merged
LOC111123954,1,ds1-5_allDEGs_merged
LOC111123955,1,cross_study_DEG_comparison
LOC111123958,1,cross_study_DEG_comparison
LOC111123960,1,cross_study_DEG_comparison
LOC111123962,1,cross_study_DEG_comparison
LOC111123964,1,cross_study_DEG_comparison
LOC111123966,1,cross_study_DEG_comparison
LOC111123968,1,cross_study_DEG_comparison
LOC111123971,1,ds1-5_allDEGs_merged
LOC111123976,1,ds1-5_allDEGs_merged
LOC111123977,1,ds1-5_allDEGs_merged
LOC111123980,1,ds1-5_allDEGs_merged
LOC111123981,1,cross_study_DEG_comparison
LOC111123983,1,cross_study_DEG_comparison
LOC111123987,1,ds1-5_allDEGs_merged
LOC111123992,1,ds1-5_allDEGs_merged
LOC111123995,1,ds1-5_allDEGs_merged
LOC111123997,1,cross_study_DEG_comparison
LOC111123999,1,ds1-5_allDEGs_merged
LOC111124004,1,cross_study_DEG_comparison
LOC111124008,1,ds1-5_allDEGs_merged
LOC111124010,1,cross_study_DEG_comparison
LOC111124011,1,ds1-5_allDEGs_merged
LOC111124013,1,cross_study_DEG_comparison
LOC111124015,1,ds1-5_allDEGs_merged
LOC111124016,1,ds1-5_allDEGs_merged
LOC111124018,1,cross_study_DEG_comparison
LOC111124035,1,ds1-5_allDEGs_merged
LOC111124043,1,ds1-5_allDEGs_merged
LOC111124050,1,cross_study_DEG_comparison
LOC111124059,1,ds1-5_allDEGs_merged
LOC111124075,1,ds1-5_allDEGs_merged
LOC111124088,1,cross_study_DEG_comparison
LOC111124090,1,cross_study_DEG_comparison
LOC111124097,1,ds1-5_allDEGs_merged
LOC111124100,1,cross_study_DEG_comparison
LOC111124102,1,ds1-5_allDEGs_merged
LOC111124103,1,ds1-5_allDEGs_merged
LOC111124107,1,cross_study_DEG_comparison
LOC111124119,1,ds1-5_allDEGs_merged
LOC111124123,1,cross_study_DEG_comparison
LOC111124132,1,cross_study_DEG_comparison
LOC111124154,1,ds1-5_allDEGs_merged
LOC111124155,1,ds1-5_allDEGs_merged
LOC111124169,1,ds1-5_allDEGs_merged
LOC111124172,1,ds1-5_allDEGs_merged
LOC111124177,1,ds1-5_allDEGs_merged
LOC111124187,1,cross_study_DEG_comparison
LOC111124198,1,ds1-5_allDEGs_merged
LOC111124199,1,ds1-5_allDEGs_merged
LOC111124201,1,cross_study_DEG_comparison
LOC111124218,1,ds1-5_allDEGs_merged
LOC111124220,1,ds1-5_allDEGs_merged
LOC111124221,1,ds1-5_allDEGs_merged
LOC111124228,1,cross_study_DEG_comparison
LOC111124241,1,cross_study_DEG_comparison
LOC111124244,1,ds1-5_allDEGs_merged
LOC111124248,1,cross_study_DEG_comparison
LOC111124258,1,ds1-5_allDEGs_merged
LOC111124261,1,ds1-5_allDEGs_merged
LOC111124263,1,cross_study_DEG_comparison
LOC111124264,1,ds1-5_allDEGs_merged
LOC111124270,1,ds1-5_allDEGs_merged
LOC111124277,1,ds1-5_allDEGs_merged
LOC111124294,1,ds1-5_allDEGs_merged
LOC111124302,1,cross_study_DEG_comparison
LOC111124304,1,cross_study_DEG_comparison
LOC111124314,1,cross_study_DEG_comparison
LOC111124315,1,cross_study_DEG_comparison
LOC111124319,1,cross_study_DEG_comparison
LOC111124326,1,cross_study_DEG_comparison
LOC111124337,1,ds1-5_allDEGs_merged
LOC111124352,1,ds1-5_allDEGs_merged
LOC111124359,1,ds1-5_allDEGs_merged
LOC111124360,1,ds1-5_allDEGs_merged
LOC111124376,1,cross_study_DEG_comparison
LOC111124400,1,cross_study_DEG_comparison
LOC111124411,1,cross_study_DEG_comparison
LOC111124412,1,ds1-5_allDEGs_merged
LOC111124418,1,ds1-5_allDEGs_merged
LOC111124431,1,ds1-5_allDEGs_merged
LOC111124436,1,cross_study_DEG_comparison
LOC111124439,1,cross_study_DEG_comparison
LOC111124448,1,cross_study_DEG_comparison
LOC111124457,1,cross_study_DEG_comparison
LOC111124471,1,cross_study_DEG_comparison
LOC111124476,1,cross_study_DEG_comparison
LOC111124485,1,cross_study_DEG_comparison
LOC111124486,1,ds1-5_allDEGs_merged
LOC111124487,1,ds1-5_allDEGs_merged
LOC111124494,1,cross_study_DEG_comparison
LOC111124498,1,ds1-5_allDEGs_merged
LOC111124500,1,ds1-5_allDEGs_merged
LOC111124501,1,cross_study_DEG_comparison
LOC111124503,1,cross_study_DEG_comparison
LOC111124504,1,ds1-5_allDEGs_merged
LOC111124505,1,ds1-5_allDEGs_merged
LOC111124508,1,ds1-5_allDEGs_merged
LOC111124509,1,ds1-5_allDEGs_merged
LOC111124519,1,cross_study_DEG_comparison
LOC111124521,1,ds1-5_allDEGs_merged
LOC111124528,1,ds1-5_allDEGs_merged
LOC111124536,1,ds1-5_allDEGs_merged
LOC111124555,1,cross_study_DEG_comparison
LOC111124570,1,cross_study_DEG_comparison
LOC111124574,1,cross_study_DEG_comparison
LOC111124575,1,ds1-5_allDEGs_merged
LOC111124577,1,cross_study_DEG_comparison
LOC111124578,1,ds1-5_allDEGs_merged
LOC111124580,1,ds1-5_allDEGs_merged
LOC111124583,1,cross_study_DEG_comparison
LOC111124586,1,ds1-5_allDEGs_merged
LOC111124588,1,ds1-5_allDEGs_merged
LOC111124589,1,ds1-5_allDEGs_merged
LOC111124590,1,ds1-5_allDEGs_merged
LOC111124593,1,ds1-5_allDEGs_merged
LOC111124595,1,ds1-5_allDEGs_merged
LOC111124598,1,ds1-5_allDEGs_merged
LOC111124599,1,ds1-5_allDEGs_merged
LOC111124606,1,ds1-5_allDEGs_merged
LOC111124607,1,ds1-5_allDEGs_merged
LOC111124613,1,ds1-5_allDEGs_merged
LOC111124615,1,ds1-5_allDEGs_merged
LOC111124617,1,ds1-5_allDEGs_merged
LOC111124621,1,ds1-5_allDEGs_merged
LOC111124625,1,ds1-5_allDEGs_merged
LOC111124627,1,ds1-5_allDEGs_merged
LOC111124629,1,ds1-5_allDEGs_merged
LOC111124630,1,cross_study_DEG_comparison
LOC111124635,1,cross_study_DEG_comparison
LOC111124636,1,cross_study_DEG_comparison
LOC111124637,1,ds1-5_allDEGs_merged
LOC111124642,1,cross_study_DEG_comparison
LOC111124643,1,cross_study_DEG_comparison
LOC111124644,1,cross_study_DEG_comparison
LOC111124649,1,ds1-5_allDEGs_merged
LOC111124651,1,cross_study_DEG_comparison
LOC111124653,1,cross_study_DEG_comparison
LOC111124658,1,ds1-5_allDEGs_merged
LOC111124663,1,ds1-5_allDEGs_merged
LOC111124671,1,ds1-5_allDEGs_merged
LOC111124674,1,ds1-5_allDEGs_merged
LOC111124676,1,ds1-5_allDEGs_merged
LOC111124679,1,cross_study_DEG_comparison
LOC111124681,1,ds1-5_allDEGs_merged
LOC111124684,1,cross_study_DEG_comparison
LOC111124692,1,cross_study_DEG_comparison
LOC111124693,1,cross_study_DEG_comparison
LOC111124695,1,ds1-5_allDEGs_merged
LOC111124699,1,ds1-5_allDEGs_merged
LOC111124701,1,ds1-5_allDEGs_merged
LOC111124711,1,ds1-5_allDEGs_merged
LOC111124716,1,ds1-5_allDEGs_merged
LOC111124725,1,ds1-5_allDEGs_merged
LOC111124727,1,ds1-5_allDEGs_merged
LOC111124728,1,cross_study_DEG_comparison
LOC111124729,1,cross_study_DEG_comparison
LOC111124732,1,cross_study_DEG_comparison
LOC111124734,1,cross_study_DEG_comparison
LOC111124746,1,cross_study_DEG_comparison
LOC111124754,1,ds1-5_allDEGs_merged
LOC111124756,1,ds1-5_allDEGs_merged
LOC111124757,1,ds1-5_allDEGs_merged
LOC111124758,1,ds1-5_allDEGs_merged
LOC111124764,1,ds1-5_allDEGs_merged
LOC111124765,1,ds1-5_allDEGs_merged
LOC111124768,1,ds1-5_allDEGs_merged
LOC111124769,1,ds1-5_allDEGs_merged
LOC111124774,1,cross_study_DEG_comparison
LOC111124782,1,ds1-5_allDEGs_merged
LOC111124788,1,cross_study_DEG_comparison
LOC111124793,1,ds1-5_allDEGs_merged
LOC111124803,1,ds1-5_allDEGs_merged
LOC111124806,1,cross_study_DEG_comparison
LOC111124808,1,ds1-5_allDEGs_merged
LOC111124815,1,ds1-5_allDEGs_merged
LOC111124829,1,cross_study_DEG_comparison
LOC111124843,1,cross_study_DEG_comparison
LOC111124855,1,cross_study_DEG_comparison
LOC111124859,1,cross_study_DEG_comparison
LOC111124865,1,ds1-5_allDEGs_merged
LOC111124867,1,ds1-5_allDEGs_merged
LOC111124870,1,ds1-5_allDEGs_merged
LOC111124871,1,cross_study_DEG_comparison
LOC111124873,1,ds1-5_allDEGs_merged
LOC111124874,1,ds1-5_allDEGs_merged
LOC111124877,1,ds1-5_allDEGs_merged
LOC111124878,1,ds1-5_allDEGs_merged
LOC111124881,1,ds1-5_allDEGs_merged
LOC111124883,1,cross_study_DEG_comparison
LOC111124886,1,cross_study_DEG_comparison
LOC111124888,1,cross_study_DEG_comparison
LOC111124889,1,ds1-5_allDEGs_merged
LOC111124890,1,cross_study_DEG_comparison
LOC111124891,1,ds1-5_allDEGs_merged
LOC111124896,1,ds1-5_allDEGs_merged
LOC111124898,1,ds1-5_allDEGs_merged
LOC111124901,1,ds1-5_allDEGs_merged
LOC111124902,1,ds1-5_allDEGs_merged
LOC111124903,1,ds1-5_allDEGs_merged
LOC111124904,1,cross_study_DEG_comparison
LOC111124906,1,ds1-5_allDEGs_merged
LOC111124910,1,ds1-5_allDEGs_merged
LOC111124913,1,cross_study_DEG_comparison
LOC111124915,1,cross_study_DEG_comparison
LOC111124916,1,ds1-5_allDEGs_merged
LOC111124917,1,ds1-5_allDEGs_merged
LOC111124918,1,ds1-5_allDEGs_merged
LOC111124921,1,cross_study_DEG_comparison
LOC111124922,1,ds1-5_allDEGs_merged
LOC111124926,1,ds1-5_allDEGs_merged
LOC111124927,1,ds1-5_allDEGs_merged
LOC111124928,1,ds1-5_allDEGs_merged
LOC111124932,1,ds1-5_allDEGs_merged
LOC111124938,1,cross_study_DEG_comparison
LOC111124939,1,ds1-5_allDEGs_merged
LOC111124942,1,ds1-5_allDEGs_merged
LOC111124944,1,cross_study_DEG_comparison
LOC111124946,1,ds1-5_allDEGs_merged
LOC111124948,1,ds1-5_allDEGs_merged
LOC111124955,1,cross_study_DEG_comparison
LOC111124962,1,ds1-5_allDEGs_merged
LOC111124971,1,ds1-5_allDEGs_merged
LOC111124978,1,ds1-5_allDEGs_merged
LOC111124979,1,ds1-5_allDEGs_merged
LOC111124985,1,cross_study_DEG_comparison
LOC111124986,1,ds1-5_allDEGs_merged
LOC111124992,1,ds1-5_allDEGs_merged
LOC111124993,1,ds1-5_allDEGs_merged
LOC111124994,1,ds1-5_allDEGs_merged
LOC111125000,1,ds1-5_allDEGs_merged
LOC111125009,1,cross_study_DEG_comparison
LOC111125012,1,cross_study_DEG_comparison
LOC111125013,1,cross_study_DEG_comparison
LOC111125014,1,ds1-5_allDEGs_merged
LOC111125018,1,cross_study_DEG_comparison
LOC111125020,1,cross_study_DEG_comparison
LOC111125021,1,ds1-5_allDEGs_merged
LOC111125025,1,cross_study_DEG_comparison
LOC111125027,1,ds1-5_allDEGs_merged
LOC111125033,1,cross_study_DEG_comparison
LOC111125034,1,cross_study_DEG_comparison
LOC111125035,1,ds1-5_allDEGs_merged
LOC111125036,1,ds1-5_allDEGs_merged
LOC111125040,1,cross_study_DEG_comparison
LOC111125043,1,cross_study_DEG_comparison
LOC111125046,1,ds1-5_allDEGs_merged
LOC111125051,1,cross_study_DEG_comparison
LOC111125052,1,cross_study_DEG_comparison
LOC111125055,1,cross_study_DEG_comparison
LOC111125057,1,ds1-5_allDEGs_merged
LOC111125059,1,ds1-5_allDEGs_merged
LOC111125063,1,cross_study_DEG_comparison
LOC111125072,1,ds1-5_allDEGs_merged
LOC111125081,1,ds1-5_allDEGs_merged
LOC111125086,1,ds1-5_allDEGs_merged
LOC111125101,1,ds1-5_allDEGs_merged
LOC111125102,1,cross_study_DEG_comparison
LOC111125103,1,cross_study_DEG_comparison
LOC111125104,1,cross_study_DEG_comparison
LOC111125113,1,cross_study_DEG_comparison
LOC111125115,1,ds1-5_allDEGs_merged
LOC111125124,1,cross_study_DEG_comparison
LOC111125127,1,ds1-5_allDEGs_merged
LOC111125137,1,cross_study_DEG_comparison
LOC111125145,1,cross_study_DEG_comparison
LOC111125147,1,ds1-5_allDEGs_merged
LOC111125149,1,cross_study_DEG_comparison
LOC111125150,1,ds1-5_allDEGs_merged
LOC111125152,1,ds1-5_allDEGs_merged
LOC111125157,1,ds1-5_allDEGs_merged
LOC111125158,1,cross_study_DEG_comparison
LOC111125162,1,ds1-5_allDEGs_merged
LOC111125175,1,ds1-5_allDEGs_merged
LOC111125192,1,ds1-5_allDEGs_merged
LOC111125197,1,ds1-5_allDEGs_merged
LOC111125219,1,ds1-5_allDEGs_merged
LOC111125223,1,ds1-5_allDEGs_merged
LOC111125225,1,ds1-5_allDEGs_merged
LOC111125227,1,cross_study_DEG_comparison
LOC111125238,1,cross_study_DEG_comparison
LOC111125239,1,ds1-5_allDEGs_merged
LOC111125243,1,cross_study_DEG_comparison
LOC111125248,1,ds1-5_allDEGs_merged
LOC111125249,1,ds1-5_allDEGs_merged
LOC111125253,1,ds1-5_allDEGs_merged
LOC111125256,1,cross_study_DEG_comparison
LOC111125262,1,ds1-5_allDEGs_merged
LOC111125263,1,cross_study_DEG_comparison
LOC111125266,1,cross_study_DEG_comparison
LOC111125269,1,cross_study_DEG_comparison
LOC111125273,1,ds1-5_allDEGs_merged
LOC111125275,1,ds1-5_allDEGs_merged
LOC111125277,1,cross_study_DEG_comparison
LOC111125280,1,ds1-5_allDEGs_merged
LOC111125284,1,cross_study_DEG_comparison
LOC111125287,1,ds1-5_allDEGs_merged
LOC111125288,1,ds1-5_allDEGs_merged
LOC111125290,1,ds1-5_allDEGs_merged
LOC111125291,1,ds1-5_allDEGs_merged
LOC111125292,1,cross_study_DEG_comparison
LOC111125293,1,ds1-5_allDEGs_merged
LOC111125295,1,ds1-5_allDEGs_merged
LOC111125296,1,ds1-5_allDEGs_merged
LOC111125298,1,ds1-5_allDEGs_merged
LOC111125302,1,ds1-5_allDEGs_merged
LOC111125305,1,ds1-5_allDEGs_merged
LOC111125306,1,ds1-5_allDEGs_merged
LOC111125308,1,ds1-5_allDEGs_merged
LOC111125311,1,ds1-5_allDEGs_merged
LOC111125312,1,ds1-5_allDEGs_merged
LOC111125315,1,cross_study_DEG_comparison
LOC111125316,1,ds1-5_allDEGs_merged
LOC111125318,1,ds1-5_allDEGs_merged
LOC111125323,1,ds1-5_allDEGs_merged
LOC111125325,1,ds1-5_allDEGs_merged
LOC111125328,1,cross_study_DEG_comparison
LOC111125329,1,ds1-5_allDEGs_merged
LOC111125331,1,ds1-5_allDEGs_merged
LOC111125347,1,cross_study_DEG_comparison
LOC111125349,1,ds1-5_allDEGs_merged
LOC111125352,1,ds1-5_allDEGs_merged
LOC111125355,1,cross_study_DEG_comparison
LOC111125362,1,cross_study_DEG_comparison
LOC111125367,1,ds1-5_allDEGs_merged
LOC111125369,1,ds1-5_allDEGs_merged
LOC111125380,1,ds1-5_allDEGs_merged
LOC111125384,1,ds1-5_allDEGs_merged
LOC111125386,1,cross_study_DEG_comparison
LOC111125388,1,ds1-5_allDEGs_merged
LOC111125389,1,ds1-5_allDEGs_merged
LOC111125390,1,ds1-5_allDEGs_merged
LOC111125407,1,cross_study_DEG_comparison
LOC111125413,1,ds1-5_allDEGs_merged
LOC111125414,1,ds1-5_allDEGs_merged
LOC111125421,1,cross_study_DEG_comparison
LOC111125426,1,ds1-5_allDEGs_merged
LOC111125430,1,cross_study_DEG_comparison
LOC111125431,1,cross_study_DEG_comparison
LOC111125434,1,ds1-5_allDEGs_merged
LOC111125436,1,ds1-5_allDEGs_merged
LOC111125437,1,cross_study_DEG_comparison
LOC111125438,1,ds1-5_allDEGs_merged
LOC111125441,1,cross_study_DEG_comparison
LOC111125442,1,ds1-5_allDEGs_merged
LOC111125445,1,cross_study_DEG_comparison
LOC111125446,1,ds1-5_allDEGs_merged
LOC111125448,1,cross_study_DEG_comparison
LOC111125455,1,ds1-5_allDEGs_merged
LOC111125457,1,ds1-5_allDEGs_merged
LOC111125458,1,cross_study_DEG_comparison
LOC111125460,1,ds1-5_allDEGs_merged
LOC111125464,1,ds1-5_allDEGs_merged
LOC111125468,1,ds1-5_allDEGs_merged
LOC111125471,1,ds1-5_allDEGs_merged
LOC111125475,1,ds1-5_allDEGs_merged
LOC111125479,1,cross_study_DEG_comparison
LOC111125483,1,cross_study_DEG_comparison
LOC111125484,1,cross_study_DEG_comparison
LOC111125488,1,cross_study_DEG_comparison
LOC111125490,1,ds1-5_allDEGs_merged
LOC111125491,1,ds1-5_allDEGs_merged
LOC111125499,1,cross_study_DEG_comparison
LOC111125505,1,cross_study_DEG_comparison
LOC111125526,1,cross_study_DEG_comparison
LOC111125537,1,cross_study_DEG_comparison
LOC111125544,1,cross_study_DEG_comparison
LOC111125548,1,ds1-5_allDEGs_merged
LOC111125551,1,cross_study_DEG_comparison
LOC111125552,1,ds1-5_allDEGs_merged
LOC111125554,1,ds1-5_allDEGs_merged
LOC111125557,1,ds1-5_allDEGs_merged
LOC111125560,1,ds1-5_allDEGs_merged
LOC111125563,1,ds1-5_allDEGs_merged
LOC111125564,1,cross_study_DEG_comparison
LOC111125565,1,cross_study_DEG_comparison
LOC111125576,1,cross_study_DEG_comparison
LOC111125577,1,cross_study_DEG_comparison
LOC111125583,1,cross_study_DEG_comparison
LOC111125585,1,cross_study_DEG_comparison
LOC111125591,1,ds1-5_allDEGs_merged
LOC111125596,1,ds1-5_allDEGs_merged
LOC111125599,1,cross_study_DEG_comparison
LOC111125601,1,ds1-5_allDEGs_merged
LOC111125602,1,ds1-5_allDEGs_merged
LOC111125613,1,ds1-5_allDEGs_merged
LOC111125618,1,cross_study_DEG_comparison
LOC111125629,1,cross_study_DEG_comparison
LOC111125634,1,cross_study_DEG_comparison
LOC111125642,1,ds1-5_allDEGs_merged
LOC111125646,1,cross_study_DEG_comparison
LOC111125649,1,ds1-5_allDEGs_merged
LOC111125650,1,ds1-5_allDEGs_merged
LOC111125651,1,cross_study_DEG_comparison
LOC111125652,1,ds1-5_allDEGs_merged
LOC111125669,1,ds1-5_allDEGs_merged
LOC111125671,1,ds1-5_allDEGs_merged
LOC111125672,1,ds1-5_allDEGs_merged
LOC111125675,1,ds1-5_allDEGs_merged
LOC111125677,1,cross_study_DEG_comparison
LOC111125678,1,cross_study_DEG_comparison
LOC111125684,1,cross_study_DEG_comparison
LOC111125690,1,ds1-5_allDEGs_merged
LOC111125692,1,cross_study_DEG_comparison
LOC111125698,1,cross_study_DEG_comparison
LOC111125704,1,ds1-5_allDEGs_merged
LOC111125711,1,ds1-5_allDEGs_merged
LOC111125712,1,ds1-5_allDEGs_merged
LOC111125713,1,ds1-5_allDEGs_merged
LOC111125714,1,ds1-5_allDEGs_merged
LOC111125720,1,cross_study_DEG_comparison
LOC111125727,1,ds1-5_allDEGs_merged
LOC111125734,1,cross_study_DEG_comparison
LOC111125738,1,ds1-5_allDEGs_merged
LOC111125741,1,cross_study_DEG_comparison
LOC111125743,1,ds1-5_allDEGs_merged
LOC111125746,1,ds1-5_allDEGs_merged
LOC111125751,1,ds1-5_allDEGs_merged
LOC111125752,1,ds1-5_allDEGs_merged
LOC111125757,1,ds1-5_allDEGs_merged
LOC111125759,1,cross_study_DEG_comparison
LOC111125764,1,cross_study_DEG_comparison
LOC111125767,1,ds1-5_allDEGs_merged
LOC111125768,1,ds1-5_allDEGs_merged
LOC111125773,1,ds1-5_allDEGs_merged
LOC111125781,1,ds1-5_allDEGs_merged
LOC111125784,1,cross_study_DEG_comparison
LOC111125789,1,ds1-5_allDEGs_merged
LOC111125790,1,ds1-5_allDEGs_merged
LOC111125791,1,ds1-5_allDEGs_merged
LOC111125793,1,ds1-5_allDEGs_merged
LOC111125799,1,ds1-5_allDEGs_merged
LOC111125802,1,ds1-5_allDEGs_merged
LOC111125808,1,ds1-5_allDEGs_merged
LOC111125811,1,ds1-5_allDEGs_merged
LOC111125815,1,ds1-5_allDEGs_merged
LOC111125816,1,ds1-5_allDEGs_merged
LOC111125817,1,cross_study_DEG_comparison
LOC111125819,1,ds1-5_allDEGs_merged
LOC111125833,1,cross_study_DEG_comparison
LOC111125834,1,ds1-5_allDEGs_merged
LOC111125838,1,ds1-5_allDEGs_merged
LOC111125839,1,ds1-5_allDEGs_merged
LOC111125848,1,ds1-5_allDEGs_merged
LOC111125851,1,cross_study_DEG_comparison
LOC111125853,1,ds1-5_allDEGs_merged
LOC111125856,1,cross_study_DEG_comparison
LOC111125859,1,ds1-5_allDEGs_merged
LOC111125873,1,cross_study_DEG_comparison
LOC111125878,1,ds1-5_allDEGs_merged
LOC111125883,1,ds1-5_allDEGs_merged
LOC111125885,1,ds1-5_allDEGs_merged
LOC111125886,1,ds1-5_allDEGs_merged
LOC111125887,1,ds1-5_allDEGs_merged
LOC111125890,1,ds1-5_allDEGs_merged
LOC111125897,1,ds1-5_allDEGs_merged
LOC111125898,1,cross_study_DEG_comparison
LOC111125899,1,cross_study_DEG_comparison
LOC111125900,1,ds1-5_allDEGs_merged
LOC111125905,1,cross_study_DEG_comparison
LOC111125907,1,ds1-5_allDEGs_merged
LOC111125909,1,cross_study_DEG_comparison
LOC111125914,1,cross_study_DEG_comparison
LOC111125920,1,ds1-5_allDEGs_merged
LOC111125922,1,cross_study_DEG_comparison
LOC111125923,1,cross_study_DEG_comparison
LOC111125924,1,cross_study_DEG_comparison
LOC111125928,1,cross_study_DEG_comparison
LOC111125930,1,cross_study_DEG_comparison
LOC111125935,1,cross_study_DEG_comparison
LOC111125942,1,cross_study_DEG_comparison
LOC111125946,1,ds1-5_allDEGs_merged
LOC111125947,1,cross_study_DEG_comparison
LOC111125954,1,cross_study_DEG_comparison
LOC111125956,1,cross_study_DEG_comparison
LOC111125960,1,ds1-5_allDEGs_merged
LOC111125972,1,cross_study_DEG_comparison
LOC111125973,1,ds1-5_allDEGs_merged
LOC111125975,1,cross_study_DEG_comparison
LOC111125980,1,ds1-5_allDEGs_merged
LOC111125984,1,cross_study_DEG_comparison
LOC111125987,1,cross_study_DEG_comparison
LOC111125988,1,ds1-5_allDEGs_merged
LOC111125992,1,ds1-5_allDEGs_merged
LOC111126001,1,ds1-5_allDEGs_merged
LOC111126002,1,ds1-5_allDEGs_merged
LOC111126004,1,ds1-5_allDEGs_merged
LOC111126006,1,cross_study_DEG_comparison
LOC111126007,1,cross_study_DEG_comparison
LOC111126015,1,ds1-5_allDEGs_merged
LOC111126018,1,ds1-5_allDEGs_merged
LOC111126020,1,cross_study_DEG_comparison
LOC111126029,1,ds1-5_allDEGs_merged
LOC111126030,1,ds1-5_allDEGs_merged
LOC111126034,1,cross_study_DEG_comparison
LOC111126037,1,cross_study_DEG_comparison
LOC111126042,1,ds1-5_allDEGs_merged
LOC111126043,1,cross_study_DEG_comparison
LOC111126045,1,cross_study_DEG_comparison
LOC111126049,1,ds1-5_allDEGs_merged
LOC111126052,1,cross_study_DEG_comparison
LOC111126055,1,ds1-5_allDEGs_merged
LOC111126056,1,cross_study_DEG_comparison
LOC111126068,1,ds1-5_allDEGs_merged
LOC111126075,1,cross_study_DEG_comparison
LOC111126077,1,cross_study_DEG_comparison
LOC111126078,1,ds1-5_allDEGs_merged
LOC111126080,1,ds1-5_allDEGs_merged
LOC111126082,1,cross_study_DEG_comparison
LOC111126088,1,cross_study_DEG_comparison
LOC111126092,1,ds1-5_allDEGs_merged
LOC111126096,1,cross_study_DEG_comparison
LOC111126101,1,ds1-5_allDEGs_merged
LOC111126103,1,cross_study_DEG_comparison
LOC111126106,1,ds1-5_allDEGs_merged
LOC111126110,1,ds1-5_allDEGs_merged
LOC111126112,1,ds1-5_allDEGs_merged
LOC111126116,1,cross_study_DEG_comparison
LOC111126119,1,ds1-5_allDEGs_merged
LOC111126132,1,cross_study_DEG_comparison
LOC111126148,1,ds1-5_allDEGs_merged
LOC111126154,1,ds1-5_allDEGs_merged
LOC111126156,1,ds1-5_allDEGs_merged
LOC111126159,1,cross_study_DEG_comparison
LOC111126167,1,ds1-5_allDEGs_merged
LOC111126172,1,ds1-5_allDEGs_merged
LOC111126178,1,cross_study_DEG_comparison
LOC111126185,1,cross_study_DEG_comparison
LOC111126191,1,ds1-5_allDEGs_merged
LOC111126194,1,ds1-5_allDEGs_merged
LOC111126195,1,cross_study_DEG_comparison
LOC111126197,1,ds1-5_allDEGs_merged
LOC111126198,1,ds1-5_allDEGs_merged
LOC111126201,1,ds1-5_allDEGs_merged
LOC111126203,1,ds1-5_allDEGs_merged
LOC111126204,1,ds1-5_allDEGs_merged
LOC111126205,1,ds1-5_allDEGs_merged
LOC111126209,1,ds1-5_allDEGs_merged
LOC111126210,1,ds1-5_allDEGs_merged
LOC111126213,1,ds1-5_allDEGs_merged
LOC111126215,1,ds1-5_allDEGs_merged
LOC111126216,1,ds1-5_allDEGs_merged
LOC111126220,1,ds1-5_allDEGs_merged
LOC111126224,1,cross_study_DEG_comparison
LOC111126225,1,ds1-5_allDEGs_merged
LOC111126233,1,ds1-5_allDEGs_merged
LOC111126235,1,ds1-5_allDEGs_merged
LOC111126240,1,cross_study_DEG_comparison
LOC111126247,1,ds1-5_allDEGs_merged
LOC111126248,1,ds1-5_allDEGs_merged
LOC111126250,1,ds1-5_allDEGs_merged
LOC111126261,1,cross_study_DEG_comparison
LOC111126265,1,cross_study_DEG_comparison
LOC111126267,1,cross_study_DEG_comparison
LOC111126278,1,ds1-5_allDEGs_merged
LOC111126281,1,ds1-5_allDEGs_merged
LOC111126286,1,ds1-5_allDEGs_merged
LOC111126290,1,cross_study_DEG_comparison
LOC111126292,1,ds1-5_allDEGs_merged
LOC111126296,1,cross_study_DEG_comparison
LOC111126306,1,ds1-5_allDEGs_merged
LOC111126309,1,cross_study_DEG_comparison
LOC111126312,1,ds1-5_allDEGs_merged
LOC111126316,1,ds1-5_allDEGs_merged
LOC111126319,1,cross_study_DEG_comparison
LOC111126320,1,ds1-5_allDEGs_merged
LOC111126322,1,ds1-5_allDEGs_merged
LOC111126323,1,ds1-5_allDEGs_merged
LOC111126330,1,cross_study_DEG_comparison
LOC111126334,1,ds1-5_allDEGs_merged
LOC111126337,1,cross_study_DEG_comparison
LOC111126338,1,ds1-5_allDEGs_merged
LOC111126340,1,ds1-5_allDEGs_merged
LOC111126343,1,ds1-5_allDEGs_merged
LOC111126344,1,ds1-5_allDEGs_merged
LOC111126345,1,ds1-5_allDEGs_merged
LOC111126357,1,ds1-5_allDEGs_merged
LOC111126369,1,ds1-5_allDEGs_merged
LOC111126374,1,cross_study_DEG_comparison
LOC111126376,1,cross_study_DEG_comparison
LOC111126393,1,cross_study_DEG_comparison
LOC111126399,1,cross_study_DEG_comparison
LOC111126405,1,cross_study_DEG_comparison
LOC111126406,1,ds1-5_allDEGs_merged
LOC111126408,1,ds1-5_allDEGs_merged
LOC111126409,1,cross_study_DEG_comparison
LOC111126412,1,cross_study_DEG_comparison
LOC111126414,1,ds1-5_allDEGs_merged
LOC111126416,1,ds1-5_allDEGs_merged
LOC111126417,1,cross_study_DEG_comparison
LOC111126421,1,cross_study_DEG_comparison
LOC111126431,1,ds1-5_allDEGs_merged
LOC111126432,1,ds1-5_allDEGs_merged
LOC111126435,1,cross_study_DEG_comparison
LOC111126436,1,ds1-5_allDEGs_merged
LOC111126438,1,cross_study_DEG_comparison
LOC111126444,1,cross_study_DEG_comparison
LOC111126448,1,ds1-5_allDEGs_merged
LOC111126453,1,ds1-5_allDEGs_merged
LOC111126456,1,ds1-5_allDEGs_merged
LOC111126457,1,cross_study_DEG_comparison
LOC111126459,1,cross_study_DEG_comparison
LOC111126473,1,ds1-5_allDEGs_merged
LOC111126474,1,ds1-5_allDEGs_merged
LOC111126478,1,ds1-5_allDEGs_merged
LOC111126479,1,cross_study_DEG_comparison
LOC111126484,1,ds1-5_allDEGs_merged
LOC111126488,1,cross_study_DEG_comparison
LOC111126493,1,ds1-5_allDEGs_merged
LOC111126494,1,cross_study_DEG_comparison
LOC111126496,1,cross_study_DEG_comparison
LOC111126506,1,ds1-5_allDEGs_merged
LOC111126507,1,cross_study_DEG_comparison
LOC111126510,1,cross_study_DEG_comparison
LOC111126512,1,cross_study_DEG_comparison
LOC111126515,1,ds1-5_allDEGs_merged
LOC111126520,1,ds1-5_allDEGs_merged
LOC111126524,1,ds1-5_allDEGs_merged
LOC111126531,1,cross_study_DEG_comparison
LOC111126542,1,cross_study_DEG_comparison
LOC111126551,1,cross_study_DEG_comparison
LOC111126552,1,cross_study_DEG_comparison
LOC111126553,1,ds1-5_allDEGs_merged
LOC111126555,1,ds1-5_allDEGs_merged
LOC111126559,1,ds1-5_allDEGs_merged
LOC111126562,1,ds1-5_allDEGs_merged
LOC111126564,1,ds1-5_allDEGs_merged
LOC111126568,1,ds1-5_allDEGs_merged
LOC111126569,1,ds1-5_allDEGs_merged
LOC111126574,1,ds1-5_allDEGs_merged
LOC111126576,1,cross_study_DEG_comparison
LOC111126579,1,ds1-5_allDEGs_merged
LOC111126580,1,cross_study_DEG_comparison
LOC111126585,1,ds1-5_allDEGs_merged
LOC111126586,1,ds1-5_allDEGs_merged
LOC111126590,1,ds1-5_allDEGs_merged
LOC111126596,1,cross_study_DEG_comparison
LOC111126598,1,ds1-5_allDEGs_merged
LOC111126602,1,ds1-5_allDEGs_merged
LOC111126606,1,cross_study_DEG_comparison
LOC111126607,1,cross_study_DEG_comparison
LOC111126608,1,cross_study_DEG_comparison
LOC111126614,1,ds1-5_allDEGs_merged
LOC111126616,1,cross_study_DEG_comparison
LOC111126620,1,cross_study_DEG_comparison
LOC111126621,1,cross_study_DEG_comparison
LOC111126622,1,ds1-5_allDEGs_merged
LOC111126625,1,cross_study_DEG_comparison
LOC111126629,1,ds1-5_allDEGs_merged
LOC111126631,1,ds1-5_allDEGs_merged
LOC111126632,1,ds1-5_allDEGs_merged
LOC111126645,1,ds1-5_allDEGs_merged
LOC111126651,1,ds1-5_allDEGs_merged
LOC111126658,1,ds1-5_allDEGs_merged
LOC111126673,1,ds1-5_allDEGs_merged
LOC111126676,1,ds1-5_allDEGs_merged
LOC111126704,1,cross_study_DEG_comparison
LOC111126705,1,ds1-5_allDEGs_merged
LOC111126709,1,ds1-5_allDEGs_merged
LOC111126712,1,ds1-5_allDEGs_merged
LOC111126715,1,cross_study_DEG_comparison
LOC111126717,1,cross_study_DEG_comparison
LOC111126727,1,ds1-5_allDEGs_merged
LOC111126728,1,ds1-5_allDEGs_merged
LOC111126740,1,cross_study_DEG_comparison
LOC111126745,1,ds1-5_allDEGs_merged
LOC111126747,1,cross_study_DEG_comparison
LOC111126748,1,cross_study_DEG_comparison
LOC111126752,1,cross_study_DEG_comparison
LOC111126757,1,ds1-5_allDEGs_merged
LOC111126760,1,cross_study_DEG_comparison
LOC111126766,1,cross_study_DEG_comparison
LOC111126771,1,ds1-5_allDEGs_merged
LOC111126772,1,cross_study_DEG_comparison
LOC111126778,1,ds1-5_allDEGs_merged
LOC111126786,1,ds1-5_allDEGs_merged
LOC111126793,1,ds1-5_allDEGs_merged
LOC111126799,1,ds1-5_allDEGs_merged
LOC111126800,1,cross_study_DEG_comparison
LOC111126802,1,cross_study_DEG_comparison
LOC111126809,1,cross_study_DEG_comparison
LOC111126810,1,cross_study_DEG_comparison
LOC111126813,1,ds1-5_allDEGs_merged
LOC111126814,1,ds1-5_allDEGs_merged
LOC111126817,1,cross_study_DEG_comparison
LOC111126818,1,cross_study_DEG_comparison
LOC111126819,1,cross_study_DEG_comparison
LOC111126821,1,ds1-5_allDEGs_merged
LOC111126828,1,cross_study_DEG_comparison
LOC111126829,1,cross_study_DEG_comparison
LOC111126830,1,cross_study_DEG_comparison
LOC111126831,1,ds1-5_allDEGs_merged
LOC111126835,1,ds1-5_allDEGs_merged
LOC111126836,1,ds1-5_allDEGs_merged
LOC111126851,1,ds1-5_allDEGs_merged
LOC111126862,1,cross_study_DEG_comparison
LOC111126866,1,ds1-5_allDEGs_merged
LOC111126873,1,cross_study_DEG_comparison
LOC111126875,1,cross_study_DEG_comparison
LOC111126888,1,cross_study_DEG_comparison
LOC111126911,1,ds1-5_allDEGs_merged
LOC111126915,1,ds1-5_allDEGs_merged
LOC111126920,1,cross_study_DEG_comparison
LOC111126921,1,cross_study_DEG_comparison
LOC111126925,1,cross_study_DEG_comparison
LOC111126950,1,cross_study_DEG_comparison
LOC111126951,1,cross_study_DEG_comparison
LOC111126968,1,ds1-5_allDEGs_merged
LOC111126975,1,ds1-5_allDEGs_merged
LOC111126987,1,ds1-5_allDEGs_merged
LOC111126988,1,ds1-5_allDEGs_merged
LOC111126999,1,ds1-5_allDEGs_merged
LOC111127005,1,ds1-5_allDEGs_merged
LOC111127007,1,cross_study_DEG_comparison
LOC111127009,1,ds1-5_allDEGs_merged
LOC111127012,1,cross_study_DEG_comparison
LOC111127014,1,cross_study_DEG_comparison
LOC111127017,1,cross_study_DEG_comparison
LOC111127026,1,ds1-5_allDEGs_merged
LOC111127028,1,ds1-5_allDEGs_merged
LOC111127032,1,cross_study_DEG_comparison
LOC111127042,1,cross_study_DEG_comparison
LOC111127043,1,cross_study_DEG_comparison
LOC111127049,1,ds1-5_allDEGs_merged
LOC111127060,1,cross_study_DEG_comparison
LOC111127069,1,cross_study_DEG_comparison
LOC111127079,1,ds1-5_allDEGs_merged
LOC111127080,1,cross_study_DEG_comparison
LOC111127081,1,ds1-5_allDEGs_merged
LOC111127083,1,cross_study_DEG_comparison
LOC111127110,1,ds1-5_allDEGs_merged
LOC111127118,1,cross_study_DEG_comparison
LOC111127119,1,cross_study_DEG_comparison
LOC111127120,1,ds1-5_allDEGs_merged
LOC111127123,1,ds1-5_allDEGs_merged
LOC111127126,1,ds1-5_allDEGs_merged
LOC111127133,1,cross_study_DEG_comparison
LOC111127137,1,cross_study_DEG_comparison
LOC111127139,1,cross_study_DEG_comparison
LOC111127141,1,cross_study_DEG_comparison
LOC111127142,1,ds1-5_allDEGs_merged
LOC111127143,1,ds1-5_allDEGs_merged
LOC111127155,1,ds1-5_allDEGs_merged
LOC111127164,1,cross_study_DEG_comparison
LOC111127165,1,ds1-5_allDEGs_merged
LOC111127170,1,ds1-5_allDEGs_merged
LOC111127175,1,ds1-5_allDEGs_merged
LOC111127180,1,ds1-5_allDEGs_merged
LOC111127186,1,cross_study_DEG_comparison
LOC111127189,1,ds1-5_allDEGs_merged
LOC111127192,1,ds1-5_allDEGs_merged
LOC111127198,1,ds1-5_allDEGs_merged
LOC111127202,1,ds1-5_allDEGs_merged
LOC111127207,1,cross_study_DEG_comparison
LOC111127217,1,ds1-5_allDEGs_merged
LOC111127224,1,ds1-5_allDEGs_merged
LOC111127225,1,ds1-5_allDEGs_merged
LOC111127227,1,ds1-5_allDEGs_merged
LOC111127229,1,ds1-5_allDEGs_merged
LOC111127230,1,ds1-5_allDEGs_merged
LOC111127231,1,ds1-5_allDEGs_merged
LOC111127238,1,cross_study_DEG_comparison
LOC111127240,1,ds1-5_allDEGs_merged
LOC111127252,1,ds1-5_allDEGs_merged
LOC111127258,1,cross_study_DEG_comparison
LOC111127260,1,cross_study_DEG_comparison
LOC111127263,1,cross_study_DEG_comparison
LOC111127277,1,cross_study_DEG_comparison
LOC111127284,1,cross_study_DEG_comparison
LOC111127288,1,ds1-5_allDEGs_merged
LOC111127289,1,ds1-5_allDEGs_merged
LOC111127303,1,ds1-5_allDEGs_merged
LOC111127308,1,cross_study_DEG_comparison
LOC111127317,1,ds1-5_allDEGs_merged
LOC111127318,1,cross_study_DEG_comparison
LOC111127319,1,ds1-5_allDEGs_merged
LOC111127320,1,ds1-5_allDEGs_merged
LOC111127324,1,ds1-5_allDEGs_merged
LOC111127325,1,ds1-5_allDEGs_merged
LOC111127327,1,ds1-5_allDEGs_merged
LOC111127334,1,ds1-5_allDEGs_merged
LOC111127337,1,ds1-5_allDEGs_merged
LOC111127341,1,ds1-5_allDEGs_merged
LOC111127343,1,cross_study_DEG_comparison
LOC111127350,1,ds1-5_allDEGs_merged
LOC111127351,1,ds1-5_allDEGs_merged
LOC111127353,1,ds1-5_allDEGs_merged
LOC111127370,1,cross_study_DEG_comparison
LOC111127374,1,ds1-5_allDEGs_merged
LOC111127384,1,ds1-5_allDEGs_merged
LOC111127391,1,cross_study_DEG_comparison
LOC111127393,1,cross_study_DEG_comparison
LOC111127395,1,cross_study_DEG_comparison
LOC111127400,1,cross_study_DEG_comparison
LOC111127401,1,ds1-5_allDEGs_merged
LOC111127408,1,cross_study_DEG_comparison
LOC111127410,1,ds1-5_allDEGs_merged
LOC111127415,1,cross_study_DEG_comparison
LOC111127416,1,ds1-5_allDEGs_merged
LOC111127436,1,cross_study_DEG_comparison
LOC111127447,1,ds1-5_allDEGs_merged
LOC111127461,1,cross_study_DEG_comparison
LOC111127468,1,ds1-5_allDEGs_merged
LOC111127472,1,cross_study_DEG_comparison
LOC111127479,1,cross_study_DEG_comparison
LOC111127491,1,cross_study_DEG_comparison
LOC111127508,1,ds1-5_allDEGs_merged
LOC111127510,1,ds1-5_allDEGs_merged
LOC111127512,1,ds1-5_allDEGs_merged
LOC111127521,1,ds1-5_allDEGs_merged
LOC111127536,1,ds1-5_allDEGs_merged
LOC111127539,1,ds1-5_allDEGs_merged
LOC111127540,1,cross_study_DEG_comparison
LOC111127559,1,cross_study_DEG_comparison
LOC111127562,1,ds1-5_allDEGs_merged
LOC111127570,1,cross_study_DEG_comparison
LOC111127576,1,ds1-5_allDEGs_merged
LOC111127579,1,cross_study_DEG_comparison
LOC111127580,1,cross_study_DEG_comparison
LOC111127581,1,ds1-5_allDEGs_merged
LOC111127589,1,ds1-5_allDEGs_merged
LOC111127596,1,cross_study_DEG_comparison
LOC111127598,1,cross_study_DEG_comparison
LOC111127599,1,ds1-5_allDEGs_merged
LOC111127602,1,ds1-5_allDEGs_merged
LOC111127605,1,ds1-5_allDEGs_merged
LOC111127607,1,ds1-5_allDEGs_merged
LOC111127610,1,ds1-5_allDEGs_merged
LOC111127613,1,cross_study_DEG_comparison
LOC111127617,1,cross_study_DEG_comparison
LOC111127626,1,ds1-5_allDEGs_merged
LOC111127627,1,ds1-5_allDEGs_merged
LOC111127635,1,ds1-5_allDEGs_merged
LOC111127637,1,cross_study_DEG_comparison
LOC111127638,1,ds1-5_allDEGs_merged
LOC111127642,1,ds1-5_allDEGs_merged
LOC111127643,1,cross_study_DEG_comparison
LOC111127646,1,ds1-5_allDEGs_merged
LOC111127649,1,ds1-5_allDEGs_merged
LOC111127652,1,ds1-5_allDEGs_merged
LOC111127656,1,ds1-5_allDEGs_merged
LOC111127657,1,ds1-5_allDEGs_merged
LOC111127659,1,cross_study_DEG_comparison
LOC111127665,1,cross_study_DEG_comparison
LOC111127668,1,ds1-5_allDEGs_merged
LOC111127721,1,cross_study_DEG_comparison
LOC111127722,1,cross_study_DEG_comparison
LOC111127724,1,ds1-5_allDEGs_merged
LOC111127728,1,cross_study_DEG_comparison
LOC111127736,1,cross_study_DEG_comparison
LOC111127746,1,cross_study_DEG_comparison
LOC111127754,1,cross_study_DEG_comparison
LOC111127765,1,ds1-5_allDEGs_merged
LOC111127768,1,cross_study_DEG_comparison
LOC111127769,1,cross_study_DEG_comparison
LOC111127771,1,ds1-5_allDEGs_merged
LOC111127788,1,ds1-5_allDEGs_merged
LOC111127799,1,cross_study_DEG_comparison
LOC111127802,1,ds1-5_allDEGs_merged
LOC111127810,1,cross_study_DEG_comparison
LOC111127811,1,cross_study_DEG_comparison
LOC111127814,1,cross_study_DEG_comparison
LOC111127821,1,cross_study_DEG_comparison
LOC111127822,1,cross_study_DEG_comparison
LOC111127825,1,cross_study_DEG_comparison
LOC111127826,1,cross_study_DEG_comparison
LOC111127828,1,ds1-5_allDEGs_merged
LOC111127829,1,cross_study_DEG_comparison
LOC111127830,1,cross_study_DEG_comparison
LOC111127833,1,ds1-5_allDEGs_merged
LOC111127835,1,cross_study_DEG_comparison
LOC111127841,1,cross_study_DEG_comparison
LOC111127846,1,cross_study_DEG_comparison
LOC111127847,1,cross_study_DEG_comparison
LOC111127848,1,ds1-5_allDEGs_merged
LOC111127855,1,cross_study_DEG_comparison
LOC111127861,1,cross_study_DEG_comparison
LOC111127862,1,cross_study_DEG_comparison
LOC111127867,1,cross_study_DEG_comparison
LOC111127871,1,cross_study_DEG_comparison
LOC111127872,1,ds1-5_allDEGs_merged
LOC111127873,1,ds1-5_allDEGs_merged
LOC111127874,1,cross_study_DEG_comparison
LOC111127877,1,cross_study_DEG_comparison
LOC111127894,1,cross_study_DEG_comparison
LOC111127914,1,ds1-5_allDEGs_merged
LOC111127916,1,ds1-5_allDEGs_merged
LOC111127917,1,cross_study_DEG_comparison
LOC111127921,1,ds1-5_allDEGs_merged
LOC111127929,1,ds1-5_allDEGs_merged
LOC111127934,1,cross_study_DEG_comparison
LOC111127935,1,ds1-5_allDEGs_merged
LOC111127939,1,ds1-5_allDEGs_merged
LOC111127945,1,cross_study_DEG_comparison
LOC111127946,1,cross_study_DEG_comparison
LOC111127967,1,cross_study_DEG_comparison
LOC111127974,1,ds1-5_allDEGs_merged
LOC111127991,1,ds1-5_allDEGs_merged
LOC111127997,1,cross_study_DEG_comparison
LOC111128001,1,ds1-5_allDEGs_merged
LOC111128004,1,ds1-5_allDEGs_merged
LOC111128023,1,ds1-5_allDEGs_merged
LOC111128025,1,ds1-5_allDEGs_merged
LOC111128026,1,ds1-5_allDEGs_merged
LOC111128031,1,ds1-5_allDEGs_merged
LOC111128037,1,cross_study_DEG_comparison
LOC111128040,1,ds1-5_allDEGs_merged
LOC111128044,1,cross_study_DEG_comparison
LOC111128048,1,ds1-5_allDEGs_merged
LOC111128054,1,cross_study_DEG_comparison
LOC111128063,1,ds1-5_allDEGs_merged
LOC111128065,1,cross_study_DEG_comparison
LOC111128068,1,ds1-5_allDEGs_merged
LOC111128069,1,ds1-5_allDEGs_merged
LOC111128070,1,cross_study_DEG_comparison
LOC111128073,1,cross_study_DEG_comparison
LOC111128076,1,ds1-5_allDEGs_merged
LOC111128082,1,cross_study_DEG_comparison
LOC111128083,1,cross_study_DEG_comparison
LOC111128085,1,ds1-5_allDEGs_merged
LOC111128086,1,top_50_predictive_genes_for_classification
LOC111128089,1,cross_study_DEG_comparison
LOC111128093,1,ds1-5_allDEGs_merged
LOC111128095,1,ds1-5_allDEGs_merged
LOC111128101,1,ds1-5_allDEGs_merged
LOC111128111,1,ds1-5_allDEGs_merged
LOC111128114,1,ds1-5_allDEGs_merged
LOC111128115,1,ds1-5_allDEGs_merged
LOC111128116,1,ds1-5_allDEGs_merged
LOC111128122,1,cross_study_DEG_comparison
LOC111128125,1,ds1-5_allDEGs_merged
LOC111128131,1,cross_study_DEG_comparison
LOC111128139,1,ds1-5_allDEGs_merged
LOC111128142,1,cross_study_DEG_comparison
LOC111128146,1,cross_study_DEG_comparison
LOC111128150,1,cross_study_DEG_comparison
LOC111128159,1,ds1-5_allDEGs_merged
LOC111128161,1,cross_study_DEG_comparison
LOC111128170,1,ds1-5_allDEGs_merged
LOC111128172,1,cross_study_DEG_comparison
LOC111128175,1,ds1-5_allDEGs_merged
LOC111128177,1,cross_study_DEG_comparison
LOC111128178,1,cross_study_DEG_comparison
LOC111128180,1,cross_study_DEG_comparison
LOC111128182,1,cross_study_DEG_comparison
LOC111128184,1,ds1-5_allDEGs_merged
LOC111128188,1,cross_study_DEG_comparison
LOC111128192,1,cross_study_DEG_comparison
LOC111128193,1,cross_study_DEG_comparison
LOC111128194,1,cross_study_DEG_comparison
LOC111128200,1,ds1-5_allDEGs_merged
LOC111128206,1,ds1-5_allDEGs_merged
LOC111128207,1,ds1-5_allDEGs_merged
LOC111128209,1,ds1-5_allDEGs_merged
LOC111128213,1,cross_study_DEG_comparison
LOC111128214,1,ds1-5_allDEGs_merged
LOC111128215,1,cross_study_DEG_comparison
LOC111128217,1,ds1-5_allDEGs_merged
LOC111128236,1,cross_study_DEG_comparison
LOC111128244,1,cross_study_DEG_comparison
LOC111128245,1,ds1-5_allDEGs_merged
LOC111128248,1,ds1-5_allDEGs_merged
LOC111128252,1,cross_study_DEG_comparison
LOC111128256,1,cross_study_DEG_comparison
LOC111128286,1,cross_study_DEG_comparison
LOC111128290,1,cross_study_DEG_comparison
LOC111128297,1,ds1-5_allDEGs_merged
LOC111128303,1,ds1-5_allDEGs_merged
LOC111128304,1,ds1-5_allDEGs_merged
LOC111128308,1,ds1-5_allDEGs_merged
LOC111128309,1,ds1-5_allDEGs_merged
LOC111128321,1,cross_study_DEG_comparison
LOC111128327,1,ds1-5_allDEGs_merged
LOC111128333,1,cross_study_DEG_comparison
LOC111128341,1,cross_study_DEG_comparison
LOC111128349,1,cross_study_DEG_comparison
LOC111128352,1,final_consensus_genes
LOC111128359,1,ds1-5_allDEGs_merged
LOC111128383,1,ds1-5_allDEGs_merged
LOC111128385,1,cross_study_DEG_comparison
LOC111128399,1,cross_study_DEG_comparison
LOC111128405,1,ds1-5_allDEGs_merged
LOC111128415,1,cross_study_DEG_comparison
LOC111128425,1,cross_study_DEG_comparison
LOC111128437,1,cross_study_DEG_comparison
LOC111128439,1,cross_study_DEG_comparison
LOC111128440,1,ds1-5_allDEGs_merged
LOC111128443,1,ds1-5_allDEGs_merged
LOC111128457,1,ds1-5_allDEGs_merged
LOC111128477,1,cross_study_DEG_comparison
LOC111128478,1,cross_study_DEG_comparison
LOC111128479,1,ds1-5_allDEGs_merged
LOC111128482,1,ds1-5_allDEGs_merged
LOC111128484,1,ds1-5_allDEGs_merged
LOC111128487,1,cross_study_DEG_comparison
LOC111128489,1,cross_study_DEG_comparison
LOC111128494,1,cross_study_DEG_comparison
LOC111128499,1,ds1-5_allDEGs_merged
LOC111128511,1,ds1-5_allDEGs_merged
LOC111128523,1,cross_study_DEG_comparison
LOC111128531,1,cross_study_DEG_comparison
LOC111128532,1,ds1-5_allDEGs_merged
LOC111128536,1,cross_study_DEG_comparison
LOC111128538,1,ds1-5_allDEGs_merged
LOC111128544,1,ds1-5_allDEGs_merged
LOC111128558,1,ds1-5_allDEGs_merged
LOC111128563,1,ds1-5_allDEGs_merged
LOC111128566,1,cross_study_DEG_comparison
LOC111128568,1,ds1-5_allDEGs_merged
LOC111128575,1,ds1-5_allDEGs_merged
LOC111128577,1,cross_study_DEG_comparison
LOC111128581,1,cross_study_DEG_comparison
LOC111128584,1,cross_study_DEG_comparison
LOC111128591,1,ds1-5_allDEGs_merged
LOC111128596,1,ds1-5_allDEGs_merged
LOC111128597,1,ds1-5_allDEGs_merged
LOC111128600,1,ds1-5_allDEGs_merged
LOC111128606,1,cross_study_DEG_comparison
LOC111128608,1,ds1-5_allDEGs_merged
LOC111128623,1,cross_study_DEG_comparison
LOC111128633,1,ds1-5_allDEGs_merged
LOC111128640,1,ds1-5_allDEGs_merged
LOC111128643,1,cross_study_DEG_comparison
LOC111128647,1,cross_study_DEG_comparison
LOC111128648,1,ds1-5_allDEGs_merged
LOC111128654,1,cross_study_DEG_comparison
LOC111128657,1,cross_study_DEG_comparison
LOC111128658,1,cross_study_DEG_comparison
LOC111128660,1,cross_study_DEG_comparison
LOC111128664,1,cross_study_DEG_comparison
LOC111128670,1,ds1-5_allDEGs_merged
LOC111128675,1,ds1-5_allDEGs_merged
LOC111128678,1,cross_study_DEG_comparison
LOC111128680,1,ds1-5_allDEGs_merged
LOC111128683,1,cross_study_DEG_comparison
LOC111128685,1,ds1-5_allDEGs_merged
LOC111128687,1,cross_study_DEG_comparison
LOC111128688,1,cross_study_DEG_comparison
LOC111128693,1,ds1-5_allDEGs_merged
LOC111128699,1,ds1-5_allDEGs_merged
LOC111128702,1,ds1-5_allDEGs_merged
LOC111128707,1,cross_study_DEG_comparison
LOC111128708,1,ds1-5_allDEGs_merged
LOC111128718,1,ds1-5_allDEGs_merged
LOC111128721,1,cross_study_DEG_comparison
LOC111128727,1,cross_study_DEG_comparison
LOC111128737,1,cross_study_DEG_comparison
LOC111128749,1,cross_study_DEG_comparison
LOC111128751,1,cross_study_DEG_comparison
LOC111128754,1,ds1-5_allDEGs_merged
LOC111128756,1,ds1-5_allDEGs_merged
LOC111128757,1,cross_study_DEG_comparison
LOC111128759,1,ds1-5_allDEGs_merged
LOC111128768,1,cross_study_DEG_comparison
LOC111128770,1,ds1-5_allDEGs_merged
LOC111128772,1,ds1-5_allDEGs_merged
LOC111128774,1,cross_study_DEG_comparison
LOC111128788,1,ds1-5_allDEGs_merged
LOC111128792,1,cross_study_DEG_comparison
LOC111128797,1,ds1-5_allDEGs_merged
LOC111128800,1,ds1-5_allDEGs_merged
LOC111128802,1,cross_study_DEG_comparison
LOC111128803,1,ds1-5_allDEGs_merged
LOC111128804,1,ds1-5_allDEGs_merged
LOC111128812,1,ds1-5_allDEGs_merged
LOC111128816,1,cross_study_DEG_comparison
LOC111128821,1,ds1-5_allDEGs_merged
LOC111128823,1,cross_study_DEG_comparison
LOC111128830,1,cross_study_DEG_comparison
LOC111128836,1,cross_study_DEG_comparison
LOC111128837,1,ds1-5_allDEGs_merged
LOC111128840,1,ds1-5_allDEGs_merged
LOC111128841,1,cross_study_DEG_comparison
LOC111128863,1,ds1-5_allDEGs_merged
LOC111128864,1,ds1-5_allDEGs_merged
LOC111128873,1,cross_study_DEG_comparison
LOC111128874,1,ds1-5_allDEGs_merged
LOC111128875,1,cross_study_DEG_comparison
LOC111128879,1,ds1-5_allDEGs_merged
LOC111128883,1,cross_study_DEG_comparison
LOC111128886,1,ds1-5_allDEGs_merged
LOC111128898,1,cross_study_DEG_comparison
LOC111128911,1,cross_study_DEG_comparison
LOC111128915,1,ds1-5_allDEGs_merged
LOC111128920,1,ds1-5_allDEGs_merged
LOC111128928,1,ds1-5_allDEGs_merged
LOC111128929,1,ds1-5_allDEGs_merged
LOC111128934,1,ds1-5_allDEGs_merged
LOC111128936,1,cross_study_DEG_comparison
LOC111128937,1,cross_study_DEG_comparison
LOC111128939,1,ds1-5_allDEGs_merged
LOC111128941,1,ds1-5_allDEGs_merged
LOC111128942,1,ds1-5_allDEGs_merged
LOC111128947,1,ds1-5_allDEGs_merged
LOC111128956,1,cross_study_DEG_comparison
LOC111128965,1,cross_study_DEG_comparison
LOC111128968,1,cross_study_DEG_comparison
LOC111128971,1,cross_study_DEG_comparison
LOC111128977,1,cross_study_DEG_comparison
LOC111128982,1,cross_study_DEG_comparison
LOC111128984,1,cross_study_DEG_comparison
LOC111128985,1,cross_study_DEG_comparison
LOC111128986,1,cross_study_DEG_comparison
LOC111128988,1,cross_study_DEG_comparison
LOC111128996,1,cross_study_DEG_comparison
LOC111128999,1,cross_study_DEG_comparison
LOC111129005,1,cross_study_DEG_comparison
LOC111129011,1,ds1-5_allDEGs_merged
LOC111129014,1,ds1-5_allDEGs_merged
LOC111129017,1,cross_study_DEG_comparison
LOC111129018,1,ds1-5_allDEGs_merged
LOC111129021,1,ds1-5_allDEGs_merged
LOC111129022,1,cross_study_DEG_comparison
LOC111129024,1,cross_study_DEG_comparison
LOC111129025,1,ds1-5_allDEGs_merged
LOC111129026,1,ds1-5_allDEGs_merged
LOC111129027,1,ds1-5_allDEGs_merged
LOC111129050,1,ds1-5_allDEGs_merged
LOC111129058,1,ds1-5_allDEGs_merged
LOC111129060,1,ds1-5_allDEGs_merged
LOC111129063,1,ds1-5_allDEGs_merged
LOC111129069,1,ds1-5_allDEGs_merged
LOC111129071,1,ds1-5_allDEGs_merged
LOC111129074,1,ds1-5_allDEGs_merged
LOC111129079,1,ds1-5_allDEGs_merged
LOC111129082,1,ds1-5_allDEGs_merged
LOC111129084,1,ds1-5_allDEGs_merged
LOC111129085,1,cross_study_DEG_comparison
LOC111129086,1,ds1-5_allDEGs_merged
LOC111129089,1,cross_study_DEG_comparison
LOC111129092,1,cross_study_DEG_comparison
LOC111129106,1,cross_study_DEG_comparison
LOC111129123,1,ds1-5_allDEGs_merged
LOC111129125,1,cross_study_DEG_comparison
LOC111129126,1,cross_study_DEG_comparison
LOC111129127,1,cross_study_DEG_comparison
LOC111129129,1,ds1-5_allDEGs_merged
LOC111129143,1,top_50_predictive_genes_for_classification
LOC111129145,1,ds1-5_allDEGs_merged
LOC111129162,1,ds1-5_allDEGs_merged
LOC111129164,1,ds1-5_allDEGs_merged
LOC111129169,1,ds1-5_allDEGs_merged
LOC111129170,1,ds1-5_allDEGs_merged
LOC111129173,1,ds1-5_allDEGs_merged
LOC111129175,1,ds1-5_allDEGs_merged
LOC111129178,1,cross_study_DEG_comparison
LOC111129187,1,ds1-5_allDEGs_merged
LOC111129189,1,ds1-5_allDEGs_merged
LOC111129193,1,ds1-5_allDEGs_merged
LOC111129201,1,ds1-5_allDEGs_merged
LOC111129202,1,ds1-5_allDEGs_merged
LOC111129203,1,cross_study_DEG_comparison
LOC111129214,1,ds1-5_allDEGs_merged
LOC111129218,1,ds1-5_allDEGs_merged
LOC111129222,1,cross_study_DEG_comparison
LOC111129225,1,ds1-5_allDEGs_merged
LOC111129226,1,cross_study_DEG_comparison
LOC111129230,1,cross_study_DEG_comparison
LOC111129231,1,ds1-5_allDEGs_merged
LOC111129233,1,cross_study_DEG_comparison
LOC111129240,1,cross_study_DEG_comparison
LOC111129244,1,cross_study_DEG_comparison
LOC111129249,1,cross_study_DEG_comparison
LOC111129250,1,cross_study_DEG_comparison
LOC111129253,1,cross_study_DEG_comparison
LOC111129255,1,ds1-5_allDEGs_merged
LOC111129260,1,ds1-5_allDEGs_merged
LOC111129263,1,cross_study_DEG_comparison
LOC111129267,1,ds1-5_allDEGs_merged
LOC111129270,1,ds1-5_allDEGs_merged
LOC111129271,1,cross_study_DEG_comparison
LOC111129273,1,cross_study_DEG_comparison
LOC111129279,1,cross_study_DEG_comparison
LOC111129281,1,ds1-5_allDEGs_merged
LOC111129284,1,cross_study_DEG_comparison
LOC111129286,1,ds1-5_allDEGs_merged
LOC111129291,1,ds1-5_allDEGs_merged
LOC111129295,1,ds1-5_allDEGs_merged
LOC111129299,1,ds1-5_allDEGs_merged
LOC111129312,1,ds1-5_allDEGs_merged
LOC111129313,1,ds1-5_allDEGs_merged
LOC111129315,1,ds1-5_allDEGs_merged
LOC111129320,1,cross_study_DEG_comparison
LOC111129321,1,cross_study_DEG_comparison
LOC111129322,1,cross_study_DEG_comparison
LOC111129344,1,ds1-5_allDEGs_merged
LOC111129346,1,cross_study_DEG_comparison
LOC111129348,1,cross_study_DEG_comparison
LOC111129352,1,ds1-5_allDEGs_merged
LOC111129357,1,ds1-5_allDEGs_merged
LOC111129365,1,cross_study_DEG_comparison
LOC111129371,1,ds1-5_allDEGs_merged
LOC111129374,1,cross_study_DEG_comparison
LOC111129376,1,ds1-5_allDEGs_merged
LOC111129377,1,ds1-5_allDEGs_merged
LOC111129378,1,ds1-5_allDEGs_merged
LOC111129380,1,ds1-5_allDEGs_merged
LOC111129381,1,ds1-5_allDEGs_merged
LOC111129382,1,cross_study_DEG_comparison
LOC111129383,1,ds1-5_allDEGs_merged
LOC111129384,1,cross_study_DEG_comparison
LOC111129385,1,ds1-5_allDEGs_merged
LOC111129386,1,ds1-5_allDEGs_merged
LOC111129389,1,cross_study_DEG_comparison
LOC111129392,1,cross_study_DEG_comparison
LOC111129393,1,cross_study_DEG_comparison
LOC111129395,1,cross_study_DEG_comparison
LOC111129397,1,ds1-5_allDEGs_merged
LOC111129399,1,ds1-5_allDEGs_merged
LOC111129406,1,cross_study_DEG_comparison
LOC111129416,1,cross_study_DEG_comparison
LOC111129417,1,ds1-5_allDEGs_merged
LOC111129418,1,ds1-5_allDEGs_merged
LOC111129430,1,ds1-5_allDEGs_merged
LOC111129435,1,ds1-5_allDEGs_merged
LOC111129436,1,cross_study_DEG_comparison
LOC111129437,1,cross_study_DEG_comparison
LOC111129438,1,cross_study_DEG_comparison
LOC111129444,1,ds1-5_allDEGs_merged
LOC111129445,1,ds1-5_allDEGs_merged
LOC111129447,1,ds1-5_allDEGs_merged
LOC111129456,1,ds1-5_allDEGs_merged
LOC111129463,1,ds1-5_allDEGs_merged
LOC111129464,1,ds1-5_allDEGs_merged
LOC111129465,1,ds1-5_allDEGs_merged
LOC111129466,1,cross_study_DEG_comparison
LOC111129471,1,cross_study_DEG_comparison
LOC111129472,1,cross_study_DEG_comparison
LOC111129473,1,cross_study_DEG_comparison
LOC111129476,1,ds1-5_allDEGs_merged
LOC111129477,1,cross_study_DEG_comparison
LOC111129481,1,cross_study_DEG_comparison
LOC111129483,1,cross_study_DEG_comparison
LOC111129485,1,ds1-5_allDEGs_merged
LOC111129494,1,ds1-5_allDEGs_merged
LOC111129495,1,ds1-5_allDEGs_merged
LOC111129499,1,ds1-5_allDEGs_merged
LOC111129500,1,cross_study_DEG_comparison
LOC111129501,1,ds1-5_allDEGs_merged
LOC111129502,1,ds1-5_allDEGs_merged
LOC111129512,1,cross_study_DEG_comparison
LOC111129519,1,ds1-5_allDEGs_merged
LOC111129520,1,ds1-5_allDEGs_merged
LOC111129521,1,ds1-5_allDEGs_merged
LOC111129526,1,cross_study_DEG_comparison
LOC111129534,1,cross_study_DEG_comparison
LOC111129554,1,cross_study_DEG_comparison
LOC111129558,1,ds1-5_allDEGs_merged
LOC111129561,1,ds1-5_allDEGs_merged
LOC111129562,1,cross_study_DEG_comparison
LOC111129570,1,ds1-5_allDEGs_merged
LOC111129573,1,cross_study_DEG_comparison
LOC111129580,1,cross_study_DEG_comparison
LOC111129590,1,cross_study_DEG_comparison
LOC111129593,1,ds1-5_allDEGs_merged
LOC111129595,1,ds1-5_allDEGs_merged
LOC111129596,1,ds1-5_allDEGs_merged
LOC111129603,1,ds1-5_allDEGs_merged
LOC111129613,1,cross_study_DEG_comparison
LOC111129625,1,ds1-5_allDEGs_merged
LOC111129666,1,cross_study_DEG_comparison
LOC111129670,1,ds1-5_allDEGs_merged
LOC111129675,1,ds1-5_allDEGs_merged
LOC111129681,1,cross_study_DEG_comparison
LOC111129719,1,ds1-5_allDEGs_merged
LOC111129720,1,ds1-5_allDEGs_merged
LOC111129723,1,cross_study_DEG_comparison
LOC111129725,1,cross_study_DEG_comparison
LOC111129734,1,ds1-5_allDEGs_merged
LOC111129748,1,ds1-5_allDEGs_merged
LOC111129792,1,cross_study_DEG_comparison
LOC111129794,1,cross_study_DEG_comparison
LOC111129798,1,ds1-5_allDEGs_merged
LOC111129813,1,ds1-5_allDEGs_merged
LOC111129817,1,cross_study_DEG_comparison
LOC111129818,1,cross_study_DEG_comparison
LOC111129819,1,ds1-5_allDEGs_merged
LOC111129821,1,cross_study_DEG_comparison
LOC111129823,1,ds1-5_allDEGs_merged
LOC111129826,1,ds1-5_allDEGs_merged
LOC111129830,1,ds1-5_allDEGs_merged
LOC111129836,1,cross_study_DEG_comparison
LOC111129840,1,ds1-5_allDEGs_merged
LOC111129844,1,ds1-5_allDEGs_merged
LOC111129845,1,cross_study_DEG_comparison
LOC111129846,1,ds1-5_allDEGs_merged
LOC111129847,1,cross_study_DEG_comparison
LOC111129848,1,cross_study_DEG_comparison
LOC111129857,1,cross_study_DEG_comparison
LOC111129863,1,cross_study_DEG_comparison
LOC111129866,1,ds1-5_allDEGs_merged
LOC111129867,1,cross_study_DEG_comparison
LOC111129872,1,ds1-5_allDEGs_merged
LOC111129874,1,cross_study_DEG_comparison
LOC111129875,1,ds1-5_allDEGs_merged
LOC111129876,1,cross_study_DEG_comparison
LOC111129881,1,ds1-5_allDEGs_merged
LOC111129885,1,ds1-5_allDEGs_merged
LOC111129888,1,ds1-5_allDEGs_merged
LOC111129890,1,ds1-5_allDEGs_merged
LOC111129895,1,ds1-5_allDEGs_merged
LOC111129902,1,cross_study_DEG_comparison
LOC111129903,1,ds1-5_allDEGs_merged
LOC111129904,1,ds1-5_allDEGs_merged
LOC111129906,1,cross_study_DEG_comparison
LOC111129912,1,cross_study_DEG_comparison
LOC111129916,1,cross_study_DEG_comparison
LOC111129917,1,cross_study_DEG_comparison
LOC111129922,1,ds1-5_allDEGs_merged
LOC111129925,1,ds1-5_allDEGs_merged
LOC111129933,1,ds1-5_allDEGs_merged
LOC111129934,1,ds1-5_allDEGs_merged
LOC111129944,1,cross_study_DEG_comparison
LOC111129950,1,ds1-5_allDEGs_merged
LOC111129951,1,cross_study_DEG_comparison
LOC111129952,1,cross_study_DEG_comparison
LOC111129953,1,ds1-5_allDEGs_merged
LOC111129955,1,ds1-5_allDEGs_merged
LOC111129956,1,ds1-5_allDEGs_merged
LOC111129958,1,ds1-5_allDEGs_merged
LOC111129959,1,ds1-5_allDEGs_merged
LOC111129973,1,ds1-5_allDEGs_merged
LOC111129975,1,cross_study_DEG_comparison
LOC111129982,1,ds1-5_allDEGs_merged
LOC111129983,1,ds1-5_allDEGs_merged
LOC111129985,1,ds1-5_allDEGs_merged
LOC111129988,1,cross_study_DEG_comparison
LOC111129992,1,ds1-5_allDEGs_merged
LOC111129998,1,ds1-5_allDEGs_merged
LOC111130001,1,ds1-5_allDEGs_merged
LOC111130003,1,ds1-5_allDEGs_merged
LOC111130009,1,ds1-5_allDEGs_merged
LOC111130011,1,ds1-5_allDEGs_merged
LOC111130015,1,ds1-5_allDEGs_merged
LOC111130016,1,ds1-5_allDEGs_merged
LOC111130021,1,cross_study_DEG_comparison
LOC111130022,1,ds1-5_allDEGs_merged
LOC111130024,1,ds1-5_allDEGs_merged
LOC111130025,1,cross_study_DEG_comparison
LOC111130031,1,ds1-5_allDEGs_merged
LOC111130036,1,ds1-5_allDEGs_merged
LOC111130039,1,ds1-5_allDEGs_merged
LOC111130041,1,cross_study_DEG_comparison
LOC111130044,1,cross_study_DEG_comparison
LOC111130049,1,ds1-5_allDEGs_merged
LOC111130052,1,cross_study_DEG_comparison
LOC111130053,1,cross_study_DEG_comparison
LOC111130055,1,ds1-5_allDEGs_merged
LOC111130056,1,cross_study_DEG_comparison
LOC111130058,1,ds1-5_allDEGs_merged
LOC111130064,1,ds1-5_allDEGs_merged
LOC111130065,1,ds1-5_allDEGs_merged
LOC111130066,1,ds1-5_allDEGs_merged
LOC111130068,1,ds1-5_allDEGs_merged
LOC111130085,1,ds1-5_allDEGs_merged
LOC111130090,1,cross_study_DEG_comparison
LOC111130094,1,ds1-5_allDEGs_merged
LOC111130096,1,ds1-5_allDEGs_merged
LOC111130098,1,cross_study_DEG_comparison
LOC111130108,1,cross_study_DEG_comparison
LOC111130111,1,ds1-5_allDEGs_merged
LOC111130114,1,ds1-5_allDEGs_merged
LOC111130118,1,cross_study_DEG_comparison
LOC111130120,1,ds1-5_allDEGs_merged
LOC111130122,1,ds1-5_allDEGs_merged
LOC111130125,1,ds1-5_allDEGs_merged
LOC111130129,1,cross_study_DEG_comparison
LOC111130130,1,cross_study_DEG_comparison
LOC111130131,1,cross_study_DEG_comparison
LOC111130132,1,cross_study_DEG_comparison
LOC111130133,1,cross_study_DEG_comparison
LOC111130145,1,cross_study_DEG_comparison
LOC111130151,1,ds1-5_allDEGs_merged
LOC111130155,1,cross_study_DEG_comparison
LOC111130158,1,cross_study_DEG_comparison
LOC111130162,1,ds1-5_allDEGs_merged
LOC111130164,1,ds1-5_allDEGs_merged
LOC111130166,1,ds1-5_allDEGs_merged
LOC111130170,1,ds1-5_allDEGs_merged
LOC111130173,1,cross_study_DEG_comparison
LOC111130174,1,cross_study_DEG_comparison
LOC111130175,1,cross_study_DEG_comparison
LOC111130194,1,cross_study_DEG_comparison
LOC111130208,1,ds1-5_allDEGs_merged
LOC111130211,1,cross_study_DEG_comparison
LOC111130213,1,ds1-5_allDEGs_merged
LOC111130216,1,ds1-5_allDEGs_merged
LOC111130219,1,cross_study_DEG_comparison
LOC111130227,1,ds1-5_allDEGs_merged
LOC111130228,1,ds1-5_allDEGs_merged
LOC111130232,1,cross_study_DEG_comparison
LOC111130238,1,ds1-5_allDEGs_merged
LOC111130239,1,ds1-5_allDEGs_merged
LOC111130245,1,cross_study_DEG_comparison
LOC111130255,1,cross_study_DEG_comparison
LOC111130260,1,ds1-5_allDEGs_merged
LOC111130262,1,ds1-5_allDEGs_merged
LOC111130263,1,ds1-5_allDEGs_merged
LOC111130265,1,cross_study_DEG_comparison
LOC111130269,1,cross_study_DEG_comparison
LOC111130274,1,ds1-5_allDEGs_merged
LOC111130284,1,cross_study_DEG_comparison
LOC111130285,1,cross_study_DEG_comparison
LOC111130289,1,cross_study_DEG_comparison
LOC111130295,1,ds1-5_allDEGs_merged
LOC111130298,1,ds1-5_allDEGs_merged
LOC111130300,1,ds1-5_allDEGs_merged
LOC111130303,1,ds1-5_allDEGs_merged
LOC111130307,1,ds1-5_allDEGs_merged
LOC111130312,1,ds1-5_allDEGs_merged
LOC111130317,1,ds1-5_allDEGs_merged
LOC111130318,1,ds1-5_allDEGs_merged
LOC111130320,1,cross_study_DEG_comparison
LOC111130322,1,ds1-5_allDEGs_merged
LOC111130323,1,ds1-5_allDEGs_merged
LOC111130324,1,ds1-5_allDEGs_merged
LOC111130325,1,cross_study_DEG_comparison
LOC111130328,1,cross_study_DEG_comparison
LOC111130329,1,cross_study_DEG_comparison
LOC111130332,1,cross_study_DEG_comparison
LOC111130333,1,ds1-5_allDEGs_merged
LOC111130334,1,ds1-5_allDEGs_merged
LOC111130339,1,ds1-5_allDEGs_merged
LOC111130345,1,cross_study_DEG_comparison
LOC111130348,1,ds1-5_allDEGs_merged
LOC111130352,1,cross_study_DEG_comparison
LOC111130353,1,ds1-5_allDEGs_merged
LOC111130362,1,ds1-5_allDEGs_merged
LOC111130366,1,cross_study_DEG_comparison
LOC111130367,1,cross_study_DEG_comparison
LOC111130369,1,cross_study_DEG_comparison
LOC111130370,1,cross_study_DEG_comparison
LOC111130371,1,ds1-5_allDEGs_merged
LOC111130374,1,cross_study_DEG_comparison
LOC111130379,1,cross_study_DEG_comparison
LOC111130380,1,cross_study_DEG_comparison
LOC111130383,1,cross_study_DEG_comparison
LOC111130387,1,ds1-5_allDEGs_merged
LOC111130391,1,ds1-5_allDEGs_merged
LOC111130401,1,cross_study_DEG_comparison
LOC111130404,1,ds1-5_allDEGs_merged
LOC111130406,1,cross_study_DEG_comparison
LOC111130409,1,ds1-5_allDEGs_merged
LOC111130411,1,ds1-5_allDEGs_merged
LOC111130412,1,cross_study_DEG_comparison
LOC111130415,1,ds1-5_allDEGs_merged
LOC111130423,1,ds1-5_allDEGs_merged
LOC111130425,1,ds1-5_allDEGs_merged
LOC111130426,1,ds1-5_allDEGs_merged
LOC111130427,1,ds1-5_allDEGs_merged
LOC111130431,1,ds1-5_allDEGs_merged
LOC111130435,1,cross_study_DEG_comparison
LOC111130436,1,cross_study_DEG_comparison
LOC111130439,1,ds1-5_allDEGs_merged
LOC111130441,1,cross_study_DEG_comparison
LOC111130452,1,ds1-5_allDEGs_merged
LOC111130453,1,ds1-5_allDEGs_merged
LOC111130454,1,cross_study_DEG_comparison
LOC111130459,1,ds1-5_allDEGs_merged
LOC111130462,1,ds1-5_allDEGs_merged
LOC111130471,1,ds1-5_allDEGs_merged
LOC111130475,1,ds1-5_allDEGs_merged
LOC111130479,1,cross_study_DEG_comparison
LOC111130485,1,ds1-5_allDEGs_merged
LOC111130486,1,ds1-5_allDEGs_merged
LOC111130491,1,ds1-5_allDEGs_merged
LOC111130493,1,cross_study_DEG_comparison
LOC111130508,1,ds1-5_allDEGs_merged
LOC111130514,1,ds1-5_allDEGs_merged
LOC111130518,1,cross_study_DEG_comparison
LOC111130520,1,cross_study_DEG_comparison
LOC111130528,1,cross_study_DEG_comparison
LOC111130532,1,ds1-5_allDEGs_merged
LOC111130534,1,ds1-5_allDEGs_merged
LOC111130537,1,ds1-5_allDEGs_merged
LOC111130538,1,ds1-5_allDEGs_merged
LOC111130542,1,ds1-5_allDEGs_merged
LOC111130545,1,ds1-5_allDEGs_merged
LOC111130549,1,ds1-5_allDEGs_merged
LOC111130552,1,ds1-5_allDEGs_merged
LOC111130553,1,ds1-5_allDEGs_merged
LOC111130555,1,ds1-5_allDEGs_merged
LOC111130558,1,ds1-5_allDEGs_merged
LOC111130559,1,ds1-5_allDEGs_merged
LOC111130566,1,cross_study_DEG_comparison
LOC111130568,1,cross_study_DEG_comparison
LOC111130571,1,ds1-5_allDEGs_merged
LOC111130573,1,top_50_predictive_genes_for_classification
LOC111130576,1,cross_study_DEG_comparison
LOC111130582,1,cross_study_DEG_comparison
LOC111130585,1,ds1-5_allDEGs_merged
LOC111130586,1,cross_study_DEG_comparison
LOC111130588,1,ds1-5_allDEGs_merged
LOC111130597,1,ds1-5_allDEGs_merged
LOC111130598,1,cross_study_DEG_comparison
LOC111130603,1,ds1-5_allDEGs_merged
LOC111130610,1,cross_study_DEG_comparison
LOC111130612,1,ds1-5_allDEGs_merged
LOC111130628,1,cross_study_DEG_comparison
LOC111130633,1,cross_study_DEG_comparison
LOC111130634,1,cross_study_DEG_comparison
LOC111130635,1,cross_study_DEG_comparison
LOC111130639,1,ds1-5_allDEGs_merged
LOC111130640,1,cross_study_DEG_comparison
LOC111130641,1,ds1-5_allDEGs_merged
LOC111130648,1,ds1-5_allDEGs_merged
LOC111130649,1,cross_study_DEG_comparison
LOC111130650,1,ds1-5_allDEGs_merged
LOC111130658,1,ds1-5_allDEGs_merged
LOC111130662,1,cross_study_DEG_comparison
LOC111130673,1,ds1-5_allDEGs_merged
LOC111130675,1,cross_study_DEG_comparison
LOC111130678,1,cross_study_DEG_comparison
LOC111130682,1,cross_study_DEG_comparison
LOC111130691,1,cross_study_DEG_comparison
LOC111130692,1,ds1-5_allDEGs_merged
LOC111130694,1,ds1-5_allDEGs_merged
LOC111130698,1,ds1-5_allDEGs_merged
LOC111130699,1,ds1-5_allDEGs_merged
LOC111130703,1,ds1-5_allDEGs_merged
LOC111130709,1,cross_study_DEG_comparison
LOC111130710,1,ds1-5_allDEGs_merged
LOC111130714,1,cross_study_DEG_comparison
LOC111130715,1,cross_study_DEG_comparison
LOC111130716,1,cross_study_DEG_comparison
LOC111130717,1,ds1-5_allDEGs_merged
LOC111130723,1,ds1-5_allDEGs_merged
LOC111130730,1,cross_study_DEG_comparison
LOC111130733,1,ds1-5_allDEGs_merged
LOC111130737,1,ds1-5_allDEGs_merged
LOC111130739,1,cross_study_DEG_comparison
LOC111130742,1,cross_study_DEG_comparison
LOC111130743,1,ds1-5_allDEGs_merged
LOC111130756,1,cross_study_DEG_comparison
LOC111130765,1,ds1-5_allDEGs_merged
LOC111130768,1,ds1-5_allDEGs_merged
LOC111130770,1,ds1-5_allDEGs_merged
LOC111130771,1,ds1-5_allDEGs_merged
LOC111130774,1,cross_study_DEG_comparison
LOC111130775,1,ds1-5_allDEGs_merged
LOC111130777,1,cross_study_DEG_comparison
LOC111130778,1,cross_study_DEG_comparison
LOC111130779,1,cross_study_DEG_comparison
LOC111130780,1,cross_study_DEG_comparison
LOC111130781,1,ds1-5_allDEGs_merged
LOC111130790,1,ds1-5_allDEGs_merged
LOC111130791,1,cross_study_DEG_comparison
LOC111130793,1,cross_study_DEG_comparison
LOC111130794,1,ds1-5_allDEGs_merged
LOC111130799,1,ds1-5_allDEGs_merged
LOC111130816,1,ds1-5_allDEGs_merged
LOC111130825,1,cross_study_DEG_comparison
LOC111130831,1,cross_study_DEG_comparison
LOC111130838,1,ds1-5_allDEGs_merged
LOC111130852,1,ds1-5_allDEGs_merged
LOC111130853,1,ds1-5_allDEGs_merged
LOC111130858,1,cross_study_DEG_comparison
LOC111130870,1,ds1-5_allDEGs_merged
LOC111130878,1,cross_study_DEG_comparison
LOC111130882,1,cross_study_DEG_comparison
LOC111130888,1,ds1-5_allDEGs_merged
LOC111130893,1,cross_study_DEG_comparison
LOC111130895,1,cross_study_DEG_comparison
LOC111130899,1,cross_study_DEG_comparison
LOC111130904,1,ds1-5_allDEGs_merged
LOC111130912,1,cross_study_DEG_comparison
LOC111130913,1,ds1-5_allDEGs_merged
LOC111130924,1,cross_study_DEG_comparison
LOC111130930,1,ds1-5_allDEGs_merged
LOC111130931,1,ds1-5_allDEGs_merged
LOC111130934,1,ds1-5_allDEGs_merged
LOC111130939,1,cross_study_DEG_comparison
LOC111130943,1,cross_study_DEG_comparison
LOC111130945,1,cross_study_DEG_comparison
LOC111130951,1,cross_study_DEG_comparison
LOC111130952,1,ds1-5_allDEGs_merged
LOC111130956,1,cross_study_DEG_comparison
LOC111130967,1,ds1-5_allDEGs_merged
LOC111130970,1,cross_study_DEG_comparison
LOC111130982,1,cross_study_DEG_comparison
LOC111130983,1,ds1-5_allDEGs_merged
LOC111130984,1,cross_study_DEG_comparison
LOC111130989,1,ds1-5_allDEGs_merged
LOC111130990,1,ds1-5_allDEGs_merged
LOC111130993,1,cross_study_DEG_comparison
LOC111130995,1,ds1-5_allDEGs_merged
LOC111131002,1,ds1-5_allDEGs_merged
LOC111131004,1,ds1-5_allDEGs_merged
LOC111131007,1,ds1-5_allDEGs_merged
LOC111131012,1,ds1-5_allDEGs_merged
LOC111131017,1,ds1-5_allDEGs_merged
LOC111131019,1,ds1-5_allDEGs_merged
LOC111131024,1,cross_study_DEG_comparison
LOC111131030,1,ds1-5_allDEGs_merged
LOC111131031,1,cross_study_DEG_comparison
LOC111131036,1,ds1-5_allDEGs_merged
LOC111131050,1,ds1-5_allDEGs_merged
LOC111131052,1,cross_study_DEG_comparison
LOC111131055,1,ds1-5_allDEGs_merged
LOC111131058,1,ds1-5_allDEGs_merged
LOC111131065,1,ds1-5_allDEGs_merged
LOC111131068,1,cross_study_DEG_comparison
LOC111131069,1,cross_study_DEG_comparison
LOC111131074,1,cross_study_DEG_comparison
LOC111131076,1,ds1-5_allDEGs_merged
LOC111131080,1,cross_study_DEG_comparison
LOC111131082,1,cross_study_DEG_comparison
LOC111131093,1,cross_study_DEG_comparison
LOC111131099,1,cross_study_DEG_comparison
LOC111131100,1,cross_study_DEG_comparison
LOC111131101,1,ds1-5_allDEGs_merged
LOC111131102,1,ds1-5_allDEGs_merged
LOC111131112,1,ds1-5_allDEGs_merged
LOC111131113,1,ds1-5_allDEGs_merged
LOC111131114,1,cross_study_DEG_comparison
LOC111131124,1,ds1-5_allDEGs_merged
LOC111131129,1,ds1-5_allDEGs_merged
LOC111131137,1,cross_study_DEG_comparison
LOC111131141,1,ds1-5_allDEGs_merged
LOC111131146,1,ds1-5_allDEGs_merged
LOC111131147,1,cross_study_DEG_comparison
LOC111131153,1,ds1-5_allDEGs_merged
LOC111131154,1,cross_study_DEG_comparison
LOC111131160,1,ds1-5_allDEGs_merged
LOC111131162,1,cross_study_DEG_comparison
LOC111131172,1,cross_study_DEG_comparison
LOC111131174,1,cross_study_DEG_comparison
LOC111131175,1,cross_study_DEG_comparison
LOC111131176,1,cross_study_DEG_comparison
LOC111131177,1,cross_study_DEG_comparison
LOC111131190,1,cross_study_DEG_comparison
LOC111131196,1,cross_study_DEG_comparison
LOC111131199,1,ds1-5_allDEGs_merged
LOC111131209,1,cross_study_DEG_comparison
LOC111131213,1,cross_study_DEG_comparison
LOC111131216,1,ds1-5_allDEGs_merged
LOC111131220,1,ds1-5_allDEGs_merged
LOC111131223,1,cross_study_DEG_comparison
LOC111131232,1,ds1-5_allDEGs_merged
LOC111131235,1,cross_study_DEG_comparison
LOC111131236,1,cross_study_DEG_comparison
LOC111131240,1,cross_study_DEG_comparison
LOC111131250,1,cross_study_DEG_comparison
LOC111131259,1,ds1-5_allDEGs_merged
LOC111131261,1,cross_study_DEG_comparison
LOC111131269,1,cross_study_DEG_comparison
LOC111131272,1,ds1-5_allDEGs_merged
LOC111131283,1,cross_study_DEG_comparison
LOC111131294,1,ds1-5_allDEGs_merged
LOC111131297,1,ds1-5_allDEGs_merged
LOC111131300,1,ds1-5_allDEGs_merged
LOC111131303,1,cross_study_DEG_comparison
LOC111131306,1,cross_study_DEG_comparison
LOC111131309,1,cross_study_DEG_comparison
LOC111131310,1,ds1-5_allDEGs_merged
LOC111131320,1,ds1-5_allDEGs_merged
LOC111131322,1,ds1-5_allDEGs_merged
LOC111131331,1,cross_study_DEG_comparison
LOC111131334,1,ds1-5_allDEGs_merged
LOC111131343,1,ds1-5_allDEGs_merged
LOC111131349,1,ds1-5_allDEGs_merged
LOC111131350,1,ds1-5_allDEGs_merged
LOC111131357,1,cross_study_DEG_comparison
LOC111131364,1,ds1-5_allDEGs_merged
LOC111131376,1,ds1-5_allDEGs_merged
LOC111131381,1,ds1-5_allDEGs_merged
LOC111131384,1,cross_study_DEG_comparison
LOC111131386,1,cross_study_DEG_comparison
LOC111131391,1,ds1-5_allDEGs_merged
LOC111131395,1,ds1-5_allDEGs_merged
LOC111131409,1,cross_study_DEG_comparison
LOC111131410,1,cross_study_DEG_comparison
LOC111131413,1,ds1-5_allDEGs_merged
LOC111131420,1,cross_study_DEG_comparison
LOC111131423,1,ds1-5_allDEGs_merged
LOC111131431,1,cross_study_DEG_comparison
LOC111131432,1,ds1-5_allDEGs_merged
LOC111131433,1,ds1-5_allDEGs_merged
LOC111131437,1,cross_study_DEG_comparison
LOC111131440,1,cross_study_DEG_comparison
LOC111131441,1,ds1-5_allDEGs_merged
LOC111131442,1,cross_study_DEG_comparison
LOC111131443,1,cross_study_DEG_comparison
LOC111131463,1,ds1-5_allDEGs_merged
LOC111131473,1,cross_study_DEG_comparison
LOC111131475,1,ds1-5_allDEGs_merged
LOC111131476,1,ds1-5_allDEGs_merged
LOC111131479,1,ds1-5_allDEGs_merged
LOC111131483,1,ds1-5_allDEGs_merged
LOC111131485,1,cross_study_DEG_comparison
LOC111131488,1,cross_study_DEG_comparison
LOC111131495,1,cross_study_DEG_comparison
LOC111131505,1,cross_study_DEG_comparison
LOC111131528,1,cross_study_DEG_comparison
LOC111131531,1,ds1-5_allDEGs_merged
LOC111131532,1,cross_study_DEG_comparison
LOC111131538,1,ds1-5_allDEGs_merged
LOC111131540,1,cross_study_DEG_comparison
LOC111131549,1,ds1-5_allDEGs_merged
LOC111131553,1,ds1-5_allDEGs_merged
LOC111131559,1,cross_study_DEG_comparison
LOC111131561,1,cross_study_DEG_comparison
LOC111131563,1,cross_study_DEG_comparison
LOC111131589,1,cross_study_DEG_comparison
LOC111131591,1,cross_study_DEG_comparison
LOC111131593,1,ds1-5_allDEGs_merged
LOC111131594,1,ds1-5_allDEGs_merged
LOC111131608,1,cross_study_DEG_comparison
LOC111131612,1,ds1-5_allDEGs_merged
LOC111131623,1,cross_study_DEG_comparison
LOC111131631,1,ds1-5_allDEGs_merged
LOC111131632,1,ds1-5_allDEGs_merged
LOC111131637,1,ds1-5_allDEGs_merged
LOC111131641,1,ds1-5_allDEGs_merged
LOC111131645,1,cross_study_DEG_comparison
LOC111131650,1,cross_study_DEG_comparison
LOC111131654,1,cross_study_DEG_comparison
LOC111131656,1,ds1-5_allDEGs_merged
LOC111131659,1,cross_study_DEG_comparison
LOC111131662,1,ds1-5_allDEGs_merged
LOC111131664,1,cross_study_DEG_comparison
LOC111131665,1,cross_study_DEG_comparison
LOC111131673,1,ds1-5_allDEGs_merged
LOC111131678,1,ds1-5_allDEGs_merged
LOC111131682,1,cross_study_DEG_comparison
LOC111131686,1,ds1-5_allDEGs_merged
LOC111131690,1,cross_study_DEG_comparison
LOC111131692,1,ds1-5_allDEGs_merged
LOC111131697,1,cross_study_DEG_comparison
LOC111131699,1,ds1-5_allDEGs_merged
LOC111131700,1,ds1-5_allDEGs_merged
LOC111131718,1,cross_study_DEG_comparison
LOC111131720,1,cross_study_DEG_comparison
LOC111131722,1,ds1-5_allDEGs_merged
LOC111131727,1,cross_study_DEG_comparison
LOC111131732,1,ds1-5_allDEGs_merged
LOC111131739,1,cross_study_DEG_comparison
LOC111131741,1,cross_study_DEG_comparison
LOC111131745,1,cross_study_DEG_comparison
LOC111131748,1,cross_study_DEG_comparison
LOC111131752,1,ds1-5_allDEGs_merged
LOC111131754,1,ds1-5_allDEGs_merged
LOC111131768,1,ds1-5_allDEGs_merged
LOC111131776,1,cross_study_DEG_comparison
LOC111131782,1,ds1-5_allDEGs_merged
LOC111131784,1,cross_study_DEG_comparison
LOC111131786,1,cross_study_DEG_comparison
LOC111131789,1,cross_study_DEG_comparison
LOC111131797,1,cross_study_DEG_comparison
LOC111131801,1,ds1-5_allDEGs_merged
LOC111131805,1,cross_study_DEG_comparison
LOC111131807,1,cross_study_DEG_comparison
LOC111131810,1,ds1-5_allDEGs_merged
LOC111131812,1,ds1-5_allDEGs_merged
LOC111131819,1,cross_study_DEG_comparison
LOC111131824,1,cross_study_DEG_comparison
LOC111131840,1,ds1-5_allDEGs_merged
LOC111131843,1,cross_study_DEG_comparison
LOC111131845,1,cross_study_DEG_comparison
LOC111131850,1,ds1-5_allDEGs_merged
LOC111131853,1,cross_study_DEG_comparison
LOC111131855,1,cross_study_DEG_comparison
LOC111131857,1,ds1-5_allDEGs_merged
LOC111131858,1,cross_study_DEG_comparison
LOC111131866,1,ds1-5_allDEGs_merged
LOC111131871,1,cross_study_DEG_comparison
LOC111131875,1,ds1-5_allDEGs_merged
LOC111131963,1,cross_study_DEG_comparison
LOC111132025,1,ds1-5_allDEGs_merged
LOC111132034,1,ds1-5_allDEGs_merged
LOC111132040,1,cross_study_DEG_comparison
LOC111132042,1,ds1-5_allDEGs_merged
LOC111132049,1,ds1-5_allDEGs_merged
LOC111132052,1,cross_study_DEG_comparison
LOC111132057,1,ds1-5_allDEGs_merged
LOC111132066,1,ds1-5_allDEGs_merged
LOC111132069,1,cross_study_DEG_comparison
LOC111132074,1,ds1-5_allDEGs_merged
LOC111132077,1,cross_study_DEG_comparison
LOC111132079,1,ds1-5_allDEGs_merged
LOC111132082,1,cross_study_DEG_comparison
LOC111132087,1,cross_study_DEG_comparison
LOC111132088,1,cross_study_DEG_comparison
LOC111132089,1,cross_study_DEG_comparison
LOC111132096,1,cross_study_DEG_comparison
LOC111132103,1,ds1-5_allDEGs_merged
LOC111132107,1,ds1-5_allDEGs_merged
LOC111132108,1,cross_study_DEG_comparison
LOC111132109,1,ds1-5_allDEGs_merged
LOC111132118,1,cross_study_DEG_comparison
LOC111132126,1,cross_study_DEG_comparison
LOC111132133,1,cross_study_DEG_comparison
LOC111132135,1,cross_study_DEG_comparison
LOC111132137,1,ds1-5_allDEGs_merged
LOC111132142,1,cross_study_DEG_comparison
LOC111132152,1,cross_study_DEG_comparison
LOC111132156,1,cross_study_DEG_comparison
LOC111132160,1,ds1-5_allDEGs_merged
LOC111132169,1,ds1-5_allDEGs_merged
LOC111132172,1,ds1-5_allDEGs_merged
LOC111132183,1,ds1-5_allDEGs_merged
LOC111132184,1,ds1-5_allDEGs_merged
LOC111132189,1,ds1-5_allDEGs_merged
LOC111132192,1,ds1-5_allDEGs_merged
LOC111132193,1,ds1-5_allDEGs_merged
LOC111132196,1,ds1-5_allDEGs_merged
LOC111132197,1,cross_study_DEG_comparison
LOC111132210,1,ds1-5_allDEGs_merged
LOC111132218,1,ds1-5_allDEGs_merged
LOC111132219,1,ds1-5_allDEGs_merged
LOC111132223,1,ds1-5_allDEGs_merged
LOC111132227,1,cross_study_DEG_comparison
LOC111132237,1,cross_study_DEG_comparison
LOC111132239,1,cross_study_DEG_comparison
LOC111132241,1,cross_study_DEG_comparison
LOC111132244,1,ds1-5_allDEGs_merged
LOC111132248,1,cross_study_DEG_comparison
LOC111132259,1,ds1-5_allDEGs_merged
LOC111132268,1,ds1-5_allDEGs_merged
LOC111132269,1,cross_study_DEG_comparison
LOC111132280,1,cross_study_DEG_comparison
LOC111132283,1,cross_study_DEG_comparison
LOC111132296,1,cross_study_DEG_comparison
LOC111132297,1,ds1-5_allDEGs_merged
LOC111132299,1,ds1-5_allDEGs_merged
LOC111132311,1,ds1-5_allDEGs_merged
LOC111132316,1,cross_study_DEG_comparison
LOC111132317,1,cross_study_DEG_comparison
LOC111132329,1,ds1-5_allDEGs_merged
LOC111132332,1,ds1-5_allDEGs_merged
LOC111132333,1,ds1-5_allDEGs_merged
LOC111132341,1,ds1-5_allDEGs_merged
LOC111132349,1,ds1-5_allDEGs_merged
LOC111132352,1,cross_study_DEG_comparison
LOC111132369,1,top_50_predictive_genes_for_classification
LOC111132381,1,ds1-5_allDEGs_merged
LOC111132382,1,cross_study_DEG_comparison
LOC111132398,1,ds1-5_allDEGs_merged
LOC111132399,1,cross_study_DEG_comparison
LOC111132400,1,cross_study_DEG_comparison
LOC111132405,1,cross_study_DEG_comparison
LOC111132414,1,cross_study_DEG_comparison
LOC111132430,1,cross_study_DEG_comparison
LOC111132432,1,ds1-5_allDEGs_merged
LOC111132438,1,ds1-5_allDEGs_merged
LOC111132439,1,cross_study_DEG_comparison
LOC111132440,1,ds1-5_allDEGs_merged
LOC111132448,1,cross_study_DEG_comparison
LOC111132453,1,ds1-5_allDEGs_merged
LOC111132456,1,cross_study_DEG_comparison
LOC111132461,1,ds1-5_allDEGs_merged
LOC111132467,1,ds1-5_allDEGs_merged
LOC111132479,1,ds1-5_allDEGs_merged
LOC111132480,1,ds1-5_allDEGs_merged
LOC111132497,1,cross_study_DEG_comparison
LOC111132500,1,cross_study_DEG_comparison
LOC111132506,1,cross_study_DEG_comparison
LOC111132510,1,cross_study_DEG_comparison
LOC111132513,1,cross_study_DEG_comparison
LOC111132520,1,cross_study_DEG_comparison
LOC111132543,1,ds1-5_allDEGs_merged
LOC111132548,1,cross_study_DEG_comparison
LOC111132549,1,cross_study_DEG_comparison
LOC111132550,1,cross_study_DEG_comparison
LOC111132559,1,cross_study_DEG_comparison
LOC111132560,1,ds1-5_allDEGs_merged
LOC111132566,1,ds1-5_allDEGs_merged
LOC111132574,1,cross_study_DEG_comparison
LOC111132592,1,cross_study_DEG_comparison
LOC111132598,1,cross_study_DEG_comparison
LOC111132600,1,ds1-5_allDEGs_merged
LOC111132601,1,cross_study_DEG_comparison
LOC111132602,1,cross_study_DEG_comparison
LOC111132604,1,cross_study_DEG_comparison
LOC111132605,1,cross_study_DEG_comparison
LOC111132623,1,ds1-5_allDEGs_merged
LOC111132642,1,ds1-5_allDEGs_merged
LOC111132643,1,ds1-5_allDEGs_merged
LOC111132645,1,ds1-5_allDEGs_merged
LOC111132658,1,ds1-5_allDEGs_merged
LOC111132666,1,cross_study_DEG_comparison
LOC111132673,1,ds1-5_allDEGs_merged
LOC111132676,1,cross_study_DEG_comparison
LOC111132680,1,ds1-5_allDEGs_merged
LOC111132685,1,ds1-5_allDEGs_merged
LOC111132688,1,cross_study_DEG_comparison
LOC111132690,1,ds1-5_allDEGs_merged
LOC111132694,1,ds1-5_allDEGs_merged
LOC111132698,1,cross_study_DEG_comparison
LOC111132701,1,ds1-5_allDEGs_merged
LOC111132704,1,cross_study_DEG_comparison
LOC111132706,1,ds1-5_allDEGs_merged
LOC111132714,1,ds1-5_allDEGs_merged
LOC111132715,1,cross_study_DEG_comparison
LOC111132723,1,cross_study_DEG_comparison
LOC111132726,1,cross_study_DEG_comparison
LOC111132727,1,cross_study_DEG_comparison
LOC111132730,1,ds1-5_allDEGs_merged
LOC111132731,1,ds1-5_allDEGs_merged
LOC111132734,1,ds1-5_allDEGs_merged
LOC111132752,1,ds1-5_allDEGs_merged
LOC111132763,1,cross_study_DEG_comparison
LOC111132767,1,ds1-5_allDEGs_merged
LOC111132771,1,ds1-5_allDEGs_merged
LOC111132774,1,cross_study_DEG_comparison
LOC111132776,1,ds1-5_allDEGs_merged
LOC111132782,1,ds1-5_allDEGs_merged
LOC111132785,1,ds1-5_allDEGs_merged
LOC111132790,1,ds1-5_allDEGs_merged
LOC111132791,1,cross_study_DEG_comparison
LOC111132793,1,ds1-5_allDEGs_merged
LOC111132796,1,ds1-5_allDEGs_merged
LOC111132798,1,cross_study_DEG_comparison
LOC111132800,1,cross_study_DEG_comparison
LOC111132801,1,cross_study_DEG_comparison
LOC111132810,1,ds1-5_allDEGs_merged
LOC111132813,1,cross_study_DEG_comparison
LOC111132815,1,ds1-5_allDEGs_merged
LOC111132817,1,ds1-5_allDEGs_merged
LOC111132820,1,ds1-5_allDEGs_merged
LOC111132821,1,cross_study_DEG_comparison
LOC111132830,1,cross_study_DEG_comparison
LOC111132831,1,ds1-5_allDEGs_merged
LOC111132832,1,cross_study_DEG_comparison
LOC111132835,1,ds1-5_allDEGs_merged
LOC111132842,1,ds1-5_allDEGs_merged
LOC111132844,1,cross_study_DEG_comparison
LOC111132847,1,ds1-5_allDEGs_merged
LOC111132849,1,ds1-5_allDEGs_merged
LOC111132860,1,ds1-5_allDEGs_merged
LOC111132861,1,cross_study_DEG_comparison
LOC111132865,1,cross_study_DEG_comparison
LOC111132867,1,cross_study_DEG_comparison
LOC111132870,1,ds1-5_allDEGs_merged
LOC111132877,1,ds1-5_allDEGs_merged
LOC111132878,1,ds1-5_allDEGs_merged
LOC111132881,1,cross_study_DEG_comparison
LOC111132890,1,cross_study_DEG_comparison
LOC111132893,1,cross_study_DEG_comparison
LOC111132898,1,ds1-5_allDEGs_merged
LOC111132907,1,ds1-5_allDEGs_merged
LOC111132912,1,ds1-5_allDEGs_merged
LOC111132923,1,cross_study_DEG_comparison
LOC111132934,1,cross_study_DEG_comparison
LOC111132940,1,cross_study_DEG_comparison
LOC111132954,1,ds1-5_allDEGs_merged
LOC111132955,1,ds1-5_allDEGs_merged
LOC111132959,1,ds1-5_allDEGs_merged
LOC111132960,1,cross_study_DEG_comparison
LOC111132961,1,cross_study_DEG_comparison
LOC111132965,1,ds1-5_allDEGs_merged
LOC111132968,1,cross_study_DEG_comparison
LOC111132977,1,cross_study_DEG_comparison
LOC111132982,1,cross_study_DEG_comparison
LOC111132985,1,cross_study_DEG_comparison
LOC111132988,1,cross_study_DEG_comparison
LOC111132992,1,cross_study_DEG_comparison
LOC111132997,1,cross_study_DEG_comparison
LOC111132998,1,ds1-5_allDEGs_merged
LOC111132999,1,ds1-5_allDEGs_merged
LOC111133002,1,cross_study_DEG_comparison
LOC111133004,1,cross_study_DEG_comparison
LOC111133023,1,cross_study_DEG_comparison
LOC111133025,1,cross_study_DEG_comparison
LOC111133031,1,ds1-5_allDEGs_merged
LOC111133034,1,ds1-5_allDEGs_merged
LOC111133036,1,cross_study_DEG_comparison
LOC111133037,1,ds1-5_allDEGs_merged
LOC111133041,1,ds1-5_allDEGs_merged
LOC111133042,1,cross_study_DEG_comparison
LOC111133045,1,cross_study_DEG_comparison
LOC111133047,1,ds1-5_allDEGs_merged
LOC111133048,1,ds1-5_allDEGs_merged
LOC111133053,1,ds1-5_allDEGs_merged
LOC111133056,1,ds1-5_allDEGs_merged
LOC111133058,1,ds1-5_allDEGs_merged
LOC111133061,1,cross_study_DEG_comparison
LOC111133066,1,cross_study_DEG_comparison
LOC111133067,1,cross_study_DEG_comparison
LOC111133069,1,cross_study_DEG_comparison
LOC111133071,1,ds1-5_allDEGs_merged
LOC111133072,1,ds1-5_allDEGs_merged
LOC111133073,1,ds1-5_allDEGs_merged
LOC111133082,1,cross_study_DEG_comparison
LOC111133086,1,cross_study_DEG_comparison
LOC111133089,1,ds1-5_allDEGs_merged
LOC111133091,1,cross_study_DEG_comparison
LOC111133092,1,cross_study_DEG_comparison
LOC111133098,1,cross_study_DEG_comparison
LOC111133104,1,cross_study_DEG_comparison
LOC111133107,1,ds1-5_allDEGs_merged
LOC111133119,1,ds1-5_allDEGs_merged
LOC111133120,1,ds1-5_allDEGs_merged
LOC111133123,1,cross_study_DEG_comparison
LOC111133127,1,ds1-5_allDEGs_merged
LOC111133136,1,ds1-5_allDEGs_merged
LOC111133140,1,cross_study_DEG_comparison
LOC111133151,1,ds1-5_allDEGs_merged
LOC111133152,1,ds1-5_allDEGs_merged
LOC111133162,1,cross_study_DEG_comparison
LOC111133164,1,ds1-5_allDEGs_merged
LOC111133171,1,cross_study_DEG_comparison
LOC111133172,1,cross_study_DEG_comparison
LOC111133179,1,ds1-5_allDEGs_merged
LOC111133184,1,cross_study_DEG_comparison
LOC111133188,1,cross_study_DEG_comparison
LOC111133199,1,cross_study_DEG_comparison
LOC111133202,1,ds1-5_allDEGs_merged
LOC111133206,1,cross_study_DEG_comparison
LOC111133209,1,ds1-5_allDEGs_merged
LOC111133210,1,cross_study_DEG_comparison
LOC111133216,1,ds1-5_allDEGs_merged
LOC111133218,1,ds1-5_allDEGs_merged
LOC111133220,1,ds1-5_allDEGs_merged
LOC111133224,1,ds1-5_allDEGs_merged
LOC111133229,1,cross_study_DEG_comparison
LOC111133231,1,cross_study_DEG_comparison
LOC111133232,1,ds1-5_allDEGs_merged
LOC111133239,1,cross_study_DEG_comparison
LOC111133240,1,ds1-5_allDEGs_merged
LOC111133241,1,ds1-5_allDEGs_merged
LOC111133243,1,cross_study_DEG_comparison
LOC111133247,1,cross_study_DEG_comparison
LOC111133250,1,ds1-5_allDEGs_merged
LOC111133254,1,ds1-5_allDEGs_merged
LOC111133258,1,ds1-5_allDEGs_merged
LOC111133259,1,ds1-5_allDEGs_merged
LOC111133260,1,ds1-5_allDEGs_merged
LOC111133261,1,cross_study_DEG_comparison
LOC111133268,1,cross_study_DEG_comparison
LOC111133274,1,ds1-5_allDEGs_merged
LOC111133275,1,ds1-5_allDEGs_merged
LOC111133277,1,cross_study_DEG_comparison
LOC111133278,1,ds1-5_allDEGs_merged
LOC111133285,1,ds1-5_allDEGs_merged
LOC111133286,1,cross_study_DEG_comparison
LOC111133288,1,cross_study_DEG_comparison
LOC111133289,1,ds1-5_allDEGs_merged
LOC111133294,1,ds1-5_allDEGs_merged
LOC111133295,1,cross_study_DEG_comparison
LOC111133298,1,cross_study_DEG_comparison
LOC111133301,1,ds1-5_allDEGs_merged
LOC111133302,1,cross_study_DEG_comparison
LOC111133304,1,ds1-5_allDEGs_merged
LOC111133307,1,cross_study_DEG_comparison
LOC111133309,1,cross_study_DEG_comparison
LOC111133310,1,cross_study_DEG_comparison
LOC111133324,1,cross_study_DEG_comparison
LOC111133327,1,cross_study_DEG_comparison
LOC111133333,1,ds1-5_allDEGs_merged
LOC111133337,1,ds1-5_allDEGs_merged
LOC111133342,1,cross_study_DEG_comparison
LOC111133355,1,cross_study_DEG_comparison
LOC111133358,1,cross_study_DEG_comparison
LOC111133359,1,ds1-5_allDEGs_merged
LOC111133364,1,cross_study_DEG_comparison
LOC111133365,1,ds1-5_allDEGs_merged
LOC111133369,1,ds1-5_allDEGs_merged
LOC111133372,1,ds1-5_allDEGs_merged
LOC111133376,1,ds1-5_allDEGs_merged
LOC111133381,1,cross_study_DEG_comparison
LOC111133382,1,ds1-5_allDEGs_merged
LOC111133384,1,ds1-5_allDEGs_merged
LOC111133386,1,cross_study_DEG_comparison
LOC111133393,1,cross_study_DEG_comparison
LOC111133399,1,ds1-5_allDEGs_merged
LOC111133403,1,cross_study_DEG_comparison
LOC111133404,1,ds1-5_allDEGs_merged
LOC111133407,1,cross_study_DEG_comparison
LOC111133408,1,ds1-5_allDEGs_merged
LOC111133420,1,ds1-5_allDEGs_merged
LOC111133428,1,ds1-5_allDEGs_merged
LOC111133430,1,cross_study_DEG_comparison
LOC111133432,1,cross_study_DEG_comparison
LOC111133436,1,cross_study_DEG_comparison
LOC111133443,1,ds1-5_allDEGs_merged
LOC111133452,1,cross_study_DEG_comparison
LOC111133456,1,cross_study_DEG_comparison
LOC111133466,1,ds1-5_allDEGs_merged
LOC111133470,1,cross_study_DEG_comparison
LOC111133472,1,ds1-5_allDEGs_merged
LOC111133473,1,ds1-5_allDEGs_merged
LOC111133476,1,ds1-5_allDEGs_merged
LOC111133478,1,ds1-5_allDEGs_merged
LOC111133482,1,cross_study_DEG_comparison
LOC111133485,1,cross_study_DEG_comparison
LOC111133490,1,ds1-5_allDEGs_merged
LOC111133491,1,ds1-5_allDEGs_merged
LOC111133494,1,ds1-5_allDEGs_merged
LOC111133495,1,ds1-5_allDEGs_merged
LOC111133498,1,cross_study_DEG_comparison
LOC111133511,1,ds1-5_allDEGs_merged
LOC111133521,1,ds1-5_allDEGs_merged
LOC111133534,1,cross_study_DEG_comparison
LOC111133540,1,ds1-5_allDEGs_merged
LOC111133541,1,ds1-5_allDEGs_merged
LOC111133546,1,ds1-5_allDEGs_merged
LOC111133548,1,cross_study_DEG_comparison
LOC111133550,1,cross_study_DEG_comparison
LOC111133560,1,ds1-5_allDEGs_merged
LOC111133568,1,cross_study_DEG_comparison
LOC111133572,1,cross_study_DEG_comparison
LOC111133574,1,cross_study_DEG_comparison
LOC111133580,1,cross_study_DEG_comparison
LOC111133593,1,ds1-5_allDEGs_merged
LOC111133600,1,ds1-5_allDEGs_merged
LOC111133619,1,ds1-5_allDEGs_merged
LOC111133621,1,cross_study_DEG_comparison
LOC111133622,1,ds1-5_allDEGs_merged
LOC111133628,1,cross_study_DEG_comparison
LOC111133633,1,cross_study_DEG_comparison
LOC111133637,1,cross_study_DEG_comparison
LOC111133640,1,ds1-5_allDEGs_merged
LOC111133649,1,cross_study_DEG_comparison
LOC111133653,1,cross_study_DEG_comparison
LOC111133666,1,cross_study_DEG_comparison
LOC111133668,1,top_50_predictive_genes_for_classification
LOC111133669,1,cross_study_DEG_comparison
LOC111133670,1,ds1-5_allDEGs_merged
LOC111133671,1,ds1-5_allDEGs_merged
LOC111133683,1,cross_study_DEG_comparison
LOC111133684,1,ds1-5_allDEGs_merged
LOC111133686,1,cross_study_DEG_comparison
LOC111133689,1,cross_study_DEG_comparison
LOC111133690,1,ds1-5_allDEGs_merged
LOC111133693,1,ds1-5_allDEGs_merged
LOC111133721,1,cross_study_DEG_comparison
LOC111133728,1,ds1-5_allDEGs_merged
LOC111133731,1,ds1-5_allDEGs_merged
LOC111133735,1,cross_study_DEG_comparison
LOC111133750,1,cross_study_DEG_comparison
LOC111133752,1,cross_study_DEG_comparison
LOC111133768,1,cross_study_DEG_comparison
LOC111133771,1,ds1-5_allDEGs_merged
LOC111133781,1,ds1-5_allDEGs_merged
LOC111133787,1,cross_study_DEG_comparison
LOC111133788,1,cross_study_DEG_comparison
LOC111133793,1,cross_study_DEG_comparison
LOC111133795,1,cross_study_DEG_comparison
LOC111133796,1,cross_study_DEG_comparison
LOC111133807,1,ds1-5_allDEGs_merged
LOC111133810,1,ds1-5_allDEGs_merged
LOC111133817,1,cross_study_DEG_comparison
LOC111133821,1,cross_study_DEG_comparison
LOC111133823,1,cross_study_DEG_comparison
LOC111133828,1,cross_study_DEG_comparison
LOC111133831,1,cross_study_DEG_comparison
LOC111133835,1,cross_study_DEG_comparison
LOC111133836,1,ds1-5_allDEGs_merged
LOC111133837,1,cross_study_DEG_comparison
LOC111133838,1,cross_study_DEG_comparison
LOC111133849,1,ds1-5_allDEGs_merged
LOC111133851,1,cross_study_DEG_comparison
LOC111133856,1,cross_study_DEG_comparison
LOC111133865,1,cross_study_DEG_comparison
LOC111133876,1,cross_study_DEG_comparison
LOC111133883,1,cross_study_DEG_comparison
LOC111133888,1,cross_study_DEG_comparison
LOC111133895,1,cross_study_DEG_comparison
LOC111133896,1,cross_study_DEG_comparison
LOC111133909,1,ds1-5_allDEGs_merged
LOC111133910,1,cross_study_DEG_comparison
LOC111133950,1,ds1-5_allDEGs_merged
LOC111133954,1,ds1-5_allDEGs_merged
LOC111133956,1,ds1-5_allDEGs_merged
LOC111133968,1,cross_study_DEG_comparison
LOC111133969,1,cross_study_DEG_comparison
LOC111133982,1,ds1-5_allDEGs_merged
LOC111133993,1,cross_study_DEG_comparison
LOC111133994,1,ds1-5_allDEGs_merged
LOC111133997,1,cross_study_DEG_comparison
LOC111133999,1,cross_study_DEG_comparison
LOC111134000,1,cross_study_DEG_comparison
LOC111134001,1,cross_study_DEG_comparison
LOC111134017,1,cross_study_DEG_comparison
LOC111134020,1,ds1-5_allDEGs_merged
LOC111134021,1,ds1-5_allDEGs_merged
LOC111134022,1,ds1-5_allDEGs_merged
LOC111134024,1,ds1-5_allDEGs_merged
LOC111134029,1,cross_study_DEG_comparison
LOC111134031,1,cross_study_DEG_comparison
LOC111134033,1,cross_study_DEG_comparison
LOC111134037,1,cross_study_DEG_comparison
LOC111134038,1,cross_study_DEG_comparison
LOC111134042,1,cross_study_DEG_comparison
LOC111134043,1,cross_study_DEG_comparison
LOC111134053,1,cross_study_DEG_comparison
LOC111134064,1,ds1-5_allDEGs_merged
LOC111134065,1,cross_study_DEG_comparison
LOC111134066,1,ds1-5_allDEGs_merged
LOC111134071,1,cross_study_DEG_comparison
LOC111134076,1,ds1-5_allDEGs_merged
LOC111134103,1,cross_study_DEG_comparison
LOC111134104,1,cross_study_DEG_comparison
LOC111134116,1,ds1-5_allDEGs_merged
LOC111134121,1,ds1-5_allDEGs_merged
LOC111134126,1,ds1-5_allDEGs_merged
LOC111134128,1,cross_study_DEG_comparison
LOC111134129,1,ds1-5_allDEGs_merged
LOC111134131,1,cross_study_DEG_comparison
LOC111134132,1,cross_study_DEG_comparison
LOC111134145,1,ds1-5_allDEGs_merged
LOC111134153,1,ds1-5_allDEGs_merged
LOC111134159,1,cross_study_DEG_comparison
LOC111134181,1,cross_study_DEG_comparison
LOC111134183,1,ds1-5_allDEGs_merged
LOC111134198,1,ds1-5_allDEGs_merged
LOC111134202,1,cross_study_DEG_comparison
LOC111134203,1,ds1-5_allDEGs_merged
LOC111134215,1,ds1-5_allDEGs_merged
LOC111134219,1,ds1-5_allDEGs_merged
LOC111134220,1,ds1-5_allDEGs_merged
LOC111134222,1,cross_study_DEG_comparison
LOC111134225,1,ds1-5_allDEGs_merged
LOC111134230,1,cross_study_DEG_comparison
LOC111134231,1,ds1-5_allDEGs_merged
LOC111134238,1,ds1-5_allDEGs_merged
LOC111134239,1,ds1-5_allDEGs_merged
LOC111134241,1,cross_study_DEG_comparison
LOC111134243,1,ds1-5_allDEGs_merged
LOC111134259,1,ds1-5_allDEGs_merged
LOC111134262,1,cross_study_DEG_comparison
LOC111134264,1,cross_study_DEG_comparison
LOC111134275,1,ds1-5_allDEGs_merged
LOC111134288,1,cross_study_DEG_comparison
LOC111134289,1,cross_study_DEG_comparison
LOC111134291,1,ds1-5_allDEGs_merged
LOC111134293,1,ds1-5_allDEGs_merged
LOC111134301,1,cross_study_DEG_comparison
LOC111134304,1,cross_study_DEG_comparison
LOC111134307,1,cross_study_DEG_comparison
LOC111134311,1,ds1-5_allDEGs_merged
LOC111134314,1,cross_study_DEG_comparison
LOC111134318,1,ds1-5_allDEGs_merged
LOC111134320,1,cross_study_DEG_comparison
LOC111134323,1,ds1-5_allDEGs_merged
LOC111134324,1,cross_study_DEG_comparison
LOC111134325,1,cross_study_DEG_comparison
LOC111134326,1,ds1-5_allDEGs_merged
LOC111134327,1,cross_study_DEG_comparison
LOC111134329,1,ds1-5_allDEGs_merged
LOC111134338,1,cross_study_DEG_comparison
LOC111134341,1,ds1-5_allDEGs_merged
LOC111134343,1,ds1-5_allDEGs_merged
LOC111134348,1,cross_study_DEG_comparison
LOC111134349,1,ds1-5_allDEGs_merged
LOC111134351,1,cross_study_DEG_comparison
LOC111134371,1,ds1-5_allDEGs_merged
LOC111134372,1,ds1-5_allDEGs_merged
LOC111134382,1,cross_study_DEG_comparison
LOC111134386,1,ds1-5_allDEGs_merged
LOC111134390,1,top_50_predictive_genes_for_classification
LOC111134394,1,cross_study_DEG_comparison
LOC111134395,1,ds1-5_allDEGs_merged
LOC111134397,1,ds1-5_allDEGs_merged
LOC111134399,1,cross_study_DEG_comparison
LOC111134404,1,ds1-5_allDEGs_merged
LOC111134411,1,ds1-5_allDEGs_merged
LOC111134414,1,cross_study_DEG_comparison
LOC111134417,1,cross_study_DEG_comparison
LOC111134418,1,cross_study_DEG_comparison
LOC111134419,1,ds1-5_allDEGs_merged
LOC111134420,1,ds1-5_allDEGs_merged
LOC111134421,1,ds1-5_allDEGs_merged
LOC111134422,1,ds1-5_allDEGs_merged
LOC111134425,1,ds1-5_allDEGs_merged
LOC111134430,1,ds1-5_allDEGs_merged
LOC111134439,1,ds1-5_allDEGs_merged
LOC111134442,1,ds1-5_allDEGs_merged
LOC111134449,1,cross_study_DEG_comparison
LOC111134453,1,ds1-5_allDEGs_merged
LOC111134454,1,cross_study_DEG_comparison
LOC111134463,1,cross_study_DEG_comparison
LOC111134465,1,ds1-5_allDEGs_merged
LOC111134466,1,cross_study_DEG_comparison
LOC111134467,1,ds1-5_allDEGs_merged
LOC111134472,1,ds1-5_allDEGs_merged
LOC111134473,1,ds1-5_allDEGs_merged
LOC111134476,1,ds1-5_allDEGs_merged
LOC111134479,1,cross_study_DEG_comparison
LOC111134480,1,cross_study_DEG_comparison
LOC111134481,1,cross_study_DEG_comparison
LOC111134482,1,cross_study_DEG_comparison
LOC111134483,1,cross_study_DEG_comparison
LOC111134490,1,cross_study_DEG_comparison
LOC111134500,1,ds1-5_allDEGs_merged
LOC111134507,1,ds1-5_allDEGs_merged
LOC111134509,1,cross_study_DEG_comparison
LOC111134515,1,ds1-5_allDEGs_merged
LOC111134521,1,ds1-5_allDEGs_merged
LOC111134524,1,ds1-5_allDEGs_merged
LOC111134525,1,ds1-5_allDEGs_merged
LOC111134528,1,cross_study_DEG_comparison
LOC111134530,1,ds1-5_allDEGs_merged
LOC111134532,1,ds1-5_allDEGs_merged
LOC111134534,1,cross_study_DEG_comparison
LOC111134535,1,ds1-5_allDEGs_merged
LOC111134536,1,ds1-5_allDEGs_merged
LOC111134537,1,ds1-5_allDEGs_merged
LOC111134550,1,cross_study_DEG_comparison
LOC111134551,1,cross_study_DEG_comparison
LOC111134552,1,ds1-5_allDEGs_merged
LOC111134560,1,ds1-5_allDEGs_merged
LOC111134566,1,cross_study_DEG_comparison
LOC111134572,1,cross_study_DEG_comparison
LOC111134576,1,ds1-5_allDEGs_merged
LOC111134577,1,cross_study_DEG_comparison
LOC111134580,1,ds1-5_allDEGs_merged
LOC111134586,1,ds1-5_allDEGs_merged
LOC111134588,1,cross_study_DEG_comparison
LOC111134590,1,ds1-5_allDEGs_merged
LOC111134592,1,cross_study_DEG_comparison
LOC111134593,1,ds1-5_allDEGs_merged
LOC111134595,1,ds1-5_allDEGs_merged
LOC111134597,1,ds1-5_allDEGs_merged
LOC111134599,1,cross_study_DEG_comparison
LOC111134604,1,cross_study_DEG_comparison
LOC111134605,1,ds1-5_allDEGs_merged
LOC111134606,1,ds1-5_allDEGs_merged
LOC111134607,1,ds1-5_allDEGs_merged
LOC111134611,1,ds1-5_allDEGs_merged
LOC111134615,1,cross_study_DEG_comparison
LOC111134621,1,ds1-5_allDEGs_merged
LOC111134625,1,ds1-5_allDEGs_merged
LOC111134629,1,ds1-5_allDEGs_merged
LOC111134632,1,cross_study_DEG_comparison
LOC111134633,1,cross_study_DEG_comparison
LOC111134634,1,cross_study_DEG_comparison
LOC111134641,1,ds1-5_allDEGs_merged
LOC111134642,1,ds1-5_allDEGs_merged
LOC111134643,1,cross_study_DEG_comparison
LOC111134645,1,ds1-5_allDEGs_merged
LOC111134647,1,cross_study_DEG_comparison
LOC111134648,1,ds1-5_allDEGs_merged
LOC111134650,1,ds1-5_allDEGs_merged
LOC111134659,1,cross_study_DEG_comparison
LOC111134663,1,ds1-5_allDEGs_merged
LOC111134680,1,ds1-5_allDEGs_merged
LOC111134682,1,ds1-5_allDEGs_merged
LOC111134684,1,ds1-5_allDEGs_merged
LOC111134686,1,cross_study_DEG_comparison
LOC111134687,1,cross_study_DEG_comparison
LOC111134689,1,ds1-5_allDEGs_merged
LOC111134691,1,ds1-5_allDEGs_merged
LOC111134693,1,ds1-5_allDEGs_merged
LOC111134694,1,ds1-5_allDEGs_merged
LOC111134696,1,ds1-5_allDEGs_merged
LOC111134697,1,cross_study_DEG_comparison
LOC111134699,1,cross_study_DEG_comparison
LOC111134701,1,ds1-5_allDEGs_merged
LOC111134705,1,ds1-5_allDEGs_merged
LOC111134706,1,ds1-5_allDEGs_merged
LOC111134715,1,ds1-5_allDEGs_merged
LOC111134716,1,ds1-5_allDEGs_merged
LOC111134717,1,cross_study_DEG_comparison
LOC111134718,1,ds1-5_allDEGs_merged
LOC111134721,1,cross_study_DEG_comparison
LOC111134724,1,cross_study_DEG_comparison
LOC111134737,1,ds1-5_allDEGs_merged
LOC111134740,1,cross_study_DEG_comparison
LOC111134741,1,cross_study_DEG_comparison
LOC111134743,1,cross_study_DEG_comparison
LOC111134746,1,ds1-5_allDEGs_merged
LOC111134752,1,ds1-5_allDEGs_merged
LOC111134755,1,ds1-5_allDEGs_merged
LOC111134760,1,cross_study_DEG_comparison
LOC111134772,1,ds1-5_allDEGs_merged
LOC111134781,1,ds1-5_allDEGs_merged
LOC111134782,1,cross_study_DEG_comparison
LOC111134783,1,ds1-5_allDEGs_merged
LOC111134784,1,cross_study_DEG_comparison
LOC111134791,1,ds1-5_allDEGs_merged
LOC111134794,1,cross_study_DEG_comparison
LOC111134798,1,ds1-5_allDEGs_merged
LOC111134799,1,ds1-5_allDEGs_merged
LOC111134801,1,cross_study_DEG_comparison
LOC111134803,1,cross_study_DEG_comparison
LOC111134804,1,cross_study_DEG_comparison
LOC111134805,1,cross_study_DEG_comparison
LOC111134806,1,cross_study_DEG_comparison
LOC111134815,1,cross_study_DEG_comparison
LOC111134823,1,ds1-5_allDEGs_merged
LOC111134824,1,ds1-5_allDEGs_merged
LOC111134825,1,ds1-5_allDEGs_merged
LOC111134826,1,cross_study_DEG_comparison
LOC111134829,1,cross_study_DEG_comparison
LOC111134830,1,cross_study_DEG_comparison
LOC111134831,1,ds1-5_allDEGs_merged
LOC111134833,1,ds1-5_allDEGs_merged
LOC111134842,1,ds1-5_allDEGs_merged
LOC111134858,1,cross_study_DEG_comparison
LOC111134869,1,cross_study_DEG_comparison
LOC111134872,1,cross_study_DEG_comparison
LOC111134874,1,cross_study_DEG_comparison
LOC111134876,1,cross_study_DEG_comparison
LOC111134877,1,ds1-5_allDEGs_merged
LOC111134878,1,cross_study_DEG_comparison
LOC111134882,1,cross_study_DEG_comparison
LOC111134886,1,cross_study_DEG_comparison
LOC111134888,1,cross_study_DEG_comparison
LOC111134890,1,ds1-5_allDEGs_merged
LOC111134891,1,ds1-5_allDEGs_merged
LOC111134905,1,ds1-5_allDEGs_merged
LOC111134910,1,cross_study_DEG_comparison
LOC111134916,1,cross_study_DEG_comparison
LOC111134920,1,ds1-5_allDEGs_merged
LOC111134921,1,cross_study_DEG_comparison
LOC111134926,1,cross_study_DEG_comparison
LOC111134933,1,ds1-5_allDEGs_merged
LOC111134936,1,ds1-5_allDEGs_merged
LOC111134937,1,ds1-5_allDEGs_merged
LOC111134943,1,ds1-5_allDEGs_merged
LOC111134950,1,cross_study_DEG_comparison
LOC111134952,1,ds1-5_allDEGs_merged
LOC111134954,1,ds1-5_allDEGs_merged
LOC111134957,1,cross_study_DEG_comparison
LOC111134965,1,ds1-5_allDEGs_merged
LOC111134967,1,ds1-5_allDEGs_merged
LOC111134972,1,cross_study_DEG_comparison
LOC111134974,1,ds1-5_allDEGs_merged
LOC111134976,1,cross_study_DEG_comparison
LOC111134979,1,cross_study_DEG_comparison
LOC111134995,1,ds1-5_allDEGs_merged
LOC111134998,1,cross_study_DEG_comparison
LOC111134999,1,ds1-5_allDEGs_merged
LOC111135002,1,cross_study_DEG_comparison
LOC111135004,1,ds1-5_allDEGs_merged
LOC111135006,1,ds1-5_allDEGs_merged
LOC111135015,1,cross_study_DEG_comparison
LOC111135017,1,cross_study_DEG_comparison
LOC111135018,1,ds1-5_allDEGs_merged
LOC111135019,1,cross_study_DEG_comparison
LOC111135020,1,ds1-5_allDEGs_merged
LOC111135023,1,ds1-5_allDEGs_merged
LOC111135029,1,cross_study_DEG_comparison
LOC111135038,1,ds1-5_allDEGs_merged
LOC111135040,1,cross_study_DEG_comparison
LOC111135043,1,cross_study_DEG_comparison
LOC111135049,1,ds1-5_allDEGs_merged
LOC111135050,1,ds1-5_allDEGs_merged
LOC111135058,1,ds1-5_allDEGs_merged
LOC111135060,1,cross_study_DEG_comparison
LOC111135061,1,ds1-5_allDEGs_merged
LOC111135064,1,ds1-5_allDEGs_merged
LOC111135067,1,ds1-5_allDEGs_merged
LOC111135074,1,cross_study_DEG_comparison
LOC111135082,1,ds1-5_allDEGs_merged
LOC111135084,1,cross_study_DEG_comparison
LOC111135087,1,cross_study_DEG_comparison
LOC111135091,1,cross_study_DEG_comparison
LOC111135093,1,cross_study_DEG_comparison
LOC111135098,1,ds1-5_allDEGs_merged
LOC111135106,1,ds1-5_allDEGs_merged
LOC111135112,1,cross_study_DEG_comparison
LOC111135115,1,cross_study_DEG_comparison
LOC111135117,1,cross_study_DEG_comparison
LOC111135118,1,ds1-5_allDEGs_merged
LOC111135120,1,cross_study_DEG_comparison
LOC111135130,1,ds1-5_allDEGs_merged
LOC111135134,1,ds1-5_allDEGs_merged
LOC111135137,1,ds1-5_allDEGs_merged
LOC111135145,1,ds1-5_allDEGs_merged
LOC111135146,1,cross_study_DEG_comparison
LOC111135147,1,ds1-5_allDEGs_merged
LOC111135148,1,ds1-5_allDEGs_merged
LOC111135150,1,cross_study_DEG_comparison
LOC111135156,1,ds1-5_allDEGs_merged
LOC111135162,1,ds1-5_allDEGs_merged
LOC111135163,1,ds1-5_allDEGs_merged
LOC111135164,1,ds1-5_allDEGs_merged
LOC111135167,1,ds1-5_allDEGs_merged
LOC111135171,1,ds1-5_allDEGs_merged
LOC111135173,1,ds1-5_allDEGs_merged
LOC111135183,1,ds1-5_allDEGs_merged
LOC111135185,1,cross_study_DEG_comparison
LOC111135193,1,ds1-5_allDEGs_merged
LOC111135195,1,ds1-5_allDEGs_merged
LOC111135201,1,ds1-5_allDEGs_merged
LOC111135203,1,ds1-5_allDEGs_merged
LOC111135204,1,ds1-5_allDEGs_merged
LOC111135209,1,ds1-5_allDEGs_merged
LOC111135210,1,ds1-5_allDEGs_merged
LOC111135213,1,ds1-5_allDEGs_merged
LOC111135214,1,ds1-5_allDEGs_merged
LOC111135216,1,cross_study_DEG_comparison
LOC111135218,1,ds1-5_allDEGs_merged
LOC111135220,1,ds1-5_allDEGs_merged
LOC111135222,1,cross_study_DEG_comparison
LOC111135230,1,ds1-5_allDEGs_merged
LOC111135231,1,cross_study_DEG_comparison
LOC111135236,1,ds1-5_allDEGs_merged
LOC111135246,1,ds1-5_allDEGs_merged
LOC111135249,1,cross_study_DEG_comparison
LOC111135251,1,cross_study_DEG_comparison
LOC111135254,1,ds1-5_allDEGs_merged
LOC111135259,1,cross_study_DEG_comparison
LOC111135260,1,cross_study_DEG_comparison
LOC111135261,1,cross_study_DEG_comparison
LOC111135262,1,ds1-5_allDEGs_merged
LOC111135265,1,cross_study_DEG_comparison
LOC111135267,1,ds1-5_allDEGs_merged
LOC111135271,1,cross_study_DEG_comparison
LOC111135273,1,cross_study_DEG_comparison
LOC111135275,1,cross_study_DEG_comparison
LOC111135276,1,ds1-5_allDEGs_merged
LOC111135279,1,ds1-5_allDEGs_merged
LOC111135280,1,cross_study_DEG_comparison
LOC111135281,1,cross_study_DEG_comparison
LOC111135284,1,ds1-5_allDEGs_merged
LOC111135286,1,ds1-5_allDEGs_merged
LOC111135287,1,cross_study_DEG_comparison
LOC111135288,1,ds1-5_allDEGs_merged
LOC111135301,1,ds1-5_allDEGs_merged
LOC111135302,1,ds1-5_allDEGs_merged
LOC111135305,1,cross_study_DEG_comparison
LOC111135314,1,ds1-5_allDEGs_merged
LOC111135317,1,cross_study_DEG_comparison
LOC111135319,1,ds1-5_allDEGs_merged
LOC111135320,1,ds1-5_allDEGs_merged
LOC111135324,1,cross_study_DEG_comparison
LOC111135332,1,ds1-5_allDEGs_merged
LOC111135333,1,cross_study_DEG_comparison
LOC111135335,1,ds1-5_allDEGs_merged
LOC111135336,1,ds1-5_allDEGs_merged
LOC111135339,1,ds1-5_allDEGs_merged
LOC111135340,1,ds1-5_allDEGs_merged
LOC111135341,1,ds1-5_allDEGs_merged
LOC111135345,1,ds1-5_allDEGs_merged
LOC111135352,1,ds1-5_allDEGs_merged
LOC111135360,1,ds1-5_allDEGs_merged
LOC111135362,1,ds1-5_allDEGs_merged
LOC111135363,1,cross_study_DEG_comparison
LOC111135364,1,ds1-5_allDEGs_merged
LOC111135369,1,ds1-5_allDEGs_merged
LOC111135371,1,ds1-5_allDEGs_merged
LOC111135376,1,ds1-5_allDEGs_merged
LOC111135381,1,cross_study_DEG_comparison
LOC111135391,1,ds1-5_allDEGs_merged
LOC111135396,1,ds1-5_allDEGs_merged
LOC111135399,1,ds1-5_allDEGs_merged
LOC111135405,1,ds1-5_allDEGs_merged
LOC111135406,1,cross_study_DEG_comparison
LOC111135409,1,ds1-5_allDEGs_merged
LOC111135410,1,cross_study_DEG_comparison
LOC111135412,1,ds1-5_allDEGs_merged
LOC111135413,1,ds1-5_allDEGs_merged
LOC111135416,1,ds1-5_allDEGs_merged
LOC111135422,1,cross_study_DEG_comparison
LOC111135424,1,ds1-5_allDEGs_merged
LOC111135426,1,ds1-5_allDEGs_merged
LOC111135427,1,cross_study_DEG_comparison
LOC111135428,1,cross_study_DEG_comparison
LOC111135431,1,cross_study_DEG_comparison
LOC111135435,1,cross_study_DEG_comparison
LOC111135437,1,cross_study_DEG_comparison
LOC111135439,1,ds1-5_allDEGs_merged
LOC111135445,1,cross_study_DEG_comparison
LOC111135449,1,cross_study_DEG_comparison
LOC111135451,1,cross_study_DEG_comparison
LOC111135459,1,ds1-5_allDEGs_merged
LOC111135461,1,ds1-5_allDEGs_merged
LOC111135464,1,cross_study_DEG_comparison
LOC111135468,1,ds1-5_allDEGs_merged
LOC111135469,1,ds1-5_allDEGs_merged
LOC111135472,1,cross_study_DEG_comparison
LOC111135477,1,cross_study_DEG_comparison
LOC111135478,1,cross_study_DEG_comparison
LOC111135484,1,ds1-5_allDEGs_merged
LOC111135485,1,ds1-5_allDEGs_merged
LOC111135493,1,cross_study_DEG_comparison
LOC111135495,1,cross_study_DEG_comparison
LOC111135497,1,ds1-5_allDEGs_merged
LOC111135500,1,ds1-5_allDEGs_merged
LOC111135504,1,cross_study_DEG_comparison
LOC111135511,1,ds1-5_allDEGs_merged
LOC111135516,1,cross_study_DEG_comparison
LOC111135518,1,cross_study_DEG_comparison
LOC111135522,1,ds1-5_allDEGs_merged
LOC111135524,1,ds1-5_allDEGs_merged
LOC111135528,1,cross_study_DEG_comparison
LOC111135536,1,ds1-5_allDEGs_merged
LOC111135537,1,ds1-5_allDEGs_merged
LOC111135539,1,ds1-5_allDEGs_merged
LOC111135543,1,cross_study_DEG_comparison
LOC111135551,1,ds1-5_allDEGs_merged
LOC111135552,1,ds1-5_allDEGs_merged
LOC111135553,1,cross_study_DEG_comparison
LOC111135554,1,cross_study_DEG_comparison
LOC111135557,1,cross_study_DEG_comparison
LOC111135561,1,ds1-5_allDEGs_merged
LOC111135563,1,cross_study_DEG_comparison
LOC111135564,1,ds1-5_allDEGs_merged
LOC111135567,1,ds1-5_allDEGs_merged
LOC111135568,1,ds1-5_allDEGs_merged
LOC111135569,1,cross_study_DEG_comparison
LOC111135570,1,ds1-5_allDEGs_merged
LOC111135571,1,cross_study_DEG_comparison
LOC111135574,1,ds1-5_allDEGs_merged
LOC111135575,1,ds1-5_allDEGs_merged
LOC111135578,1,ds1-5_allDEGs_merged
LOC111135579,1,cross_study_DEG_comparison
LOC111135582,1,ds1-5_allDEGs_merged
LOC111135589,1,cross_study_DEG_comparison
LOC111135591,1,cross_study_DEG_comparison
LOC111135592,1,ds1-5_allDEGs_merged
LOC111135598,1,cross_study_DEG_comparison
LOC111135608,1,cross_study_DEG_comparison
LOC111135615,1,cross_study_DEG_comparison
LOC111135616,1,ds1-5_allDEGs_merged
LOC111135619,1,ds1-5_allDEGs_merged
LOC111135620,1,ds1-5_allDEGs_merged
LOC111135625,1,ds1-5_allDEGs_merged
LOC111135633,1,cross_study_DEG_comparison
LOC111135634,1,ds1-5_allDEGs_merged
LOC111135635,1,ds1-5_allDEGs_merged
LOC111135637,1,cross_study_DEG_comparison
LOC111135642,1,cross_study_DEG_comparison
LOC111135647,1,cross_study_DEG_comparison
LOC111135648,1,cross_study_DEG_comparison
LOC111135652,1,cross_study_DEG_comparison
LOC111135655,1,cross_study_DEG_comparison
LOC111135658,1,ds1-5_allDEGs_merged
LOC111135660,1,ds1-5_allDEGs_merged
LOC111135663,1,ds1-5_allDEGs_merged
LOC111135664,1,ds1-5_allDEGs_merged
LOC111135666,1,ds1-5_allDEGs_merged
LOC111135670,1,ds1-5_allDEGs_merged
LOC111135673,1,cross_study_DEG_comparison
LOC111135677,1,cross_study_DEG_comparison
LOC111135680,1,cross_study_DEG_comparison
LOC111135682,1,cross_study_DEG_comparison
LOC111135684,1,cross_study_DEG_comparison
LOC111135685,1,ds1-5_allDEGs_merged
LOC111135689,1,cross_study_DEG_comparison
LOC111135693,1,ds1-5_allDEGs_merged
LOC111135695,1,cross_study_DEG_comparison
LOC111135699,1,cross_study_DEG_comparison
LOC111135704,1,cross_study_DEG_comparison
LOC111135706,1,ds1-5_allDEGs_merged
LOC111135708,1,ds1-5_allDEGs_merged
LOC111135709,1,cross_study_DEG_comparison
LOC111135711,1,cross_study_DEG_comparison
LOC111135719,1,ds1-5_allDEGs_merged
LOC111135724,1,ds1-5_allDEGs_merged
LOC111135727,1,cross_study_DEG_comparison
LOC111135729,1,ds1-5_allDEGs_merged
LOC111135732,1,ds1-5_allDEGs_merged
LOC111135733,1,ds1-5_allDEGs_merged
LOC111135736,1,ds1-5_allDEGs_merged
LOC111135738,1,ds1-5_allDEGs_merged
LOC111135744,1,ds1-5_allDEGs_merged
LOC111135748,1,cross_study_DEG_comparison
LOC111135751,1,cross_study_DEG_comparison
LOC111135755,1,ds1-5_allDEGs_merged
LOC111135759,1,ds1-5_allDEGs_merged
LOC111135764,1,cross_study_DEG_comparison
LOC111135765,1,cross_study_DEG_comparison
LOC111135768,1,cross_study_DEG_comparison
LOC111135770,1,ds1-5_allDEGs_merged
LOC111135775,1,ds1-5_allDEGs_merged
LOC111135777,1,cross_study_DEG_comparison
LOC111135779,1,cross_study_DEG_comparison
LOC111135780,1,cross_study_DEG_comparison
LOC111135782,1,ds1-5_allDEGs_merged
LOC111135787,1,ds1-5_allDEGs_merged
LOC111135793,1,ds1-5_allDEGs_merged
LOC111135800,1,ds1-5_allDEGs_merged
LOC111135801,1,ds1-5_allDEGs_merged
LOC111135803,1,ds1-5_allDEGs_merged
LOC111135807,1,cross_study_DEG_comparison
LOC111135819,1,ds1-5_allDEGs_merged
LOC111135822,1,cross_study_DEG_comparison
LOC111135824,1,cross_study_DEG_comparison
LOC111135825,1,cross_study_DEG_comparison
LOC111135828,1,ds1-5_allDEGs_merged
LOC111135835,1,ds1-5_allDEGs_merged
LOC111135836,1,ds1-5_allDEGs_merged
LOC111135837,1,ds1-5_allDEGs_merged
LOC111135839,1,cross_study_DEG_comparison
LOC111135842,1,ds1-5_allDEGs_merged
LOC111135843,1,cross_study_DEG_comparison
LOC111135844,1,ds1-5_allDEGs_merged
LOC111135845,1,ds1-5_allDEGs_merged
LOC111135846,1,ds1-5_allDEGs_merged
LOC111135847,1,ds1-5_allDEGs_merged
LOC111135849,1,ds1-5_allDEGs_merged
LOC111135850,1,cross_study_DEG_comparison
LOC111135856,1,ds1-5_allDEGs_merged
LOC111135858,1,ds1-5_allDEGs_merged
LOC111135859,1,ds1-5_allDEGs_merged
LOC111135864,1,cross_study_DEG_comparison
LOC111135865,1,ds1-5_allDEGs_merged
LOC111135866,1,ds1-5_allDEGs_merged
LOC111135868,1,cross_study_DEG_comparison
LOC111135870,1,cross_study_DEG_comparison
LOC111135874,1,ds1-5_allDEGs_merged
LOC111135878,1,cross_study_DEG_comparison
LOC111135887,1,top10genes
LOC111135889,1,ds1-5_allDEGs_merged
LOC111135896,1,ds1-5_allDEGs_merged
LOC111135904,1,cross_study_DEG_comparison
LOC111135910,1,ds1-5_allDEGs_merged
LOC111135921,1,cross_study_DEG_comparison
LOC111135926,1,ds1-5_allDEGs_merged
LOC111135929,1,cross_study_DEG_comparison
LOC111135933,1,ds1-5_allDEGs_merged
LOC111135935,1,ds1-5_allDEGs_merged
LOC111135940,1,ds1-5_allDEGs_merged
LOC111135941,1,cross_study_DEG_comparison
LOC111135946,1,cross_study_DEG_comparison
LOC111135947,1,cross_study_DEG_comparison
LOC111135948,1,ds1-5_allDEGs_merged
LOC111135951,1,ds1-5_allDEGs_merged
LOC111135955,1,cross_study_DEG_comparison
LOC111135960,1,ds1-5_allDEGs_merged
LOC111135964,1,ds1-5_allDEGs_merged
LOC111135979,1,cross_study_DEG_comparison
LOC111135983,1,ds1-5_allDEGs_merged
LOC111135984,1,ds1-5_allDEGs_merged
LOC111135985,1,ds1-5_allDEGs_merged
LOC111135987,1,cross_study_DEG_comparison
LOC111135994,1,ds1-5_allDEGs_merged
LOC111135996,1,ds1-5_allDEGs_merged
LOC111135999,1,ds1-5_allDEGs_merged
LOC111136002,1,ds1-5_allDEGs_merged
LOC111136004,1,cross_study_DEG_comparison
LOC111136005,1,ds1-5_allDEGs_merged
LOC111136013,1,cross_study_DEG_comparison
LOC111136014,1,cross_study_DEG_comparison
LOC111136015,1,ds1-5_allDEGs_merged
LOC111136017,1,cross_study_DEG_comparison
LOC111136022,1,cross_study_DEG_comparison
LOC111136024,1,cross_study_DEG_comparison
LOC111136025,1,cross_study_DEG_comparison
LOC111136028,1,cross_study_DEG_comparison
LOC111136029,1,ds1-5_allDEGs_merged
LOC111136031,1,ds1-5_allDEGs_merged
LOC111136032,1,ds1-5_allDEGs_merged
LOC111136034,1,cross_study_DEG_comparison
LOC111136037,1,ds1-5_allDEGs_merged
LOC111136038,1,cross_study_DEG_comparison
LOC111136039,1,ds1-5_allDEGs_merged
LOC111136043,1,ds1-5_allDEGs_merged
LOC111136045,1,ds1-5_allDEGs_merged
LOC111136051,1,cross_study_DEG_comparison
LOC111136054,1,ds1-5_allDEGs_merged
LOC111136057,1,cross_study_DEG_comparison
LOC111136058,1,cross_study_DEG_comparison
LOC111136059,1,cross_study_DEG_comparison
LOC111136060,1,ds1-5_allDEGs_merged
LOC111136063,1,ds1-5_allDEGs_merged
LOC111136066,1,ds1-5_allDEGs_merged
LOC111136073,1,ds1-5_allDEGs_merged
LOC111136074,1,ds1-5_allDEGs_merged
LOC111136076,1,ds1-5_allDEGs_merged
LOC111136085,1,ds1-5_allDEGs_merged
LOC111136086,1,ds1-5_allDEGs_merged
LOC111136087,1,ds1-5_allDEGs_merged
LOC111136093,1,ds1-5_allDEGs_merged
LOC111136095,1,ds1-5_allDEGs_merged
LOC111136100,1,cross_study_DEG_comparison
LOC111136102,1,ds1-5_allDEGs_merged
LOC111136105,1,cross_study_DEG_comparison
LOC111136106,1,cross_study_DEG_comparison
LOC111136109,1,cross_study_DEG_comparison
LOC111136118,1,cross_study_DEG_comparison
LOC111136119,1,ds1-5_allDEGs_merged
LOC111136121,1,cross_study_DEG_comparison
LOC111136123,1,cross_study_DEG_comparison
LOC111136124,1,ds1-5_allDEGs_merged
LOC111136127,1,ds1-5_allDEGs_merged
LOC111136128,1,ds1-5_allDEGs_merged
LOC111136130,1,cross_study_DEG_comparison
LOC111136133,1,cross_study_DEG_comparison
LOC111136134,1,cross_study_DEG_comparison
LOC111136140,1,ds1-5_allDEGs_merged
LOC111136142,1,cross_study_DEG_comparison
LOC111136144,1,ds1-5_allDEGs_merged
LOC111136146,1,ds1-5_allDEGs_merged
LOC111136147,1,cross_study_DEG_comparison
LOC111136148,1,ds1-5_allDEGs_merged
LOC111136149,1,ds1-5_allDEGs_merged
LOC111136154,1,ds1-5_allDEGs_merged
LOC111136156,1,cross_study_DEG_comparison
LOC111136158,1,ds1-5_allDEGs_merged
LOC111136161,1,ds1-5_allDEGs_merged
LOC111136163,1,ds1-5_allDEGs_merged
LOC111136164,1,ds1-5_allDEGs_merged
LOC111136165,1,ds1-5_allDEGs_merged
LOC111136169,1,ds1-5_allDEGs_merged
LOC111136170,1,ds1-5_allDEGs_merged
LOC111136172,1,cross_study_DEG_comparison
LOC111136181,1,ds1-5_allDEGs_merged
LOC111136184,1,ds1-5_allDEGs_merged
LOC111136190,1,cross_study_DEG_comparison
LOC111136195,1,cross_study_DEG_comparison
LOC111136198,1,cross_study_DEG_comparison
LOC111136201,1,ds1-5_allDEGs_merged
LOC111136202,1,ds1-5_allDEGs_merged
LOC111136204,1,ds1-5_allDEGs_merged
LOC111136207,1,cross_study_DEG_comparison
LOC111136211,1,ds1-5_allDEGs_merged
LOC111136213,1,ds1-5_allDEGs_merged
LOC111136215,1,ds1-5_allDEGs_merged
LOC111136216,1,ds1-5_allDEGs_merged
LOC111136219,1,cross_study_DEG_comparison
LOC111136222,1,ds1-5_allDEGs_merged
LOC111136237,1,ds1-5_allDEGs_merged
LOC111136245,1,ds1-5_allDEGs_merged
LOC111136252,1,ds1-5_allDEGs_merged
LOC111136254,1,ds1-5_allDEGs_merged
LOC111136261,1,cross_study_DEG_comparison
LOC111136262,1,ds1-5_allDEGs_merged
LOC111136265,1,ds1-5_allDEGs_merged
LOC111136273,1,cross_study_DEG_comparison
LOC111136274,1,ds1-5_allDEGs_merged
LOC111136275,1,cross_study_DEG_comparison
LOC111136276,1,cross_study_DEG_comparison
LOC111136278,1,ds1-5_allDEGs_merged
LOC111136281,1,ds1-5_allDEGs_merged
LOC111136282,1,cross_study_DEG_comparison
LOC111136285,1,cross_study_DEG_comparison
LOC111136286,1,cross_study_DEG_comparison
LOC111136290,1,ds1-5_allDEGs_merged
LOC111136292,1,ds1-5_allDEGs_merged
LOC111136295,1,ds1-5_allDEGs_merged
LOC111136296,1,cross_study_DEG_comparison
LOC111136298,1,cross_study_DEG_comparison
LOC111136300,1,ds1-5_allDEGs_merged
LOC111136306,1,ds1-5_allDEGs_merged
LOC111136307,1,cross_study_DEG_comparison
LOC111136310,1,cross_study_DEG_comparison
LOC111136312,1,cross_study_DEG_comparison
LOC111136315,1,cross_study_DEG_comparison
LOC111136319,1,cross_study_DEG_comparison
LOC111136326,1,ds1-5_allDEGs_merged
LOC111136329,1,ds1-5_allDEGs_merged
LOC111136331,1,ds1-5_allDEGs_merged
LOC111136332,1,cross_study_DEG_comparison
LOC111136336,1,ds1-5_allDEGs_merged
LOC111136340,1,cross_study_DEG_comparison
LOC111136341,1,ds1-5_allDEGs_merged
LOC111136343,1,cross_study_DEG_comparison
LOC111136352,1,cross_study_DEG_comparison
LOC111136359,1,cross_study_DEG_comparison
LOC111136376,1,ds1-5_allDEGs_merged
LOC111136377,1,ds1-5_allDEGs_merged
LOC111136393,1,ds1-5_allDEGs_merged
LOC111136394,1,cross_study_DEG_comparison
LOC111136396,1,cross_study_DEG_comparison
LOC111136398,1,cross_study_DEG_comparison
LOC111136399,1,ds1-5_allDEGs_merged
LOC111136400,1,ds1-5_allDEGs_merged
LOC111136403,1,cross_study_DEG_comparison
LOC111136405,1,ds1-5_allDEGs_merged
LOC111136406,1,ds1-5_allDEGs_merged
LOC111136411,1,cross_study_DEG_comparison
LOC111136414,1,cross_study_DEG_comparison
LOC111136418,1,ds1-5_allDEGs_merged
LOC111136419,1,cross_study_DEG_comparison
LOC111136420,1,ds1-5_allDEGs_merged
LOC111136422,1,cross_study_DEG_comparison
LOC111136430,1,ds1-5_allDEGs_merged
LOC111136433,1,ds1-5_allDEGs_merged
LOC111136438,1,cross_study_DEG_comparison
LOC111136440,1,ds1-5_allDEGs_merged
LOC111136443,1,cross_study_DEG_comparison
LOC111136445,1,ds1-5_allDEGs_merged
LOC111136449,1,cross_study_DEG_comparison
LOC111136454,1,ds1-5_allDEGs_merged
LOC111136460,1,cross_study_DEG_comparison
LOC111136479,1,cross_study_DEG_comparison
LOC111136482,1,ds1-5_allDEGs_merged
LOC111136488,1,ds1-5_allDEGs_merged
LOC111136490,1,cross_study_DEG_comparison
LOC111136493,1,cross_study_DEG_comparison
LOC111136497,1,cross_study_DEG_comparison
LOC111136502,1,ds1-5_allDEGs_merged
LOC111136504,1,ds1-5_allDEGs_merged
LOC111136509,1,cross_study_DEG_comparison
LOC111136516,1,cross_study_DEG_comparison
LOC111136520,1,ds1-5_allDEGs_merged
LOC111136524,1,cross_study_DEG_comparison
LOC111136530,1,cross_study_DEG_comparison
LOC111136536,1,ds1-5_allDEGs_merged
LOC111136541,1,ds1-5_allDEGs_merged
LOC111136546,1,ds1-5_allDEGs_merged
LOC111136547,1,ds1-5_allDEGs_merged
LOC111136548,1,cross_study_DEG_comparison
LOC111136552,1,ds1-5_allDEGs_merged
LOC111136556,1,cross_study_DEG_comparison
LOC111136561,1,cross_study_DEG_comparison
LOC111136574,1,ds1-5_allDEGs_merged
LOC111136583,1,ds1-5_allDEGs_merged
LOC111136585,1,ds1-5_allDEGs_merged
LOC111136586,1,ds1-5_allDEGs_merged
LOC111136590,1,cross_study_DEG_comparison
LOC111136591,1,cross_study_DEG_comparison
LOC111136596,1,ds1-5_allDEGs_merged
LOC111136599,1,ds1-5_allDEGs_merged
LOC111136602,1,ds1-5_allDEGs_merged
LOC111136609,1,cross_study_DEG_comparison
LOC111136613,1,cross_study_DEG_comparison
LOC111136616,1,cross_study_DEG_comparison
LOC111136617,1,cross_study_DEG_comparison
LOC111136618,1,cross_study_DEG_comparison
LOC111136621,1,ds1-5_allDEGs_merged
LOC111136627,1,ds1-5_allDEGs_merged
LOC111136629,1,ds1-5_allDEGs_merged
LOC111136631,1,cross_study_DEG_comparison
LOC111136632,1,cross_study_DEG_comparison
LOC111136641,1,cross_study_DEG_comparison
LOC111136644,1,ds1-5_allDEGs_merged
LOC111136647,1,cross_study_DEG_comparison
LOC111136648,1,cross_study_DEG_comparison
LOC111136649,1,ds1-5_allDEGs_merged
LOC111136650,1,cross_study_DEG_comparison
LOC111136654,1,ds1-5_allDEGs_merged
LOC111136655,1,ds1-5_allDEGs_merged
LOC111136657,1,ds1-5_allDEGs_merged
LOC111136661,1,cross_study_DEG_comparison
LOC111136669,1,cross_study_DEG_comparison
LOC111136672,1,cross_study_DEG_comparison
LOC111136674,1,ds1-5_allDEGs_merged
LOC111136678,1,ds1-5_allDEGs_merged
LOC111136682,1,cross_study_DEG_comparison
LOC111136688,1,cross_study_DEG_comparison
LOC111136689,1,ds1-5_allDEGs_merged
LOC111136690,1,ds1-5_allDEGs_merged
LOC111136692,1,cross_study_DEG_comparison
LOC111136693,1,ds1-5_allDEGs_merged
LOC111136698,1,cross_study_DEG_comparison
LOC111136702,1,ds1-5_allDEGs_merged
LOC111136704,1,cross_study_DEG_comparison
LOC111136706,1,cross_study_DEG_comparison
LOC111136716,1,cross_study_DEG_comparison
LOC111136721,1,ds1-5_allDEGs_merged
LOC111136722,1,cross_study_DEG_comparison
LOC111136724,1,cross_study_DEG_comparison
LOC111136729,1,ds1-5_allDEGs_merged
LOC111136733,1,ds1-5_allDEGs_merged
LOC111136737,1,cross_study_DEG_comparison
LOC111136747,1,cross_study_DEG_comparison
LOC111136748,1,ds1-5_allDEGs_merged
LOC111136771,1,ds1-5_allDEGs_merged
LOC111136772,1,cross_study_DEG_comparison
LOC111136777,1,cross_study_DEG_comparison
LOC111136786,1,ds1-5_allDEGs_merged
LOC111136787,1,ds1-5_allDEGs_merged
LOC111136793,1,cross_study_DEG_comparison
LOC111136800,1,cross_study_DEG_comparison
LOC111136801,1,cross_study_DEG_comparison
LOC111136802,1,ds1-5_allDEGs_merged
LOC111136805,1,ds1-5_allDEGs_merged
LOC111136806,1,cross_study_DEG_comparison
LOC111136811,1,ds1-5_allDEGs_merged
LOC111136827,1,cross_study_DEG_comparison
LOC111136837,1,cross_study_DEG_comparison
LOC111136845,1,ds1-5_allDEGs_merged
LOC111136853,1,cross_study_DEG_comparison
LOC111136854,1,ds1-5_allDEGs_merged
LOC111136855,1,cross_study_DEG_comparison
LOC111136857,1,ds1-5_allDEGs_merged
LOC111136858,1,ds1-5_allDEGs_merged
LOC111136861,1,cross_study_DEG_comparison
LOC111136863,1,cross_study_DEG_comparison
LOC111136866,1,ds1-5_allDEGs_merged
LOC111136867,1,ds1-5_allDEGs_merged
LOC111136869,1,ds1-5_allDEGs_merged
LOC111136870,1,ds1-5_allDEGs_merged
LOC111136871,1,ds1-5_allDEGs_merged
LOC111136874,1,cross_study_DEG_comparison
LOC111136875,1,cross_study_DEG_comparison
LOC111136877,1,ds1-5_allDEGs_merged
LOC111136878,1,ds1-5_allDEGs_merged
LOC111136881,1,cross_study_DEG_comparison
LOC111136886,1,ds1-5_allDEGs_merged
LOC111136888,1,ds1-5_allDEGs_merged
LOC111136893,1,ds1-5_allDEGs_merged
LOC111136895,1,cross_study_DEG_comparison
LOC111136896,1,ds1-5_allDEGs_merged
LOC111136898,1,cross_study_DEG_comparison
LOC111136900,1,ds1-5_allDEGs_merged
LOC111136904,1,cross_study_DEG_comparison
LOC111136910,1,cross_study_DEG_comparison
LOC111136914,1,ds1-5_allDEGs_merged
LOC111136918,1,ds1-5_allDEGs_merged
LOC111136921,1,ds1-5_allDEGs_merged
LOC111136924,1,ds1-5_allDEGs_merged
LOC111136926,1,cross_study_DEG_comparison
LOC111136930,1,cross_study_DEG_comparison
LOC111136937,1,ds1-5_allDEGs_merged
LOC111136938,1,ds1-5_allDEGs_merged
LOC111136947,1,cross_study_DEG_comparison
LOC111136948,1,cross_study_DEG_comparison
LOC111136950,1,ds1-5_allDEGs_merged
LOC111136956,1,cross_study_DEG_comparison
LOC111136963,1,cross_study_DEG_comparison
LOC111136972,1,cross_study_DEG_comparison
LOC111136974,1,cross_study_DEG_comparison
LOC111136976,1,ds1-5_allDEGs_merged
LOC111136977,1,ds1-5_allDEGs_merged
LOC111136987,1,cross_study_DEG_comparison
LOC111136993,1,cross_study_DEG_comparison
LOC111136994,1,ds1-5_allDEGs_merged
LOC111136995,1,ds1-5_allDEGs_merged
LOC111136998,1,ds1-5_allDEGs_merged
LOC111137009,1,ds1-5_allDEGs_merged
LOC111137010,1,ds1-5_allDEGs_merged
LOC111137011,1,ds1-5_allDEGs_merged
LOC111137025,1,ds1-5_allDEGs_merged
LOC111137027,1,cross_study_DEG_comparison
LOC111137029,1,ds1-5_allDEGs_merged
LOC111137032,1,cross_study_DEG_comparison
LOC111137039,1,cross_study_DEG_comparison
LOC111137049,1,ds1-5_allDEGs_merged
LOC111137051,1,cross_study_DEG_comparison
LOC111137053,1,ds1-5_allDEGs_merged
LOC111137057,1,cross_study_DEG_comparison
LOC111137059,1,ds1-5_allDEGs_merged
LOC111137060,1,ds1-5_allDEGs_merged
LOC111137063,1,cross_study_DEG_comparison
LOC111137064,1,cross_study_DEG_comparison
LOC111137065,1,ds1-5_allDEGs_merged
LOC111137070,1,ds1-5_allDEGs_merged
LOC111137074,1,cross_study_DEG_comparison
LOC111137076,1,ds1-5_allDEGs_merged
LOC111137077,1,cross_study_DEG_comparison
LOC111137083,1,cross_study_DEG_comparison
LOC111137084,1,cross_study_DEG_comparison
LOC111137085,1,cross_study_DEG_comparison
LOC111137096,1,ds1-5_allDEGs_merged
LOC111137098,1,cross_study_DEG_comparison
LOC111137101,1,cross_study_DEG_comparison
LOC111137102,1,cross_study_DEG_comparison
LOC111137105,1,ds1-5_allDEGs_merged
LOC111137108,1,ds1-5_allDEGs_merged
LOC111137125,1,ds1-5_allDEGs_merged
LOC111137127,1,ds1-5_allDEGs_merged
LOC111137128,1,cross_study_DEG_comparison
LOC111137133,1,cross_study_DEG_comparison
LOC111137134,1,cross_study_DEG_comparison
LOC111137135,1,cross_study_DEG_comparison
LOC111137136,1,ds1-5_allDEGs_merged
LOC111137137,1,cross_study_DEG_comparison
LOC111137141,1,ds1-5_allDEGs_merged
LOC111137144,1,ds1-5_allDEGs_merged
LOC111137146,1,cross_study_DEG_comparison
LOC111137156,1,ds1-5_allDEGs_merged
LOC111137161,1,cross_study_DEG_comparison
LOC111137164,1,cross_study_DEG_comparison
LOC111137167,1,ds1-5_allDEGs_merged
LOC111137169,1,cross_study_DEG_comparison
LOC111137171,1,ds1-5_allDEGs_merged
LOC111137179,1,ds1-5_allDEGs_merged
LOC111137182,1,ds1-5_allDEGs_merged
LOC111137198,1,cross_study_DEG_comparison
LOC111137203,1,ds1-5_allDEGs_merged
LOC111137204,1,cross_study_DEG_comparison
LOC111137205,1,cross_study_DEG_comparison
LOC111137207,1,cross_study_DEG_comparison
LOC111137208,1,cross_study_DEG_comparison
LOC111137214,1,cross_study_DEG_comparison
LOC111137223,1,ds1-5_allDEGs_merged
LOC111137224,1,ds1-5_allDEGs_merged
LOC111137225,1,ds1-5_allDEGs_merged
LOC111137227,1,cross_study_DEG_comparison
LOC111137228,1,cross_study_DEG_comparison
LOC111137229,1,ds1-5_allDEGs_merged
LOC111137232,1,ds1-5_allDEGs_merged
LOC111137241,1,ds1-5_allDEGs_merged
LOC111137247,1,ds1-5_allDEGs_merged
LOC111137249,1,cross_study_DEG_comparison
LOC111137250,1,cross_study_DEG_comparison
LOC111137251,1,cross_study_DEG_comparison
LOC111137256,1,ds1-5_allDEGs_merged
LOC111137257,1,cross_study_DEG_comparison
LOC111137258,1,ds1-5_allDEGs_merged
LOC111137259,1,cross_study_DEG_comparison
LOC111137262,1,cross_study_DEG_comparison
LOC111137271,1,cross_study_DEG_comparison
LOC111137274,1,cross_study_DEG_comparison
LOC111137277,1,ds1-5_allDEGs_merged
LOC111137279,1,ds1-5_allDEGs_merged
LOC111137280,1,ds1-5_allDEGs_merged
LOC111137283,1,cross_study_DEG_comparison
LOC111137290,1,cross_study_DEG_comparison
LOC111137291,1,cross_study_DEG_comparison
LOC111137292,1,cross_study_DEG_comparison
LOC111137295,1,ds1-5_allDEGs_merged
LOC111137297,1,ds1-5_allDEGs_merged
LOC111137300,1,ds1-5_allDEGs_merged
LOC111137301,1,ds1-5_allDEGs_merged
LOC111137303,1,ds1-5_allDEGs_merged
LOC111137309,1,ds1-5_allDEGs_merged
LOC111137311,1,ds1-5_allDEGs_merged
LOC111137320,1,ds1-5_allDEGs_merged
LOC111137325,1,cross_study_DEG_comparison
LOC111137332,1,ds1-5_allDEGs_merged
LOC111137341,1,ds1-5_allDEGs_merged
LOC111137351,1,cross_study_DEG_comparison
LOC111137356,1,ds1-5_allDEGs_merged
LOC111137365,1,ds1-5_allDEGs_merged
LOC111137366,1,cross_study_DEG_comparison
LOC111137368,1,ds1-5_allDEGs_merged
LOC111137380,1,cross_study_DEG_comparison
LOC111137383,1,ds1-5_allDEGs_merged
LOC111137393,1,ds1-5_allDEGs_merged
LOC111137397,1,ds1-5_allDEGs_merged
LOC111137405,1,ds1-5_allDEGs_merged
LOC111137407,1,ds1-5_allDEGs_merged
LOC111137411,1,cross_study_DEG_comparison
LOC111137415,1,ds1-5_allDEGs_merged
LOC111137420,1,ds1-5_allDEGs_merged
LOC111137422,1,cross_study_DEG_comparison
LOC111137432,1,ds1-5_allDEGs_merged
LOC111137435,1,cross_study_DEG_comparison
LOC111137436,1,cross_study_DEG_comparison
LOC111137438,1,cross_study_DEG_comparison
LOC111137441,1,ds1-5_allDEGs_merged
LOC111137447,1,cross_study_DEG_comparison
LOC111137449,1,ds1-5_allDEGs_merged
LOC111137452,1,ds1-5_allDEGs_merged
LOC111137464,1,ds1-5_allDEGs_merged
LOC111137466,1,ds1-5_allDEGs_merged
LOC111137486,1,ds1-5_allDEGs_merged
LOC111137496,1,ds1-5_allDEGs_merged
LOC111137505,1,cross_study_DEG_comparison
LOC111137513,1,cross_study_DEG_comparison
LOC111137516,1,cross_study_DEG_comparison
LOC111137525,1,ds1-5_allDEGs_merged
LOC111137535,1,ds1-5_allDEGs_merged
LOC111137541,1,ds1-5_allDEGs_merged
LOC111137552,1,ds1-5_allDEGs_merged
LOC111137554,1,cross_study_DEG_comparison
LOC111137559,1,ds1-5_allDEGs_merged
LOC111137568,1,cross_study_DEG_comparison
LOC111137569,1,cross_study_DEG_comparison
LOC111137573,1,ds1-5_allDEGs_merged
LOC111137574,1,cross_study_DEG_comparison
LOC111137576,1,cross_study_DEG_comparison
LOC111137580,1,ds1-5_allDEGs_merged
LOC111137582,1,ds1-5_allDEGs_merged
LOC111137585,1,ds1-5_allDEGs_merged
LOC111137587,1,cross_study_DEG_comparison
LOC111137589,1,ds1-5_allDEGs_merged
LOC111137591,1,ds1-5_allDEGs_merged
LOC111137592,1,cross_study_DEG_comparison
LOC111137595,1,ds1-5_allDEGs_merged
LOC111137596,1,cross_study_DEG_comparison
LOC111137600,1,cross_study_DEG_comparison
LOC111137601,1,ds1-5_allDEGs_merged
LOC111137602,1,ds1-5_allDEGs_merged
LOC111137609,1,ds1-5_allDEGs_merged
LOC111137612,1,cross_study_DEG_comparison
LOC111137620,1,cross_study_DEG_comparison
LOC111137629,1,cross_study_DEG_comparison
LOC111137630,1,ds1-5_allDEGs_merged
LOC111137631,1,cross_study_DEG_comparison
LOC111137632,1,ds1-5_allDEGs_merged
LOC111137633,1,cross_study_DEG_comparison
LOC111137638,1,ds1-5_allDEGs_merged
LOC111137639,1,ds1-5_allDEGs_merged
LOC111137647,1,ds1-5_allDEGs_merged
LOC111137648,1,ds1-5_allDEGs_merged
LOC111137650,1,cross_study_DEG_comparison
LOC111137658,1,ds1-5_allDEGs_merged
LOC111137665,1,cross_study_DEG_comparison
LOC111137667,1,cross_study_DEG_comparison
LOC111137668,1,cross_study_DEG_comparison
LOC111137674,1,cross_study_DEG_comparison
LOC111137675,1,cross_study_DEG_comparison
LOC111137676,1,ds1-5_allDEGs_merged
LOC111137679,1,ds1-5_allDEGs_merged
LOC111137682,1,cross_study_DEG_comparison
LOC111137688,1,ds1-5_allDEGs_merged
LOC111137689,1,cross_study_DEG_comparison
LOC111137690,1,ds1-5_allDEGs_merged
LOC111137695,1,ds1-5_allDEGs_merged
LOC111137697,1,cross_study_DEG_comparison
LOC111137701,1,ds1-5_allDEGs_merged
LOC111137702,1,cross_study_DEG_comparison
LOC111137704,1,cross_study_DEG_comparison
LOC111137705,1,cross_study_DEG_comparison
LOC111137710,1,ds1-5_allDEGs_merged
LOC111137713,1,cross_study_DEG_comparison
LOC111137729,1,ds1-5_allDEGs_merged
LOC111137733,1,ds1-5_allDEGs_merged
LOC111137738,1,cross_study_DEG_comparison
LOC111137740,1,cross_study_DEG_comparison
LOC111137741,1,cross_study_DEG_comparison
LOC111137744,1,cross_study_DEG_comparison
LOC111137745,1,ds1-5_allDEGs_merged
LOC111137752,1,ds1-5_allDEGs_merged
LOC111137773,1,cross_study_DEG_comparison
LOC111137774,1,cross_study_DEG_comparison
LOC111137779,1,ds1-5_allDEGs_merged
LOC111137784,1,ds1-5_allDEGs_merged
LOC111137786,1,cross_study_DEG_comparison
LOC111137788,1,cross_study_DEG_comparison
LOC111137797,1,cross_study_DEG_comparison
LOC111137800,1,ds1-5_allDEGs_merged
LOC111137803,1,ds1-5_allDEGs_merged
LOC111137808,1,ds1-5_allDEGs_merged
LOC111137818,1,ds1-5_allDEGs_merged
LOC111137827,1,ds1-5_allDEGs_merged
LOC111137828,1,cross_study_DEG_comparison
LOC111137831,1,ds1-5_allDEGs_merged
LOC111137832,1,cross_study_DEG_comparison
LOC111137833,1,ds1-5_allDEGs_merged
LOC111137845,1,ds1-5_allDEGs_merged
LOC111137848,1,cross_study_DEG_comparison
LOC111137850,1,ds1-5_allDEGs_merged
LOC111137853,1,ds1-5_allDEGs_merged
LOC111137854,1,ds1-5_allDEGs_merged
LOC111137857,1,cross_study_DEG_comparison
LOC111137858,1,cross_study_DEG_comparison
LOC111137859,1,cross_study_DEG_comparison
LOC111137862,1,cross_study_DEG_comparison
LOC111137864,1,ds1-5_allDEGs_merged
LOC111137868,1,cross_study_DEG_comparison
LOC111137870,1,cross_study_DEG_comparison
LOC111137877,1,ds1-5_allDEGs_merged
LOC111137878,1,ds1-5_allDEGs_merged
LOC111137879,1,cross_study_DEG_comparison
LOC111137881,1,ds1-5_allDEGs_merged
LOC111137884,1,ds1-5_allDEGs_merged
LOC111137885,1,ds1-5_allDEGs_merged
LOC111137900,1,cross_study_DEG_comparison
LOC111137923,1,cross_study_DEG_comparison
LOC111137931,1,cross_study_DEG_comparison
LOC111137933,1,cross_study_DEG_comparison
LOC111137936,1,cross_study_DEG_comparison
LOC111137940,1,cross_study_DEG_comparison
LOC111137942,1,ds1-5_allDEGs_merged
LOC111137946,1,cross_study_DEG_comparison
LOC111137947,1,ds1-5_allDEGs_merged
LOC111137950,1,cross_study_DEG_comparison
LOC111137955,1,ds1-5_allDEGs_merged
LOC111137956,1,ds1-5_allDEGs_merged
LOC111137958,1,cross_study_DEG_comparison
LOC111137968,1,ds1-5_allDEGs_merged
LOC111137969,1,ds1-5_allDEGs_merged
LOC111137970,1,ds1-5_allDEGs_merged
LOC111137971,1,ds1-5_allDEGs_merged
LOC111137972,1,ds1-5_allDEGs_merged
LOC111137975,1,ds1-5_allDEGs_merged
LOC111137978,1,ds1-5_allDEGs_merged
LOC111137980,1,ds1-5_allDEGs_merged
LOC111137987,1,cross_study_DEG_comparison
LOC111137988,1,cross_study_DEG_comparison
LOC111137998,1,cross_study_DEG_comparison
LOC111138001,1,ds1-5_allDEGs_merged
LOC111138007,1,cross_study_DEG_comparison
LOC111138008,1,cross_study_DEG_comparison
LOC111138011,1,cross_study_DEG_comparison
LOC111138013,1,cross_study_DEG_comparison
LOC111138015,1,cross_study_DEG_comparison
LOC111138017,1,ds1-5_allDEGs_merged
LOC111138030,1,ds1-5_allDEGs_merged
LOC111138031,1,ds1-5_allDEGs_merged
LOC111138032,1,ds1-5_allDEGs_merged
LOC111138035,1,ds1-5_allDEGs_merged
LOC111138041,1,cross_study_DEG_comparison
LOC111138043,1,cross_study_DEG_comparison
LOC111138046,1,cross_study_DEG_comparison
LOC111138047,1,ds1-5_allDEGs_merged
LOC111138048,1,ds1-5_allDEGs_merged
LOC111138049,1,ds1-5_allDEGs_merged
LOC111138050,1,ds1-5_allDEGs_merged
LOC111138052,1,cross_study_DEG_comparison
LOC111138056,1,ds1-5_allDEGs_merged
LOC111138062,1,cross_study_DEG_comparison
LOC111138063,1,ds1-5_allDEGs_merged
LOC111138065,1,cross_study_DEG_comparison
LOC111138073,1,cross_study_DEG_comparison
LOC111138087,1,cross_study_DEG_comparison
LOC111138094,1,cross_study_DEG_comparison
LOC111138095,1,ds1-5_allDEGs_merged
LOC111138105,1,ds1-5_allDEGs_merged
LOC111138109,1,ds1-5_allDEGs_merged
LOC111138111,1,cross_study_DEG_comparison
LOC111138112,1,cross_study_DEG_comparison
LOC111138123,1,ds1-5_allDEGs_merged
LOC111138124,1,ds1-5_allDEGs_merged
LOC111138125,1,cross_study_DEG_comparison
LOC111138127,1,ds1-5_allDEGs_merged
LOC111138129,1,ds1-5_allDEGs_merged
LOC111138141,1,ds1-5_allDEGs_merged
LOC111138144,1,cross_study_DEG_comparison
LOC111138153,1,ds1-5_allDEGs_merged
LOC111138154,1,ds1-5_allDEGs_merged
LOC111138159,1,ds1-5_allDEGs_merged
LOC111138166,1,ds1-5_allDEGs_merged
LOC111138178,1,ds1-5_allDEGs_merged
LOC111138182,1,cross_study_DEG_comparison
LOC111138184,1,ds1-5_allDEGs_merged
LOC111138187,1,ds1-5_allDEGs_merged
LOC111138188,1,cross_study_DEG_comparison
LOC111138190,1,ds1-5_allDEGs_merged
LOC111138191,1,ds1-5_allDEGs_merged
LOC111138192,1,cross_study_DEG_comparison
LOC111138198,1,ds1-5_allDEGs_merged
LOC111138201,1,ds1-5_allDEGs_merged
LOC111138208,1,cross_study_DEG_comparison
LOC111138210,1,ds1-5_allDEGs_merged
LOC111138212,1,cross_study_DEG_comparison
LOC111138220,1,cross_study_DEG_comparison
LOC111138221,1,cross_study_DEG_comparison
LOC111138232,1,cross_study_DEG_comparison
LOC111138235,1,ds1-5_allDEGs_merged
LOC111138247,1,ds1-5_allDEGs_merged
LOC111138257,1,cross_study_DEG_comparison
LOC111138260,1,ds1-5_allDEGs_merged
LOC111138263,1,ds1-5_allDEGs_merged
LOC111138265,1,cross_study_DEG_comparison
LOC111138267,1,cross_study_DEG_comparison
LOC111138272,1,cross_study_DEG_comparison
LOC111138285,1,cross_study_DEG_comparison
LOC111138286,1,cross_study_DEG_comparison
LOC111138297,1,cross_study_DEG_comparison
LOC111138301,1,ds1-5_allDEGs_merged
LOC111138307,1,ds1-5_allDEGs_merged
LOC111138309,1,cross_study_DEG_comparison
LOC111138321,1,cross_study_DEG_comparison
LOC111138322,1,ds1-5_allDEGs_merged
LOC111138331,1,ds1-5_allDEGs_merged
LOC111138333,1,cross_study_DEG_comparison
LOC111138334,1,cross_study_DEG_comparison
LOC111138341,1,ds1-5_allDEGs_merged
LOC111138357,1,cross_study_DEG_comparison
LOC111138363,1,ds1-5_allDEGs_merged
LOC111138378,1,ds1-5_allDEGs_merged
LOC111138392,1,cross_study_DEG_comparison
LOC111138399,1,cross_study_DEG_comparison
LOC111138414,1,cross_study_DEG_comparison
LOC111138415,1,cross_study_DEG_comparison
LOC111138423,1,ds1-5_allDEGs_merged
LOC111138428,1,ds1-5_allDEGs_merged
LOC111138429,1,ds1-5_allDEGs_merged
LOC111138432,1,cross_study_DEG_comparison
LOC111138434,1,cross_study_DEG_comparison
LOC111138437,1,cross_study_DEG_comparison
LOC111138439,1,cross_study_DEG_comparison
LOC111138444,1,ds1-5_allDEGs_merged
LOC111138447,1,cross_study_DEG_comparison
LOC111138449,1,ds1-5_allDEGs_merged
LOC111138454,1,cross_study_DEG_comparison
LOC111138458,1,ds1-5_allDEGs_merged
LOC111138466,1,cross_study_DEG_comparison
LOC111138475,1,cross_study_DEG_comparison
LOC111138488,1,ds1-5_allDEGs_merged
LOC111138490,1,cross_study_DEG_comparison
LOC111138492,1,cross_study_DEG_comparison
LOC111138493,1,cross_study_DEG_comparison
LOC111138494,1,ds1-5_allDEGs_merged
LOC111138495,1,cross_study_DEG_comparison
LOC111138496,1,cross_study_DEG_comparison
LOC111138500,1,ds1-5_allDEGs_merged
LOC111138501,1,ds1-5_allDEGs_merged
LOC111138503,1,ds1-5_allDEGs_merged
LOC111138504,1,cross_study_DEG_comparison
LOC111138509,1,cross_study_DEG_comparison
LOC111138521,1,ds1-5_allDEGs_merged
