LOC_ID,Gene_description,Canonical_XP,N_studies,DS1_identified,DS1_n_comparisons,DS1_comparisons,DS2_identified,DS2_n_comparisons,DS2_comparisons,DS3_identified,DS3_n_comparisons,DS3_comparisons,DS4_identified,DS4_n_comparisons,DS4_comparisons,DS5_identified,DS5_n_comparisons,DS5_comparisons
LOC111099194,uncharacterized protein LOC111099194 isoform X2,XP_022286312.1,3,Yes,1,fam90_vs_fam120,No,0,,No,0,,Yes,1,28d_fed_vs_inj,Yes,1,susceptible_fam242_36h_28d
LOC111099595,uncharacterized protein LOC111099595,XP_022286636.1,3,Yes,2,fam90_vs_fam120; fam90_vs_fam89,No,0,,Yes,1,Cv_Pmarinus_infection,Yes,1,6h_fed_vs_ctrl,No,0,
LOC111100471,baculoviral IAP repeat-containing protein 3-like isoform X3,XP_022288100.1,3,Yes,1,fam90_vs_fam89,No,0,,Yes,1,Cv_Pmarinus_infection,Yes,1,6h_fed_vs_ctrl,No,0,
LOC111100633,baculoviral IAP repeat-containing protein 7-like,XP_022288420.1,3,Yes,1,fam90_vs_fam120,No,0,,Yes,1,Cv_Pmarinus_infection,Yes,1,36h_fed_vs_inj,No,0,
LOC111100843,uncharacterized protein LOC111100843 isoform X1,XP_022288663.1,3,Yes,3,fam90_vs_fam120; fam90_vs_fam84; fam90_vs_fam89,No,0,,Yes,1,Cv_Pmarinus_infection,Yes,1,6h_fed_vs_ctrl,No,0,
LOC111103270,baculoviral IAP repeat-containing protein 3-like isoform X1,XP_022292108.1,3,Yes,2,fam90_vs_fam84; fam90_vs_fam89,No,0,,Yes,1,Cv_Pmarinus_infection,Yes,3,28d_fed_vs_inj; 6h_fed_vs_ctrl; 7d_fed_vs_inj,No,0,
LOC111104250,semaphorin-5A-like,XP_022293804.1,3,Yes,1,fam90_vs_fam120,No,0,,Yes,1,Cv_Pmarinus_infection,Yes,1,28d_fed_vs_inj,No,0,
LOC111104525,uncharacterized protein LOC111104525,XP_022294234.1,3,Yes,2,fam90_vs_fam84; fam90_vs_fam89,No,0,,Yes,1,Cv_Pmarinus_infection,Yes,1,36h_fed_vs_inj,No,0,
LOC111106038,uncharacterized protein LOC111106038,XP_022296261.1,3,Yes,3,fam90_vs_fam120; fam90_vs_fam84; fam90_vs_fam89,No,0,,Yes,1,Cv_Pmarinus_infection,Yes,1,7d_fed_vs_inj,No,0,
LOC111106874,uncharacterized protein LOC111106874 isoform X5,XP_022297444.1,3,Yes,1,fam90_vs_fam89,No,0,,Yes,1,Cv_Pmarinus_infection,Yes,1,28d_fed_vs_inj,No,0,
LOC111108100,ryncolin-1-like,XP_022299376.1,3,Yes,1,fam90_vs_fam120,No,0,,Yes,1,Cv_Pmarinus_infection,Yes,1,28d_fed_vs_inj,No,0,
LOC111109688,complement C1q subcomponent subunit B-like,XP_022301614.1,3,Yes,3,fam90_vs_fam120; fam90_vs_fam84; fam90_vs_fam89,No,0,,Yes,1,Cv_Pmarinus_infection,Yes,1,7d_fed_vs_inj,No,0,
LOC111111879,cytochrome P450 3A11-like isoform X1,XP_022304768.1,3,Yes,1,fam90_vs_fam120,No,0,,Yes,1,Cv_Pmarinus_infection,Yes,1,6h_fed_vs_ctrl,No,0,
LOC111120907,"myosin heavy chain, striated muscle-like isoform X3",XP_022317644.1,3,Yes,2,fam90_vs_fam120; fam90_vs_fam89,No,0,,No,0,,Yes,2,28d_fed_vs_inj; 6h_fed_vs_ctrl,Yes,1,susceptible_fam242_36h_28d
LOC111121115,phytanoyl-CoA dioxygenase domain-containing protein 1-like,XP_022317952.1,3,No,0,,Yes,1,Pmarinus_infection,Yes,1,Cv_Pmarinus_infection,Yes,1,28d_fed_vs_inj,No,0,
LOC111126421,tetraspanin-9-like,XP_022326766.1,3,Yes,1,fam90_vs_fam89,No,0,,No,0,,Yes,1,28d_fed_vs_inj,Yes,1,susceptible_fam242_36h_28d
LOC111128494,legumain-like isoform X3,XP_022329821.1,3,Yes,1,fam90_vs_fam89,No,0,,Yes,1,Cv_Pmarinus_infection,Yes,1,36h_fed_vs_inj,No,0,
LOC111130369,uncharacterized protein LOC111130369 isoform X2,XP_022333084.1,3,Yes,2,fam90_vs_fam120; fam90_vs_fam89,No,0,,Yes,1,Cv_Pmarinus_infection,Yes,2,28d_fed_vs_inj; 6h_fed_vs_ctrl,No,0,
LOC111134931,uncharacterized protein LOC111134931,XP_022340231.1,3,Yes,1,fam90_vs_fam89,No,0,,Yes,1,Cv_Pmarinus_infection,Yes,1,28d_fed_vs_inj,No,0,
LOC111135695,TNF receptor-associated factor 4-like isoform X1,XP_022341685.1,3,Yes,2,fam90_vs_fam84; fam90_vs_fam89,No,0,,Yes,1,Cv_Pmarinus_infection,Yes,1,28d_fed_vs_inj,No,0,
LOC111099064,poly(U)-specific endoribonuclease-like,XP_022286122.1,2,No,0,,No,0,,Yes,1,Cv_Pmarinus_infection,Yes,1,28d_fed_vs_inj,No,0,
LOC111099125,uncharacterized protein LOC111099125 isoform X3,XP_022286203.1,2,Yes,1,fam90_vs_fam120,No,0,,No,0,,Yes,1,7d_fed_vs_inj,No,0,
LOC111099217,multiple epidermal growth factor-like domains protein 6 isoform X1,XP_022286361.1,2,Yes,1,fam90_vs_fam120,No,0,,No,0,,Yes,1,36h_fed_vs_inj,No,0,
LOC111099222,chitinase domain-containing protein 1-like isoform X1,XP_022286364.1,2,Yes,3,fam90_vs_fam120; fam90_vs_fam84; fam90_vs_fam89,No,0,,No,0,,Yes,1,6h_fed_vs_ctrl,No,0,
LOC111099486,uncharacterized protein LOC111099486 isoform X2,XP_022286487.1,2,Yes,2,fam90_vs_fam120; fam90_vs_fam89,No,0,,No,0,,Yes,1,36h_fed_vs_inj,No,0,
LOC111099513,uncharacterized protein LOC111099513,XP_022286531.1,2,Yes,1,fam90_vs_fam89,No,0,,No,0,,Yes,1,6h_fed_vs_ctrl,No,0,
LOC111099526,uncharacterized protein LOC111099526,XP_022286546.1,2,Yes,2,fam90_vs_fam84; fam90_vs_fam89,No,0,,Yes,1,Cv_Pmarinus_infection,No,0,,No,0,
LOC111099583,uncharacterized protein LOC111099583,XP_022286611.1,2,Yes,1,fam90_vs_fam120,No,0,,No,0,,Yes,1,28d_fed_vs_inj,No,0,
LOC111099603,vacuolar protein sorting-associated protein 13A-like isoform X3,XP_022286652.1,2,Yes,1,fam90_vs_fam84,No,0,,No,0,,Yes,1,6h_fed_vs_ctrl,No,0,
LOC111099726,uncharacterized protein LOC111099726 isoform X1,XP_022286851.1,2,Yes,1,fam90_vs_fam89,No,0,,Yes,1,Cv_Pmarinus_infection,No,0,,No,0,
LOC111099746,multidrug resistance-associated protein 5-like isoform X2,XP_022286882.1,2,Yes,1,fam90_vs_fam120,No,0,,No,0,,Yes,1,6h_fed_vs_ctrl,No,0,
LOC111099776,tektin-2-like,XP_022286938.1,2,Yes,2,fam90_vs_fam84; fam90_vs_fam89,No,0,,No,0,,Yes,1,28d_fed_vs_inj,No,0,
LOC111099931,uncharacterized protein LOC111099931,XP_022287167.1,2,Yes,1,fam90_vs_fam89,No,0,,No,0,,Yes,1,6h_fed_vs_ctrl,No,0,
LOC111099993,uncharacterized protein LOC111099993 isoform X1,XP_022287252.1,2,Yes,1,fam90_vs_fam120,No,0,,No,0,,Yes,1,28d_fed_vs_inj,No,0,
LOC111099995,acetyl-CoA carboxylase-like isoform X1,XP_022287255.1,2,Yes,2,fam90_vs_fam84; fam90_vs_fam89,No,0,,No,0,,Yes,1,36h_fed_vs_inj,No,0,
LOC111100020,GTPase IMAP family member 7-like isoform X2,XP_022287294.1,2,Yes,2,fam90_vs_fam84; fam90_vs_fam89,No,0,,No,0,,Yes,1,6h_fed_vs_ctrl,No,0,
LOC111100061,uncharacterized protein LOC111100061,XP_022287361.1,2,Yes,1,fam90_vs_fam120,No,0,,Yes,1,Cv_Pmarinus_infection,No,0,,No,0,
LOC111100079,hemicentin-1-like isoform X3,XP_022287391.1,2,Yes,2,fam90_vs_fam84; fam90_vs_fam89,No,0,,Yes,1,Cv_Pmarinus_infection,No,0,,No,0,
LOC111100086,uncharacterized protein LOC111100086,XP_022287402.1,2,Yes,2,fam90_vs_fam84; fam90_vs_fam89,No,0,,No,0,,Yes,1,6h_fed_vs_ctrl,No,0,
LOC111100170,mucin-5AC-like,XP_022287529.1,2,Yes,1,fam90_vs_fam120,No,0,,No,0,,Yes,1,6h_fed_vs_ctrl,No,0,
LOC111100227,uncharacterized protein LOC111100227 isoform X2,XP_022287597.1,2,Yes,2,fam90_vs_fam84; fam90_vs_fam89,No,0,,No,0,,Yes,1,36h_fed_vs_inj,No,0,
LOC111100307,uncharacterized protein LOC111100307 isoform X1,XP_022287744.1,2,Yes,3,fam90_vs_fam120; fam90_vs_fam84; fam90_vs_fam89,No,0,,No,0,,Yes,1,36h_fed_vs_inj,No,0,
LOC111100362,uncharacterized protein LOC111100362 isoform X1,XP_022287838.1,2,Yes,2,fam90_vs_fam84; fam90_vs_fam89,No,0,,No,0,,Yes,1,28d_fed_vs_inj,No,0,
LOC111100398,putative glutamate synthase [NADPH] isoform X3,XP_022287922.1,2,Yes,2,fam90_vs_fam84; fam90_vs_fam89,No,0,,No,0,,Yes,2,28d_fed_vs_inj; 7d_fed_vs_inj,No,0,
LOC111100408,baculoviral IAP repeat-containing protein 2-like,XP_022287977.1,2,Yes,1,fam90_vs_fam89,No,0,,Yes,1,Cv_Pmarinus_infection,No,0,,No,0,
LOC111100426,far upstream element-binding protein 1-like isoform X2,XP_022288019.1,2,Yes,1,fam90_vs_fam120,No,0,,No,0,,Yes,1,28d_fed_vs_inj,No,0,
LOC111100432,baculoviral IAP repeat-containing protein 7-A-like,XP_022288031.1,2,Yes,3,fam90_vs_fam120; fam90_vs_fam84; fam90_vs_fam89,No,0,,Yes,1,Cv_Pmarinus_infection,No,0,,No,0,
LOC111100443,baculoviral IAP repeat-containing protein 3-like isoform X2,XP_022288056.1,2,Yes,1,fam90_vs_fam84,No,0,,Yes,1,Cv_Pmarinus_infection,No,0,,No,0,
LOC111100506,uncharacterized protein LOC111100506,XP_022288162.1,2,Yes,3,fam90_vs_fam120; fam90_vs_fam84; fam90_vs_fam89,No,0,,No,0,,Yes,1,6h_fed_vs_ctrl,No,0,
LOC111100527,uncharacterized protein LOC111100527,XP_022288207.1,2,No,0,,No,0,,Yes,1,Cv_Pmarinus_infection,Yes,1,7d_fed_vs_inj,No,0,
LOC111100548,uncharacterized protein LOC111100548 isoform X2,XP_022288234.1,2,Yes,3,fam90_vs_fam120; fam90_vs_fam84; fam90_vs_fam89,No,0,,No,0,,Yes,1,6h_fed_vs_ctrl,No,0,
LOC111100571,protein DGCR6-like isoform X2,XP_022288294.1,2,Yes,3,fam90_vs_fam120; fam90_vs_fam84; fam90_vs_fam89,No,0,,No,0,,Yes,1,36h_fed_vs_inj,No,0,
LOC111100582,lysine-specific demethylase 3B-like isoform X1,XP_022288326.1,2,Yes,2,fam90_vs_fam84; fam90_vs_fam89,No,0,,No,0,,Yes,1,28d_fed_vs_inj,No,0,
LOC111100803,uncharacterized protein LOC111100803,XP_022288629.1,2,Yes,1,fam90_vs_fam84,No,0,,No,0,,Yes,1,28d_fed_vs_inj,No,0,
LOC111100804,"beta-1,3-glucan-binding protein-like",XP_022288633.1,2,Yes,2,fam90_vs_fam120; fam90_vs_fam84,No,0,,Yes,1,Cv_Pmarinus_infection,No,0,,No,0,
LOC111100993,uncharacterized protein LOC111100993 isoform X2,XP_022288901.1,2,Yes,1,fam90_vs_fam84,No,0,,No,0,,Yes,1,7d_fed_vs_inj,No,0,
LOC111101070,zinc finger BED domain-containing protein 1-like,XP_022289058.1,2,Yes,1,fam90_vs_fam120,No,0,,Yes,1,Cv_Pmarinus_infection,No,0,,No,0,
LOC111101163,uncharacterized protein LOC111101163 isoform X2,XP_022289219.1,2,Yes,2,fam90_vs_fam84; fam90_vs_fam89,No,0,,Yes,1,Cv_Pmarinus_infection,No,0,,No,0,
LOC111101175,proline-rich transmembrane protein 1-like,XP_022289250.1,2,Yes,1,fam90_vs_fam89,No,0,,No,0,,Yes,1,36h_fed_vs_inj,No,0,
LOC111101179,uncharacterized protein LOC111101179,XP_022289256.1,2,Yes,1,fam90_vs_fam89,No,0,,Yes,1,Cv_Pmarinus_infection,No,0,,No,0,
LOC111101217,uncharacterized protein LOC111101217,XP_022289329.1,2,Yes,1,fam90_vs_fam120,No,0,,Yes,1,Cv_Pmarinus_infection,No,0,,No,0,
LOC111101301,uncharacterized protein LOC111101301,XP_022289453.1,2,Yes,3,fam90_vs_fam120; fam90_vs_fam84; fam90_vs_fam89,No,0,,Yes,1,Cv_Pmarinus_infection,No,0,,No,0,
LOC111101316,uncharacterized protein LOC111101316,XP_022289471.1,2,No,0,,Yes,1,Pmarinus_infection,No,0,,Yes,1,28d_fed_vs_inj,No,0,
LOC111101370,uncharacterized protein LOC111101370 isoform X1,XP_022289540.1,2,No,0,,No,0,,Yes,1,Cv_Pmarinus_infection,Yes,1,6h_fed_vs_ctrl,No,0,
LOC111101379,calmodulin-like,XP_022289560.1,2,Yes,1,fam90_vs_fam120,No,0,,Yes,1,Cv_Pmarinus_infection,No,0,,No,0,
LOC111101418,uncharacterized protein LOC111101418 isoform X1,XP_022289610.1,2,Yes,1,fam90_vs_fam89,No,0,,Yes,1,Cv_Pmarinus_infection,No,0,,No,0,
LOC111101491,peroxidase-like protein 3,XP_022289717.1,2,Yes,1,fam90_vs_fam89,No,0,,Yes,1,Cv_Pmarinus_infection,No,0,,No,0,
LOC111101544,mucin-2-like isoform X2,XP_022289777.1,2,Yes,3,fam90_vs_fam120; fam90_vs_fam84; fam90_vs_fam89,No,0,,Yes,1,Cv_Pmarinus_infection,No,0,,No,0,
LOC111101695,uncharacterized protein LOC111101695 isoform X1,XP_022289987.1,2,Yes,2,fam90_vs_fam120; fam90_vs_fam89,No,0,,No,0,,Yes,1,6h_fed_vs_ctrl,No,0,
LOC111101759,uncharacterized protein LOC111101759 isoform X1,XP_022290066.1,2,Yes,3,fam90_vs_fam120; fam90_vs_fam84; fam90_vs_fam89,No,0,,Yes,1,Cv_Pmarinus_infection,No,0,,No,0,
LOC111101775,peptidoglycan-recognition protein SC2-like,XP_022290086.1,2,Yes,2,fam90_vs_fam84; fam90_vs_fam89,No,0,,Yes,1,Cv_Pmarinus_infection,No,0,,No,0,
LOC111101781,tripartite motif-containing protein 2-like isoform X1,XP_022290092.1,2,Yes,2,fam90_vs_fam120; fam90_vs_fam84,No,0,,Yes,1,Cv_Pmarinus_infection,No,0,,No,0,
LOC111101829,uncharacterized protein LOC111101829,XP_022290155.1,2,Yes,3,fam90_vs_fam120; fam90_vs_fam84; fam90_vs_fam89,No,0,,Yes,1,Cv_Pmarinus_infection,No,0,,No,0,
LOC111102020,ABC transporter G family member 22-like,XP_022290386.1,2,Yes,1,fam90_vs_fam89,No,0,,No,0,,Yes,1,6h_fed_vs_ctrl,No,0,
LOC111102281,uncharacterized protein LOC111102281 isoform X3,XP_022290660.1,2,Yes,2,fam90_vs_fam84; fam90_vs_fam89,No,0,,No,0,,Yes,1,7d_fed_vs_inj,No,0,
LOC111102339,probable E3 ubiquitin-protein ligase MID2 isoform X1,XP_022290716.1,2,Yes,2,fam90_vs_fam120; fam90_vs_fam89,No,0,,No,0,,Yes,1,6h_fed_vs_ctrl,No,0,
LOC111102361,rho GTPase-activating protein 20-like isoform X4,XP_022290751.1,2,Yes,1,fam90_vs_fam84,No,0,,No,0,,Yes,1,36h_fed_vs_inj,No,0,
LOC111102397,uncharacterized protein LOC111102397 isoform X1,XP_022290810.1,2,Yes,3,fam90_vs_fam120; fam90_vs_fam84; fam90_vs_fam89,No,0,,No,0,,Yes,1,6h_fed_vs_ctrl,No,0,
LOC111102435,uncharacterized protein LOC111102435 isoform X1,XP_022290887.1,2,Yes,3,fam90_vs_fam120; fam90_vs_fam84; fam90_vs_fam89,No,0,,No,0,,Yes,1,6h_fed_vs_ctrl,No,0,
LOC111102541,ubiquitin carboxyl-terminal hydrolase 25-like isoform X2,XP_022291043.1,2,Yes,2,fam90_vs_fam120; fam90_vs_fam89,No,0,,Yes,1,Cv_Pmarinus_infection,No,0,,No,0,
LOC111102582,heat shock 70 kDa protein 12A-like isoform X1,XP_022291092.1,2,Yes,1,fam90_vs_fam89,No,0,,No,0,,Yes,1,6h_fed_vs_ctrl,No,0,
LOC111102685,dynein light chain Tctex-type 1,XP_022291240.1,2,Yes,2,fam90_vs_fam84; fam90_vs_fam89,No,0,,No,0,,Yes,1,28d_fed_vs_inj,No,0,
LOC111102730,uncharacterized protein LOC111102730 isoform X2,XP_022291299.1,2,Yes,1,fam90_vs_fam120,No,0,,Yes,1,Cv_Pmarinus_infection,No,0,,No,0,
LOC111102943,"UPF0160 protein MYG1, mitochondrial-like",XP_022291607.1,2,Yes,2,fam90_vs_fam120; fam90_vs_fam84,No,0,,No,0,,Yes,1,7d_fed_vs_inj,No,0,
LOC111102993,uncharacterized protein LOC111102993,XP_022291669.1,2,Yes,1,fam90_vs_fam120,No,0,,Yes,1,Cv_Pmarinus_infection,No,0,,No,0,
LOC111103124,ubiquitin carboxyl-terminal hydrolase 16-like,XP_022291871.1,2,Yes,1,fam90_vs_fam89,No,0,,No,0,,Yes,1,6h_fed_vs_ctrl,No,0,
LOC111103132,uncharacterized protein LOC111103132,XP_022291881.1,2,Yes,2,fam90_vs_fam120; fam90_vs_fam89,No,0,,Yes,1,Cv_Pmarinus_infection,No,0,,No,0,
LOC111103185,heat shock 70 kDa protein 12A-like,XP_022291963.1,2,Yes,1,fam90_vs_fam89,No,0,,No,0,,Yes,1,6h_fed_vs_ctrl,No,0,
LOC111103190,polyphosphoinositide phosphatase-like isoform X2,XP_022291969.1,2,Yes,1,fam90_vs_fam89,No,0,,No,0,,Yes,1,6h_fed_vs_ctrl,No,0,
LOC111103370,synaptotagmin-1-like isoform X3,XP_022292299.1,2,Yes,1,fam90_vs_fam89,No,0,,No,0,,No,0,,Yes,1,susceptible_fam242_36h_28d
LOC111103658,uncharacterized protein LOC111103658 isoform X2,XP_022292780.1,2,Yes,1,fam90_vs_fam89,No,0,,No,0,,Yes,1,6h_fed_vs_ctrl,No,0,
LOC111103811,uncharacterized protein LOC111103811 isoform X1,XP_022293014.1,2,Yes,1,fam90_vs_fam84,No,0,,No,0,,Yes,1,36h_fed_vs_inj,No,0,
LOC111103999,uncharacterized protein LOC111103999,XP_022293394.1,2,Yes,1,fam90_vs_fam89,No,0,,Yes,1,Cv_Pmarinus_infection,No,0,,No,0,
LOC111104000,uncharacterized protein LOC111104000,XP_022293395.1,2,Yes,1,fam90_vs_fam89,No,0,,Yes,1,Cv_Pmarinus_infection,No,0,,No,0,
LOC111104061,E3 ubiquitin-protein ligase rnf213-alpha-like isoform X2,XP_022293483.1,2,Yes,1,fam90_vs_fam84,No,0,,No,0,,Yes,1,7d_fed_vs_inj,No,0,
LOC111104116,uncharacterized protein LOC111104116 isoform X4,XP_022293590.1,2,Yes,1,fam90_vs_fam84,No,0,,No,0,,Yes,2,36h_fed_vs_inj; 7d_fed_vs_inj,No,0,
LOC111104208,uncharacterized protein LOC111104208 isoform X1,XP_022293751.1,2,Yes,2,fam90_vs_fam120; fam90_vs_fam89,No,0,,Yes,1,Cv_Pmarinus_infection,No,0,,No,0,
LOC111104238,toll-like receptor 6,XP_022293788.1,2,Yes,1,fam90_vs_fam89,No,0,,Yes,1,Cv_Pmarinus_infection,No,0,,No,0,
LOC111104349,uncharacterized protein LOC111104349 isoform X2,XP_022293955.1,2,Yes,3,fam90_vs_fam120; fam90_vs_fam84; fam90_vs_fam89,No,0,,No,0,,Yes,1,6h_fed_vs_ctrl,No,0,
LOC111104370,uncharacterized protein LOC111104370,XP_022293986.1,2,Yes,1,fam90_vs_fam89,No,0,,Yes,1,Cv_Pmarinus_infection,No,0,,No,0,
LOC111104421,sine oculis-binding protein homolog isoform X1,XP_022294062.1,2,Yes,1,fam90_vs_fam89,No,0,,No,0,,Yes,1,36h_fed_vs_inj,No,0,
LOC111104467,uncharacterized protein LOC111104467 isoform X1,XP_022294151.1,2,Yes,1,fam90_vs_fam84,No,0,,Yes,1,Cv_Pmarinus_infection,No,0,,No,0,
LOC111104612,uncharacterized protein LOC111104612,XP_022294346.1,2,No,0,,No,0,,Yes,1,Cv_Pmarinus_infection,Yes,1,7d_fed_vs_inj,No,0,
LOC111104674,uncharacterized protein LOC111104674 isoform X2,XP_022294450.1,2,Yes,2,fam90_vs_fam84; fam90_vs_fam89,No,0,,Yes,1,Cv_Pmarinus_infection,No,0,,No,0,
LOC111104797,basic salivary proline-rich protein 2-like,XP_022294643.1,2,No,0,,No,0,,Yes,1,Cv_Pmarinus_infection,Yes,1,6h_fed_vs_ctrl,No,0,
LOC111104835,centaurin-gamma-1A-like isoform X9,XP_022294696.1,2,Yes,3,fam90_vs_fam120; fam90_vs_fam84; fam90_vs_fam89,No,0,,No,0,,Yes,1,28d_fed_vs_inj,No,0,
LOC111104912,caspase-8-like,XP_022294791.1,2,Yes,3,fam90_vs_fam120; fam90_vs_fam84; fam90_vs_fam89,No,0,,No,0,,Yes,1,6h_fed_vs_ctrl,No,0,
LOC111105157,baculoviral IAP repeat-containing protein 3-like,XP_022295036.1,2,Yes,1,fam90_vs_fam89,No,0,,Yes,1,Cv_Pmarinus_infection,No,0,,No,0,
LOC111105259,techylectin-5B-like isoform X1,XP_022295146.1,2,Yes,3,fam90_vs_fam120; fam90_vs_fam84; fam90_vs_fam89,No,0,,Yes,1,Cv_Pmarinus_infection,No,0,,No,0,
LOC111105260,ryncolin-1-like,XP_022295148.1,2,Yes,2,fam90_vs_fam120; fam90_vs_fam89,No,0,,Yes,1,Cv_Pmarinus_infection,No,0,,No,0,
LOC111105272,uncharacterized protein LOC111105272,XP_022295162.1,2,Yes,1,fam90_vs_fam89,No,0,,Yes,1,Cv_Pmarinus_infection,No,0,,No,0,
LOC111105311,complement C1q-like protein 3,XP_022295233.1,2,Yes,1,fam90_vs_fam84,No,0,,Yes,1,Cv_Pmarinus_infection,No,0,,No,0,
LOC111105336,GTPase IMAP family member 4-like,XP_022295282.1,2,Yes,1,fam90_vs_fam89,No,0,,Yes,1,Cv_Pmarinus_infection,No,0,,No,0,
LOC111105338,ficolin-1-like,XP_022295285.1,2,Yes,1,fam90_vs_fam84,No,0,,Yes,1,Cv_Pmarinus_infection,No,0,,No,0,
LOC111105509,uncharacterized protein LOC111105509 isoform X3,XP_022295549.1,2,Yes,1,fam90_vs_fam89,No,0,,No,0,,Yes,1,6h_fed_vs_ctrl,No,0,
LOC111105516,E3 ubiquitin-protein ligase arih1-like,XP_022295569.1,2,Yes,1,fam90_vs_fam89,No,0,,Yes,1,Cv_Pmarinus_infection,No,0,,No,0,
LOC111105635,uncharacterized protein LOC111105635,XP_022295718.1,2,Yes,1,fam90_vs_fam84,No,0,,No,0,,Yes,2,6h_fed_vs_ctrl; 7d_fed_vs_inj,No,0,
LOC111105761,uncharacterized protein LOC111105761,XP_022295850.1,2,Yes,1,fam90_vs_fam120,No,0,,Yes,1,Cv_Pmarinus_infection,No,0,,No,0,
LOC111105826,protein SSUH2 homolog,XP_022295940.1,2,Yes,1,fam90_vs_fam89,No,0,,No,0,,Yes,1,28d_fed_vs_inj,No,0,
LOC111106267,interferon-induced protein 44-like,XP_022296583.1,2,Yes,3,fam90_vs_fam120; fam90_vs_fam84; fam90_vs_fam89,No,0,,Yes,1,Cv_Pmarinus_infection,No,0,,No,0,
LOC111106355,tyramine beta-hydroxylase-like isoform X2,XP_022296718.1,2,Yes,2,fam90_vs_fam84; fam90_vs_fam89,No,0,,No,0,,Yes,1,28d_fed_vs_inj,No,0,
LOC111106385,uncharacterized protein LOC111106385 isoform X1,XP_022296748.1,2,Yes,1,fam90_vs_fam120,No,0,,Yes,1,Cv_Pmarinus_infection,No,0,,No,0,
LOC111106448,interaptin-like,XP_022296829.1,2,Yes,2,fam90_vs_fam120; fam90_vs_fam84,No,0,,Yes,1,Cv_Pmarinus_infection,No,0,,No,0,
LOC111106726,baculoviral IAP repeat-containing protein 2-like isoform X2,XP_022297223.1,2,Yes,1,fam90_vs_fam120,No,0,,Yes,1,Cv_Pmarinus_infection,No,0,,No,0,
LOC111106740,probable transcription-associated protein 1,XP_022297243.1,2,Yes,1,fam90_vs_fam120,No,0,,No,0,,Yes,1,28d_fed_vs_inj,No,0,
LOC111106812,uncharacterized protein LOC111106812 isoform X1,XP_022297343.1,2,Yes,2,fam90_vs_fam84; fam90_vs_fam89,No,0,,No,0,,Yes,1,6h_fed_vs_ctrl,No,0,
LOC111106954,mesoderm-specific transcript protein-like,XP_022297556.1,2,Yes,2,fam90_vs_fam84; fam90_vs_fam89,No,0,,No,0,,Yes,1,36h_fed_vs_inj,No,0,
LOC111107104,uncharacterized protein LOC111107104 isoform X2,XP_022297791.1,2,Yes,3,fam90_vs_fam120; fam90_vs_fam84; fam90_vs_fam89,No,0,,No,0,,Yes,1,6h_fed_vs_ctrl,No,0,
LOC111107173,macrophage-expressed gene 1 protein-like,XP_022297922.1,2,Yes,1,fam90_vs_fam84,No,0,,Yes,1,Cv_Pmarinus_infection,No,0,,No,0,
LOC111107506,neurogenic locus notch homolog protein 1-like,XP_022298437.1,2,Yes,1,fam90_vs_fam120,No,0,,No,0,,Yes,1,28d_fed_vs_inj,No,0,
LOC111108043,regulator of nonsense transcripts 2-like isoform X1,XP_022299238.1,2,Yes,2,fam90_vs_fam84; fam90_vs_fam89,No,0,,No,0,,Yes,1,36h_fed_vs_inj,No,0,
LOC111108045,uncharacterized protein LOC111108045 isoform X1,XP_022299242.1,2,Yes,3,fam90_vs_fam120; fam90_vs_fam84; fam90_vs_fam89,No,0,,Yes,1,Cv_Pmarinus_infection,No,0,,No,0,
LOC111108086,plasma membrane calcium-transporting ATPase 2-like isoform X9,XP_022299316.1,2,Yes,2,fam90_vs_fam84; fam90_vs_fam89,No,0,,No,0,,Yes,1,28d_fed_vs_inj,No,0,
LOC111108097,ryncolin-1-like isoform X2,XP_022299374.1,2,No,0,,No,0,,Yes,1,Cv_Pmarinus_infection,Yes,1,28d_fed_vs_inj,No,0,
LOC111108124,IQ motif and SEC7 domain-containing protein 1-like isoform X5,XP_022299420.1,2,Yes,3,fam90_vs_fam120; fam90_vs_fam84; fam90_vs_fam89,No,0,,No,0,,Yes,1,28d_fed_vs_inj,No,0,
LOC111108197,SCO-spondin-like isoform X4,XP_022299573.1,2,Yes,1,fam90_vs_fam89,No,0,,No,0,,Yes,1,6h_fed_vs_ctrl,No,0,
LOC111108260,kunitz-type serine protease inhibitor A-like,XP_022299732.1,2,Yes,1,fam90_vs_fam84,No,0,,Yes,1,Cv_Pmarinus_infection,No,0,,No,0,
LOC111108469,uncharacterized protein LOC111108469,XP_022300084.1,2,Yes,3,fam90_vs_fam120; fam90_vs_fam84; fam90_vs_fam89,No,0,,No,0,,Yes,1,28d_fed_vs_inj,No,0,
LOC111108534,protein DENND6A-like isoform X2,XP_022300207.1,2,Yes,3,fam90_vs_fam120; fam90_vs_fam84; fam90_vs_fam89,No,0,,Yes,1,Cv_Pmarinus_infection,No,0,,No,0,
LOC111108588,uncharacterized protein LOC111108588,XP_022300281.1,2,No,0,,No,0,,Yes,1,Cv_Pmarinus_infection,Yes,1,7d_fed_vs_inj,No,0,
LOC111108644,uncharacterized protein LOC111108644 isoform X2,XP_022300357.1,2,Yes,2,fam90_vs_fam84; fam90_vs_fam89,No,0,,Yes,1,Cv_Pmarinus_infection,No,0,,No,0,
LOC111108645,uncharacterized protein LOC111108645 isoform X1,XP_022300361.1,2,Yes,2,fam90_vs_fam84; fam90_vs_fam89,No,0,,Yes,1,Cv_Pmarinus_infection,No,0,,No,0,
LOC111108650,heat shock 70 kDa protein 12A-like,XP_022300369.1,2,Yes,2,fam90_vs_fam120; fam90_vs_fam89,No,0,,Yes,1,Cv_Pmarinus_infection,No,0,,No,0,
LOC111108653,ras-like protein 3 isoform X3,XP_022300374.1,2,Yes,1,fam90_vs_fam120,No,0,,No,0,,Yes,3,28d_fed_vs_inj; 6h_fed_vs_ctrl; 7d_fed_vs_inj,No,0,
LOC111108768,interferon-induced protein 44-like,XP_022300536.1,2,Yes,1,fam90_vs_fam89,No,0,,Yes,1,Cv_Pmarinus_infection,No,0,,No,0,
LOC111108770,interferon-induced protein 44-like isoform X2,XP_022300548.1,2,Yes,2,fam90_vs_fam84; fam90_vs_fam89,No,0,,Yes,1,Cv_Pmarinus_infection,No,0,,No,0,
LOC111109526,uncharacterized protein LOC111109526 isoform X3,XP_022301394.1,2,Yes,1,fam90_vs_fam84,No,0,,No,0,,Yes,1,7d_fed_vs_inj,No,0,
LOC111109589,complement C1q tumor necrosis factor-related protein 3-like,XP_022301483.1,2,No,0,,Yes,1,Pmarinus_infection,Yes,1,Cv_Pmarinus_infection,No,0,,No,0,
LOC111110026,complement C1q tumor necrosis factor-related protein 3-like,XP_022302048.1,2,Yes,1,fam90_vs_fam84,No,0,,Yes,1,Cv_Pmarinus_infection,No,0,,No,0,
LOC111110248,uncharacterized protein LOC111110248,XP_022302368.1,2,Yes,1,fam90_vs_fam89,No,0,,No,0,,Yes,1,28d_fed_vs_inj,No,0,
LOC111110446,uncharacterized protein LOC111110446,XP_022302657.1,2,Yes,1,fam90_vs_fam120,No,0,,No,0,,Yes,1,36h_fed_vs_inj,No,0,
LOC111110489,complement C1q-like protein 3,XP_022302712.1,2,Yes,2,fam90_vs_fam84; fam90_vs_fam89,No,0,,Yes,1,Cv_Pmarinus_infection,No,0,,No,0,
LOC111110644,uncharacterized protein LOC111110644,XP_022302943.1,2,No,0,,No,0,,Yes,1,Cv_Pmarinus_infection,No,0,,Yes,1,resistant_fam266_36h_7d
LOC111110731,perlucin-like protein,XP_022303030.1,2,Yes,2,fam90_vs_fam120; fam90_vs_fam84,No,0,,Yes,1,Cv_Pmarinus_infection,No,0,,No,0,
LOC111110826,polyenoic fatty acid isomerase-like isoform X1,XP_022303161.1,2,Yes,1,fam90_vs_fam120,No,0,,No,0,,No,0,,Yes,1,resistant_fam266_36h_7d
LOC111110856,dnaJ homolog subfamily C member 28-like,XP_022303198.1,2,Yes,3,fam90_vs_fam120; fam90_vs_fam84; fam90_vs_fam89,No,0,,No,0,,Yes,1,28d_fed_vs_inj,No,0,
LOC111111019,uncharacterized protein LOC111111019 isoform X1,XP_022303457.1,2,Yes,1,fam90_vs_fam89,No,0,,Yes,1,Cv_Pmarinus_infection,No,0,,No,0,
LOC111111178,uncharacterized protein LOC111111178,XP_022303703.1,2,Yes,1,fam90_vs_fam89,No,0,,Yes,1,Cv_Pmarinus_infection,No,0,,No,0,
LOC111111289,uncharacterized protein LOC111111289 isoform X1,XP_022303872.1,2,Yes,2,fam90_vs_fam120; fam90_vs_fam89,No,0,,Yes,1,Cv_Pmarinus_infection,No,0,,No,0,
LOC111111464,hornerin-like isoform X2,XP_022304164.1,2,Yes,1,fam90_vs_fam89,No,0,,No,0,,Yes,1,28d_fed_vs_inj,No,0,
LOC111111471,delta-like protein A isoform X1,XP_022304174.1,2,Yes,1,fam90_vs_fam120,No,0,,Yes,1,Cv_Pmarinus_infection,No,0,,No,0,
LOC111111582,uncharacterized protein LOC111111582 isoform X1,XP_022304345.1,2,Yes,1,fam90_vs_fam84,No,0,,No,0,,Yes,1,7d_fed_vs_inj,No,0,
LOC111111616,potassium voltage-gated channel subfamily H member 7-like isoform X1,XP_022304402.1,2,Yes,2,fam90_vs_fam84; fam90_vs_fam89,No,0,,No,0,,Yes,1,7d_fed_vs_inj,No,0,
LOC111111800,uncharacterized protein LOC111111800,XP_022304656.1,2,Yes,1,fam90_vs_fam84,No,0,,Yes,1,Cv_Pmarinus_infection,No,0,,No,0,
LOC111112006,cubilin-like isoform X5,XP_022304951.1,2,Yes,2,fam90_vs_fam120; fam90_vs_fam89,No,0,,No,0,,Yes,1,28d_fed_vs_inj,No,0,
LOC111112066,perlucin-like protein,XP_022305075.1,2,Yes,3,fam90_vs_fam120; fam90_vs_fam84; fam90_vs_fam89,No,0,,Yes,1,Cv_Pmarinus_infection,No,0,,No,0,
LOC111112101,galactosylceramide sulfotransferase-like,XP_022305136.1,2,Yes,3,fam90_vs_fam120; fam90_vs_fam84; fam90_vs_fam89,No,0,,No,0,,Yes,1,28d_fed_vs_inj,No,0,
LOC111112173,uncharacterized protein LOC111112173 isoform X1,XP_022305262.1,2,Yes,1,fam90_vs_fam89,No,0,,Yes,1,Cv_Pmarinus_infection,No,0,,No,0,
LOC111112214,uncharacterized protein LOC111112214,XP_022305324.1,2,Yes,1,fam90_vs_fam89,No,0,,Yes,1,Cv_Pmarinus_infection,No,0,,No,0,
LOC111112352,loricrin-like isoform X5,XP_022305507.1,2,Yes,1,fam90_vs_fam120,No,0,,No,0,,Yes,1,7d_fed_vs_inj,No,0,
LOC111112400,extracellular tyrosine-protein kinase PKDCC-like,XP_022305579.1,2,Yes,1,fam90_vs_fam120,No,0,,No,0,,Yes,2,6h_fed_vs_ctrl; 7d_fed_vs_inj,No,0,
LOC111112466,MAM and LDL-receptor class A domain-containing protein 1-like isoform X1,XP_022305685.1,2,Yes,2,fam90_vs_fam84; fam90_vs_fam89,No,0,,Yes,1,Cv_Pmarinus_infection,No,0,,No,0,
LOC111112488,atrial natriuretic peptide-converting enzyme-like,XP_022305712.1,2,Yes,1,fam90_vs_fam89,No,0,,Yes,1,Cv_Pmarinus_infection,No,0,,No,0,
LOC111112606,fucolectin-4-like,XP_022305901.1,2,Yes,1,fam90_vs_fam120,No,0,,Yes,1,Cv_Pmarinus_infection,No,0,,No,0,
LOC111112614,uncharacterized protein LOC111112614 isoform X1,XP_022305932.1,2,Yes,2,fam90_vs_fam120; fam90_vs_fam84,No,0,,No,0,,Yes,1,28d_fed_vs_inj,No,0,
LOC111112624,glycoprotein-N-acetylgalactosamine 3-beta-galactosyltransferase 1-like isoform X1,XP_022305955.1,2,Yes,1,fam90_vs_fam89,No,0,,No,0,,Yes,1,28d_fed_vs_inj,No,0,
LOC111112629,uncharacterized protein LOC111112629 isoform X1,XP_022305972.1,2,Yes,2,fam90_vs_fam84; fam90_vs_fam89,No,0,,No,0,,Yes,1,6h_fed_vs_ctrl,No,0,
LOC111112657,uncharacterized protein LOC111112657 isoform X2,XP_022306051.1,2,Yes,1,fam90_vs_fam89,No,0,,No,0,,Yes,1,6h_fed_vs_ctrl,No,0,
LOC111112685,uncharacterized protein LOC111112685 isoform X4,XP_022306104.1,2,Yes,1,fam90_vs_fam89,No,0,,No,0,,Yes,1,28d_fed_vs_inj,No,0,
LOC111112731,protein FAM81A-like,XP_022306173.1,2,Yes,1,fam90_vs_fam89,No,0,,No,0,,Yes,1,28d_fed_vs_inj,No,0,
LOC111112775,uncharacterized protein LOC111112775 isoform X1,XP_022306266.1,2,Yes,1,fam90_vs_fam89,No,0,,Yes,1,Cv_Pmarinus_infection,No,0,,No,0,
LOC111112794,polypeptide N-acetylgalactosaminyltransferase 5-like isoform X1,XP_022306299.1,2,Yes,2,fam90_vs_fam120; fam90_vs_fam89,No,0,,No,0,,Yes,1,28d_fed_vs_inj,No,0,
LOC111112814,ryncolin-4-like,XP_022306349.1,2,Yes,1,fam90_vs_fam84,No,0,,Yes,1,Cv_Pmarinus_infection,No,0,,No,0,
LOC111112914,uncharacterized protein DDB_G0271670-like,XP_022306497.1,2,Yes,1,fam90_vs_fam84,No,0,,Yes,1,Cv_Pmarinus_infection,No,0,,No,0,
LOC111113056,uncharacterized protein LOC111113056 isoform X1,XP_022306717.1,2,Yes,3,fam90_vs_fam120; fam90_vs_fam84; fam90_vs_fam89,No,0,,No,0,,Yes,1,28d_fed_vs_inj,No,0,
LOC111113278,dipeptidase 1-like,XP_022307112.1,2,Yes,1,fam90_vs_fam120,No,0,,No,0,,Yes,2,36h_fed_vs_inj; 6h_fed_vs_ctrl,No,0,
LOC111113316,valine-rich protein-like isoform X4,XP_022307201.1,2,Yes,1,fam90_vs_fam120,No,0,,No,0,,No,0,,Yes,1,resistant_fam266_36h_7d
LOC111113366,polypeptide N-acetylgalactosaminyltransferase 1-like isoform X2,XP_022307305.1,2,Yes,1,fam90_vs_fam120,No,0,,No,0,,Yes,1,28d_fed_vs_inj,No,0,
LOC111113575,uncharacterized protein K02A2.6-like,XP_022307577.1,2,Yes,1,fam90_vs_fam89,No,0,,Yes,1,Cv_Pmarinus_infection,No,0,,No,0,
LOC111113576,uncharacterized protein K02A2.6-like,XP_022307578.1,2,Yes,1,fam90_vs_fam89,No,0,,Yes,1,Cv_Pmarinus_infection,No,0,,No,0,
LOC111113845,multiple epidermal growth factor-like domains protein 10,XP_022307845.1,2,Yes,1,fam90_vs_fam89,No,0,,Yes,1,Cv_Pmarinus_infection,No,0,,No,0,
LOC111114148,uncharacterized protein K02A2.6-like,XP_022308145.1,2,Yes,1,fam90_vs_fam84,No,0,,Yes,1,Cv_Pmarinus_infection,No,0,,No,0,
LOC111114681,caveolin-1-like,XP_022308809.1,2,Yes,2,fam90_vs_fam84; fam90_vs_fam89,No,0,,Yes,1,Cv_Pmarinus_infection,No,0,,No,0,
LOC111114717,uncharacterized protein LOC111114717,XP_022308862.1,2,Yes,2,fam90_vs_fam84; fam90_vs_fam89,No,0,,Yes,1,Cv_Pmarinus_infection,No,0,,No,0,
LOC111114836,tropomodulin-like isoform X2,XP_022309040.1,2,Yes,3,fam90_vs_fam120; fam90_vs_fam84; fam90_vs_fam89,No,0,,No,0,,Yes,1,6h_fed_vs_ctrl,No,0,
LOC111114926,uncharacterized protein LOC111114926 isoform X1,XP_022309184.1,2,Yes,1,fam90_vs_fam84,No,0,,No,0,,Yes,1,36h_fed_vs_inj,No,0,
LOC111114977,serine/arginine repetitive matrix protein 2-like isoform X1,XP_022309230.1,2,Yes,1,fam90_vs_fam89,No,0,,No,0,,Yes,1,36h_fed_vs_inj,No,0,
LOC111115119,uncharacterized protein LOC111115119,XP_022309439.1,2,Yes,1,fam90_vs_fam89,No,0,,Yes,1,Cv_Pmarinus_infection,No,0,,No,0,
LOC111115218,collagen alpha-1(VIII) chain-like,XP_022309586.1,2,Yes,1,fam90_vs_fam84,No,0,,Yes,1,Cv_Pmarinus_infection,No,0,,No,0,
LOC111115342,uncharacterized PE-PGRS family protein PE_PGRS54-like isoform X2,XP_022309747.1,2,Yes,3,fam90_vs_fam120; fam90_vs_fam84; fam90_vs_fam89,No,0,,No,0,,Yes,1,28d_fed_vs_inj,No,0,
LOC111115384,cysteine dioxygenase type 1-like,XP_022309808.1,2,Yes,2,fam90_vs_fam120; fam90_vs_fam89,No,0,,Yes,1,Cv_Pmarinus_infection,No,0,,No,0,
LOC111115403,uncharacterized protein LOC111115403,XP_022309831.1,2,Yes,1,fam90_vs_fam84,No,0,,No,0,,No,0,,Yes,1,resistant_fam266_36h_7d
LOC111115493,complement C1q-like protein 3,XP_022309958.1,2,No,0,,No,0,,Yes,1,Cv_Pmarinus_infection,Yes,1,28d_fed_vs_inj,No,0,
LOC111115653,uncharacterized protein LOC111115653,XP_022310183.1,2,Yes,2,fam90_vs_fam84; fam90_vs_fam89,No,0,,Yes,1,Cv_Pmarinus_infection,No,0,,No,0,
LOC111115723,uncharacterized protein LOC111115723,XP_022310267.1,2,Yes,1,fam90_vs_fam89,No,0,,Yes,1,Cv_Pmarinus_infection,No,0,,No,0,
LOC111115769,furin-like protease kpc-1 isoform X2,XP_022310316.1,2,Yes,1,fam90_vs_fam84,No,0,,No,0,,Yes,1,28d_fed_vs_inj,No,0,
LOC111115888,tripartite motif-containing protein 45-like,XP_022310496.1,2,Yes,2,fam90_vs_fam84; fam90_vs_fam89,No,0,,Yes,1,Cv_Pmarinus_infection,No,0,,No,0,
LOC111115957,uncharacterized protein LOC111115957,XP_022310593.1,2,Yes,1,fam90_vs_fam89,No,0,,Yes,1,Cv_Pmarinus_infection,No,0,,No,0,
LOC111116003,interferon-induced protein 44-like isoform X1,XP_022310669.1,2,Yes,1,fam90_vs_fam84,No,0,,Yes,1,Cv_Pmarinus_infection,No,0,,No,0,
LOC111116042,kielin/chordin-like protein isoform X9,XP_022310717.1,2,Yes,1,fam90_vs_fam89,No,0,,No,0,,Yes,1,28d_fed_vs_inj,No,0,
LOC111116063,perlucin-like protein,XP_022310758.1,2,Yes,1,fam90_vs_fam120,No,0,,Yes,1,Cv_Pmarinus_infection,No,0,,No,0,
LOC111116128,ankyrin-1-like isoform X2,XP_022310830.1,2,Yes,1,fam90_vs_fam84,No,0,,Yes,1,Cv_Pmarinus_infection,No,0,,No,0,
LOC111116607,solute carrier organic anion transporter family member 4A1-like isoform X2,XP_022311347.1,2,Yes,3,fam90_vs_fam120; fam90_vs_fam84; fam90_vs_fam89,No,0,,No,0,,Yes,1,28d_fed_vs_inj,No,0,
LOC111116624,WD repeat-containing protein JIP5-like,XP_022311331.1,2,Yes,1,fam90_vs_fam120,No,0,,Yes,1,Cv_Pmarinus_infection,No,0,,No,0,
LOC111116629,uncharacterized protein LOC111116629 isoform X1,XP_022311335.1,2,Yes,1,fam90_vs_fam84,No,0,,No,0,,Yes,1,6h_fed_vs_ctrl,No,0,
LOC111116777,uncharacterized protein LOC111116777,XP_022311485.1,2,Yes,3,fam90_vs_fam120; fam90_vs_fam84; fam90_vs_fam89,No,0,,No,0,,Yes,1,36h_fed_vs_inj,No,0,
LOC111116792,multiple epidermal growth factor-like domains protein 10 isoform X1,XP_022311509.1,2,Yes,2,fam90_vs_fam120; fam90_vs_fam89,No,0,,Yes,1,Cv_Pmarinus_infection,No,0,,No,0,
LOC111116807,uncharacterized protein LOC111116807,XP_022311534.1,2,Yes,2,fam90_vs_fam120; fam90_vs_fam89,No,0,,No,0,,Yes,1,7d_fed_vs_inj,No,0,
LOC111116878,transient receptor potential cation channel subfamily M member 1-like,XP_022311634.1,2,Yes,1,fam90_vs_fam89,No,0,,Yes,1,Cv_Pmarinus_infection,No,0,,No,0,
LOC111116931,multiple epidermal growth factor-like domains protein 10 isoform X1,XP_022311697.1,2,Yes,1,fam90_vs_fam89,No,0,,Yes,1,Cv_Pmarinus_infection,No,0,,No,0,
LOC111117242,uncharacterized protein LOC111117242,XP_022312020.1,2,Yes,1,fam90_vs_fam89,No,0,,Yes,1,Cv_Pmarinus_infection,No,0,,No,0,
LOC111117323,uncharacterized protein LOC111117323 isoform X1,XP_022312094.1,2,Yes,3,fam90_vs_fam120; fam90_vs_fam84; fam90_vs_fam89,No,0,,Yes,1,Cv_Pmarinus_infection,No,0,,No,0,
LOC111117491,uncharacterized protein LOC111117491 isoform X2,XP_022312336.1,2,Yes,1,fam90_vs_fam89,No,0,,No,0,,Yes,1,28d_fed_vs_inj,No,0,
LOC111117571,BPTI/Kunitz domain-containing protein 4-like isoform X2,XP_022312430.1,2,Yes,1,fam90_vs_fam84,No,0,,Yes,1,Cv_Pmarinus_infection,No,0,,No,0,
LOC111117829,cis-aconitate decarboxylase-like,XP_022312773.1,2,No,0,,No,0,,Yes,1,Cv_Pmarinus_infection,No,0,,Yes,1,resistant_fam266_36h_7d
LOC111117943,uncharacterized protein LOC111117943,XP_022312892.1,2,Yes,1,fam90_vs_fam120,No,0,,Yes,1,Cv_Pmarinus_infection,No,0,,No,0,
LOC111118074,uncharacterized protein LOC111118074 isoform X2,XP_022313118.1,2,Yes,1,fam90_vs_fam89,No,0,,No,0,,Yes,1,6h_fed_vs_ctrl,No,0,
LOC111118097,EF-hand calcium-binding domain-containing protein 1-like,XP_022313112.1,2,Yes,1,fam90_vs_fam84,No,0,,Yes,1,Cv_Pmarinus_infection,No,0,,No,0,
LOC111118098,EF-hand calcium-binding domain-containing protein 1-like,XP_022313113.1,2,Yes,1,fam90_vs_fam84,No,0,,Yes,1,Cv_Pmarinus_infection,No,0,,No,0,
LOC111118239,myelin regulatory factor-like isoform X4,XP_022313296.1,2,Yes,2,fam90_vs_fam84; fam90_vs_fam89,No,0,,No,0,,Yes,1,6h_fed_vs_ctrl,No,0,
LOC111118242,prostaglandin E2 receptor EP4 subtype-like,XP_022313297.1,2,Yes,1,fam90_vs_fam89,No,0,,Yes,1,Cv_Pmarinus_infection,No,0,,No,0,
LOC111118278,platelet endothelial aggregation receptor 1-like isoform X3,XP_022313360.1,2,Yes,1,fam90_vs_fam120,No,0,,Yes,1,Cv_Pmarinus_infection,No,0,,No,0,
LOC111118720,tyrosine-protein phosphatase non-receptor type 7-like isoform X1,XP_022314014.1,2,Yes,1,fam90_vs_fam84,No,0,,Yes,1,Cv_Pmarinus_infection,No,0,,No,0,
LOC111118856,tripartite motif-containing protein 2-like,XP_022314247.1,2,Yes,3,fam90_vs_fam120; fam90_vs_fam84; fam90_vs_fam89,No,0,,Yes,1,Cv_Pmarinus_infection,No,0,,No,0,
LOC111119119,uncharacterized protein LOC111119119,XP_022314687.1,2,Yes,1,fam90_vs_fam89,No,0,,No,0,,Yes,1,6h_fed_vs_ctrl,No,0,
LOC111119129,probable thiopurine S-methyltransferase,XP_022314693.1,2,Yes,1,fam90_vs_fam84,No,0,,Yes,1,Cv_Pmarinus_infection,No,0,,No,0,
LOC111119220,ATP-binding cassette sub-family G member 2-like isoform X2,XP_022314882.1,2,Yes,1,fam90_vs_fam89,No,0,,No,0,,Yes,1,6h_fed_vs_ctrl,No,0,
LOC111119367,uncharacterized protein LOC111119367 isoform X1,XP_022315167.1,2,Yes,2,fam90_vs_fam120; fam90_vs_fam89,No,0,,No,0,,Yes,1,6h_fed_vs_ctrl,No,0,
LOC111119467,uncharacterized protein LOC111119467 isoform X1,XP_022315368.1,2,Yes,1,fam90_vs_fam89,No,0,,No,0,,Yes,1,7d_fed_vs_inj,No,0,
LOC111119512,heat shock protein 70 B2-like,XP_022315428.1,2,No,0,,No,0,,Yes,1,Cv_Pmarinus_infection,Yes,1,6h_fed_vs_ctrl,No,0,
LOC111119559,uncharacterized protein LOC111119559 isoform X2,XP_022315526.1,2,Yes,2,fam90_vs_fam120; fam90_vs_fam89,No,0,,No,0,,Yes,1,28d_fed_vs_inj,No,0,
LOC111119690,uncharacterized protein LOC111119690,XP_022315819.1,2,Yes,1,fam90_vs_fam89,No,0,,No,0,,Yes,1,7d_fed_vs_inj,No,0,
LOC111119785,U4/U6 small nuclear ribonucleoprotein Prp31-like,XP_022315979.1,2,Yes,1,fam90_vs_fam89,No,0,,No,0,,Yes,1,36h_fed_vs_inj,No,0,
LOC111119893,transcription factor kayak-like isoform X2,XP_022316169.1,2,Yes,1,fam90_vs_fam120,No,0,,No,0,,Yes,2,36h_fed_vs_inj; 6h_fed_vs_ctrl,No,0,
LOC111120009,uncharacterized protein C1orf228 homolog isoform X1,XP_022316328.1,2,Yes,1,fam90_vs_fam84,No,0,,No,0,,Yes,1,6h_fed_vs_ctrl,No,0,
LOC111120021,uncharacterized protein LOC111120021,XP_022316362.1,2,Yes,1,fam90_vs_fam120,No,0,,Yes,1,Cv_Pmarinus_infection,No,0,,No,0,
LOC111120042,LOW QUALITY PROTEIN: hemicentin-2-like,XP_022316395.1,2,Yes,1,fam90_vs_fam89,No,0,,Yes,1,Cv_Pmarinus_infection,No,0,,No,0,
LOC111120068,cytosolic endo-beta-N-acetylglucosaminidase-like isoform X1,XP_022316427.1,2,Yes,1,fam90_vs_fam89,No,0,,No,0,,Yes,1,6h_fed_vs_ctrl,No,0,
LOC111120310,LOW QUALITY PROTEIN: adenosine deaminase 2-like,XP_022316746.1,2,Yes,1,fam90_vs_fam120,No,0,,Yes,1,Cv_Pmarinus_infection,No,0,,No,0,
LOC111120510,uncharacterized protein LOC111120510,XP_022316974.1,2,Yes,2,fam90_vs_fam120; fam90_vs_fam89,No,0,,Yes,1,Cv_Pmarinus_infection,No,0,,No,0,
LOC111120524,uncharacterized protein LOC111120524 isoform X3,XP_022317011.1,2,Yes,1,fam90_vs_fam84,No,0,,No,0,,Yes,1,36h_fed_vs_inj,No,0,
LOC111120559,annexin A7-like isoform X2,XP_022317069.1,2,Yes,1,fam90_vs_fam89,No,0,,No,0,,Yes,1,28d_fed_vs_inj,No,0,
LOC111120666,glutathione peroxidase-like isoform X1,XP_022317269.1,2,No,0,,No,0,,Yes,1,Cv_Pmarinus_infection,Yes,1,6h_fed_vs_ctrl,No,0,
LOC111120791,hippocalcin-like protein 4,XP_022317468.1,2,Yes,3,fam90_vs_fam120; fam90_vs_fam84; fam90_vs_fam89,No,0,,No,0,,Yes,1,28d_fed_vs_inj,No,0,
LOC111120885,protein Tob1-like,XP_022317612.1,2,Yes,1,fam90_vs_fam89,No,0,,No,0,,Yes,1,6h_fed_vs_ctrl,No,0,
LOC111121029,TNF receptor-associated factor 6-like isoform X3,XP_022317831.1,2,No,0,,No,0,,Yes,1,Cv_Pmarinus_infection,Yes,1,28d_fed_vs_inj,No,0,
LOC111121071,SH2 domain-containing protein 4B-like isoform X3,XP_022317893.1,2,Yes,3,fam90_vs_fam120; fam90_vs_fam84; fam90_vs_fam89,No,0,,No,0,,Yes,2,28d_fed_vs_inj; 36h_fed_vs_inj,No,0,
LOC111121405,phosphoinositide 3-kinase adapter protein 1-like isoform X1,XP_022318387.1,2,Yes,1,fam90_vs_fam89,No,0,,No,0,,Yes,1,6h_fed_vs_ctrl,No,0,
LOC111121565,uncharacterized protein LOC111121565 isoform X3,XP_022318601.1,2,Yes,1,fam90_vs_fam89,No,0,,Yes,1,Cv_Pmarinus_infection,No,0,,No,0,
LOC111121984,regulator of chromosome condensation-like isoform X1,XP_022319198.1,2,Yes,1,fam90_vs_fam84,No,0,,No,0,,Yes,1,7d_fed_vs_inj,No,0,
LOC111122156,E3 ubiquitin-protein ligase TRIM56-like,XP_022319454.1,2,Yes,1,fam90_vs_fam120,No,0,,No,0,,Yes,1,6h_fed_vs_ctrl,No,0,
LOC111122246,cis-aconitate decarboxylase-like,XP_022319601.1,2,No,0,,No,0,,Yes,1,Cv_Pmarinus_infection,No,0,,Yes,1,resistant_fam266_36h_7d
LOC111122255,phytanoyl-CoA dioxygenase domain-containing protein 1-like,XP_022319612.1,2,No,0,,No,0,,Yes,1,Cv_Pmarinus_infection,Yes,1,28d_fed_vs_inj,No,0,
LOC111122264,V-type proton ATPase 116 kDa subunit a-like isoform X4,XP_022319621.1,2,Yes,1,fam90_vs_fam89,No,0,,No,0,,Yes,1,28d_fed_vs_inj,No,0,
LOC111122316,ankyrin-2-like isoform X7,XP_022319703.1,2,Yes,3,fam90_vs_fam120; fam90_vs_fam84; fam90_vs_fam89,No,0,,No,0,,Yes,1,28d_fed_vs_inj,No,0,
LOC111122377,uncharacterized protein LOC111122377 isoform X4,XP_022319842.1,2,Yes,3,fam90_vs_fam120; fam90_vs_fam84; fam90_vs_fam89,No,0,,No,0,,Yes,1,28d_fed_vs_inj,No,0,
LOC111122602,frizzled-5-like,XP_022320114.1,2,Yes,1,fam90_vs_fam84,No,0,,No,0,,Yes,1,7d_fed_vs_inj,No,0,
LOC111122691,uncharacterized protein LOC111122691,XP_022320273.1,2,Yes,1,fam90_vs_fam120,No,0,,No,0,,Yes,1,6h_fed_vs_ctrl,No,0,
LOC111122926,fibrinogen C domain-containing protein 1-like,XP_022320670.1,2,Yes,1,fam90_vs_fam84,No,0,,Yes,1,Cv_Pmarinus_infection,No,0,,No,0,
LOC111123117,follistatin-related protein 1-like isoform X1,XP_022320938.1,2,Yes,2,fam90_vs_fam84; fam90_vs_fam89,No,0,,No,0,,No,0,,Yes,1,resistant_fam266_36h_7d
LOC111123273,uncharacterized protein LOC111123273 isoform X1,XP_022321224.1,2,Yes,3,fam90_vs_fam120; fam90_vs_fam84; fam90_vs_fam89,No,0,,Yes,1,Cv_Pmarinus_infection,No,0,,No,0,
LOC111123275,uncharacterized protein LOC111123275,XP_022321229.1,2,Yes,1,fam90_vs_fam120,No,0,,Yes,1,Cv_Pmarinus_infection,No,0,,No,0,
LOC111123459,uncharacterized protein LOC111123459,XP_022321481.1,2,No,0,,No,0,,Yes,1,Cv_Pmarinus_infection,Yes,1,7d_fed_vs_inj,No,0,
LOC111123533,uncharacterized protein LOC111123533 isoform X1,XP_022321631.1,2,Yes,1,fam90_vs_fam120,No,0,,Yes,1,Cv_Pmarinus_infection,No,0,,No,0,
LOC111123540,serum amyloid A-5 protein-like,XP_022321638.1,2,Yes,3,fam90_vs_fam120; fam90_vs_fam84; fam90_vs_fam89,No,0,,Yes,1,Cv_Pmarinus_infection,No,0,,No,0,
LOC111123734,uncharacterized protein LOC111123734 isoform X1,XP_022321979.1,2,Yes,2,fam90_vs_fam120; fam90_vs_fam89,No,0,,No,0,,No,0,,Yes,1,susceptible_fam242_36h_28d
LOC111123779,uncharacterized protein LOC111123779 isoform X2,XP_022322048.1,2,Yes,3,fam90_vs_fam120; fam90_vs_fam84; fam90_vs_fam89,No,0,,Yes,1,Cv_Pmarinus_infection,No,0,,No,0,
LOC111123806,la-related protein 4-like isoform X5,XP_022322105.1,2,Yes,2,fam90_vs_fam120; fam90_vs_fam89,No,0,,No,0,,Yes,1,28d_fed_vs_inj,No,0,
LOC111123894,baculoviral IAP repeat-containing protein 2-like isoform X2,XP_022322278.1,2,Yes,1,fam90_vs_fam120,No,0,,Yes,1,Cv_Pmarinus_infection,No,0,,No,0,
LOC111123910,tetratricopeptide repeat protein 25-like isoform X5,XP_022322320.1,2,Yes,3,fam90_vs_fam120; fam90_vs_fam84; fam90_vs_fam89,No,0,,No,0,,Yes,1,28d_fed_vs_inj,No,0,
LOC111124555,von Willebrand factor D and EGF domain-containing protein-like,XP_022323219.1,2,Yes,2,fam90_vs_fam84; fam90_vs_fam89,No,0,,Yes,1,Cv_Pmarinus_infection,No,0,,No,0,
LOC111124729,TNF receptor-associated factor 6-like isoform X1,XP_022323589.1,2,No,0,,No,0,,Yes,1,Cv_Pmarinus_infection,Yes,2,36h_fed_vs_inj; 7d_fed_vs_inj,No,0,
LOC111124904,coiled-coil domain-containing protein 180-like isoform X9,XP_022323883.1,2,Yes,1,fam90_vs_fam84,No,0,,No,0,,Yes,1,6h_fed_vs_ctrl,No,0,
LOC111125018,E3 ubiquitin-protein ligase MYCBP2-like isoform X6,XP_022324129.1,2,Yes,1,fam90_vs_fam89,No,0,,No,0,,Yes,1,28d_fed_vs_inj,No,0,
LOC111125020,spindle pole body component 110-like,XP_022324144.1,2,Yes,1,fam90_vs_fam89,No,0,,Yes,1,Cv_Pmarinus_infection,No,0,,No,0,
LOC111125265,fibrinogen C domain-containing protein 1-like,XP_022324569.1,2,No,0,,No,0,,Yes,1,Cv_Pmarinus_infection,No,0,,Yes,1,susceptible_fam242_36h_28d
LOC111125449,LOW QUALITY PROTEIN: uncharacterized protein LOC111125449,XP_022324976.1,2,Yes,3,fam90_vs_fam120; fam90_vs_fam84; fam90_vs_fam89,No,0,,No,0,,Yes,1,28d_fed_vs_inj,No,0,
LOC111125484,uncharacterized protein LOC111125484 isoform X1,XP_022325086.1,2,Yes,2,fam90_vs_fam84; fam90_vs_fam89,No,0,,No,0,,Yes,1,28d_fed_vs_inj,No,0,
LOC111125504,glutamic acid-rich protein-like isoform X6,XP_022325116.1,2,Yes,3,fam90_vs_fam120; fam90_vs_fam84; fam90_vs_fam89,No,0,,No,0,,Yes,1,28d_fed_vs_inj,No,0,
LOC111125505,DNA damage-regulated autophagy modulator protein 1-like,XP_022325124.1,2,Yes,1,fam90_vs_fam89,No,0,,Yes,1,Cv_Pmarinus_infection,No,0,,No,0,
LOC111125567,anoctamin-4-like isoform X3,XP_022325216.1,2,No,0,,No,0,,Yes,1,Cv_Pmarinus_infection,Yes,1,7d_fed_vs_inj,No,0,
LOC111125663,GTPase-activating Rap/Ran-GAP domain-like protein 3 isoform X2,XP_022325394.1,2,Yes,1,fam90_vs_fam84,No,0,,No,0,,Yes,1,36h_fed_vs_inj,No,0,
LOC111125911,heat shock 70 kDa protein 12A-like isoform X2,XP_022325854.1,2,Yes,3,fam90_vs_fam120; fam90_vs_fam84; fam90_vs_fam89,No,0,,No,0,,Yes,1,6h_fed_vs_ctrl,No,0,
LOC111126037,uncharacterized protein LOC111126037,XP_022326120.1,2,No,0,,No,0,,Yes,1,Cv_Pmarinus_infection,Yes,1,28d_fed_vs_inj,No,0,
LOC111126376,nephrin-like isoform X1,XP_022326655.1,2,Yes,2,fam90_vs_fam84; fam90_vs_fam89,No,0,,No,0,,Yes,1,6h_fed_vs_ctrl,No,0,
LOC111126393,fibrinogen C domain-containing protein 1-like,XP_022326698.1,2,Yes,2,fam90_vs_fam120; fam90_vs_fam84,No,0,,Yes,1,Cv_Pmarinus_infection,No,0,,No,0,
LOC111126399,uncharacterized protein LOC111126399 isoform X2,XP_022326703.1,2,Yes,2,fam90_vs_fam84; fam90_vs_fam89,No,0,,No,0,,Yes,2,36h_fed_vs_inj; 6h_fed_vs_ctrl,No,0,
LOC111126542,uncharacterized protein LOC111126542 isoform X1,XP_022326959.1,2,Yes,3,fam90_vs_fam120; fam90_vs_fam84; fam90_vs_fam89,No,0,,No,0,,Yes,1,28d_fed_vs_inj,No,0,
LOC111126552,uncharacterized protein LOC111126552 isoform X1,XP_022326980.1,2,Yes,1,fam90_vs_fam120,No,0,,Yes,1,Cv_Pmarinus_infection,No,0,,No,0,
LOC111126740,influenza virus NS1A-binding protein homolog,XP_022327283.1,2,Yes,3,fam90_vs_fam120; fam90_vs_fam84; fam90_vs_fam89,No,0,,No,0,,Yes,1,28d_fed_vs_inj,No,0,
LOC111126901,uncharacterized protein LOC111126901 isoform X1,XP_022327534.1,2,Yes,2,fam90_vs_fam84; fam90_vs_fam89,No,0,,No,0,,Yes,1,6h_fed_vs_ctrl,No,0,
LOC111126923,uncharacterized protein LOC111126923 isoform X2,XP_022327574.1,2,No,0,,No,0,,Yes,1,Cv_Pmarinus_infection,Yes,1,36h_fed_vs_inj,No,0,
LOC111127736,uncharacterized protein LOC111127736,XP_022328675.1,2,Yes,1,fam90_vs_fam84,No,0,,Yes,1,Cv_Pmarinus_infection,No,0,,No,0,
LOC111127855,glycine-rich protein 5-like isoform X3,XP_022328847.1,2,Yes,2,fam90_vs_fam84; fam90_vs_fam89,No,0,,No,0,,Yes,1,28d_fed_vs_inj,No,0,
LOC111127862,E3 ubiquitin-protein ligase HECTD1-like isoform X6,XP_022328858.1,2,Yes,1,fam90_vs_fam84,No,0,,No,0,,Yes,1,28d_fed_vs_inj,No,0,
LOC111127886,vesicular glutamate transporter 2.2-like,XP_022328894.1,2,No,0,,No,0,,No,0,,Yes,1,28d_fed_vs_inj,Yes,1,resistant_fam266_36h_7d
LOC111127895,uncharacterized protein LOC111127895 isoform X2,XP_022328902.1,2,No,0,,No,0,,Yes,1,Cv_Pmarinus_infection,Yes,1,6h_fed_vs_ctrl,No,0,
LOC111128037,cytochrome P450 2C15-like isoform X1,XP_022329135.1,2,Yes,3,fam90_vs_fam120; fam90_vs_fam84; fam90_vs_fam89,No,0,,No,0,,Yes,1,6h_fed_vs_ctrl,No,0,
LOC111128067,fibrinogen-like protein 1 isoform X2,XP_022329181.1,2,Yes,1,fam90_vs_fam89,No,0,,No,0,,Yes,1,7d_fed_vs_inj,No,0,
LOC111128083,uncharacterized protein LOC111128083,XP_022329217.1,2,No,0,,No,0,,Yes,1,Cv_Pmarinus_infection,Yes,1,6h_fed_vs_ctrl,No,0,
LOC111128155,vesicular glutamate transporter 2.2-like,XP_022329335.1,2,No,0,,No,0,,No,0,,Yes,1,28d_fed_vs_inj,Yes,1,resistant_fam266_36h_7d
LOC111128182,uncharacterized protein LOC111128182 isoform X2,XP_022329367.1,2,Yes,2,fam90_vs_fam120; fam90_vs_fam89,No,0,,No,0,,Yes,2,6h_fed_vs_ctrl; 7d_fed_vs_inj,No,0,
LOC111128244,circumsporozoite protein-like isoform X5,XP_022329458.1,2,Yes,3,fam90_vs_fam120; fam90_vs_fam84; fam90_vs_fam89,No,0,,No,0,,Yes,1,36h_fed_vs_inj,No,0,
LOC111128487,LOW QUALITY PROTEIN: macrophage-expressed gene 1 protein-like,XP_022329810.1,2,Yes,1,fam90_vs_fam84,No,0,,Yes,1,Cv_Pmarinus_infection,No,0,,No,0,
LOC111128721,DAZ-associated protein 1-like isoform X1,XP_022330216.1,2,Yes,1,fam90_vs_fam120,No,0,,No,0,,Yes,1,7d_fed_vs_inj,No,0,
LOC111128753,pyrroline-5-carboxylate reductase-like,XP_022330294.1,2,No,0,,No,0,,Yes,1,Cv_Pmarinus_infection,Yes,1,7d_fed_vs_inj,No,0,
LOC111128816,inter-alpha-trypsin inhibitor heavy chain H3-like isoform X1,XP_022330402.1,2,Yes,1,fam90_vs_fam89,No,0,,No,0,,Yes,1,28d_fed_vs_inj,No,0,
LOC111128873,mono [ADP-ribose] polymerase PARP16-like,XP_022330498.1,2,Yes,1,fam90_vs_fam89,No,0,,No,0,,Yes,1,7d_fed_vs_inj,No,0,
LOC111128977,uncharacterized protein LOC111128977 isoform X7,XP_022330666.1,2,Yes,3,fam90_vs_fam120; fam90_vs_fam84; fam90_vs_fam89,No,0,,No,0,,Yes,1,28d_fed_vs_inj,No,0,
LOC111129017,UPF0469 protein KIAA0907-like isoform X1,XP_022330768.1,2,Yes,1,fam90_vs_fam84,No,0,,No,0,,Yes,1,28d_fed_vs_inj,No,0,
LOC111129023,calmodulin-like isoform X2,XP_022330779.1,2,Yes,2,fam90_vs_fam84; fam90_vs_fam89,No,0,,No,0,,Yes,1,28d_fed_vs_inj,No,0,
LOC111129230,uncharacterized protein LOC111129230,XP_022331192.1,2,Yes,1,fam90_vs_fam84,No,0,,Yes,1,Cv_Pmarinus_infection,No,0,,No,0,
LOC111129365,baculoviral IAP repeat-containing protein 6-like isoform X1,XP_022331412.1,2,No,0,,No,0,,Yes,1,Cv_Pmarinus_infection,Yes,1,36h_fed_vs_inj,No,0,
LOC111129441,neo-calmodulin-like,XP_022331534.1,2,Yes,1,fam90_vs_fam84,No,0,,No,0,,Yes,1,28d_fed_vs_inj,No,0,
LOC111129580,uncharacterized protein LOC111129580 isoform X2,XP_022331746.1,2,Yes,1,fam90_vs_fam89,No,0,,No,0,,Yes,1,6h_fed_vs_ctrl,No,0,
LOC111129821,putative glutathione-specific gamma-glutamylcyclotransferase 2,XP_022331993.1,2,Yes,1,fam90_vs_fam120,No,0,,No,0,,Yes,1,36h_fed_vs_inj,No,0,
LOC111129836,putative uncharacterized protein DDB_G0282133 isoform X6,XP_022332020.1,2,Yes,3,fam90_vs_fam120; fam90_vs_fam84; fam90_vs_fam89,No,0,,Yes,1,Cv_Pmarinus_infection,No,0,,No,0,
LOC111129900,basal body-orientation factor 1-like isoform X2,XP_022332137.1,2,Yes,3,fam90_vs_fam120; fam90_vs_fam84; fam90_vs_fam89,No,0,,No,0,,Yes,1,28d_fed_vs_inj,No,0,
LOC111129980,sacsin-like isoform X1,XP_022332255.1,2,Yes,1,fam90_vs_fam120,No,0,,No,0,,Yes,1,28d_fed_vs_inj,No,0,
LOC111129988,uncharacterized protein LOC111129988,XP_022332273.1,2,Yes,1,fam90_vs_fam89,No,0,,Yes,1,Cv_Pmarinus_infection,No,0,,No,0,
LOC111130044,uncharacterized protein LOC111130044,XP_022332399.1,2,Yes,1,fam90_vs_fam120,No,0,,No,0,,Yes,1,28d_fed_vs_inj,No,0,
LOC111130133,spidroin-2-like,XP_022332573.1,2,Yes,1,fam90_vs_fam89,No,0,,No,0,,No,0,,Yes,1,resistant_fam266_36h_7d
LOC111130286,myosin-9-like isoform X3,XP_022332847.1,2,Yes,1,fam90_vs_fam89,No,0,,No,0,,Yes,1,36h_fed_vs_inj,No,0,
LOC111130289,LOW QUALITY PROTEIN: cilia- and flagella-associated protein 161-like,XP_022332848.1,2,Yes,1,fam90_vs_fam84,No,0,,No,0,,Yes,1,28d_fed_vs_inj,No,0,
LOC111130325,protein argonaute-2-like isoform X1,XP_022332948.1,2,Yes,1,fam90_vs_fam84,No,0,,No,0,,Yes,2,28d_fed_vs_inj; 36h_fed_vs_inj,No,0,
LOC111130329,protein toll-like,XP_022332949.1,2,Yes,3,fam90_vs_fam120; fam90_vs_fam84; fam90_vs_fam89,No,0,,Yes,1,Cv_Pmarinus_infection,No,0,,No,0,
LOC111130332,uncharacterized protein LOC111130332 isoform X6,XP_022332952.1,2,Yes,3,fam90_vs_fam120; fam90_vs_fam84; fam90_vs_fam89,No,0,,No,0,,Yes,1,28d_fed_vs_inj,No,0,
LOC111130354,uncharacterized protein LOC111130354 isoform X1,XP_022333052.1,2,Yes,1,fam90_vs_fam89,No,0,,No,0,,Yes,1,6h_fed_vs_ctrl,No,0,
LOC111130521,"cytochrome c oxidase subunit 5A, mitochondrial-like",XP_022333375.1,2,Yes,1,fam90_vs_fam89,No,0,,No,0,,Yes,1,28d_fed_vs_inj,No,0,
LOC111130662,uncharacterized protein LOC111130662,XP_022333548.1,2,Yes,3,fam90_vs_fam120; fam90_vs_fam84; fam90_vs_fam89,No,0,,No,0,,Yes,1,28d_fed_vs_inj,No,0,
LOC111130780,circumsporozoite protein-like,XP_022333723.1,2,Yes,1,fam90_vs_fam89,No,0,,No,0,,Yes,1,6h_fed_vs_ctrl,No,0,
LOC111130831,lysozyme 3-like,XP_022333786.1,2,Yes,1,fam90_vs_fam120,No,0,,Yes,1,Cv_Pmarinus_infection,No,0,,No,0,
LOC111130969,"arginase, hepatic-like",XP_022333985.1,2,No,0,,Yes,1,Pmarinus_infection,No,0,,Yes,1,6h_fed_vs_ctrl,No,0,
LOC111131100,adenylyl cyclase-associated protein 1-like isoform X2,XP_022334170.1,2,Yes,1,fam90_vs_fam120,No,0,,No,0,,Yes,1,28d_fed_vs_inj,No,0,
LOC111131306,ectonucleoside triphosphate diphosphohydrolase 1-like isoform X2,XP_022334479.1,2,Yes,1,fam90_vs_fam89,No,0,,No,0,,Yes,1,6h_fed_vs_ctrl,No,0,
LOC111131563,troponin T-like isoform X8,XP_022334870.1,2,Yes,2,fam90_vs_fam120; fam90_vs_fam84,No,0,,No,0,,Yes,1,36h_fed_vs_inj,No,0,
LOC111132089,axoneme-associated protein mst101(2)-like isoform X1,XP_022335456.1,2,Yes,1,fam90_vs_fam89,No,0,,Yes,1,Cv_Pmarinus_infection,No,0,,No,0,
LOC111132201,uncharacterized protein LOC111132201,XP_022335690.1,2,Yes,3,fam90_vs_fam120; fam90_vs_fam84; fam90_vs_fam89,No,0,,No,0,,Yes,1,28d_fed_vs_inj,No,0,
LOC111132799,"dynein light chain 2, cytoplasmic",XP_022336334.1,2,Yes,1,fam90_vs_fam84,No,0,,No,0,,Yes,1,28d_fed_vs_inj,No,0,
LOC111132800,rho GTPase-activating protein 19-like isoform X2,XP_022336335.1,2,Yes,1,fam90_vs_fam84,No,0,,No,0,,Yes,2,28d_fed_vs_inj; 6h_fed_vs_ctrl,No,0,
LOC111132962,uncharacterized protein LOC111132962 isoform X1,XP_022336634.1,2,Yes,1,fam90_vs_fam84,No,0,,No,0,,Yes,1,36h_fed_vs_inj,No,0,
LOC111132966,dynactin subunit 1-like isoform X2,XP_022336644.1,2,Yes,1,fam90_vs_fam89,No,0,,No,0,,Yes,2,36h_fed_vs_inj; 6h_fed_vs_ctrl,No,0,
LOC111132997,ubiquitin carboxyl-terminal hydrolase CYLD-like isoform X1,XP_022336724.1,2,Yes,1,fam90_vs_fam84,No,0,,No,0,,Yes,1,7d_fed_vs_inj,No,0,
LOC111133156,uncharacterized protein LOC111133156,XP_022336984.1,2,Yes,1,fam90_vs_fam89,No,0,,Yes,1,Cv_Pmarinus_infection,No,0,,No,0,
LOC111133162,uncharacterized protein LOC111133162 isoform X1,XP_022336991.1,2,Yes,1,fam90_vs_fam120,No,0,,Yes,1,Cv_Pmarinus_infection,No,0,,No,0,
LOC111133184,uncharacterized protein LOC111133184 isoform X1,XP_022337020.1,2,Yes,3,fam90_vs_fam120; fam90_vs_fam84; fam90_vs_fam89,No,0,,Yes,1,Cv_Pmarinus_infection,No,0,,No,0,
LOC111133291,uncharacterized protein LOC111133291,XP_022337252.1,2,Yes,1,fam90_vs_fam84,No,0,,No,0,,Yes,1,7d_fed_vs_inj,No,0,
LOC111133380,uncharacterized protein LOC111133380,XP_022337439.1,2,Yes,1,fam90_vs_fam89,No,0,,Yes,1,Cv_Pmarinus_infection,No,0,,No,0,
LOC111133421,lectin BRA-3-like isoform X2,XP_022337539.1,2,Yes,2,fam90_vs_fam120; fam90_vs_fam89,No,0,,Yes,1,Cv_Pmarinus_infection,No,0,,No,0,
LOC111133621,macrophage migration inhibitory factor homolog,XP_022337852.1,2,No,0,,No,0,,Yes,1,Cv_Pmarinus_infection,Yes,1,36h_fed_vs_inj,No,0,
LOC111133666,uncharacterized protein LOC111133666 isoform X17,XP_022337913.1,2,Yes,3,fam90_vs_fam120; fam90_vs_fam84; fam90_vs_fam89,No,0,,No,0,,Yes,1,28d_fed_vs_inj,No,0,
LOC111133838,glycine-rich cell wall structural protein-like isoform X3,XP_022338238.1,2,Yes,3,fam90_vs_fam120; fam90_vs_fam84; fam90_vs_fam89,No,0,,No,0,,Yes,1,28d_fed_vs_inj,No,0,
LOC111133851,nuclear hormone receptor HR96-like isoform X2,XP_022338256.1,2,Yes,1,fam90_vs_fam120,No,0,,No,0,,Yes,2,28d_fed_vs_inj; 7d_fed_vs_inj,No,0,
LOC111133886,protein draper-like,XP_022338305.1,2,Yes,2,fam90_vs_fam84; fam90_vs_fam89,No,0,,Yes,1,Cv_Pmarinus_infection,No,0,,No,0,
LOC111133911,bactericidal permeability-increasing protein-like isoform X1,XP_022338352.1,2,Yes,3,fam90_vs_fam120; fam90_vs_fam84; fam90_vs_fam89,No,0,,No,0,,Yes,1,6h_fed_vs_ctrl,No,0,
LOC111134042,ephrin type-B receptor 1-B-like isoform X3,XP_022338522.1,2,Yes,1,fam90_vs_fam89,No,0,,No,0,,Yes,1,28d_fed_vs_inj,No,0,
LOC111134304,CCR4-NOT transcription complex subunit 1-like isoform X5,XP_022338918.1,2,Yes,1,fam90_vs_fam120,No,0,,No,0,,Yes,1,28d_fed_vs_inj,No,0,
LOC111134320,LOW QUALITY PROTEIN: uncharacterized protein LOC111134320,XP_022338951.1,2,Yes,1,fam90_vs_fam84,No,0,,Yes,1,Cv_Pmarinus_infection,No,0,,No,0,
LOC111134454,uncharacterized protein LOC111134454 isoform X1,XP_022339177.1,2,Yes,3,fam90_vs_fam120; fam90_vs_fam84; fam90_vs_fam89,No,0,,Yes,1,Cv_Pmarinus_infection,No,0,,No,0,
LOC111134632,hemicentin-1-like isoform X5,XP_022339537.1,2,Yes,3,fam90_vs_fam120; fam90_vs_fam84; fam90_vs_fam89,No,0,,No,0,,Yes,1,36h_fed_vs_inj,No,0,
LOC111134633,muscleblind-like protein isoform X7,XP_022339545.1,2,Yes,1,fam90_vs_fam84,No,0,,No,0,,Yes,1,28d_fed_vs_inj,No,0,
LOC111134721,collagen alpha-2(IV) chain-like,XP_022339742.1,2,Yes,1,fam90_vs_fam84,No,0,,No,0,,Yes,1,28d_fed_vs_inj,No,0,
LOC111134880,dual oxidase maturation factor 1-like isoform X2,XP_022340089.1,2,Yes,1,fam90_vs_fam120,No,0,,Yes,1,Cv_Pmarinus_infection,No,0,,No,0,
LOC111134917,ryncolin-1-like,XP_022340181.1,2,Yes,2,fam90_vs_fam84; fam90_vs_fam89,Yes,1,Pmarinus_infection,No,0,,No,0,,No,0,
LOC111135108,protein neuralized-like isoform X3,XP_022340553.1,2,Yes,1,fam90_vs_fam89,No,0,,No,0,,Yes,1,6h_fed_vs_ctrl,No,0,
LOC111135135,uncharacterized protein LOC111135135 isoform X3,XP_022340602.1,2,Yes,1,fam90_vs_fam120,No,0,,No,0,,Yes,1,28d_fed_vs_inj,No,0,
LOC111135351,uncharacterized protein LOC111135351,XP_022341037.1,2,Yes,2,fam90_vs_fam120; fam90_vs_fam89,No,0,,No,0,,Yes,1,36h_fed_vs_inj,No,0,
LOC111135443,leucine-rich repeat-containing protein 43-like isoform X1,XP_022341229.1,2,Yes,1,fam90_vs_fam89,No,0,,No,0,,Yes,1,6h_fed_vs_ctrl,No,0,
LOC111135478,PR domain zinc finger protein 15-like isoform X2,XP_022341298.1,2,Yes,3,fam90_vs_fam120; fam90_vs_fam84; fam90_vs_fam89,No,0,,No,0,,Yes,1,36h_fed_vs_inj,No,0,
LOC111135598,probable cytochrome P450 49a1,XP_022341525.1,2,Yes,1,fam90_vs_fam89,No,0,,No,0,,Yes,1,28d_fed_vs_inj,No,0,
LOC111135704,centromere protein V-like isoform X1,XP_022341705.1,2,Yes,1,fam90_vs_fam89,No,0,,No,0,,Yes,1,6h_fed_vs_ctrl,No,0,
LOC111135751,uncharacterized protein LOC111135751,XP_022341785.1,2,Yes,1,fam90_vs_fam84,No,0,,Yes,1,Cv_Pmarinus_infection,No,0,,No,0,
LOC111135780,uncharacterized protein LOC111135780 isoform X1,XP_022341829.1,2,Yes,1,fam90_vs_fam89,No,0,,Yes,1,Cv_Pmarinus_infection,No,0,,No,0,
LOC111135824,uncharacterized protein LOC111135824,XP_022341911.1,2,Yes,1,fam90_vs_fam89,No,0,,No,0,,Yes,1,28d_fed_vs_inj,No,0,
LOC111136001,uncharacterized protein LOC111136001 isoform X3,XP_022342247.1,2,Yes,1,fam90_vs_fam89,No,0,,No,0,,Yes,1,7d_fed_vs_inj,No,0,
LOC111136017,tyrosine-protein kinase PR2-like isoform X1,XP_022342278.1,2,Yes,3,fam90_vs_fam120; fam90_vs_fam84; fam90_vs_fam89,No,0,,No,0,,Yes,1,28d_fed_vs_inj,No,0,
LOC111136025,uncharacterized protein LOC111136025,XP_022342300.1,2,Yes,1,fam90_vs_fam120,No,0,,No,0,,Yes,1,7d_fed_vs_inj,No,0,
LOC111136109,unconventional myosin-XVIIIa-like isoform X1,XP_022342425.1,2,Yes,1,fam90_vs_fam84,No,0,,No,0,,Yes,1,28d_fed_vs_inj,No,0,
LOC111136261,major antigen-like isoform X11,XP_022342689.1,2,Yes,1,fam90_vs_fam120,No,0,,No,0,,Yes,1,6h_fed_vs_ctrl,No,0,
LOC111136460,"beta-1,3-galactosyltransferase brn-like",XP_022343034.1,2,Yes,1,fam90_vs_fam89,No,0,,No,0,,Yes,1,28d_fed_vs_inj,No,0,
LOC111136516,WD repeat-containing protein 60-like isoform X1,XP_022343128.1,2,Yes,3,fam90_vs_fam120; fam90_vs_fam84; fam90_vs_fam89,No,0,,No,0,,Yes,1,28d_fed_vs_inj,No,0,
LOC111136548,calcium-transporting ATPase sarcoplasmic/endoplasmic reticulum type-like isoform X5,XP_022343176.1,2,Yes,1,fam90_vs_fam84,No,0,,No,0,,Yes,1,36h_fed_vs_inj,No,0,
LOC111136631,proline-rich proteoglycan 2-like isoform X2,XP_022343327.1,2,Yes,3,fam90_vs_fam120; fam90_vs_fam84; fam90_vs_fam89,No,0,,Yes,1,Cv_Pmarinus_infection,No,0,,No,0,
LOC111136692,uncharacterized protein LOC111136692 isoform X1,XP_022343462.1,2,Yes,3,fam90_vs_fam120; fam90_vs_fam84; fam90_vs_fam89,No,0,,Yes,1,Cv_Pmarinus_infection,No,0,,No,0,
LOC111136801,uncharacterized protein LOC111136801 isoform X1,XP_022343627.1,2,Yes,2,fam90_vs_fam120; fam90_vs_fam89,No,0,,No,0,,Yes,1,28d_fed_vs_inj,No,0,
LOC111136833,caspase-6-like isoform X1,XP_022343665.1,2,Yes,1,fam90_vs_fam84,No,0,,Yes,1,Cv_Pmarinus_infection,No,0,,No,0,
LOC111136863,uncharacterized protein LOC111136863 isoform X1,XP_022343711.1,2,Yes,1,fam90_vs_fam84,No,0,,Yes,1,Cv_Pmarinus_infection,No,0,,No,0,
LOC111136972,run domain Beclin-1-interacting and cysteine-rich domain-containing protein-like isoform X1,XP_022343881.1,2,Yes,1,fam90_vs_fam89,No,0,,No,0,,Yes,1,28d_fed_vs_inj,No,0,
LOC111137068,"33 kDa inner dynein arm light chain, axonemal-like",XP_022344023.1,2,Yes,1,fam90_vs_fam84,No,0,,No,0,,Yes,1,28d_fed_vs_inj,No,0,
LOC111137082,"C-type lectin domain family 17, member A-like",XP_022344041.1,2,Yes,1,fam90_vs_fam120,No,0,,Yes,1,Cv_Pmarinus_infection,No,0,,No,0,
LOC111137083,lectin BRA-3-like,XP_022344042.1,2,Yes,3,fam90_vs_fam120; fam90_vs_fam84; fam90_vs_fam89,No,0,,Yes,1,Cv_Pmarinus_infection,No,0,,No,0,
LOC111137112,sperm flagellar protein 1-like isoform X3,XP_022344087.1,2,Yes,3,fam90_vs_fam120; fam90_vs_fam84; fam90_vs_fam89,No,0,,No,0,,Yes,2,28d_fed_vs_inj; 36h_fed_vs_inj,No,0,
LOC111137228,TPR repeat-containing protein DDB_G0287407-like,XP_022344302.1,2,Yes,2,fam90_vs_fam84; fam90_vs_fam89,No,0,,No,0,,Yes,1,28d_fed_vs_inj,No,0,
LOC111137375,uncharacterized protein LOC111137375,XP_022344521.1,2,Yes,2,fam90_vs_fam120; fam90_vs_fam89,No,0,,Yes,1,Cv_Pmarinus_infection,No,0,,No,0,
LOC111137516,uncharacterized protein LOC111137516,XP_022344700.1,2,Yes,1,fam90_vs_fam89,No,0,,Yes,1,Cv_Pmarinus_infection,No,0,,No,0,
LOC111137862,lactose-binding lectin l-2-like isoform X1,XP_022345265.1,2,Yes,3,fam90_vs_fam120; fam90_vs_fam84; fam90_vs_fam89,No,0,,Yes,1,Cv_Pmarinus_infection,No,0,,No,0,
LOC111137933,hemicentin-1-like isoform X4,XP_022345349.1,2,Yes,1,fam90_vs_fam89,No,0,,Yes,1,Cv_Pmarinus_infection,No,0,,No,0,
LOC111138013,uncharacterized protein LOC111138013 isoform X4,XP_022345467.1,2,Yes,3,fam90_vs_fam120; fam90_vs_fam84; fam90_vs_fam89,No,0,,No,0,,Yes,1,36h_fed_vs_inj,No,0,
LOC111138073,uncharacterized protein LOC111138073 isoform X1,XP_022345581.1,2,No,0,,No,0,,No,0,,Yes,1,7d_fed_vs_inj,Yes,1,resistant_fam266_36h_7d
LOC111138112,"inositol 1,4,5-trisphosphate receptor type 3-like isoform X4",XP_022345630.1,2,Yes,1,fam90_vs_fam89,No,0,,No,0,,Yes,2,28d_fed_vs_inj; 6h_fed_vs_ctrl,No,0,
LOC111138160,uncharacterized protein LOC111138160,XP_022345711.1,2,Yes,1,fam90_vs_fam89,No,0,,Yes,1,Cv_Pmarinus_infection,No,0,,No,0,
LOC111138165,uncharacterized protein LOC111138165 isoform X2,XP_022345717.1,2,Yes,1,fam90_vs_fam120,No,0,,No,0,,Yes,1,28d_fed_vs_inj,No,0,
LOC111138182,glycine-rich cell wall structural protein-like isoform X2,XP_022345740.1,2,Yes,2,fam90_vs_fam84; fam90_vs_fam89,No,0,,No,0,,Yes,2,36h_fed_vs_inj; 6h_fed_vs_ctrl,No,0,
LOC111138466,uncharacterized protein LOC111138466 isoform X4,XP_022346153.1,2,Yes,3,fam90_vs_fam120; fam90_vs_fam84; fam90_vs_fam89,No,0,,Yes,1,Cv_Pmarinus_infection,No,0,,No,0,
DS3_Cg_OYG_10000016_10037988,,,1,No,0,,No,0,,Yes,1,Cg_Pmarinus_infection,No,0,,No,0,
DS3_Cg_OYG_10000033_10034927,,,1,No,0,,No,0,,Yes,1,Cg_Pmarinus_infection,No,0,,No,0,
DS3_Cg_OYG_10000085_10006861,,,1,No,0,,No,0,,Yes,1,Cg_Pmarinus_infection,No,0,,No,0,
DS3_Cg_OYG_10000134_10016153,,,1,No,0,,No,0,,Yes,1,Cg_Pmarinus_infection,No,0,,No,0,
DS3_Cg_OYG_10000212_10007288,,,1,No,0,,No,0,,Yes,1,Cg_Pmarinus_infection,No,0,,No,0,
DS3_Cg_OYG_10000225_10029347,,,1,No,0,,No,0,,Yes,1,Cg_Pmarinus_infection,No,0,,No,0,
DS3_Cg_OYG_10000258_10029030,,,1,No,0,,No,0,,Yes,1,Cg_Pmarinus_infection,No,0,,No,0,
DS3_Cg_OYG_10000286_10031584,,,1,No,0,,No,0,,Yes,1,Cg_Pmarinus_infection,No,0,,No,0,
DS3_Cg_OYG_10000359_10029232,,,1,No,0,,No,0,,Yes,1,Cg_Pmarinus_infection,No,0,,No,0,
DS3_Cg_OYG_10000444_10001440,,,1,No,0,,No,0,,Yes,1,Cg_Pmarinus_infection,No,0,,No,0,
DS3_Cg_OYG_10000573_10037404,,,1,No,0,,No,0,,Yes,1,Cg_Pmarinus_infection,No,0,,No,0,
DS3_Cg_OYG_10000741_10001252,,,1,No,0,,No,0,,Yes,1,Cg_Pmarinus_infection,No,0,,No,0,
DS3_Cg_OYG_10000854_10005587,,,1,No,0,,No,0,,Yes,1,Cg_Pmarinus_infection,No,0,,No,0,
DS3_Cg_OYG_10000910_10021012,,,1,No,0,,No,0,,Yes,1,Cg_Pmarinus_infection,No,0,,No,0,
DS3_Cg_OYG_10000923_10036928,,,1,No,0,,No,0,,Yes,1,Cg_Pmarinus_infection,No,0,,No,0,
DS3_Cg_OYG_10000986_10032476,,,1,No,0,,No,0,,Yes,1,Cg_Pmarinus_infection,No,0,,No,0,
DS3_Cg_OYG_10001189_10008248,,,1,No,0,,No,0,,Yes,1,Cg_Pmarinus_infection,No,0,,No,0,
DS3_Cg_OYG_10001214_10005242,,,1,No,0,,No,0,,Yes,1,Cg_Pmarinus_infection,No,0,,No,0,
DS3_Cg_OYG_10001373_10041368,,,1,No,0,,No,0,,Yes,1,Cg_Pmarinus_infection,No,0,,No,0,
DS3_Cg_OYG_10001400_10038082,,,1,No,0,,No,0,,Yes,1,Cg_Pmarinus_infection,No,0,,No,0,
DS3_Cg_OYG_10001516_10016129,,,1,No,0,,No,0,,Yes,1,Cg_Pmarinus_infection,No,0,,No,0,
DS3_Cg_OYG_10001557_10041033,,,1,No,0,,No,0,,Yes,1,Cg_Pmarinus_infection,No,0,,No,0,
DS3_Cg_OYG_10001570_10019299,,,1,No,0,,No,0,,Yes,1,Cg_Pmarinus_infection,No,0,,No,0,
DS3_Cg_OYG_10001632_10029779,,,1,No,0,,No,0,,Yes,1,Cg_Pmarinus_infection,No,0,,No,0,
DS3_Cg_OYG_10001663_10037434,,,1,No,0,,No,0,,Yes,1,Cg_Pmarinus_infection,No,0,,No,0,
DS3_Cg_OYG_10001766,,,1,No,0,,No,0,,Yes,1,Cg_Pmarinus_infection,No,0,,No,0,
DS3_Cg_OYG_10001781_10019818,,,1,No,0,,No,0,,Yes,1,Cg_Pmarinus_infection,No,0,,No,0,
DS3_Cg_OYG_10001975_10018681,,,1,No,0,,No,0,,Yes,1,Cg_Pmarinus_infection,No,0,,No,0,
DS3_Cg_OYG_10001976,,,1,No,0,,No,0,,Yes,1,Cg_Pmarinus_infection,No,0,,No,0,
DS3_Cg_OYG_10002038_10031911,,,1,No,0,,No,0,,Yes,1,Cg_Pmarinus_infection,No,0,,No,0,
DS3_Cg_OYG_10002143_10014473,,,1,No,0,,No,0,,Yes,1,Cg_Pmarinus_infection,No,0,,No,0,
DS3_Cg_OYG_10002372,,,1,No,0,,No,0,,Yes,1,Cg_Pmarinus_infection,No,0,,No,0,
DS3_Cg_OYG_10002435_10032856,,,1,No,0,,No,0,,Yes,1,Cg_Pmarinus_infection,No,0,,No,0,
DS3_Cg_OYG_10002498_10016432,,,1,No,0,,No,0,,Yes,1,Cg_Pmarinus_infection,No,0,,No,0,
DS3_Cg_OYG_10002521_10038478,,,1,No,0,,No,0,,Yes,1,Cg_Pmarinus_infection,No,0,,No,0,
DS3_Cg_OYG_10002529_10034652,,,1,No,0,,No,0,,Yes,1,Cg_Pmarinus_infection,No,0,,No,0,
DS3_Cg_OYG_10002584_10008715,,,1,No,0,,No,0,,Yes,1,Cg_Pmarinus_infection,No,0,,No,0,
DS3_Cg_OYG_10002607_10003430,,,1,No,0,,No,0,,Yes,1,Cg_Pmarinus_infection,No,0,,No,0,
DS3_Cg_OYG_10002658_10040256,,,1,No,0,,No,0,,Yes,1,Cg_Pmarinus_infection,No,0,,No,0,
DS3_Cg_OYG_10002660_10037875,,,1,No,0,,No,0,,Yes,1,Cg_Pmarinus_infection,No,0,,No,0,
DS3_Cg_OYG_10002664_10012547,,,1,No,0,,No,0,,Yes,1,Cg_Pmarinus_infection,No,0,,No,0,
DS3_Cg_OYG_10002665_10004558,,,1,No,0,,No,0,,Yes,1,Cg_Pmarinus_infection,No,0,,No,0,
DS3_Cg_OYG_10002738_10002974,,,1,No,0,,No,0,,Yes,1,Cg_Pmarinus_infection,No,0,,No,0,
DS3_Cg_OYG_10002907_10036478,,,1,No,0,,No,0,,Yes,1,Cg_Pmarinus_infection,No,0,,No,0,
DS3_Cg_OYG_10002984_10033080,,,1,No,0,,No,0,,Yes,1,Cg_Pmarinus_infection,No,0,,No,0,
DS3_Cg_OYG_10003004_10010913,,,1,No,0,,No,0,,Yes,1,Cg_Pmarinus_infection,No,0,,No,0,
DS3_Cg_OYG_10003063_10038613,,,1,No,0,,No,0,,Yes,1,Cg_Pmarinus_infection,No,0,,No,0,
DS3_Cg_OYG_10003107_10039912,,,1,No,0,,No,0,,Yes,1,Cg_Pmarinus_infection,No,0,,No,0,
DS3_Cg_OYG_10003303_10036458,,,1,No,0,,No,0,,Yes,1,Cg_Pmarinus_infection,No,0,,No,0,
DS3_Cg_OYG_10003331_10029750,,,1,No,0,,No,0,,Yes,1,Cg_Pmarinus_infection,No,0,,No,0,
DS3_Cg_OYG_10003354_10005709,,,1,No,0,,No,0,,Yes,1,Cg_Pmarinus_infection,No,0,,No,0,
DS3_Cg_OYG_10003355_10011238,,,1,No,0,,No,0,,Yes,1,Cg_Pmarinus_infection,No,0,,No,0,
DS3_Cg_OYG_10003373_10018541,,,1,No,0,,No,0,,Yes,1,Cg_Pmarinus_infection,No,0,,No,0,
DS3_Cg_OYG_10003440_10031967,,,1,No,0,,No,0,,Yes,1,Cg_Pmarinus_infection,No,0,,No,0,
DS3_Cg_OYG_10003466_10004644-D13,,,1,No,0,,No,0,,Yes,1,Cg_Pmarinus_infection,No,0,,No,0,
DS3_Cg_OYG_10003466_10004644-D6,,,1,No,0,,No,0,,Yes,1,Cg_Pmarinus_infection,No,0,,No,0,
DS3_Cg_OYG_10003562_10020126,,,1,No,0,,No,0,,Yes,1,Cg_Pmarinus_infection,No,0,,No,0,
DS3_Cg_OYG_10003599_10005879,,,1,No,0,,No,0,,Yes,1,Cg_Pmarinus_infection,No,0,,No,0,
DS3_Cg_OYG_10003641_10042070,,,1,No,0,,No,0,,Yes,1,Cg_Pmarinus_infection,No,0,,No,0,
DS3_Cg_OYG_10003879_10005889,,,1,No,0,,No,0,,Yes,1,Cg_Pmarinus_infection,No,0,,No,0,
DS3_Cg_OYG_10003895_10039161,,,1,No,0,,No,0,,Yes,1,Cg_Pmarinus_infection,No,0,,No,0,
DS3_Cg_OYG_10003914_10019814,,,1,No,0,,No,0,,Yes,1,Cg_Pmarinus_infection,No,0,,No,0,
DS3_Cg_OYG_10003923_10036301,,,1,No,0,,No,0,,Yes,1,Cg_Pmarinus_infection,No,0,,No,0,
DS3_Cg_OYG_10003943_10020431,,,1,No,0,,No,0,,Yes,1,Cg_Pmarinus_infection,No,0,,No,0,
DS3_Cg_OYG_10004025_10040991,,,1,No,0,,No,0,,Yes,1,Cg_Pmarinus_infection,No,0,,No,0,
DS3_Cg_OYG_10004156_10038958,,,1,No,0,,No,0,,Yes,1,Cg_Pmarinus_infection,No,0,,No,0,
DS3_Cg_OYG_10004194_10025545,,,1,No,0,,No,0,,Yes,1,Cg_Pmarinus_infection,No,0,,No,0,
DS3_Cg_OYG_10004338,,,1,No,0,,No,0,,Yes,1,Cg_Pmarinus_infection,No,0,,No,0,
DS3_Cg_OYG_10004370_10008999,,,1,No,0,,No,0,,Yes,1,Cg_Pmarinus_infection,No,0,,No,0,
DS3_Cg_OYG_10004425_10033196,,,1,No,0,,No,0,,Yes,1,Cg_Pmarinus_infection,No,0,,No,0,
DS3_Cg_OYG_10004487_10033709,,,1,No,0,,No,0,,Yes,1,Cg_Pmarinus_infection,No,0,,No,0,
DS3_Cg_OYG_10004565_10021945,,,1,No,0,,No,0,,Yes,1,Cg_Pmarinus_infection,No,0,,No,0,
DS3_Cg_OYG_10004645_10002533,,,1,No,0,,No,0,,Yes,1,Cg_Pmarinus_infection,No,0,,No,0,
DS3_Cg_OYG_10004652_10011846,,,1,No,0,,No,0,,Yes,1,Cg_Pmarinus_infection,No,0,,No,0,
DS3_Cg_OYG_10004654_10040083,,,1,No,0,,No,0,,Yes,1,Cg_Pmarinus_infection,No,0,,No,0,
DS3_Cg_OYG_10004703_10005889,,,1,No,0,,No,0,,Yes,1,Cg_Pmarinus_infection,No,0,,No,0,
DS3_Cg_OYG_10004791_10022678,,,1,No,0,,No,0,,Yes,1,Cg_Pmarinus_infection,No,0,,No,0,
DS3_Cg_OYG_10004798_10037915,,,1,No,0,,No,0,,Yes,1,Cg_Pmarinus_infection,No,0,,No,0,
DS3_Cg_OYG_10004837_10025768,,,1,No,0,,No,0,,Yes,1,Cg_Pmarinus_infection,No,0,,No,0,
DS3_Cg_OYG_10004932_10039730,,,1,No,0,,No,0,,Yes,1,Cg_Pmarinus_infection,No,0,,No,0,
DS3_Cg_OYG_10004947_10013195,,,1,No,0,,No,0,,Yes,1,Cg_Pmarinus_infection,No,0,,No,0,
DS3_Cg_OYG_10004989_10024172,,,1,No,0,,No,0,,Yes,1,Cg_Pmarinus_infection,No,0,,No,0,
DS3_Cg_OYG_10005133_10025404,,,1,No,0,,No,0,,Yes,1,Cg_Pmarinus_infection,No,0,,No,0,
DS3_Cg_OYG_10005156_10023740,,,1,No,0,,No,0,,Yes,1,Cg_Pmarinus_infection,No,0,,No,0,
DS3_Cg_OYG_10005162_10008792,,,1,No,0,,No,0,,Yes,1,Cg_Pmarinus_infection,No,0,,No,0,
DS3_Cg_OYG_10005194_10010389-D14,,,1,No,0,,No,0,,Yes,1,Cg_Pmarinus_infection,No,0,,No,0,
DS3_Cg_OYG_10005194_10010389-D26,,,1,No,0,,No,0,,Yes,1,Cg_Pmarinus_infection,No,0,,No,0,
DS3_Cg_OYG_10005194_10010389-D31,,,1,No,0,,No,0,,Yes,1,Cg_Pmarinus_infection,No,0,,No,0,
DS3_Cg_OYG_10005194_10010389-D9,,,1,No,0,,No,0,,Yes,1,Cg_Pmarinus_infection,No,0,,No,0,
DS3_Cg_OYG_10005393_10006012,,,1,No,0,,No,0,,Yes,1,Cg_Pmarinus_infection,No,0,,No,0,
DS3_Cg_OYG_10005419_10026347,,,1,No,0,,No,0,,Yes,1,Cg_Pmarinus_infection,No,0,,No,0,
DS3_Cg_OYG_10005458_10037755,,,1,No,0,,No,0,,Yes,1,Cg_Pmarinus_infection,No,0,,No,0,
DS3_Cg_OYG_10005511_10031575,,,1,No,0,,No,0,,Yes,1,Cg_Pmarinus_infection,No,0,,No,0,
DS3_Cg_OYG_10005525_10000568,,,1,No,0,,No,0,,Yes,1,Cg_Pmarinus_infection,No,0,,No,0,
DS3_Cg_OYG_10005590_10014734,,,1,No,0,,No,0,,Yes,1,Cg_Pmarinus_infection,No,0,,No,0,
DS3_Cg_OYG_10005646_10008711,,,1,No,0,,No,0,,Yes,1,Cg_Pmarinus_infection,No,0,,No,0,
DS3_Cg_OYG_10005738_10017913,,,1,No,0,,No,0,,Yes,1,Cg_Pmarinus_infection,No,0,,No,0,
DS3_Cg_OYG_10005788_10041341,,,1,No,0,,No,0,,Yes,1,Cg_Pmarinus_infection,No,0,,No,0,
DS3_Cg_OYG_10005808_10033432,,,1,No,0,,No,0,,Yes,1,Cg_Pmarinus_infection,No,0,,No,0,
DS3_Cg_OYG_10005813_10016942,,,1,No,0,,No,0,,Yes,1,Cg_Pmarinus_infection,No,0,,No,0,
DS3_Cg_OYG_10005815_10020394,,,1,No,0,,No,0,,Yes,1,Cg_Pmarinus_infection,No,0,,No,0,
DS3_Cg_OYG_10005875_10019838,,,1,No,0,,No,0,,Yes,1,Cg_Pmarinus_infection,No,0,,No,0,
DS3_Cg_OYG_10005878_10040586,,,1,No,0,,No,0,,Yes,1,Cg_Pmarinus_infection,No,0,,No,0,
DS3_Cg_OYG_10005910_10041660,,,1,No,0,,No,0,,Yes,1,Cg_Pmarinus_infection,No,0,,No,0,
DS3_Cg_OYG_10005949_10038045,,,1,No,0,,No,0,,Yes,1,Cg_Pmarinus_infection,No,0,,No,0,
DS3_Cg_OYG_10006070_10016756,,,1,No,0,,No,0,,Yes,1,Cg_Pmarinus_infection,No,0,,No,0,
DS3_Cg_OYG_10006186_10001797,,,1,No,0,,No,0,,Yes,1,Cg_Pmarinus_infection,No,0,,No,0,
DS3_Cg_OYG_10006288_10029338,,,1,No,0,,No,0,,Yes,1,Cg_Pmarinus_infection,No,0,,No,0,
DS3_Cg_OYG_10006297_10031746,,,1,No,0,,No,0,,Yes,1,Cg_Pmarinus_infection,No,0,,No,0,
DS3_Cg_OYG_10006428_10022645,,,1,No,0,,No,0,,Yes,1,Cg_Pmarinus_infection,No,0,,No,0,
DS3_Cg_OYG_10006474_10002853,,,1,No,0,,No,0,,Yes,1,Cg_Pmarinus_infection,No,0,,No,0,
DS3_Cg_OYG_10006478_10006491,,,1,No,0,,No,0,,Yes,1,Cg_Pmarinus_infection,No,0,,No,0,
DS3_Cg_OYG_10006488_10036626,,,1,No,0,,No,0,,Yes,1,Cg_Pmarinus_infection,No,0,,No,0,
DS3_Cg_OYG_10006490_10038613,,,1,No,0,,No,0,,Yes,1,Cg_Pmarinus_infection,No,0,,No,0,
DS3_Cg_OYG_10006517_10021218,,,1,No,0,,No,0,,Yes,1,Cg_Pmarinus_infection,No,0,,No,0,
DS3_Cg_OYG_10006556_10025706,,,1,No,0,,No,0,,Yes,1,Cg_Pmarinus_infection,No,0,,No,0,
DS3_Cg_OYG_10006570_10014535,,,1,No,0,,No,0,,Yes,1,Cg_Pmarinus_infection,No,0,,No,0,
DS3_Cg_OYG_10006605_10024945,,,1,No,0,,No,0,,Yes,1,Cg_Pmarinus_infection,No,0,,No,0,
DS3_Cg_OYG_10006606_10011624,,,1,No,0,,No,0,,Yes,1,Cg_Pmarinus_infection,No,0,,No,0,
DS3_Cg_OYG_10006639_10008096,,,1,No,0,,No,0,,Yes,1,Cg_Pmarinus_infection,No,0,,No,0,
DS3_Cg_OYG_10006757_10035964,,,1,No,0,,No,0,,Yes,1,Cg_Pmarinus_infection,No,0,,No,0,
DS3_Cg_OYG_10006796_10010941,,,1,No,0,,No,0,,Yes,1,Cg_Pmarinus_infection,No,0,,No,0,
DS3_Cg_OYG_10006829_10006492,,,1,No,0,,No,0,,Yes,1,Cg_Pmarinus_infection,No,0,,No,0,
DS3_Cg_OYG_10006841_10007783,,,1,No,0,,No,0,,Yes,1,Cg_Pmarinus_infection,No,0,,No,0,
DS3_Cg_OYG_10006874_10034791,,,1,No,0,,No,0,,Yes,1,Cg_Pmarinus_infection,No,0,,No,0,
DS3_Cg_OYG_10006889_10024102,,,1,No,0,,No,0,,Yes,1,Cg_Pmarinus_infection,No,0,,No,0,
DS3_Cg_OYG_10006926_10034817,,,1,No,0,,No,0,,Yes,1,Cg_Pmarinus_infection,No,0,,No,0,
DS3_Cg_OYG_10006965_10011525,,,1,No,0,,No,0,,Yes,1,Cg_Pmarinus_infection,No,0,,No,0,
DS3_Cg_OYG_10007011_10027007,,,1,No,0,,No,0,,Yes,1,Cg_Pmarinus_infection,No,0,,No,0,
DS3_Cg_OYG_10007023_10035502,,,1,No,0,,No,0,,Yes,1,Cg_Pmarinus_infection,No,0,,No,0,
DS3_Cg_OYG_10007043_10004604,,,1,No,0,,No,0,,Yes,1,Cg_Pmarinus_infection,No,0,,No,0,
DS3_Cg_OYG_10007071_10030857,,,1,No,0,,No,0,,Yes,1,Cg_Pmarinus_infection,No,0,,No,0,
DS3_Cg_OYG_10007096_10022159,,,1,No,0,,No,0,,Yes,1,Cg_Pmarinus_infection,No,0,,No,0,
DS3_Cg_OYG_10007196_10020282,,,1,No,0,,No,0,,Yes,1,Cg_Pmarinus_infection,No,0,,No,0,
DS3_Cg_OYG_10007276_10005678,,,1,No,0,,No,0,,Yes,1,Cg_Pmarinus_infection,No,0,,No,0,
DS3_Cg_OYG_10007278_10006872,,,1,No,0,,No,0,,Yes,1,Cg_Pmarinus_infection,No,0,,No,0,
DS3_Cg_OYG_10007295_10036624,,,1,No,0,,No,0,,Yes,1,Cg_Pmarinus_infection,No,0,,No,0,
DS3_Cg_OYG_10007357_10036318,,,1,No,0,,No,0,,Yes,1,Cg_Pmarinus_infection,No,0,,No,0,
DS3_Cg_OYG_10007366_10012865,,,1,No,0,,No,0,,Yes,1,Cg_Pmarinus_infection,No,0,,No,0,
DS3_Cg_OYG_10007386_10032787,,,1,No,0,,No,0,,Yes,1,Cg_Pmarinus_infection,No,0,,No,0,
DS3_Cg_OYG_10007407_10018827,,,1,No,0,,No,0,,Yes,1,Cg_Pmarinus_infection,No,0,,No,0,
DS3_Cg_OYG_10007481_10018288,,,1,No,0,,No,0,,Yes,1,Cg_Pmarinus_infection,No,0,,No,0,
DS3_Cg_OYG_10007567_10009996,,,1,No,0,,No,0,,Yes,1,Cg_Pmarinus_infection,No,0,,No,0,
DS3_Cg_OYG_10007645_10025556,,,1,No,0,,No,0,,Yes,1,Cg_Pmarinus_infection,No,0,,No,0,
DS3_Cg_OYG_10007661_10008409,,,1,No,0,,No,0,,Yes,1,Cg_Pmarinus_infection,No,0,,No,0,
DS3_Cg_OYG_10007681_10025110,,,1,No,0,,No,0,,Yes,1,Cg_Pmarinus_infection,No,0,,No,0,
DS3_Cg_OYG_10007774_10042075,,,1,No,0,,No,0,,Yes,1,Cg_Pmarinus_infection,No,0,,No,0,
DS3_Cg_OYG_10007807_10038209,,,1,No,0,,No,0,,Yes,1,Cg_Pmarinus_infection,No,0,,No,0,
DS3_Cg_OYG_10007827_10002477,,,1,No,0,,No,0,,Yes,1,Cg_Pmarinus_infection,No,0,,No,0,
DS3_Cg_OYG_10007882_10005153,,,1,No,0,,No,0,,Yes,1,Cg_Pmarinus_infection,No,0,,No,0,
DS3_Cg_OYG_10007923_10017902,,,1,No,0,,No,0,,Yes,1,Cg_Pmarinus_infection,No,0,,No,0,
DS3_Cg_OYG_10007924_10017903,,,1,No,0,,No,0,,Yes,1,Cg_Pmarinus_infection,No,0,,No,0,
DS3_Cg_OYG_10007963_10000717,,,1,No,0,,No,0,,Yes,1,Cg_Pmarinus_infection,No,0,,No,0,
DS3_Cg_OYG_10007991_10034321,,,1,No,0,,No,0,,Yes,1,Cg_Pmarinus_infection,No,0,,No,0,
DS3_Cg_OYG_10008155_10016668,,,1,No,0,,No,0,,Yes,1,Cg_Pmarinus_infection,No,0,,No,0,
DS3_Cg_OYG_10008175_10015227,,,1,No,0,,No,0,,Yes,1,Cg_Pmarinus_infection,No,0,,No,0,
DS3_Cg_OYG_10008226_10028787,,,1,No,0,,No,0,,Yes,1,Cg_Pmarinus_infection,No,0,,No,0,
DS3_Cg_OYG_10008233_10010366,,,1,No,0,,No,0,,Yes,1,Cg_Pmarinus_infection,No,0,,No,0,
DS3_Cg_OYG_10008285_10031678,,,1,No,0,,No,0,,Yes,1,Cg_Pmarinus_infection,No,0,,No,0,
DS3_Cg_OYG_10008379_10010992,,,1,No,0,,No,0,,Yes,1,Cg_Pmarinus_infection,No,0,,No,0,
DS3_Cg_OYG_10008422_10021878,,,1,No,0,,No,0,,Yes,1,Cg_Pmarinus_infection,No,0,,No,0,
DS3_Cg_OYG_10008504_10007611,,,1,No,0,,No,0,,Yes,1,Cg_Pmarinus_infection,No,0,,No,0,
DS3_Cg_OYG_10008557_10038282,,,1,No,0,,No,0,,Yes,1,Cg_Pmarinus_infection,No,0,,No,0,
DS3_Cg_OYG_10008565_10026839,,,1,No,0,,No,0,,Yes,1,Cg_Pmarinus_infection,No,0,,No,0,
DS3_Cg_OYG_10008641_10020485,,,1,No,0,,No,0,,Yes,1,Cg_Pmarinus_infection,No,0,,No,0,
DS3_Cg_OYG_10008747_10039965,,,1,No,0,,No,0,,Yes,1,Cg_Pmarinus_infection,No,0,,No,0,
DS3_Cg_OYG_10008752_10039711,,,1,No,0,,No,0,,Yes,1,Cg_Pmarinus_infection,No,0,,No,0,
DS3_Cg_OYG_10008753_10039709,,,1,No,0,,No,0,,Yes,1,Cg_Pmarinus_infection,No,0,,No,0,
DS3_Cg_OYG_10008952_10020757,,,1,No,0,,No,0,,Yes,1,Cg_Pmarinus_infection,No,0,,No,0,
DS3_Cg_OYG_10009041_10028674,,,1,No,0,,No,0,,Yes,1,Cg_Pmarinus_infection,No,0,,No,0,
DS3_Cg_OYG_10009048_10010718,,,1,No,0,,No,0,,Yes,1,Cg_Pmarinus_infection,No,0,,No,0,
DS3_Cg_OYG_10009092_10017642,,,1,No,0,,No,0,,Yes,1,Cg_Pmarinus_infection,No,0,,No,0,
DS3_Cg_OYG_10009217_10001557R,,,1,No,0,,No,0,,Yes,1,Cg_Pmarinus_infection,No,0,,No,0,
DS3_Cg_OYG_10009271_10025338,,,1,No,0,,No,0,,Yes,1,Cg_Pmarinus_infection,No,0,,No,0,
DS3_Cg_OYG_10009423_10038213,,,1,No,0,,No,0,,Yes,1,Cg_Pmarinus_infection,No,0,,No,0,
DS3_Cg_OYG_10009612_10030036,,,1,No,0,,No,0,,Yes,1,Cg_Pmarinus_infection,No,0,,No,0,
DS3_Cg_OYG_10009685_10023496,,,1,No,0,,No,0,,Yes,1,Cg_Pmarinus_infection,No,0,,No,0,
DS3_Cg_OYG_10010012_10015558,,,1,No,0,,No,0,,Yes,1,Cg_Pmarinus_infection,No,0,,No,0,
DS3_Cg_OYG_10010167_10027830,,,1,No,0,,No,0,,Yes,1,Cg_Pmarinus_infection,No,0,,No,0,
DS3_Cg_OYG_10010243_10032718,,,1,No,0,,No,0,,Yes,1,Cg_Pmarinus_infection,No,0,,No,0,
DS3_Cg_OYG_10010262_10031120,,,1,No,0,,No,0,,Yes,1,Cg_Pmarinus_infection,No,0,,No,0,
DS3_Cg_OYG_10010268_10034983,,,1,No,0,,No,0,,Yes,1,Cg_Pmarinus_infection,No,0,,No,0,
DS3_Cg_OYG_10010276_10041982,,,1,No,0,,No,0,,Yes,1,Cg_Pmarinus_infection,No,0,,No,0,
DS3_Cg_OYG_10010419_10021935,,,1,No,0,,No,0,,Yes,1,Cg_Pmarinus_infection,No,0,,No,0,
DS3_Cg_OYG_10010430_10035108,,,1,No,0,,No,0,,Yes,1,Cg_Pmarinus_infection,No,0,,No,0,
DS3_Cg_OYG_10010443_10038613,,,1,No,0,,No,0,,Yes,1,Cg_Pmarinus_infection,No,0,,No,0,
DS3_Cg_OYG_10010476_10030790,,,1,No,0,,No,0,,Yes,1,Cg_Pmarinus_infection,No,0,,No,0,
DS3_Cg_OYG_10010481_10024422,,,1,No,0,,No,0,,Yes,1,Cg_Pmarinus_infection,No,0,,No,0,
DS3_Cg_OYG_10010509_10002115,,,1,No,0,,No,0,,Yes,1,Cg_Pmarinus_infection,No,0,,No,0,
DS3_Cg_OYG_10010513_10016387,,,1,No,0,,No,0,,Yes,1,Cg_Pmarinus_infection,No,0,,No,0,
DS3_Cg_OYG_10010517_10038613,,,1,No,0,,No,0,,Yes,1,Cg_Pmarinus_infection,No,0,,No,0,
DS3_Cg_OYG_10010635_10034636,,,1,No,0,,No,0,,Yes,1,Cg_Pmarinus_infection,No,0,,No,0,
DS3_Cg_OYG_10010706_10013779,,,1,No,0,,No,0,,Yes,1,Cg_Pmarinus_infection,No,0,,No,0,
DS3_Cg_OYG_10010805_10002503,,,1,No,0,,No,0,,Yes,1,Cg_Pmarinus_infection,No,0,,No,0,
DS3_Cg_OYG_10010863_10015204,,,1,No,0,,No,0,,Yes,1,Cg_Pmarinus_infection,No,0,,No,0,
DS3_Cg_OYG_10010919_10036244,,,1,No,0,,No,0,,Yes,1,Cg_Pmarinus_infection,No,0,,No,0,
DS3_Cg_OYG_10011199_10040492,,,1,No,0,,No,0,,Yes,1,Cg_Pmarinus_infection,No,0,,No,0,
DS3_Cg_OYG_10011205_10014826,,,1,No,0,,No,0,,Yes,1,Cg_Pmarinus_infection,No,0,,No,0,
DS3_Cg_OYG_10011228_10028731,,,1,No,0,,No,0,,Yes,1,Cg_Pmarinus_infection,No,0,,No,0,
DS3_Cg_OYG_10011253_10020681,,,1,No,0,,No,0,,Yes,1,Cg_Pmarinus_infection,No,0,,No,0,
DS3_Cg_OYG_10011310_10001650,,,1,No,0,,No,0,,Yes,1,Cg_Pmarinus_infection,No,0,,No,0,
DS3_Cg_OYG_10011342_10006021,,,1,No,0,,No,0,,Yes,1,Cg_Pmarinus_infection,No,0,,No,0,
DS3_Cg_OYG_10011354,,,1,No,0,,No,0,,Yes,1,Cg_Pmarinus_infection,No,0,,No,0,
DS3_Cg_OYG_10011359_10027472,,,1,No,0,,No,0,,Yes,1,Cg_Pmarinus_infection,No,0,,No,0,
DS3_Cg_OYG_10011385_10008879,,,1,No,0,,No,0,,Yes,1,Cg_Pmarinus_infection,No,0,,No,0,
DS3_Cg_OYG_10011387_10037142,,,1,No,0,,No,0,,Yes,1,Cg_Pmarinus_infection,No,0,,No,0,
DS3_Cg_OYG_10011481_10036112,,,1,No,0,,No,0,,Yes,1,Cg_Pmarinus_infection,No,0,,No,0,
DS3_Cg_OYG_10011522_10006895,,,1,No,0,,No,0,,Yes,1,Cg_Pmarinus_infection,No,0,,No,0,
DS3_Cg_OYG_10011543_10034490,,,1,No,0,,No,0,,Yes,1,Cg_Pmarinus_infection,No,0,,No,0,
DS3_Cg_OYG_10011654_10020117,,,1,No,0,,No,0,,Yes,1,Cg_Pmarinus_infection,No,0,,No,0,
DS3_Cg_OYG_10011686_10030619,,,1,No,0,,No,0,,Yes,1,Cg_Pmarinus_infection,No,0,,No,0,
DS3_Cg_OYG_10011748_10018921,,,1,No,0,,No,0,,Yes,1,Cg_Pmarinus_infection,No,0,,No,0,
DS3_Cg_OYG_10011810_10032591,,,1,No,0,,No,0,,Yes,1,Cg_Pmarinus_infection,No,0,,No,0,
DS3_Cg_OYG_10011837_10012607,,,1,No,0,,No,0,,Yes,1,Cg_Pmarinus_infection,No,0,,No,0,
DS3_Cg_OYG_10011867_10018863,,,1,No,0,,No,0,,Yes,1,Cg_Pmarinus_infection,No,0,,No,0,
DS3_Cg_OYG_10011942_10036961,,,1,No,0,,No,0,,Yes,1,Cg_Pmarinus_infection,No,0,,No,0,
DS3_Cg_OYG_10011958_10006710,,,1,No,0,,No,0,,Yes,1,Cg_Pmarinus_infection,No,0,,No,0,
DS3_Cg_OYG_10012053_10037533,,,1,No,0,,No,0,,Yes,1,Cg_Pmarinus_infection,No,0,,No,0,
DS3_Cg_OYG_10012198_10036494,,,1,No,0,,No,0,,Yes,1,Cg_Pmarinus_infection,No,0,,No,0,
DS3_Cg_OYG_10012232_10019325,,,1,No,0,,No,0,,Yes,1,Cg_Pmarinus_infection,No,0,,No,0,
DS3_Cg_OYG_10012280_10030367,,,1,No,0,,No,0,,Yes,1,Cg_Pmarinus_infection,No,0,,No,0,
DS3_Cg_OYG_10012321_10008242,,,1,No,0,,No,0,,Yes,1,Cg_Pmarinus_infection,No,0,,No,0,
DS3_Cg_OYG_10012337_10020418,,,1,No,0,,No,0,,Yes,1,Cg_Pmarinus_infection,No,0,,No,0,
DS3_Cg_OYG_10012347_10033778,,,1,No,0,,No,0,,Yes,1,Cg_Pmarinus_infection,No,0,,No,0,
DS3_Cg_OYG_10012415_10015629,,,1,No,0,,No,0,,Yes,1,Cg_Pmarinus_infection,No,0,,No,0,
DS3_Cg_OYG_10012426_10021215,,,1,No,0,,No,0,,Yes,1,Cg_Pmarinus_infection,No,0,,No,0,
DS3_Cg_OYG_10012431_10013471,,,1,No,0,,No,0,,Yes,1,Cg_Pmarinus_infection,No,0,,No,0,
DS3_Cg_OYG_10012525_10017827,,,1,No,0,,No,0,,Yes,1,Cg_Pmarinus_infection,No,0,,No,0,
DS3_Cg_OYG_10012546_10036825,,,1,No,0,,No,0,,Yes,1,Cg_Pmarinus_infection,No,0,,No,0,
DS3_Cg_OYG_10012553_10024788,,,1,No,0,,No,0,,Yes,1,Cg_Pmarinus_infection,No,0,,No,0,
DS3_Cg_OYG_10012630_10035352,,,1,No,0,,No,0,,Yes,1,Cg_Pmarinus_infection,No,0,,No,0,
DS3_Cg_OYG_10012699_10031353,,,1,No,0,,No,0,,Yes,1,Cg_Pmarinus_infection,No,0,,No,0,
DS3_Cg_OYG_10012711_10026845,,,1,No,0,,No,0,,Yes,1,Cg_Pmarinus_infection,No,0,,No,0,
DS3_Cg_OYG_10012864_10035439,,,1,No,0,,No,0,,Yes,1,Cg_Pmarinus_infection,No,0,,No,0,
DS3_Cg_OYG_10012943_10036072,,,1,No,0,,No,0,,Yes,1,Cg_Pmarinus_infection,No,0,,No,0,
DS3_Cg_OYG_10012952_10020501,,,1,No,0,,No,0,,Yes,1,Cg_Pmarinus_infection,No,0,,No,0,
DS3_Cg_OYG_10012965_10038384,,,1,No,0,,No,0,,Yes,1,Cg_Pmarinus_infection,No,0,,No,0,
DS3_Cg_OYG_10013049_10031575,,,1,No,0,,No,0,,Yes,1,Cg_Pmarinus_infection,No,0,,No,0,
DS3_Cg_OYG_10013066_10005242,,,1,No,0,,No,0,,Yes,1,Cg_Pmarinus_infection,No,0,,No,0,
DS3_Cg_OYG_10013069_10009056,,,1,No,0,,No,0,,Yes,1,Cg_Pmarinus_infection,No,0,,No,0,
DS3_Cg_OYG_10013076_10031957,,,1,No,0,,No,0,,Yes,1,Cg_Pmarinus_infection,No,0,,No,0,
DS3_Cg_OYG_10013081_10031954,,,1,No,0,,No,0,,Yes,1,Cg_Pmarinus_infection,No,0,,No,0,
DS3_Cg_OYG_10013084_10008413,,,1,No,0,,No,0,,Yes,1,Cg_Pmarinus_infection,No,0,,No,0,
DS3_Cg_OYG_10013090_10008419,,,1,No,0,,No,0,,Yes,1,Cg_Pmarinus_infection,No,0,,No,0,
DS3_Cg_OYG_10013133_10019072,,,1,No,0,,No,0,,Yes,1,Cg_Pmarinus_infection,No,0,,No,0,
DS3_Cg_OYG_10013155_10017925,,,1,No,0,,No,0,,Yes,1,Cg_Pmarinus_infection,No,0,,No,0,
DS3_Cg_OYG_10013296_10014060,,,1,No,0,,No,0,,Yes,1,Cg_Pmarinus_infection,No,0,,No,0,
DS3_Cg_OYG_10013362_10022409,,,1,No,0,,No,0,,Yes,1,Cg_Pmarinus_infection,No,0,,No,0,
DS3_Cg_OYG_10013370_10022399,,,1,No,0,,No,0,,Yes,1,Cg_Pmarinus_infection,No,0,,No,0,
DS3_Cg_OYG_10013401_10023420,,,1,No,0,,No,0,,Yes,1,Cg_Pmarinus_infection,No,0,,No,0,
DS3_Cg_OYG_10013402_10023421,,,1,No,0,,No,0,,Yes,1,Cg_Pmarinus_infection,No,0,,No,0,
DS3_Cg_OYG_10013456_10000269,,,1,No,0,,No,0,,Yes,1,Cg_Pmarinus_infection,No,0,,No,0,
DS3_Cg_OYG_10013638_10025219,,,1,No,0,,No,0,,Yes,1,Cg_Pmarinus_infection,No,0,,No,0,
DS3_Cg_OYG_10013671_10028432-D4,,,1,No,0,,No,0,,Yes,1,Cg_Pmarinus_infection,No,0,,No,0,
DS3_Cg_OYG_10013700_10041080,,,1,No,0,,No,0,,Yes,1,Cg_Pmarinus_infection,No,0,,No,0,
DS3_Cg_OYG_10013738_10015583,,,1,No,0,,No,0,,Yes,1,Cg_Pmarinus_infection,No,0,,No,0,
DS3_Cg_OYG_10013834_10021991,,,1,No,0,,No,0,,Yes,1,Cg_Pmarinus_infection,No,0,,No,0,
DS3_Cg_OYG_10013874_10023484,,,1,No,0,,No,0,,Yes,1,Cg_Pmarinus_infection,No,0,,No,0,
DS3_Cg_OYG_10014154_10004321,,,1,No,0,,No,0,,Yes,1,Cg_Pmarinus_infection,No,0,,No,0,
DS3_Cg_OYG_10014240_10031229,,,1,No,0,,No,0,,Yes,1,Cg_Pmarinus_infection,No,0,,No,0,
DS3_Cg_OYG_10014277_10041033,,,1,No,0,,No,0,,Yes,1,Cg_Pmarinus_infection,No,0,,No,0,
DS3_Cg_OYG_10014312_10027409,,,1,No,0,,No,0,,Yes,1,Cg_Pmarinus_infection,No,0,,No,0,
DS3_Cg_OYG_10014356_10016655,,,1,No,0,,No,0,,Yes,1,Cg_Pmarinus_infection,No,0,,No,0,
DS3_Cg_OYG_10014371_10030109,,,1,No,0,,No,0,,Yes,1,Cg_Pmarinus_infection,No,0,,No,0,
DS3_Cg_OYG_10014372_10029854,,,1,No,0,,No,0,,Yes,1,Cg_Pmarinus_infection,No,0,,No,0,
DS3_Cg_OYG_10014444_10005037,,,1,No,0,,No,0,,Yes,1,Cg_Pmarinus_infection,No,0,,No,0,
DS3_Cg_OYG_10014469_10040256,,,1,No,0,,No,0,,Yes,1,Cg_Pmarinus_infection,No,0,,No,0,
DS3_Cg_OYG_10014485,,,1,No,0,,No,0,,Yes,1,Cg_Pmarinus_infection,No,0,,No,0,
DS3_Cg_OYG_10014490_10028642,,,1,No,0,,No,0,,Yes,1,Cg_Pmarinus_infection,No,0,,No,0,
DS3_Cg_OYG_10014521_10023245,,,1,No,0,,No,0,,Yes,1,Cg_Pmarinus_infection,No,0,,No,0,
DS3_Cg_OYG_10014541_10030092,,,1,No,0,,No,0,,Yes,1,Cg_Pmarinus_infection,No,0,,No,0,
DS3_Cg_OYG_10014547_10017755,,,1,No,0,,No,0,,Yes,1,Cg_Pmarinus_infection,No,0,,No,0,
DS3_Cg_OYG_10014557_10016596,,,1,No,0,,No,0,,Yes,1,Cg_Pmarinus_infection,No,0,,No,0,
DS3_Cg_OYG_10014579_10008522,,,1,No,0,,No,0,,Yes,1,Cg_Pmarinus_infection,No,0,,No,0,
DS3_Cg_OYG_10014690_10041281,,,1,No,0,,No,0,,Yes,1,Cg_Pmarinus_infection,No,0,,No,0,
DS3_Cg_OYG_10014747_10040335,,,1,No,0,,No,0,,Yes,1,Cg_Pmarinus_infection,No,0,,No,0,
DS3_Cg_OYG_10014826_10002632,,,1,No,0,,No,0,,Yes,1,Cg_Pmarinus_infection,No,0,,No,0,
DS3_Cg_OYG_10014905_10001764,,,1,No,0,,No,0,,Yes,1,Cg_Pmarinus_infection,No,0,,No,0,
DS3_Cg_OYG_10014945_10012123,,,1,No,0,,No,0,,Yes,1,Cg_Pmarinus_infection,No,0,,No,0,
DS3_Cg_OYG_10015000_10006030,,,1,No,0,,No,0,,Yes,1,Cg_Pmarinus_infection,No,0,,No,0,
DS3_Cg_OYG_10015053_10041694,,,1,No,0,,No,0,,Yes,1,Cg_Pmarinus_infection,No,0,,No,0,
DS3_Cg_OYG_10015152_10009825,,,1,No,0,,No,0,,Yes,1,Cg_Pmarinus_infection,No,0,,No,0,
DS3_Cg_OYG_10015184_10031842,,,1,No,0,,No,0,,Yes,1,Cg_Pmarinus_infection,No,0,,No,0,
DS3_Cg_OYG_10015187_10020714,,,1,No,0,,No,0,,Yes,1,Cg_Pmarinus_infection,No,0,,No,0,
DS3_Cg_OYG_10015226_10037459,,,1,No,0,,No,0,,Yes,1,Cg_Pmarinus_infection,No,0,,No,0,
DS3_Cg_OYG_10015439_10032974,,,1,No,0,,No,0,,Yes,1,Cg_Pmarinus_infection,No,0,,No,0,
DS3_Cg_OYG_10015605_10017124,,,1,No,0,,No,0,,Yes,1,Cg_Pmarinus_infection,No,0,,No,0,
DS3_Cg_OYG_10015645_10019480,,,1,No,0,,No,0,,Yes,1,Cg_Pmarinus_infection,No,0,,No,0,
DS3_Cg_OYG_10015734_10030156,,,1,No,0,,No,0,,Yes,1,Cg_Pmarinus_infection,No,0,,No,0,
DS3_Cg_OYG_10015754_10031120,,,1,No,0,,No,0,,Yes,1,Cg_Pmarinus_infection,No,0,,No,0,
DS3_Cg_OYG_10015791_10038296,,,1,No,0,,No,0,,Yes,1,Cg_Pmarinus_infection,No,0,,No,0,
DS3_Cg_OYG_10015830_10016969,,,1,No,0,,No,0,,Yes,1,Cg_Pmarinus_infection,No,0,,No,0,
DS3_Cg_OYG_10015898_10015896,,,1,No,0,,No,0,,Yes,1,Cg_Pmarinus_infection,No,0,,No,0,
DS3_Cg_OYG_10015959_10036528,,,1,No,0,,No,0,,Yes,1,Cg_Pmarinus_infection,No,0,,No,0,
DS3_Cg_OYG_10016108_10022524,,,1,No,0,,No,0,,Yes,1,Cg_Pmarinus_infection,No,0,,No,0,
DS3_Cg_OYG_10016333_10040031,,,1,No,0,,No,0,,Yes,1,Cg_Pmarinus_infection,No,0,,No,0,
DS3_Cg_OYG_10016351_10010040,,,1,No,0,,No,0,,Yes,1,Cg_Pmarinus_infection,No,0,,No,0,
DS3_Cg_OYG_10016362_10020338,,,1,No,0,,No,0,,Yes,1,Cg_Pmarinus_infection,No,0,,No,0,
DS3_Cg_OYG_10016363_10020337,,,1,No,0,,No,0,,Yes,1,Cg_Pmarinus_infection,No,0,,No,0,
DS3_Cg_OYG_10016364_10019639,,,1,No,0,,No,0,,Yes,1,Cg_Pmarinus_infection,No,0,,No,0,
DS3_Cg_OYG_10016401_10010686,,,1,No,0,,No,0,,Yes,1,Cg_Pmarinus_infection,No,0,,No,0,
DS3_Cg_OYG_10016431_10006302,,,1,No,0,,No,0,,Yes,1,Cg_Pmarinus_infection,No,0,,No,0,
DS3_Cg_OYG_10016487_10024473,,,1,No,0,,No,0,,Yes,1,Cg_Pmarinus_infection,No,0,,No,0,
DS3_Cg_OYG_10016528_10038343,,,1,No,0,,No,0,,Yes,1,Cg_Pmarinus_infection,No,0,,No,0,
DS3_Cg_OYG_10016538_10009430,,,1,No,0,,No,0,,Yes,1,Cg_Pmarinus_infection,No,0,,No,0,
DS3_Cg_OYG_10016599_10004558,,,1,No,0,,No,0,,Yes,1,Cg_Pmarinus_infection,No,0,,No,0,
DS3_Cg_OYG_10016651_10013250,,,1,No,0,,No,0,,Yes,1,Cg_Pmarinus_infection,No,0,,No,0,
DS3_Cg_OYG_10016893_10041314,,,1,No,0,,No,0,,Yes,1,Cg_Pmarinus_infection,No,0,,No,0,
DS3_Cg_OYG_10016942_10023150,,,1,No,0,,No,0,,Yes,1,Cg_Pmarinus_infection,No,0,,No,0,
DS3_Cg_OYG_10016946_10008235,,,1,No,0,,No,0,,Yes,1,Cg_Pmarinus_infection,No,0,,No,0,
DS3_Cg_OYG_10016954_10042003,,,1,No,0,,No,0,,Yes,1,Cg_Pmarinus_infection,No,0,,No,0,
DS3_Cg_OYG_10017146_10020448,,,1,No,0,,No,0,,Yes,1,Cg_Pmarinus_infection,No,0,,No,0,
DS3_Cg_OYG_10017149_10024161,,,1,No,0,,No,0,,Yes,1,Cg_Pmarinus_infection,No,0,,No,0,
DS3_Cg_OYG_10017200_10032037,,,1,No,0,,No,0,,Yes,1,Cg_Pmarinus_infection,No,0,,No,0,
DS3_Cg_OYG_10017293_10034924,,,1,No,0,,No,0,,Yes,1,Cg_Pmarinus_infection,No,0,,No,0,
DS3_Cg_OYG_10017336_10022126,,,1,No,0,,No,0,,Yes,1,Cg_Pmarinus_infection,No,0,,No,0,
DS3_Cg_OYG_10017362_10011832,,,1,No,0,,No,0,,Yes,1,Cg_Pmarinus_infection,No,0,,No,0,
DS3_Cg_OYG_10017367_10039768,,,1,No,0,,No,0,,Yes,1,Cg_Pmarinus_infection,No,0,,No,0,
DS3_Cg_OYG_10017406_10018154,,,1,No,0,,No,0,,Yes,1,Cg_Pmarinus_infection,No,0,,No,0,
DS3_Cg_OYG_10017463_10029398,,,1,No,0,,No,0,,Yes,1,Cg_Pmarinus_infection,No,0,,No,0,
DS3_Cg_OYG_10017479_10031860,,,1,No,0,,No,0,,Yes,1,Cg_Pmarinus_infection,No,0,,No,0,
DS3_Cg_OYG_10017509_10027100,,,1,No,0,,No,0,,Yes,1,Cg_Pmarinus_infection,No,0,,No,0,
DS3_Cg_OYG_10017683,,,1,No,0,,No,0,,Yes,1,Cg_Pmarinus_infection,No,0,,No,0,
DS3_Cg_OYG_10017724_10021295,,,1,No,0,,No,0,,Yes,1,Cg_Pmarinus_infection,No,0,,No,0,
DS3_Cg_OYG_10017796_10005593,,,1,No,0,,No,0,,Yes,1,Cg_Pmarinus_infection,No,0,,No,0,
DS3_Cg_OYG_10017797_10019157,,,1,No,0,,No,0,,Yes,1,Cg_Pmarinus_infection,No,0,,No,0,
DS3_Cg_OYG_10017851_10021619,,,1,No,0,,No,0,,Yes,1,Cg_Pmarinus_infection,No,0,,No,0,
DS3_Cg_OYG_10017884_10011693,,,1,No,0,,No,0,,Yes,1,Cg_Pmarinus_infection,No,0,,No,0,
DS3_Cg_OYG_10017923_10034518,,,1,No,0,,No,0,,Yes,1,Cg_Pmarinus_infection,No,0,,No,0,
DS3_Cg_OYG_10017931_10034983,,,1,No,0,,No,0,,Yes,1,Cg_Pmarinus_infection,No,0,,No,0,
DS3_Cg_OYG_10018000_10002892,,,1,No,0,,No,0,,Yes,1,Cg_Pmarinus_infection,No,0,,No,0,
DS3_Cg_OYG_10018026_10037874,,,1,No,0,,No,0,,Yes,1,Cg_Pmarinus_infection,No,0,,No,0,
DS3_Cg_OYG_10018027_10039553,,,1,No,0,,No,0,,Yes,1,Cg_Pmarinus_infection,No,0,,No,0,
DS3_Cg_OYG_10018124_10021557,,,1,No,0,,No,0,,Yes,1,Cg_Pmarinus_infection,No,0,,No,0,
DS3_Cg_OYG_10018142_10015113,,,1,No,0,,No,0,,Yes,1,Cg_Pmarinus_infection,No,0,,No,0,
DS3_Cg_OYG_10018336_10018653,,,1,No,0,,No,0,,Yes,1,Cg_Pmarinus_infection,No,0,,No,0,
DS3_Cg_OYG_10018363_10030152,,,1,No,0,,No,0,,Yes,1,Cg_Pmarinus_infection,No,0,,No,0,
DS3_Cg_OYG_10018381_10012478,,,1,No,0,,No,0,,Yes,1,Cg_Pmarinus_infection,No,0,,No,0,
DS3_Cg_OYG_10018394_10025265,,,1,No,0,,No,0,,Yes,1,Cg_Pmarinus_infection,No,0,,No,0,
DS3_Cg_OYG_10018405_10013080,,,1,No,0,,No,0,,Yes,1,Cg_Pmarinus_infection,No,0,,No,0,
DS3_Cg_OYG_10018409_10013080,,,1,No,0,,No,0,,Yes,1,Cg_Pmarinus_infection,No,0,,No,0,
DS3_Cg_OYG_10018411_10042187,,,1,No,0,,No,0,,Yes,1,Cg_Pmarinus_infection,No,0,,No,0,
DS3_Cg_OYG_10018493_10014153,,,1,No,0,,No,0,,Yes,1,Cg_Pmarinus_infection,No,0,,No,0,
DS3_Cg_OYG_10018599_10035948,,,1,No,0,,No,0,,Yes,1,Cg_Pmarinus_infection,No,0,,No,0,
DS3_Cg_OYG_10018642_10033452,,,1,No,0,,No,0,,Yes,1,Cg_Pmarinus_infection,No,0,,No,0,
DS3_Cg_OYG_10018650_10036117,,,1,No,0,,No,0,,Yes,1,Cg_Pmarinus_infection,No,0,,No,0,
DS3_Cg_OYG_10018670_10031649,,,1,No,0,,No,0,,Yes,1,Cg_Pmarinus_infection,No,0,,No,0,
DS3_Cg_OYG_10018675_10033139,,,1,No,0,,No,0,,Yes,1,Cg_Pmarinus_infection,No,0,,No,0,
DS3_Cg_OYG_10018684_10022391,,,1,No,0,,No,0,,Yes,1,Cg_Pmarinus_infection,No,0,,No,0,
DS3_Cg_OYG_10018753_10018324,,,1,No,0,,No,0,,Yes,1,Cg_Pmarinus_infection,No,0,,No,0,
DS3_Cg_OYG_10018778_10030267,,,1,No,0,,No,0,,Yes,1,Cg_Pmarinus_infection,No,0,,No,0,
DS3_Cg_OYG_10018833_10030584,,,1,No,0,,No,0,,Yes,1,Cg_Pmarinus_infection,No,0,,No,0,
DS3_Cg_OYG_10018854_10041100,,,1,No,0,,No,0,,Yes,1,Cg_Pmarinus_infection,No,0,,No,0,
DS3_Cg_OYG_10018913_10028318,,,1,No,0,,No,0,,Yes,1,Cg_Pmarinus_infection,No,0,,No,0,
DS3_Cg_OYG_10018963_10019809,,,1,No,0,,No,0,,Yes,1,Cg_Pmarinus_infection,No,0,,No,0,
DS3_Cg_OYG_10019032_10033045,,,1,No,0,,No,0,,Yes,1,Cg_Pmarinus_infection,No,0,,No,0,
DS3_Cg_OYG_10019046_10011324,,,1,No,0,,No,0,,Yes,1,Cg_Pmarinus_infection,No,0,,No,0,
DS3_Cg_OYG_10019049_10029158,,,1,No,0,,No,0,,Yes,1,Cg_Pmarinus_infection,No,0,,No,0,
DS3_Cg_OYG_10019070_10035446,,,1,No,0,,No,0,,Yes,1,Cg_Pmarinus_infection,No,0,,No,0,
DS3_Cg_OYG_10019079_10023159,,,1,No,0,,No,0,,Yes,1,Cg_Pmarinus_infection,No,0,,No,0,
DS3_Cg_OYG_10019149_10017652,,,1,No,0,,No,0,,Yes,1,Cg_Pmarinus_infection,No,0,,No,0,
DS3_Cg_OYG_10019212_10029398,,,1,No,0,,No,0,,Yes,1,Cg_Pmarinus_infection,No,0,,No,0,
DS3_Cg_OYG_10019237_10039113,,,1,No,0,,No,0,,Yes,1,Cg_Pmarinus_infection,No,0,,No,0,
DS3_Cg_OYG_10019246_10040458,,,1,No,0,,No,0,,Yes,1,Cg_Pmarinus_infection,No,0,,No,0,
DS3_Cg_OYG_10019265_10042160,,,1,No,0,,No,0,,Yes,1,Cg_Pmarinus_infection,No,0,,No,0,
DS3_Cg_OYG_10019298_10021713,,,1,No,0,,No,0,,Yes,1,Cg_Pmarinus_infection,No,0,,No,0,
DS3_Cg_OYG_10019333_10035907,,,1,No,0,,No,0,,Yes,1,Cg_Pmarinus_infection,No,0,,No,0,
DS3_Cg_OYG_10019359_10024155,,,1,No,0,,No,0,,Yes,1,Cg_Pmarinus_infection,No,0,,No,0,
DS3_Cg_OYG_10019448_10030777,,,1,No,0,,No,0,,Yes,1,Cg_Pmarinus_infection,No,0,,No,0,
DS3_Cg_OYG_10019508_10019295,,,1,No,0,,No,0,,Yes,1,Cg_Pmarinus_infection,No,0,,No,0,
DS3_Cg_OYG_10019517_10015615,,,1,No,0,,No,0,,Yes,1,Cg_Pmarinus_infection,No,0,,No,0,
DS3_Cg_OYG_10019549_10040795,,,1,No,0,,No,0,,Yes,1,Cg_Pmarinus_infection,No,0,,No,0,
DS3_Cg_OYG_10019711_10037438,,,1,No,0,,No,0,,Yes,1,Cg_Pmarinus_infection,No,0,,No,0,
DS3_Cg_OYG_10019734_10013553,,,1,No,0,,No,0,,Yes,1,Cg_Pmarinus_infection,No,0,,No,0,
DS3_Cg_OYG_10019760_10016308,,,1,No,0,,No,0,,Yes,1,Cg_Pmarinus_infection,No,0,,No,0,
DS3_Cg_OYG_10019796_10039455,,,1,No,0,,No,0,,Yes,1,Cg_Pmarinus_infection,No,0,,No,0,
DS3_Cg_OYG_10019842_10016340,,,1,No,0,,No,0,,Yes,1,Cg_Pmarinus_infection,No,0,,No,0,
DS3_Cg_OYG_10019843_10012802,,,1,No,0,,No,0,,Yes,1,Cg_Pmarinus_infection,No,0,,No,0,
DS3_Cg_OYG_10019877_10003657,,,1,No,0,,No,0,,Yes,1,Cg_Pmarinus_infection,No,0,,No,0,
DS3_Cg_OYG_10019898_10009945,,,1,No,0,,No,0,,Yes,1,Cg_Pmarinus_infection,No,0,,No,0,
DS3_Cg_OYG_10020018_10021341,,,1,No,0,,No,0,,Yes,1,Cg_Pmarinus_infection,No,0,,No,0,
DS3_Cg_OYG_10020062_10037499,,,1,No,0,,No,0,,Yes,1,Cg_Pmarinus_infection,No,0,,No,0,
DS3_Cg_OYG_10020082_10005295,,,1,No,0,,No,0,,Yes,1,Cg_Pmarinus_infection,No,0,,No,0,
DS3_Cg_OYG_10020147_10012643,,,1,No,0,,No,0,,Yes,1,Cg_Pmarinus_infection,No,0,,No,0,
DS3_Cg_OYG_10020201_10033589,,,1,No,0,,No,0,,Yes,1,Cg_Pmarinus_infection,No,0,,No,0,
DS3_Cg_OYG_10020264_10009039,,,1,No,0,,No,0,,Yes,1,Cg_Pmarinus_infection,No,0,,No,0,
DS3_Cg_OYG_10020297_10017108,,,1,No,0,,No,0,,Yes,1,Cg_Pmarinus_infection,No,0,,No,0,
DS3_Cg_OYG_10020325_10021271,,,1,No,0,,No,0,,Yes,1,Cg_Pmarinus_infection,No,0,,No,0,
DS3_Cg_OYG_10020473_10023612,,,1,No,0,,No,0,,Yes,1,Cg_Pmarinus_infection,No,0,,No,0,
DS3_Cg_OYG_10020474_10036504,,,1,No,0,,No,0,,Yes,1,Cg_Pmarinus_infection,No,0,,No,0,
DS3_Cg_OYG_10020481_10021051,,,1,No,0,,No,0,,Yes,1,Cg_Pmarinus_infection,No,0,,No,0,
DS3_Cg_OYG_10020488_10014539,,,1,No,0,,No,0,,Yes,1,Cg_Pmarinus_infection,No,0,,No,0,
DS3_Cg_OYG_10020581_10032075,,,1,No,0,,No,0,,Yes,1,Cg_Pmarinus_infection,No,0,,No,0,
DS3_Cg_OYG_10020626_10023762,,,1,No,0,,No,0,,Yes,1,Cg_Pmarinus_infection,No,0,,No,0,
DS3_Cg_OYG_10020627_10007935,,,1,No,0,,No,0,,Yes,1,Cg_Pmarinus_infection,No,0,,No,0,
DS3_Cg_OYG_10020805_10041568,,,1,No,0,,No,0,,Yes,1,Cg_Pmarinus_infection,No,0,,No,0,
DS3_Cg_OYG_10020857_10014368,,,1,No,0,,No,0,,Yes,1,Cg_Pmarinus_infection,No,0,,No,0,
DS3_Cg_OYG_10021030_10025712,,,1,No,0,,No,0,,Yes,1,Cg_Pmarinus_infection,No,0,,No,0,
DS3_Cg_OYG_10021094_10011337,,,1,No,0,,No,0,,Yes,1,Cg_Pmarinus_infection,No,0,,No,0,
DS3_Cg_OYG_10021120_10013909,,,1,No,0,,No,0,,Yes,1,Cg_Pmarinus_infection,No,0,,No,0,
DS3_Cg_OYG_10021124_10017238,,,1,No,0,,No,0,,Yes,1,Cg_Pmarinus_infection,No,0,,No,0,
DS3_Cg_OYG_10021142_10004153,,,1,No,0,,No,0,,Yes,1,Cg_Pmarinus_infection,No,0,,No,0,
DS3_Cg_OYG_10021159_10021154,,,1,No,0,,No,0,,Yes,1,Cg_Pmarinus_infection,No,0,,No,0,
DS3_Cg_OYG_10021171_10007268,,,1,No,0,,No,0,,Yes,1,Cg_Pmarinus_infection,No,0,,No,0,
DS3_Cg_OYG_10021181_10012001,,,1,No,0,,No,0,,Yes,1,Cg_Pmarinus_infection,No,0,,No,0,
DS3_Cg_OYG_10021254_10040495,,,1,No,0,,No,0,,Yes,1,Cg_Pmarinus_infection,No,0,,No,0,
DS3_Cg_OYG_10021338_10017729,,,1,No,0,,No,0,,Yes,1,Cg_Pmarinus_infection,No,0,,No,0,
DS3_Cg_OYG_10021428_10027077,,,1,No,0,,No,0,,Yes,1,Cg_Pmarinus_infection,No,0,,No,0,
DS3_Cg_OYG_10021493_10032498,,,1,No,0,,No,0,,Yes,1,Cg_Pmarinus_infection,No,0,,No,0,
DS3_Cg_OYG_10021563_10021995,,,1,No,0,,No,0,,Yes,1,Cg_Pmarinus_infection,No,0,,No,0,
DS3_Cg_OYG_10021568_10039053,,,1,No,0,,No,0,,Yes,1,Cg_Pmarinus_infection,No,0,,No,0,
DS3_Cg_OYG_10021596_10035529,,,1,No,0,,No,0,,Yes,1,Cg_Pmarinus_infection,No,0,,No,0,
DS3_Cg_OYG_10021624_10017442,,,1,No,0,,No,0,,Yes,1,Cg_Pmarinus_infection,No,0,,No,0,
DS3_Cg_OYG_10021660_10020149,,,1,No,0,,No,0,,Yes,1,Cg_Pmarinus_infection,No,0,,No,0,
DS3_Cg_OYG_10021681_10033715,,,1,No,0,,No,0,,Yes,1,Cg_Pmarinus_infection,No,0,,No,0,
DS3_Cg_OYG_10021692_10000987,,,1,No,0,,No,0,,Yes,1,Cg_Pmarinus_infection,No,0,,No,0,
DS3_Cg_OYG_10021697_10027385,,,1,No,0,,No,0,,Yes,1,Cg_Pmarinus_infection,No,0,,No,0,
DS3_Cg_OYG_10021714_10035522,,,1,No,0,,No,0,,Yes,1,Cg_Pmarinus_infection,No,0,,No,0,
DS3_Cg_OYG_10021742_10016432,,,1,No,0,,No,0,,Yes,1,Cg_Pmarinus_infection,No,0,,No,0,
DS3_Cg_OYG_10021844_10008268,,,1,No,0,,No,0,,Yes,1,Cg_Pmarinus_infection,No,0,,No,0,
DS3_Cg_OYG_10021895_10018509,,,1,No,0,,No,0,,Yes,1,Cg_Pmarinus_infection,No,0,,No,0,
DS3_Cg_OYG_10022157_10041136,,,1,No,0,,No,0,,Yes,1,Cg_Pmarinus_infection,No,0,,No,0,
DS3_Cg_OYG_10022218_10011284,,,1,No,0,,No,0,,Yes,1,Cg_Pmarinus_infection,No,0,,No,0,
DS3_Cg_OYG_10022248,,,1,No,0,,No,0,,Yes,1,Cg_Pmarinus_infection,No,0,,No,0,
DS3_Cg_OYG_10022336_10002530,,,1,No,0,,No,0,,Yes,1,Cg_Pmarinus_infection,No,0,,No,0,
DS3_Cg_OYG_10022397_10012763,,,1,No,0,,No,0,,Yes,1,Cg_Pmarinus_infection,No,0,,No,0,
DS3_Cg_OYG_10022534_10021477,,,1,No,0,,No,0,,Yes,1,Cg_Pmarinus_infection,No,0,,No,0,
DS3_Cg_OYG_10022542_10024475,,,1,No,0,,No,0,,Yes,1,Cg_Pmarinus_infection,No,0,,No,0,
DS3_Cg_OYG_10022607_10035293,,,1,No,0,,No,0,,Yes,1,Cg_Pmarinus_infection,No,0,,No,0,
DS3_Cg_OYG_10022688_10029446,,,1,No,0,,No,0,,Yes,1,Cg_Pmarinus_infection,No,0,,No,0,
DS3_Cg_OYG_10022708_10028226,,,1,No,0,,No,0,,Yes,1,Cg_Pmarinus_infection,No,0,,No,0,
DS3_Cg_OYG_10022709_10028227,,,1,No,0,,No,0,,Yes,1,Cg_Pmarinus_infection,No,0,,No,0,
DS3_Cg_OYG_10022770_10030537,,,1,No,0,,No,0,,Yes,1,Cg_Pmarinus_infection,No,0,,No,0,
DS3_Cg_OYG_10022791_10024652,,,1,No,0,,No,0,,Yes,1,Cg_Pmarinus_infection,No,0,,No,0,
DS3_Cg_OYG_10022804_10005424,,,1,No,0,,No,0,,Yes,1,Cg_Pmarinus_infection,No,0,,No,0,
DS3_Cg_OYG_10022835_10024371,,,1,No,0,,No,0,,Yes,1,Cg_Pmarinus_infection,No,0,,No,0,
DS3_Cg_OYG_10022838_10018382,,,1,No,0,,No,0,,Yes,1,Cg_Pmarinus_infection,No,0,,No,0,
DS3_Cg_OYG_10022875_10028485,,,1,No,0,,No,0,,Yes,1,Cg_Pmarinus_infection,No,0,,No,0,
DS3_Cg_OYG_10022918_10019060,,,1,No,0,,No,0,,Yes,1,Cg_Pmarinus_infection,No,0,,No,0,
DS3_Cg_OYG_10022973_10012433,,,1,No,0,,No,0,,Yes,1,Cg_Pmarinus_infection,No,0,,No,0,
DS3_Cg_OYG_10022982_10021920,,,1,No,0,,No,0,,Yes,1,Cg_Pmarinus_infection,No,0,,No,0,
DS3_Cg_OYG_10023080_10030229,,,1,No,0,,No,0,,Yes,1,Cg_Pmarinus_infection,No,0,,No,0,
DS3_Cg_OYG_10023098_10026434,,,1,No,0,,No,0,,Yes,1,Cg_Pmarinus_infection,No,0,,No,0,
DS3_Cg_OYG_10023107_10028278-D3,,,1,No,0,,No,0,,Yes,1,Cg_Pmarinus_infection,No,0,,No,0,
DS3_Cg_OYG_10023124_10028936,,,1,No,0,,No,0,,Yes,1,Cg_Pmarinus_infection,No,0,,No,0,
DS3_Cg_OYG_10023156_10011747,,,1,No,0,,No,0,,Yes,1,Cg_Pmarinus_infection,No,0,,No,0,
DS3_Cg_OYG_10023349_10019173,,,1,No,0,,No,0,,Yes,1,Cg_Pmarinus_infection,No,0,,No,0,
DS3_Cg_OYG_10023359_10027171,,,1,No,0,,No,0,,Yes,1,Cg_Pmarinus_infection,No,0,,No,0,
DS3_Cg_OYG_10023421_10021681,,,1,No,0,,No,0,,Yes,1,Cg_Pmarinus_infection,No,0,,No,0,
DS3_Cg_OYG_10023493_10008796,,,1,No,0,,No,0,,Yes,1,Cg_Pmarinus_infection,No,0,,No,0,
DS3_Cg_OYG_10023551_10021627,,,1,No,0,,No,0,,Yes,1,Cg_Pmarinus_infection,No,0,,No,0,
DS3_Cg_OYG_10023601_10016900,,,1,No,0,,No,0,,Yes,1,Cg_Pmarinus_infection,No,0,,No,0,
DS3_Cg_OYG_10023625_10027682,,,1,No,0,,No,0,,Yes,1,Cg_Pmarinus_infection,No,0,,No,0,
DS3_Cg_OYG_10023721_10011091,,,1,No,0,,No,0,,Yes,1,Cg_Pmarinus_infection,No,0,,No,0,
DS3_Cg_OYG_10023758_10038841,,,1,No,0,,No,0,,Yes,1,Cg_Pmarinus_infection,No,0,,No,0,
DS3_Cg_OYG_10023774_10017618,,,1,No,0,,No,0,,Yes,1,Cg_Pmarinus_infection,No,0,,No,0,
DS3_Cg_OYG_10023793_10028377,,,1,No,0,,No,0,,Yes,1,Cg_Pmarinus_infection,No,0,,No,0,
DS3_Cg_OYG_10023856_10041663,,,1,No,0,,No,0,,Yes,1,Cg_Pmarinus_infection,No,0,,No,0,
DS3_Cg_OYG_10023866_10021009,,,1,No,0,,No,0,,Yes,1,Cg_Pmarinus_infection,No,0,,No,0,
DS3_Cg_OYG_10023902_10040387,,,1,No,0,,No,0,,Yes,1,Cg_Pmarinus_infection,No,0,,No,0,
DS3_Cg_OYG_10023950_10009333,,,1,No,0,,No,0,,Yes,1,Cg_Pmarinus_infection,No,0,,No,0,
DS3_Cg_OYG_10023960_10024428,,,1,No,0,,No,0,,Yes,1,Cg_Pmarinus_infection,No,0,,No,0,
DS3_Cg_OYG_10024107_10010519,,,1,No,0,,No,0,,Yes,1,Cg_Pmarinus_infection,No,0,,No,0,
DS3_Cg_OYG_10024113_10015943,,,1,No,0,,No,0,,Yes,1,Cg_Pmarinus_infection,No,0,,No,0,
DS3_Cg_OYG_10024137_10010219,,,1,No,0,,No,0,,Yes,1,Cg_Pmarinus_infection,No,0,,No,0,
DS3_Cg_OYG_10024211_10030220,,,1,No,0,,No,0,,Yes,1,Cg_Pmarinus_infection,No,0,,No,0,
DS3_Cg_OYG_10024219_10041271,,,1,No,0,,No,0,,Yes,1,Cg_Pmarinus_infection,No,0,,No,0,
DS3_Cg_OYG_10024228_10020808,,,1,No,0,,No,0,,Yes,1,Cg_Pmarinus_infection,No,0,,No,0,
DS3_Cg_OYG_10024266_10015694,,,1,No,0,,No,0,,Yes,1,Cg_Pmarinus_infection,No,0,,No,0,
DS3_Cg_OYG_10024455_10041266,,,1,No,0,,No,0,,Yes,1,Cg_Pmarinus_infection,No,0,,No,0,
DS3_Cg_OYG_10024457_10027698,,,1,No,0,,No,0,,Yes,1,Cg_Pmarinus_infection,No,0,,No,0,
DS3_Cg_OYG_10024477_10023286,,,1,No,0,,No,0,,Yes,1,Cg_Pmarinus_infection,No,0,,No,0,
DS3_Cg_OYG_10024483_10010044,,,1,No,0,,No,0,,Yes,1,Cg_Pmarinus_infection,No,0,,No,0,
DS3_Cg_OYG_10024664_10039252,,,1,No,0,,No,0,,Yes,1,Cg_Pmarinus_infection,No,0,,No,0,
DS3_Cg_OYG_10024723_10009287,,,1,No,0,,No,0,,Yes,1,Cg_Pmarinus_infection,No,0,,No,0,
DS3_Cg_OYG_10024854_10029332,,,1,No,0,,No,0,,Yes,1,Cg_Pmarinus_infection,No,0,,No,0,
DS3_Cg_OYG_10024876_10002777,,,1,No,0,,No,0,,Yes,1,Cg_Pmarinus_infection,No,0,,No,0,
DS3_Cg_OYG_10024882_10039016,,,1,No,0,,No,0,,Yes,1,Cg_Pmarinus_infection,No,0,,No,0,
DS3_Cg_OYG_10024932_10037988,,,1,No,0,,No,0,,Yes,1,Cg_Pmarinus_infection,No,0,,No,0,
DS3_Cg_OYG_10024933_10030806,,,1,No,0,,No,0,,Yes,1,Cg_Pmarinus_infection,No,0,,No,0,
DS3_Cg_OYG_10025109_10015821,,,1,No,0,,No,0,,Yes,1,Cg_Pmarinus_infection,No,0,,No,0,
DS3_Cg_OYG_10025116_10028718,,,1,No,0,,No,0,,Yes,1,Cg_Pmarinus_infection,No,0,,No,0,
DS3_Cg_OYG_10025126_10024458,,,1,No,0,,No,0,,Yes,1,Cg_Pmarinus_infection,No,0,,No,0,
DS3_Cg_OYG_10025207_10032814,,,1,No,0,,No,0,,Yes,1,Cg_Pmarinus_infection,No,0,,No,0,
DS3_Cg_OYG_10025240_10017748,,,1,No,0,,No,0,,Yes,1,Cg_Pmarinus_infection,No,0,,No,0,
DS3_Cg_OYG_10025260_10037324,,,1,No,0,,No,0,,Yes,1,Cg_Pmarinus_infection,No,0,,No,0,
DS3_Cg_OYG_10025267_10038939,,,1,No,0,,No,0,,Yes,1,Cg_Pmarinus_infection,No,0,,No,0,
DS3_Cg_OYG_10025528_10038458,,,1,No,0,,No,0,,Yes,1,Cg_Pmarinus_infection,No,0,,No,0,
DS3_Cg_OYG_10025581_10019006,,,1,No,0,,No,0,,Yes,1,Cg_Pmarinus_infection,No,0,,No,0,
DS3_Cg_OYG_10025636_10019116,,,1,No,0,,No,0,,Yes,1,Cg_Pmarinus_infection,No,0,,No,0,
DS3_Cg_OYG_10025682_10026817,,,1,No,0,,No,0,,Yes,1,Cg_Pmarinus_infection,No,0,,No,0,
DS3_Cg_OYG_10025689_10033467,,,1,No,0,,No,0,,Yes,1,Cg_Pmarinus_infection,No,0,,No,0,
DS3_Cg_OYG_10025722_10028432R,,,1,No,0,,No,0,,Yes,1,Cg_Pmarinus_infection,No,0,,No,0,
DS3_Cg_OYG_10025723_10009027,,,1,No,0,,No,0,,Yes,1,Cg_Pmarinus_infection,No,0,,No,0,
DS3_Cg_OYG_10025746_10028658,,,1,No,0,,No,0,,Yes,1,Cg_Pmarinus_infection,No,0,,No,0,
DS3_Cg_OYG_10025754_10010720,,,1,No,0,,No,0,,Yes,1,Cg_Pmarinus_infection,No,0,,No,0,
DS3_Cg_OYG_10025766_10016746,,,1,No,0,,No,0,,Yes,1,Cg_Pmarinus_infection,No,0,,No,0,
DS3_Cg_OYG_10025773_10005223,,,1,No,0,,No,0,,Yes,1,Cg_Pmarinus_infection,No,0,,No,0,
DS3_Cg_OYG_10025806_10011684,,,1,No,0,,No,0,,Yes,1,Cg_Pmarinus_infection,No,0,,No,0,
DS3_Cg_OYG_10025836_10015917,,,1,No,0,,No,0,,Yes,1,Cg_Pmarinus_infection,No,0,,No,0,
DS3_Cg_OYG_10025885_10034676,,,1,No,0,,No,0,,Yes,1,Cg_Pmarinus_infection,No,0,,No,0,
DS3_Cg_OYG_10025898_10015541,,,1,No,0,,No,0,,Yes,1,Cg_Pmarinus_infection,No,0,,No,0,
DS3_Cg_OYG_10025960_10004702,,,1,No,0,,No,0,,Yes,1,Cg_Pmarinus_infection,No,0,,No,0,
DS3_Cg_OYG_10026051_10007333,,,1,No,0,,No,0,,Yes,1,Cg_Pmarinus_infection,No,0,,No,0,
DS3_Cg_OYG_10026068_10026154,,,1,No,0,,No,0,,Yes,1,Cg_Pmarinus_infection,No,0,,No,0,
DS3_Cg_OYG_10026087_10025343,,,1,No,0,,No,0,,Yes,1,Cg_Pmarinus_infection,No,0,,No,0,
DS3_Cg_OYG_10026116_10014038,,,1,No,0,,No,0,,Yes,1,Cg_Pmarinus_infection,No,0,,No,0,
DS3_Cg_OYG_10026144_10014580,,,1,No,0,,No,0,,Yes,1,Cg_Pmarinus_infection,No,0,,No,0,
DS3_Cg_OYG_10026148_10030582,,,1,No,0,,No,0,,Yes,1,Cg_Pmarinus_infection,No,0,,No,0,
DS3_Cg_OYG_10026281_10020709,,,1,No,0,,No,0,,Yes,1,Cg_Pmarinus_infection,No,0,,No,0,
DS3_Cg_OYG_10026294_10009409,,,1,No,0,,No,0,,Yes,1,Cg_Pmarinus_infection,No,0,,No,0,
DS3_Cg_OYG_10026373,,,1,No,0,,No,0,,Yes,1,Cg_Pmarinus_infection,No,0,,No,0,
DS3_Cg_OYG_10026374_10026943,,,1,No,0,,No,0,,Yes,1,Cg_Pmarinus_infection,No,0,,No,0,
DS3_Cg_OYG_10026376_10026943,,,1,No,0,,No,0,,Yes,1,Cg_Pmarinus_infection,No,0,,No,0,
DS3_Cg_OYG_10026377_10026944,,,1,No,0,,No,0,,Yes,1,Cg_Pmarinus_infection,No,0,,No,0,
DS3_Cg_OYG_10026379_10026946,,,1,No,0,,No,0,,Yes,1,Cg_Pmarinus_infection,No,0,,No,0,
DS3_Cg_OYG_10026433_10028016,,,1,No,0,,No,0,,Yes,1,Cg_Pmarinus_infection,No,0,,No,0,
DS3_Cg_OYG_10026493_10015466,,,1,No,0,,No,0,,Yes,1,Cg_Pmarinus_infection,No,0,,No,0,
DS3_Cg_OYG_10026560_10039317,,,1,No,0,,No,0,,Yes,1,Cg_Pmarinus_infection,No,0,,No,0,
DS3_Cg_OYG_10026597_10024934,,,1,No,0,,No,0,,Yes,1,Cg_Pmarinus_infection,No,0,,No,0,
DS3_Cg_OYG_10026641_10032291,,,1,No,0,,No,0,,Yes,1,Cg_Pmarinus_infection,No,0,,No,0,
DS3_Cg_OYG_10026649_10012712,,,1,No,0,,No,0,,Yes,1,Cg_Pmarinus_infection,No,0,,No,0,
DS3_Cg_OYG_10026692_10006130,,,1,No,0,,No,0,,Yes,1,Cg_Pmarinus_infection,No,0,,No,0,
DS3_Cg_OYG_10026771_10015216,,,1,No,0,,No,0,,Yes,1,Cg_Pmarinus_infection,No,0,,No,0,
DS3_Cg_OYG_10026772_10015216,,,1,No,0,,No,0,,Yes,1,Cg_Pmarinus_infection,No,0,,No,0,
DS3_Cg_OYG_10026773_10019357,,,1,No,0,,No,0,,Yes,1,Cg_Pmarinus_infection,No,0,,No,0,
DS3_Cg_OYG_10026848_10007753,,,1,No,0,,No,0,,Yes,1,Cg_Pmarinus_infection,No,0,,No,0,
DS3_Cg_OYG_10026860_10037735,,,1,No,0,,No,0,,Yes,1,Cg_Pmarinus_infection,No,0,,No,0,
DS3_Cg_OYG_10026881_10027404,,,1,No,0,,No,0,,Yes,1,Cg_Pmarinus_infection,No,0,,No,0,
DS3_Cg_OYG_10026883_10008204,,,1,No,0,,No,0,,Yes,1,Cg_Pmarinus_infection,No,0,,No,0,
DS3_Cg_OYG_10026885_10008206,,,1,No,0,,No,0,,Yes,1,Cg_Pmarinus_infection,No,0,,No,0,
DS3_Cg_OYG_10026886_10008204,,,1,No,0,,No,0,,Yes,1,Cg_Pmarinus_infection,No,0,,No,0,
DS3_Cg_OYG_10026985_10008602,,,1,No,0,,No,0,,Yes,1,Cg_Pmarinus_infection,No,0,,No,0,
DS3_Cg_OYG_10027072_10011617,,,1,No,0,,No,0,,Yes,1,Cg_Pmarinus_infection,No,0,,No,0,
DS3_Cg_OYG_10027154_10023858,,,1,No,0,,No,0,,Yes,1,Cg_Pmarinus_infection,No,0,,No,0,
DS3_Cg_OYG_10027182_10039097,,,1,No,0,,No,0,,Yes,1,Cg_Pmarinus_infection,No,0,,No,0,
DS3_Cg_OYG_10027230_10026014,,,1,No,0,,No,0,,Yes,1,Cg_Pmarinus_infection,No,0,,No,0,
DS3_Cg_OYG_10027231_10026012,,,1,No,0,,No,0,,Yes,1,Cg_Pmarinus_infection,No,0,,No,0,
DS3_Cg_OYG_10027350_10033652,,,1,No,0,,No,0,,Yes,1,Cg_Pmarinus_infection,No,0,,No,0,
DS3_Cg_OYG_10027444_10011136,,,1,No,0,,No,0,,Yes,1,Cg_Pmarinus_infection,No,0,,No,0,
DS3_Cg_OYG_10027448_10005108,,,1,No,0,,No,0,,Yes,1,Cg_Pmarinus_infection,No,0,,No,0,
DS3_Cg_OYG_10027449_10005108,,,1,No,0,,No,0,,Yes,1,Cg_Pmarinus_infection,No,0,,No,0,
DS3_Cg_OYG_10027500_10023899,,,1,No,0,,No,0,,Yes,1,Cg_Pmarinus_infection,No,0,,No,0,
DS3_Cg_OYG_10027555_10005504,,,1,No,0,,No,0,,Yes,1,Cg_Pmarinus_infection,No,0,,No,0,
DS3_Cg_OYG_10027674_10010979,,,1,No,0,,No,0,,Yes,1,Cg_Pmarinus_infection,No,0,,No,0,
DS3_Cg_OYG_10027675_10010980,,,1,No,0,,No,0,,Yes,1,Cg_Pmarinus_infection,No,0,,No,0,
DS3_Cg_OYG_10027739_10015762,,,1,No,0,,No,0,,Yes,1,Cg_Pmarinus_infection,No,0,,No,0,
DS3_Cg_OYG_10027824_10026794,,,1,No,0,,No,0,,Yes,1,Cg_Pmarinus_infection,No,0,,No,0,
DS3_Cg_OYG_10027825_10026795,,,1,No,0,,No,0,,Yes,1,Cg_Pmarinus_infection,No,0,,No,0,
DS3_Cg_OYG_10027905_10024368,,,1,No,0,,No,0,,Yes,1,Cg_Pmarinus_infection,No,0,,No,0,
DS3_Cg_OYG_10027979_10037939,,,1,No,0,,No,0,,Yes,1,Cg_Pmarinus_infection,No,0,,No,0,
DS3_Cg_OYG_10027987_10031176,,,1,No,0,,No,0,,Yes,1,Cg_Pmarinus_infection,No,0,,No,0,
DS3_Cg_OYG_10028023,,,1,No,0,,No,0,,Yes,1,Cg_Pmarinus_infection,No,0,,No,0,
DS3_Cg_OYG_10028030_10040544,,,1,No,0,,No,0,,Yes,1,Cg_Pmarinus_infection,No,0,,No,0,
DS3_Cg_OYG_10028038_10023941,,,1,No,0,,No,0,,Yes,1,Cg_Pmarinus_infection,No,0,,No,0,
DS3_Cg_OYG_10028178_10022206,,,1,No,0,,No,0,,Yes,1,Cg_Pmarinus_infection,No,0,,No,0,
DS3_Cg_OYG_10028196_10025153,,,1,No,0,,No,0,,Yes,1,Cg_Pmarinus_infection,No,0,,No,0,
DS3_Cg_OYG_10028202_10015236,,,1,No,0,,No,0,,Yes,1,Cg_Pmarinus_infection,No,0,,No,0,
DS3_Cg_OYG_10028231_10029317,,,1,No,0,,No,0,,Yes,1,Cg_Pmarinus_infection,No,0,,No,0,
DS3_Cg_OYG_10028233_10010439,,,1,No,0,,No,0,,Yes,1,Cg_Pmarinus_infection,No,0,,No,0,
DS3_Cg_OYG_10028347_10002639,,,1,No,0,,No,0,,Yes,1,Cg_Pmarinus_infection,No,0,,No,0,
DS3_Cg_OYG_10028616_10029510,,,1,No,0,,No,0,,Yes,1,Cg_Pmarinus_infection,No,0,,No,0,
DS3_Cg_OYG_10028716_10029281,,,1,No,0,,No,0,,Yes,1,Cg_Pmarinus_infection,No,0,,No,0,
DS3_Cg_OYG_10028779_10022146,,,1,No,0,,No,0,,Yes,1,Cg_Pmarinus_infection,No,0,,No,0,
DS3_Cg_OYG_10028824_10034522,,,1,No,0,,No,0,,Yes,1,Cg_Pmarinus_infection,No,0,,No,0,
DS3_Cg_OYG_10028836_10002392,,,1,No,0,,No,0,,Yes,1,Cg_Pmarinus_infection,No,0,,No,0,
DS3_Cg_OYG_10028852_10014844,,,1,No,0,,No,0,,Yes,1,Cg_Pmarinus_infection,No,0,,No,0,
DS3_Cg_OYG_10028905_10011985,,,1,No,0,,No,0,,Yes,1,Cg_Pmarinus_infection,No,0,,No,0,
DS3_Cg_OYG_10028906_10035925,,,1,No,0,,No,0,,Yes,1,Cg_Pmarinus_infection,No,0,,No,0,
LOC111099035,dehydrogenase/reductase SDR family member 1-like,XP_022286053.1,1,Yes,1,fam90_vs_fam120,No,0,,No,0,,No,0,,No,0,
LOC111099040,B-cell linker protein-like isoform X7,XP_022286060.1,1,Yes,1,fam90_vs_fam84,No,0,,No,0,,No,0,,No,0,
LOC111099045,uncharacterized aarF domain-containing protein kinase 5-like isoform X1,XP_022286089.1,1,Yes,1,fam90_vs_fam89,No,0,,No,0,,No,0,,No,0,
LOC111099079,speckle targeted PIP5K1A-regulated poly(A) polymerase-like,XP_022286148.1,1,No,0,,No,0,,No,0,,Yes,1,36h_fed_vs_inj,No,0,
LOC111099119,uncharacterized protein LOC111099119,XP_022286195.1,1,No,0,,No,0,,No,0,,Yes,1,28d_fed_vs_inj,No,0,
LOC111099124,uncharacterized protein LOC111099124,XP_022286202.1,1,Yes,1,fam90_vs_fam120,No,0,,No,0,,No,0,,No,0,
LOC111099126,uncharacterized protein LOC111099126,XP_022286208.1,1,Yes,1,fam90_vs_fam120,No,0,,No,0,,No,0,,No,0,
LOC111099137,uncharacterized protein LOC111099137,XP_022286229.1,1,Yes,2,fam90_vs_fam120; fam90_vs_fam84,No,0,,No,0,,No,0,,No,0,
LOC111099147,protein draper-like isoform X1,XP_022286239.1,1,No,0,,No,0,,No,0,,Yes,1,28d_fed_vs_inj,No,0,
LOC111099155,caspase-6-like,XP_022286252.1,1,No,0,,No,0,,Yes,1,Cv_Pmarinus_infection,No,0,,No,0,
LOC111099157,rap1 GTPase-activating protein 1-like isoform X1,XP_022286254.1,1,No,0,,No,0,,No,0,,Yes,1,6h_fed_vs_ctrl,No,0,
LOC111099168,fatty acid synthase-like,XP_022286280.1,1,Yes,1,fam90_vs_fam84,No,0,,No,0,,No,0,,No,0,
LOC111099172,zinc metalloproteinase nas-13-like,XP_022286290.1,1,No,0,,No,0,,No,0,,Yes,1,28d_fed_vs_inj,No,0,
LOC111099201,ATP-dependent DNA helicase Q-like SIM,XP_022286340.1,1,Yes,1,fam90_vs_fam89,No,0,,No,0,,No,0,,No,0,
LOC111099206,uncharacterized protein C10orf107 homolog isoform X2,XP_022286345.1,1,No,0,,No,0,,No,0,,Yes,1,28d_fed_vs_inj,No,0,
LOC111099220,syntaxin-18-like isoform X2,XP_022286360.1,1,Yes,1,fam90_vs_fam89,No,0,,No,0,,No,0,,No,0,
LOC111099227,uncharacterized protein LOC111099227,XP_022286375.1,1,Yes,2,fam90_vs_fam84; fam90_vs_fam89,No,0,,No,0,,No,0,,No,0,
LOC111099262,multiple epidermal growth factor-like domains protein 10,XP_022286385.1,1,Yes,1,fam90_vs_fam120,No,0,,No,0,,No,0,,No,0,
LOC111099375,uncharacterized protein LOC111099375 isoform X1,XP_022286393.1,1,No,0,,No,0,,No,0,,Yes,1,7d_fed_vs_inj,No,0,
LOC111099420,UPF0676 protein C1494.01-like,XP_022286408.1,1,Yes,1,fam90_vs_fam120,No,0,,No,0,,No,0,,No,0,
LOC111099424,Golgi-associated PDZ and coiled-coil motif-containing protein-like,XP_022286409.1,1,Yes,3,fam90_vs_fam120; fam90_vs_fam84; fam90_vs_fam89,No,0,,No,0,,No,0,,No,0,
LOC111099426,AT-rich interactive domain-containing protein 5B-like isoform X2,XP_022286413.1,1,No,0,,No,0,,No,0,,Yes,1,28d_fed_vs_inj,No,0,
LOC111099430,multiple epidermal growth factor-like domains protein 10 isoform X1,XP_022286421.1,1,Yes,2,fam90_vs_fam120; fam90_vs_fam84,No,0,,No,0,,No,0,,No,0,
LOC111099436,uncharacterized protein LOC111099436,XP_022286426.1,1,Yes,1,fam90_vs_fam84,No,0,,No,0,,No,0,,No,0,
LOC111099438,uncharacterized protein LOC111099438 isoform X1,XP_022286428.1,1,Yes,1,fam90_vs_fam120,No,0,,No,0,,No,0,,No,0,
LOC111099439,UPF0676 protein C1494.01-like,XP_022286433.1,1,Yes,1,fam90_vs_fam120,No,0,,No,0,,No,0,,No,0,
LOC111099458,serine/arginine repetitive matrix protein 2-like isoform X3,XP_022286446.1,1,No,0,,No,0,,No,0,,Yes,1,7d_fed_vs_inj,No,0,
LOC111099473,uncharacterized protein LOC111099473,XP_022286467.1,1,Yes,1,fam90_vs_fam120,No,0,,No,0,,No,0,,No,0,
LOC111099476,uncharacterized protein LOC111099476,XP_022286472.1,1,Yes,1,fam90_vs_fam120,No,0,,No,0,,No,0,,No,0,
LOC111099477,uncharacterized protein LOC111099477,XP_022286474.1,1,Yes,1,fam90_vs_fam89,No,0,,No,0,,No,0,,No,0,
LOC111099479,MORN repeat-containing protein 4-like,XP_022286476.1,1,Yes,1,fam90_vs_fam89,No,0,,No,0,,No,0,,No,0,
LOC111099481,zinc finger protein Aiolos-like,XP_022286483.1,1,Yes,1,fam90_vs_fam84,No,0,,No,0,,No,0,,No,0,
LOC111099483,disks large homolog 1-like isoform X1,XP_022286480.1,1,No,0,,No,0,,No,0,,Yes,1,28d_fed_vs_inj,No,0,
LOC111099495,uncharacterized protein LOC111099495,XP_022286503.1,1,Yes,2,fam90_vs_fam120; fam90_vs_fam84,No,0,,No,0,,No,0,,No,0,
LOC111099496,probable hydrolase PNKD,XP_022286504.1,1,No,0,,No,0,,No,0,,Yes,1,28d_fed_vs_inj,No,0,
LOC111099499,uncharacterized protein LOC111099499,XP_022286510.1,1,Yes,2,fam90_vs_fam84; fam90_vs_fam89,No,0,,No,0,,No,0,,No,0,
LOC111099503,transcription factor Sox-14-like,XP_022286516.1,1,No,0,,Yes,1,Pmarinus_infection,No,0,,No,0,,No,0,
LOC111099504,RNA-binding protein EWS-like isoform X4,XP_022286517.1,1,No,0,,No,0,,No,0,,Yes,2,28d_fed_vs_inj; 36h_fed_vs_inj,No,0,
LOC111099510,uncharacterized protein LOC111099510,XP_022286527.1,1,Yes,1,fam90_vs_fam120,No,0,,No,0,,No,0,,No,0,
LOC111099516,von Willebrand factor D and EGF domain-containing protein-like,XP_022286536.1,1,Yes,2,fam90_vs_fam84; fam90_vs_fam89,No,0,,No,0,,No,0,,No,0,
LOC111099519,vacuolar protein sorting-associated protein 13D-like,XP_022286539.1,1,Yes,1,fam90_vs_fam84,No,0,,No,0,,No,0,,No,0,
LOC111099532,uncharacterized protein LOC111099532 isoform X2,XP_022286551.1,1,Yes,2,fam90_vs_fam120; fam90_vs_fam84,No,0,,No,0,,No,0,,No,0,
LOC111099535,uncharacterized protein LOC111099535,XP_022286555.1,1,Yes,2,fam90_vs_fam84; fam90_vs_fam89,No,0,,No,0,,No,0,,No,0,
LOC111099536,uncharacterized protein LOC111099536,XP_022286557.1,1,Yes,2,fam90_vs_fam84; fam90_vs_fam89,No,0,,No,0,,No,0,,No,0,
LOC111099540,uncharacterized protein LOC111099540,XP_022286561.1,1,Yes,1,fam90_vs_fam89,No,0,,No,0,,No,0,,No,0,
LOC111099542,uncharacterized protein LOC111099542 isoform X1,XP_022286563.1,1,Yes,2,fam90_vs_fam120; fam90_vs_fam84,No,0,,No,0,,No,0,,No,0,
LOC111099547,uncharacterized protein LOC111099547,XP_022286569.1,1,No,0,,No,0,,No,0,,No,0,,Yes,1,susceptible_fam242_36h_28d
LOC111099549,uncharacterized protein LOC111099549 isoform X3,XP_022286570.1,1,Yes,2,fam90_vs_fam120; fam90_vs_fam89,No,0,,No,0,,No,0,,No,0,
LOC111099558,uncharacterized protein LOC111099558,XP_022286581.1,1,Yes,2,fam90_vs_fam84; fam90_vs_fam89,No,0,,No,0,,No,0,,No,0,
LOC111099567,uncharacterized protein LOC111099567 isoform X2,XP_022286592.1,1,Yes,1,fam90_vs_fam84,No,0,,No,0,,No,0,,No,0,
LOC111099592,uncharacterized protein LOC111099592 isoform X4,XP_022286630.1,1,Yes,3,fam90_vs_fam120; fam90_vs_fam84; fam90_vs_fam89,No,0,,No,0,,No,0,,No,0,
LOC111099606,uncharacterized protein LOC111099606,XP_022286666.1,1,No,0,,No,0,,No,0,,Yes,1,6h_fed_vs_ctrl,No,0,
LOC111099614,translation initiation factor eIF-2B subunit delta-like,XP_022286684.1,1,No,0,,No,0,,No,0,,Yes,1,7d_fed_vs_inj,No,0,
LOC111099618,uncharacterized protein LOC111099618,XP_022286688.1,1,Yes,1,fam90_vs_fam120,No,0,,No,0,,No,0,,No,0,
LOC111099621,cell wall protein DAN4-like,XP_022286693.1,1,Yes,1,fam90_vs_fam89,No,0,,No,0,,No,0,,No,0,
LOC111099622,cytochrome P450 4F22-like,XP_022286694.1,1,Yes,1,fam90_vs_fam84,No,0,,No,0,,No,0,,No,0,
LOC111099627,uncharacterized protein LOC111099627,XP_022286698.1,1,Yes,1,fam90_vs_fam89,No,0,,No,0,,No,0,,No,0,
LOC111099629,uncharacterized protein LOC111099629,XP_022286699.1,1,Yes,1,fam90_vs_fam89,No,0,,No,0,,No,0,,No,0,
LOC111099646,uncharacterized protein LOC111099646 isoform X1,XP_022286718.1,1,Yes,1,fam90_vs_fam84,No,0,,No,0,,No,0,,No,0,
LOC111099649,,,1,No,0,,No,0,,Yes,1,Cv_Pmarinus_infection,No,0,,No,0,
LOC111099651,mucin-22-like,XP_022286725.1,1,Yes,1,fam90_vs_fam89,No,0,,No,0,,No,0,,No,0,
LOC111099654,uncharacterized protein LOC111099654,XP_022286727.1,1,Yes,1,fam90_vs_fam89,No,0,,No,0,,No,0,,No,0,
LOC111099655,"probable pyruvate dehydrogenase E1 component subunit alpha, mitochondrial isoform X2",XP_022286728.1,1,Yes,1,fam90_vs_fam89,No,0,,No,0,,No,0,,No,0,
LOC111099666,ATP-dependent RNA helicase eIF4A-like,XP_022286750.1,1,Yes,1,fam90_vs_fam89,No,0,,No,0,,No,0,,No,0,
LOC111099681,uncharacterized protein LOC111099681,XP_022286778.1,1,Yes,1,fam90_vs_fam120,No,0,,No,0,,No,0,,No,0,
LOC111099689,uncharacterized protein LOC111099689 isoform X1,XP_022286793.1,1,Yes,1,fam90_vs_fam120,No,0,,No,0,,No,0,,No,0,
LOC111099692,leucine-rich repeat and calponin homology domain-containing protein 2-like isoform X4,XP_022286799.1,1,No,0,,No,0,,No,0,,Yes,1,28d_fed_vs_inj,No,0,
LOC111099702,probable E3 ubiquitin-protein ligase TRIM8,XP_022286821.1,1,Yes,1,fam90_vs_fam120,No,0,,No,0,,No,0,,No,0,
LOC111099708,complement C1q-like protein 4,XP_022286827.1,1,Yes,2,fam90_vs_fam120; fam90_vs_fam89,No,0,,No,0,,No,0,,No,0,
LOC111099711,uncharacterized protein LOC111099711,XP_022286829.1,1,Yes,1,fam90_vs_fam89,No,0,,No,0,,No,0,,No,0,
LOC111099713,CAAX prenyl protease 1 homolog,XP_022286834.1,1,Yes,3,fam90_vs_fam120; fam90_vs_fam84; fam90_vs_fam89,No,0,,No,0,,No,0,,No,0,
LOC111099723,proteasomal ATPase-associated factor 1-like,XP_022286848.1,1,Yes,3,fam90_vs_fam120; fam90_vs_fam84; fam90_vs_fam89,No,0,,No,0,,No,0,,No,0,
LOC111099724,tRNA wybutosine-synthesizing protein 4-like,XP_022286849.1,1,Yes,2,fam90_vs_fam84; fam90_vs_fam89,No,0,,No,0,,No,0,,No,0,
LOC111099728,uncharacterized protein LOC111099728,XP_022286856.1,1,Yes,3,fam90_vs_fam120; fam90_vs_fam84; fam90_vs_fam89,No,0,,No,0,,No,0,,No,0,
LOC111099733,uncharacterized protein LOC111099733,XP_022286862.1,1,Yes,2,fam90_vs_fam84; fam90_vs_fam89,No,0,,No,0,,No,0,,No,0,
LOC111099737,uncharacterized protein LOC111099737 isoform X2,XP_022286870.1,1,Yes,1,fam90_vs_fam84,No,0,,No,0,,No,0,,No,0,
LOC111099738,uncharacterized protein LOC111099738,XP_022286878.1,1,Yes,1,fam90_vs_fam120,No,0,,No,0,,No,0,,No,0,
LOC111099740,"beta-1,3-galactosyltransferase 1-like",XP_022286877.1,1,No,0,,No,0,,Yes,1,Cv_Pmarinus_infection,No,0,,No,0,
LOC111099748,multidrug resistance-associated protein 5-like,XP_022286888.1,1,Yes,2,fam90_vs_fam84; fam90_vs_fam89,No,0,,No,0,,No,0,,No,0,
LOC111099752,threonine-rich protein-like,XP_022286894.1,1,Yes,1,fam90_vs_fam84,No,0,,No,0,,No,0,,No,0,
LOC111099765,uncharacterized protein LOC111099765,XP_022286904.1,1,Yes,3,fam90_vs_fam120; fam90_vs_fam84; fam90_vs_fam89,No,0,,No,0,,No,0,,No,0,
LOC111099766,uncharacterized protein LOC111099766 isoform X1,XP_022286908.1,1,Yes,1,fam90_vs_fam84,No,0,,No,0,,No,0,,No,0,
LOC111099789,uncharacterized protein LOC111099789 isoform X2,XP_022286956.1,1,Yes,2,fam90_vs_fam120; fam90_vs_fam84,No,0,,No,0,,No,0,,No,0,
LOC111099795,uncharacterized protein LOC111099795,XP_022286967.1,1,Yes,1,fam90_vs_fam89,No,0,,No,0,,No,0,,No,0,
LOC111099804,uncharacterized protein LOC111099804,XP_022286977.1,1,Yes,2,fam90_vs_fam120; fam90_vs_fam84,No,0,,No,0,,No,0,,No,0,
LOC111099808,bystin-like isoform X1,XP_022286984.1,1,Yes,1,fam90_vs_fam89,No,0,,No,0,,No,0,,No,0,
LOC111099810,uncharacterized protein LOC111099810,XP_022286981.1,1,No,0,,No,0,,Yes,1,Cv_Pmarinus_infection,No,0,,No,0,
LOC111099818,cholecystokinin receptor type A-like,XP_022286990.1,1,Yes,1,fam90_vs_fam89,No,0,,No,0,,No,0,,No,0,
LOC111099821,uncharacterized protein LOC111099821,XP_022286993.1,1,Yes,2,fam90_vs_fam120; fam90_vs_fam89,No,0,,No,0,,No,0,,No,0,
LOC111099823,uncharacterized protein LOC111099823,XP_022286996.1,1,Yes,2,fam90_vs_fam84; fam90_vs_fam89,No,0,,No,0,,No,0,,No,0,
LOC111099830,uncharacterized protein LOC111099830 isoform X3,XP_022287002.1,1,Yes,2,fam90_vs_fam84; fam90_vs_fam89,No,0,,No,0,,No,0,,No,0,
LOC111099834,uncharacterized protein LOC111099834,XP_022287008.1,1,Yes,2,fam90_vs_fam84; fam90_vs_fam89,No,0,,No,0,,No,0,,No,0,
LOC111099841,serine protease inhibitor dipetalogastin-like isoform X2,XP_022287013.1,1,Yes,3,fam90_vs_fam120; fam90_vs_fam84; fam90_vs_fam89,No,0,,No,0,,No,0,,No,0,
LOC111099842,uncharacterized protein LOC111099842,XP_022287015.1,1,Yes,3,fam90_vs_fam120; fam90_vs_fam84; fam90_vs_fam89,No,0,,No,0,,No,0,,No,0,
LOC111099849,uncharacterized protein LOC111099849 isoform X4,XP_022287022.1,1,Yes,1,fam90_vs_fam120,No,0,,No,0,,No,0,,No,0,
LOC111099850,uncharacterized protein LOC111099850,XP_022287029.1,1,Yes,1,fam90_vs_fam89,No,0,,No,0,,No,0,,No,0,
LOC111099852,uncharacterized protein LOC111099852 isoform X1,XP_022287030.1,1,Yes,2,fam90_vs_fam84; fam90_vs_fam89,No,0,,No,0,,No,0,,No,0,
LOC111099854,uncharacterized protein LOC111099854 isoform X1,XP_022287032.1,1,Yes,1,fam90_vs_fam89,No,0,,No,0,,No,0,,No,0,
LOC111099856,uncharacterized protein LOC111099856,XP_022287036.1,1,Yes,3,fam90_vs_fam120; fam90_vs_fam84; fam90_vs_fam89,No,0,,No,0,,No,0,,No,0,
LOC111099858,uncharacterized protein LOC111099858,XP_022287038.1,1,Yes,1,fam90_vs_fam89,No,0,,No,0,,No,0,,No,0,
LOC111099868,uncharacterized protein LOC111099868,XP_022287049.1,1,Yes,1,fam90_vs_fam120,No,0,,No,0,,No,0,,No,0,
LOC111099880,uncharacterized protein LOC111099880,XP_022287073.1,1,Yes,1,fam90_vs_fam84,No,0,,No,0,,No,0,,No,0,
LOC111099893,heat shock 70 kDa protein 12B-like,XP_022287095.1,1,Yes,3,fam90_vs_fam120; fam90_vs_fam84; fam90_vs_fam89,No,0,,No,0,,No,0,,No,0,
LOC111099902,uncharacterized protein LOC111099902,XP_022287116.1,1,Yes,3,fam90_vs_fam120; fam90_vs_fam84; fam90_vs_fam89,No,0,,No,0,,No,0,,No,0,
LOC111099906,LOW QUALITY PROTEIN: uncharacterized protein LOC111099906,XP_022287163.1,1,Yes,1,fam90_vs_fam89,No,0,,No,0,,No,0,,No,0,
LOC111099910,uncharacterized protein LOC111099910 isoform X1,XP_022287127.1,1,No,0,,No,0,,No,0,,Yes,1,36h_fed_vs_inj,No,0,
LOC111099917,uncharacterized protein LOC111099917,XP_022287135.1,1,Yes,1,fam90_vs_fam89,No,0,,No,0,,No,0,,No,0,
LOC111099925,transcription cofactor vestigial-like protein 2 isoform X1,XP_022287148.1,1,Yes,1,fam90_vs_fam120,No,0,,No,0,,No,0,,No,0,
LOC111099927,myeloperoxidase-like isoform X1,XP_022287152.1,1,No,0,,No,0,,Yes,1,Cv_Pmarinus_infection,No,0,,No,0,
LOC111099940,uncharacterized protein LOC111099940,XP_022287175.1,1,Yes,1,fam90_vs_fam89,No,0,,No,0,,No,0,,No,0,
LOC111099960,uncharacterized protein LOC111099960,XP_022287200.1,1,Yes,1,fam90_vs_fam120,No,0,,No,0,,No,0,,No,0,
LOC111099961,multimerin-2-like,XP_022287202.1,1,Yes,1,fam90_vs_fam89,No,0,,No,0,,No,0,,No,0,
LOC111099962,platelet endothelial aggregation receptor 1-like,XP_022287203.1,1,Yes,2,fam90_vs_fam84; fam90_vs_fam89,No,0,,No,0,,No,0,,No,0,
LOC111099973,von Willebrand factor D and EGF domain-containing protein-like,XP_022287219.1,1,No,0,,No,0,,Yes,1,Cv_Pmarinus_infection,No,0,,No,0,
LOC111099980,protein phosphatase 1 regulatory subunit 12A-like isoform X1,XP_022287227.1,1,No,0,,No,0,,No,0,,Yes,1,28d_fed_vs_inj,No,0,
LOC111100004,uncharacterized protein LOC111100004,XP_022287271.1,1,Yes,1,fam90_vs_fam84,No,0,,No,0,,No,0,,No,0,
LOC111100010,uncharacterized protein LOC111100010 isoform X1,XP_022287277.1,1,Yes,3,fam90_vs_fam120; fam90_vs_fam84; fam90_vs_fam89,No,0,,No,0,,No,0,,No,0,
LOC111100011,uncharacterized protein LOC111100011 isoform X3,XP_022287285.1,1,Yes,1,fam90_vs_fam120,No,0,,No,0,,No,0,,No,0,
LOC111100012,tumor susceptibility gene 101 protein-like,XP_022287282.1,1,Yes,1,fam90_vs_fam89,No,0,,No,0,,No,0,,No,0,
LOC111100017,uncharacterized protein LOC111100017,XP_022287287.1,1,Yes,3,fam90_vs_fam120; fam90_vs_fam84; fam90_vs_fam89,No,0,,No,0,,No,0,,No,0,
LOC111100026,uncharacterized protein LOC111100026 isoform X8,XP_022287303.1,1,No,0,,No,0,,Yes,1,Cv_Pmarinus_infection,No,0,,No,0,
LOC111100030,uncharacterized protein LOC111100030,XP_022287322.1,1,No,0,,No,0,,Yes,1,Cv_Pmarinus_infection,No,0,,No,0,
LOC111100031,uncharacterized protein LOC111100031,XP_022287324.1,1,Yes,2,fam90_vs_fam84; fam90_vs_fam89,No,0,,No,0,,No,0,,No,0,
LOC111100040,uncharacterized protein LOC111100040,XP_022287335.1,1,Yes,2,fam90_vs_fam84; fam90_vs_fam89,No,0,,No,0,,No,0,,No,0,
LOC111100052,uncharacterized protein LOC111100052,XP_022287350.1,1,Yes,1,fam90_vs_fam89,No,0,,No,0,,No,0,,No,0,
LOC111100057,,,1,No,0,,No,0,,Yes,1,Cv_Pmarinus_infection,No,0,,No,0,
LOC111100064,uncharacterized protein LOC111100064,XP_022287363.1,1,No,0,,No,0,,No,0,,Yes,1,28d_fed_vs_inj,No,0,
LOC111100065,"pyruvate dehydrogenase (acetyl-transferring) kinase isozyme 2, mitochondrial-like isoform X2",XP_022287371.1,1,Yes,1,fam90_vs_fam120,No,0,,No,0,,No,0,,No,0,
LOC111100071,uncharacterized protein K02A2.6-like,XP_022287379.1,1,Yes,3,fam90_vs_fam120; fam90_vs_fam84; fam90_vs_fam89,No,0,,No,0,,No,0,,No,0,
LOC111100074,uncharacterized protein LOC111100074 isoform X1,XP_022287382.1,1,Yes,1,fam90_vs_fam89,No,0,,No,0,,No,0,,No,0,
LOC111100082,uncharacterized protein LOC111100082,XP_022287399.1,1,Yes,1,fam90_vs_fam89,No,0,,No,0,,No,0,,No,0,
LOC111100090,"glycerol-3-phosphate acyltransferase 1, mitochondrial-like",XP_022287408.1,1,Yes,2,fam90_vs_fam120; fam90_vs_fam89,No,0,,No,0,,No,0,,No,0,
LOC111100091,,,1,No,0,,No,0,,Yes,1,Cv_Pmarinus_infection,No,0,,No,0,
LOC111100100,uncharacterized protein LOC111100100 isoform X1,XP_022287425.1,1,Yes,3,fam90_vs_fam120; fam90_vs_fam84; fam90_vs_fam89,No,0,,No,0,,No,0,,No,0,
LOC111100102,mucin-5AC-like,XP_022287424.1,1,Yes,2,fam90_vs_fam120; fam90_vs_fam84,No,0,,No,0,,No,0,,No,0,
LOC111100112,uncharacterized protein LOC111100112,XP_022287431.1,1,Yes,1,fam90_vs_fam89,No,0,,No,0,,No,0,,No,0,
LOC111100116,uncharacterized protein LOC111100116,XP_022287434.1,1,No,0,,No,0,,No,0,,Yes,1,6h_fed_vs_ctrl,No,0,
LOC111100121,pleckstrin homology domain-containing family G member 6-like isoform X3,XP_022287449.1,1,Yes,1,fam90_vs_fam120,No,0,,No,0,,No,0,,No,0,
LOC111100133,proline-rich transmembrane protein 1-like,XP_022287466.1,1,No,0,,No,0,,Yes,1,Cv_Pmarinus_infection,No,0,,No,0,
LOC111100136,uncharacterized protein LOC111100136 isoform X1,XP_022287468.1,1,Yes,1,fam90_vs_fam84,No,0,,No,0,,No,0,,No,0,
LOC111100146,uncharacterized protein LOC111100146,XP_022287487.1,1,No,0,,No,0,,Yes,1,Cv_Pmarinus_infection,No,0,,No,0,
LOC111100147,uncharacterized protein LOC111100147 isoform X1,XP_022287488.1,1,Yes,1,fam90_vs_fam84,No,0,,No,0,,No,0,,No,0,
LOC111100152,uncharacterized protein LOC111100152 isoform X1,XP_022287499.1,1,Yes,1,fam90_vs_fam89,No,0,,No,0,,No,0,,No,0,
LOC111100154,clathrin interactor 1-like isoform X9,XP_022287501.1,1,Yes,1,fam90_vs_fam120,No,0,,No,0,,No,0,,No,0,
LOC111100178,uncharacterized protein LOC111100178,XP_022287538.1,1,Yes,3,fam90_vs_fam120; fam90_vs_fam84; fam90_vs_fam89,No,0,,No,0,,No,0,,No,0,
LOC111100186,uncharacterized protein LOC111100186 isoform X2,XP_022287549.1,1,Yes,3,fam90_vs_fam120; fam90_vs_fam84; fam90_vs_fam89,No,0,,No,0,,No,0,,No,0,
LOC111100206,uncharacterized protein LOC111100206,XP_022287580.1,1,Yes,1,fam90_vs_fam84,No,0,,No,0,,No,0,,No,0,
LOC111100208,uncharacterized protein LOC111100208,XP_022287585.1,1,Yes,1,fam90_vs_fam89,No,0,,No,0,,No,0,,No,0,
LOC111100219,uncharacterized protein LOC111100219 isoform X3,XP_022287591.1,1,Yes,1,fam90_vs_fam89,No,0,,No,0,,No,0,,No,0,
LOC111100220,proteasomal ATPase-associated factor 1-like isoform X1,XP_022287587.1,1,Yes,1,fam90_vs_fam89,No,0,,No,0,,No,0,,No,0,
LOC111100222,uncharacterized protein LOC111100222,XP_022287590.1,1,Yes,2,fam90_vs_fam84; fam90_vs_fam89,No,0,,No,0,,No,0,,No,0,
LOC111100230,homeobox protein Nkx-2.5-like,XP_022287604.1,1,No,0,,No,0,,No,0,,Yes,1,28d_fed_vs_inj,No,0,
LOC111100231,uncharacterized protein LOC111100231 isoform X2,XP_022287605.1,1,No,0,,No,0,,No,0,,Yes,1,28d_fed_vs_inj,No,0,
LOC111100239,uncharacterized protein LOC111100239 isoform X2,XP_022287621.1,1,Yes,1,fam90_vs_fam84,No,0,,No,0,,No,0,,No,0,
LOC111100240,uncharacterized protein LOC111100240 isoform X3,XP_022287631.1,1,Yes,1,fam90_vs_fam89,No,0,,No,0,,No,0,,No,0,
LOC111100244,"beta-1,4-N-acetylgalactosaminyltransferase bre-4-like",XP_022287636.1,1,Yes,1,fam90_vs_fam120,No,0,,No,0,,No,0,,No,0,
LOC111100255,uncharacterized protein LOC111100255,XP_022287650.1,1,Yes,1,fam90_vs_fam89,No,0,,No,0,,No,0,,No,0,
LOC111100257,uncharacterized protein LOC111100257 isoform X2,XP_022287652.1,1,Yes,2,fam90_vs_fam120; fam90_vs_fam89,No,0,,No,0,,No,0,,No,0,
LOC111100265,V-type proton ATPase subunit E-like,XP_022287663.1,1,Yes,1,fam90_vs_fam120,No,0,,No,0,,No,0,,No,0,
LOC111100267,uncharacterized protein LOC111100267,XP_022287667.1,1,Yes,1,fam90_vs_fam89,No,0,,No,0,,No,0,,No,0,
LOC111100268,V-type proton ATPase subunit E-like,XP_022287665.1,1,Yes,2,fam90_vs_fam84; fam90_vs_fam89,No,0,,No,0,,No,0,,No,0,
LOC111100275,LOW QUALITY PROTEIN: AFG1-like ATPase,XP_022287670.1,1,Yes,2,fam90_vs_fam84; fam90_vs_fam89,No,0,,No,0,,No,0,,No,0,
LOC111100277,diacylglycerol kinase delta-like isoform X1,XP_022287671.1,1,No,0,,No,0,,No,0,,Yes,1,36h_fed_vs_inj,No,0,
LOC111100278,uncharacterized protein LOC111100278 isoform X4,XP_022287679.1,1,Yes,1,fam90_vs_fam89,No,0,,No,0,,No,0,,No,0,
LOC111100285,proline-rich transmembrane protein 1-like,XP_022287689.1,1,No,0,,No,0,,No,0,,Yes,1,36h_fed_vs_inj,No,0,
LOC111100290,transmembrane GTPase Marf-like,XP_022287704.1,1,Yes,2,fam90_vs_fam84; fam90_vs_fam89,No,0,,No,0,,No,0,,No,0,
LOC111100292,T-lymphoma invasion and metastasis-inducing protein 1-like,XP_022287707.1,1,Yes,1,fam90_vs_fam89,No,0,,No,0,,No,0,,No,0,
LOC111100298,uncharacterized protein LOC111100298,XP_022287730.1,1,Yes,1,fam90_vs_fam84,No,0,,No,0,,No,0,,No,0,
LOC111100305,nuclear pore complex protein Nup205-like isoform X2,XP_022287741.1,1,Yes,1,fam90_vs_fam89,No,0,,No,0,,No,0,,No,0,
LOC111100308,uncharacterized protein LOC111100308,XP_022287748.1,1,Yes,1,fam90_vs_fam89,No,0,,No,0,,No,0,,No,0,
LOC111100311,poly [ADP-ribose] polymerase 4-like isoform X2,XP_022287749.1,1,No,0,,No,0,,No,0,,Yes,1,7d_fed_vs_inj,No,0,
LOC111100323,uncharacterized protein LOC111100323,XP_022287766.1,1,No,0,,No,0,,No,0,,Yes,1,36h_fed_vs_inj,No,0,
LOC111100324,NFX1-type zinc finger-containing protein 1-like,XP_022287767.1,1,No,0,,No,0,,Yes,1,Cv_Pmarinus_infection,No,0,,No,0,
LOC111100326,uncharacterized protein LOC111100326,XP_022287771.1,1,Yes,3,fam90_vs_fam120; fam90_vs_fam84; fam90_vs_fam89,No,0,,No,0,,No,0,,No,0,
LOC111100334,von Willebrand factor D and EGF domain-containing protein-like isoform X2,XP_022287796.1,1,Yes,3,fam90_vs_fam120; fam90_vs_fam84; fam90_vs_fam89,No,0,,No,0,,No,0,,No,0,
LOC111100363,NFX1-type zinc finger-containing protein 1-like,XP_022287842.1,1,Yes,1,fam90_vs_fam120,No,0,,No,0,,No,0,,No,0,
LOC111100369,uncharacterized protein LOC111100369,XP_022287853.1,1,Yes,1,fam90_vs_fam120,No,0,,No,0,,No,0,,No,0,
LOC111100379,protein SSUH2 homolog isoform X1,XP_022287873.1,1,Yes,1,fam90_vs_fam120,No,0,,No,0,,No,0,,No,0,
LOC111100380,protein timeless-like isoform X2,XP_022287876.1,1,No,0,,No,0,,No,0,,Yes,1,28d_fed_vs_inj,No,0,
LOC111100383,von Willebrand factor D and EGF domain-containing protein-like,XP_022287884.1,1,Yes,2,fam90_vs_fam120; fam90_vs_fam84,No,0,,No,0,,No,0,,No,0,
LOC111100389,uncharacterized protein LOC111100389,XP_022287892.1,1,Yes,2,fam90_vs_fam84; fam90_vs_fam89,No,0,,No,0,,No,0,,No,0,
LOC111100390,uncharacterized protein LOC111100390,XP_022287901.1,1,Yes,1,fam90_vs_fam89,No,0,,No,0,,No,0,,No,0,
LOC111100391,uncharacterized protein LOC111100391 isoform X2,XP_022287905.1,1,Yes,1,fam90_vs_fam120,No,0,,No,0,,No,0,,No,0,
LOC111100392,poly(rC)-binding protein 3-like isoform X1,XP_022287910.1,1,No,0,,No,0,,No,0,,Yes,1,28d_fed_vs_inj,No,0,
LOC111100396,E3 ubiquitin-protein ligase XIAP-like,XP_022287919.1,1,Yes,1,fam90_vs_fam84,No,0,,No,0,,No,0,,No,0,
LOC111100399,putative glutamate synthase [NADPH] isoform X3,XP_022287925.1,1,No,0,,No,0,,No,0,,Yes,1,28d_fed_vs_inj,No,0,
LOC111100400,uncharacterized protein LOC111100400 isoform X1,XP_022287929.1,1,Yes,2,fam90_vs_fam120; fam90_vs_fam84,No,0,,No,0,,No,0,,No,0,
LOC111100402,uncharacterized protein LOC111100402,XP_022287932.1,1,Yes,1,fam90_vs_fam89,No,0,,No,0,,No,0,,No,0,
LOC111100403,uncharacterized protein LOC111100403 isoform X5,XP_022287936.1,1,Yes,3,fam90_vs_fam120; fam90_vs_fam84; fam90_vs_fam89,No,0,,No,0,,No,0,,No,0,
LOC111100407,uncharacterized protein LOC111100407 isoform X1,XP_022287965.1,1,Yes,2,fam90_vs_fam84; fam90_vs_fam89,No,0,,No,0,,No,0,,No,0,
LOC111100411,uncharacterized protein LOC111100411,XP_022287983.1,1,No,0,,No,0,,No,0,,Yes,1,6h_fed_vs_ctrl,No,0,
LOC111100413,LOW QUALITY PROTEIN: uncharacterized protein LOC111100413,XP_022287989.1,1,Yes,1,fam90_vs_fam89,No,0,,No,0,,No,0,,No,0,
LOC111100415,uncharacterized protein LOC111100415,XP_022287992.1,1,Yes,1,fam90_vs_fam89,No,0,,No,0,,No,0,,No,0,
LOC111100418,uncharacterized protein LOC111100418 isoform X1,XP_022287998.1,1,Yes,1,fam90_vs_fam89,No,0,,No,0,,No,0,,No,0,
LOC111100438,uncharacterized protein LOC111100438,XP_022288042.1,1,No,0,,No,0,,No,0,,Yes,1,7d_fed_vs_inj,No,0,
LOC111100452,cerebellin-1-like,XP_022288066.1,1,Yes,3,fam90_vs_fam120; fam90_vs_fam84; fam90_vs_fam89,No,0,,No,0,,No,0,,No,0,
LOC111100476,uncharacterized protein LOC111100476 isoform X2,XP_022288111.1,1,Yes,1,fam90_vs_fam89,No,0,,No,0,,No,0,,No,0,
LOC111100477,diacylglycerol kinase theta-like isoform X1,XP_022288114.1,1,Yes,2,fam90_vs_fam84; fam90_vs_fam89,No,0,,No,0,,No,0,,No,0,
LOC111100483,uncharacterized protein LOC111100483 isoform X1,XP_022288130.1,1,Yes,2,fam90_vs_fam84; fam90_vs_fam89,No,0,,No,0,,No,0,,No,0,
LOC111100498,LOW QUALITY PROTEIN: palmitoyltransferase swf1-like,XP_022288157.1,1,Yes,1,fam90_vs_fam120,No,0,,No,0,,No,0,,No,0,
LOC111100525,uncharacterized protein LOC111100525,XP_022288205.1,1,No,0,,No,0,,Yes,1,Cv_Pmarinus_infection,No,0,,No,0,
LOC111100541,uncharacterized protein LOC111100541,XP_022288223.1,1,Yes,1,fam90_vs_fam89,No,0,,No,0,,No,0,,No,0,
LOC111100543,uncharacterized protein LOC111100543 isoform X1,XP_022288225.1,1,Yes,3,fam90_vs_fam120; fam90_vs_fam84; fam90_vs_fam89,No,0,,No,0,,No,0,,No,0,
LOC111100552,uncharacterized protein LOC111100552,XP_022288255.1,1,No,0,,No,0,,No,0,,Yes,1,36h_fed_vs_inj,No,0,
LOC111100560,arachidonate 5-lipoxygenase-like isoform X1,XP_022288265.1,1,Yes,1,fam90_vs_fam84,No,0,,No,0,,No,0,,No,0,
LOC111100562,"propionyl-CoA carboxylase alpha chain, mitochondrial-like isoform X1",XP_022288270.1,1,Yes,1,fam90_vs_fam120,No,0,,No,0,,No,0,,No,0,
LOC111100563,microtubule-associated protein 9-like,XP_022288272.1,1,No,0,,No,0,,Yes,1,Cv_Pmarinus_infection,No,0,,No,0,
LOC111100572,zinc finger protein 62 homolog,XP_022288298.1,1,Yes,1,fam90_vs_fam120,No,0,,No,0,,No,0,,No,0,
LOC111100587,coiled-coil domain-containing protein 186-like isoform X2,XP_022288346.1,1,No,0,,No,0,,No,0,,Yes,1,28d_fed_vs_inj,No,0,
LOC111100591,adhesion G-protein coupled receptor D1-like,XP_022288353.1,1,Yes,2,fam90_vs_fam84; fam90_vs_fam89,No,0,,No,0,,No,0,,No,0,
LOC111100594,sodium- and chloride-dependent glycine transporter 1-like,XP_022288356.1,1,Yes,2,fam90_vs_fam84; fam90_vs_fam89,No,0,,No,0,,No,0,,No,0,
LOC111100605,uncharacterized protein C6orf163 homolog,XP_022288370.1,1,No,0,,No,0,,No,0,,Yes,1,28d_fed_vs_inj,No,0,
LOC111100613,ninjurin-1-like isoform X1,XP_022288379.1,1,No,0,,No,0,,No,0,,Yes,1,28d_fed_vs_inj,No,0,
LOC111100614,uncharacterized protein LOC111100614,XP_022288382.1,1,No,0,,No,0,,Yes,1,Cv_Pmarinus_infection,No,0,,No,0,
LOC111100615,uncharacterized protein LOC111100615,XP_022288386.1,1,Yes,1,fam90_vs_fam89,No,0,,No,0,,No,0,,No,0,
LOC111100618,ninjurin-1-like,XP_022288385.1,1,No,0,,No,0,,No,0,,Yes,1,28d_fed_vs_inj,No,0,
LOC111100625,"succinate dehydrogenase [ubiquinone] flavoprotein subunit, mitochondrial-like",XP_022288408.1,1,Yes,1,fam90_vs_fam84,No,0,,No,0,,No,0,,No,0,
LOC111100628,uncharacterized protein LOC111100628 isoform X1,XP_022288409.1,1,Yes,3,fam90_vs_fam120; fam90_vs_fam84; fam90_vs_fam89,No,0,,No,0,,No,0,,No,0,
LOC111100629,cation-independent mannose-6-phosphate receptor-like,XP_022288412.1,1,No,0,,No,0,,Yes,1,Cv_Pmarinus_infection,No,0,,No,0,
LOC111100638,selenium-binding protein 1-like isoform X1,XP_022288427.1,1,No,0,,No,0,,No,0,,Yes,1,28d_fed_vs_inj,No,0,
LOC111100642,uncharacterized protein LOC111100642,XP_022288434.1,1,Yes,1,fam90_vs_fam120,No,0,,No,0,,No,0,,No,0,
LOC111100646,tripartite motif-containing protein 45-like,XP_022288441.1,1,Yes,3,fam90_vs_fam120; fam90_vs_fam84; fam90_vs_fam89,No,0,,No,0,,No,0,,No,0,
LOC111100653,LOW QUALITY PROTEIN: uncharacterized protein LOC111100653,XP_022288447.1,1,Yes,2,fam90_vs_fam84; fam90_vs_fam89,No,0,,No,0,,No,0,,No,0,
LOC111100657,uncharacterized protein LOC111100657,XP_022288452.1,1,Yes,1,fam90_vs_fam89,No,0,,No,0,,No,0,,No,0,
LOC111100671,uncharacterized protein LOC111100671 isoform X2,XP_022288466.1,1,Yes,2,fam90_vs_fam84; fam90_vs_fam89,No,0,,No,0,,No,0,,No,0,
LOC111100673,uncharacterized protein LOC111100673,XP_022288468.1,1,Yes,1,fam90_vs_fam120,No,0,,No,0,,No,0,,No,0,
LOC111100677,V-type proton ATPase subunit E-like,XP_022288472.1,1,Yes,1,fam90_vs_fam120,No,0,,No,0,,No,0,,No,0,
LOC111100679,V-type proton ATPase subunit E-like,XP_022288474.1,1,Yes,1,fam90_vs_fam84,No,0,,No,0,,No,0,,No,0,
LOC111100693,condensin complex subunit 3-like,XP_022288486.1,1,Yes,1,fam90_vs_fam89,No,0,,No,0,,No,0,,No,0,
LOC111100712,acetyl-CoA carboxylase 1-like,XP_022288504.1,1,Yes,1,fam90_vs_fam84,No,0,,No,0,,No,0,,No,0,
LOC111100739,LOW QUALITY PROTEIN: DNA polymerase theta-like,XP_022288539.1,1,Yes,1,fam90_vs_fam84,No,0,,No,0,,No,0,,No,0,
LOC111100740,uncharacterized protein LOC111100740,XP_022288540.1,1,Yes,2,fam90_vs_fam84; fam90_vs_fam89,No,0,,No,0,,No,0,,No,0,
LOC111100742,uncharacterized protein LOC111100742,XP_022288542.1,1,Yes,2,fam90_vs_fam84; fam90_vs_fam89,No,0,,No,0,,No,0,,No,0,
LOC111100747,uncharacterized protein LOC111100747,XP_022288546.1,1,Yes,1,fam90_vs_fam84,No,0,,No,0,,No,0,,No,0,
LOC111100748,uncharacterized protein LOC111100748,XP_022288547.1,1,Yes,1,fam90_vs_fam89,No,0,,No,0,,No,0,,No,0,
LOC111100751,uncharacterized protein LOC111100751,XP_022288551.1,1,Yes,1,fam90_vs_fam84,No,0,,No,0,,No,0,,No,0,
LOC111100753,putative nuclease HARBI1,XP_022288555.1,1,Yes,1,fam90_vs_fam89,No,0,,No,0,,No,0,,No,0,
LOC111100755,aspartic and glutamic acid-rich protein-like,XP_022288556.1,1,No,0,,No,0,,Yes,1,Cv_Pmarinus_infection,No,0,,No,0,
LOC111100764,ankyrin-1-like,XP_022288563.1,1,Yes,3,fam90_vs_fam120; fam90_vs_fam84; fam90_vs_fam89,No,0,,No,0,,No,0,,No,0,
LOC111100775,uncharacterized protein LOC111100775,XP_022288575.1,1,Yes,1,fam90_vs_fam120,No,0,,No,0,,No,0,,No,0,
LOC111100780,uncharacterized protein LOC111100780,XP_022288578.1,1,No,0,,No,0,,Yes,1,Cv_Pmarinus_infection,No,0,,No,0,
LOC111100790,uncharacterized protein LOC111100790 isoform X2,XP_022288594.1,1,Yes,1,fam90_vs_fam89,No,0,,No,0,,No,0,,No,0,
LOC111100793,"beta-1,3-glucan-binding protein-like",XP_022288608.1,1,Yes,1,fam90_vs_fam84,No,0,,No,0,,No,0,,No,0,
LOC111100800,basic proline-rich protein-like,XP_022288623.1,1,No,0,,No,0,,Yes,1,Cv_Pmarinus_infection,No,0,,No,0,
LOC111100810,LOW QUALITY PROTEIN: zinc finger protein Gfi-1b-like,XP_022288636.1,1,Yes,1,fam90_vs_fam84,No,0,,No,0,,No,0,,No,0,
LOC111100819,uncharacterized protein LOC111100819 isoform X2,XP_022288650.1,1,Yes,1,fam90_vs_fam120,No,0,,No,0,,No,0,,No,0,
LOC111100837,uncharacterized protein LOC111100837,XP_022288660.1,1,Yes,1,fam90_vs_fam84,No,0,,No,0,,No,0,,No,0,
LOC111100840,,,1,No,0,,No,0,,Yes,1,Cv_Pmarinus_infection,No,0,,No,0,
LOC111100842,uncharacterized protein LOC111100842,XP_022288662.1,1,Yes,1,fam90_vs_fam89,No,0,,No,0,,No,0,,No,0,
LOC111100855,uncharacterized protein LOC111100855,XP_022288677.1,1,Yes,3,fam90_vs_fam120; fam90_vs_fam84; fam90_vs_fam89,No,0,,No,0,,No,0,,No,0,
LOC111100858,uncharacterized protein LOC111100858 isoform X1,XP_022288681.1,1,No,0,,No,0,,No,0,,Yes,2,28d_fed_vs_inj; 36h_fed_vs_inj,No,0,
LOC111100862,uncharacterized protein LOC111100862,XP_022288693.1,1,Yes,1,fam90_vs_fam89,No,0,,No,0,,No,0,,No,0,
LOC111100867,"sushi, von Willebrand factor type A, EGF and pentraxin domain-containing protein 1-like isoform X2",XP_022288699.1,1,Yes,2,fam90_vs_fam84; fam90_vs_fam89,No,0,,No,0,,No,0,,No,0,
LOC111100879,uncharacterized protein LOC111100879 isoform X2,XP_022288730.1,1,Yes,3,fam90_vs_fam120; fam90_vs_fam84; fam90_vs_fam89,No,0,,No,0,,No,0,,No,0,
LOC111100880,mini-chromosome maintenance complex-binding protein-like,XP_022288732.1,1,Yes,1,fam90_vs_fam84,No,0,,No,0,,No,0,,No,0,
LOC111100881,ubiquitin-associated domain-containing protein 2-like,XP_022288733.1,1,Yes,1,fam90_vs_fam120,No,0,,No,0,,No,0,,No,0,
LOC111100883,uncharacterized protein LOC111100883,XP_022288736.1,1,Yes,1,fam90_vs_fam120,No,0,,No,0,,No,0,,No,0,
LOC111100886,uncharacterized protein LOC111100886,XP_022288740.1,1,Yes,1,fam90_vs_fam89,No,0,,No,0,,No,0,,No,0,
LOC111100894,putative inhibitor of apoptosis,XP_022288749.1,1,Yes,3,fam90_vs_fam120; fam90_vs_fam84; fam90_vs_fam89,No,0,,No,0,,No,0,,No,0,
LOC111100899,uncharacterized protein LOC111100899 isoform X1,XP_022288776.1,1,Yes,2,fam90_vs_fam120; fam90_vs_fam89,No,0,,No,0,,No,0,,No,0,
LOC111100903,U4/U6.U5 small nuclear ribonucleoprotein 27 kDa protein-like isoform X2,XP_022288781.1,1,Yes,2,fam90_vs_fam120; fam90_vs_fam89,No,0,,No,0,,No,0,,No,0,
LOC111100904,probable ATP-dependent RNA helicase DDX58,XP_022288784.1,1,No,0,,No,0,,Yes,1,Cv_Pmarinus_infection,No,0,,No,0,
LOC111100906,gamma-tubulin complex component 2-like isoform X2,XP_022288787.1,1,Yes,2,fam90_vs_fam84; fam90_vs_fam89,No,0,,No,0,,No,0,,No,0,
LOC111100907,multiple epidermal growth factor-like domains protein 11 isoform X2,XP_022288791.1,1,No,0,,No,0,,Yes,1,Cv_Pmarinus_infection,No,0,,No,0,
LOC111100921,uncharacterized protein LOC111100921,XP_022288806.1,1,Yes,2,fam90_vs_fam120; fam90_vs_fam89,No,0,,No,0,,No,0,,No,0,
LOC111100923,uncharacterized protein LOC111100923,XP_022288810.1,1,Yes,3,fam90_vs_fam120; fam90_vs_fam84; fam90_vs_fam89,No,0,,No,0,,No,0,,No,0,
LOC111100924,uncharacterized protein LOC111100924 isoform X2,XP_022288811.1,1,Yes,3,fam90_vs_fam120; fam90_vs_fam84; fam90_vs_fam89,No,0,,No,0,,No,0,,No,0,
LOC111100926,uncharacterized protein LOC111100926,XP_022288816.1,1,Yes,1,fam90_vs_fam89,No,0,,No,0,,No,0,,No,0,
LOC111100931,tripartite motif-containing protein 45-like,XP_022288823.1,1,Yes,1,fam90_vs_fam89,No,0,,No,0,,No,0,,No,0,
LOC111100934,uncharacterized protein LOC111100934,XP_022288825.1,1,Yes,2,fam90_vs_fam84; fam90_vs_fam89,No,0,,No,0,,No,0,,No,0,
LOC111100937,uncharacterized protein LOC111100937,XP_022288828.1,1,Yes,1,fam90_vs_fam89,No,0,,No,0,,No,0,,No,0,
LOC111100939,uncharacterized protein LOC111100939,XP_022288830.1,1,Yes,1,fam90_vs_fam89,No,0,,No,0,,No,0,,No,0,
LOC111100940,arylsulfatase I-like,XP_022288836.1,1,Yes,1,fam90_vs_fam89,No,0,,No,0,,No,0,,No,0,
LOC111100942,speriolin-like protein,XP_022288832.1,1,Yes,3,fam90_vs_fam120; fam90_vs_fam84; fam90_vs_fam89,No,0,,No,0,,No,0,,No,0,
LOC111100947,uncharacterized protein LOC111100947,XP_022288842.1,1,Yes,3,fam90_vs_fam120; fam90_vs_fam84; fam90_vs_fam89,No,0,,No,0,,No,0,,No,0,
LOC111100950,lysophospholipid acyltransferase 7-like,XP_022288846.1,1,Yes,1,fam90_vs_fam89,No,0,,No,0,,No,0,,No,0,
LOC111100951,LOW QUALITY PROTEIN: uncharacterized protein LOC111100951,XP_022288847.1,1,Yes,1,fam90_vs_fam84,No,0,,No,0,,No,0,,No,0,
LOC111100965,low-density lipoprotein receptor-related protein 4-like,XP_022288855.1,1,Yes,3,fam90_vs_fam120; fam90_vs_fam84; fam90_vs_fam89,No,0,,No,0,,No,0,,No,0,
LOC111100971,transmembrane protein 50B-like,XP_022288858.1,1,Yes,1,fam90_vs_fam89,No,0,,No,0,,No,0,,No,0,
LOC111100974,uncharacterized protein LOC111100974,XP_022288863.1,1,Yes,1,fam90_vs_fam120,No,0,,No,0,,No,0,,No,0,
LOC111100978,uncharacterized protein LOC111100978 isoform X1,XP_022288873.1,1,Yes,1,fam90_vs_fam120,No,0,,No,0,,No,0,,No,0,
LOC111100995,uncharacterized protein LOC111100995,XP_022288909.1,1,Yes,2,fam90_vs_fam84; fam90_vs_fam89,No,0,,No,0,,No,0,,No,0,
LOC111101001,uncharacterized protein LOC111101001 isoform X1,XP_022288913.1,1,Yes,1,fam90_vs_fam120,No,0,,No,0,,No,0,,No,0,
LOC111101006,uncharacterized protein LOC111101006 isoform X2,XP_022288918.1,1,Yes,1,fam90_vs_fam89,No,0,,No,0,,No,0,,No,0,
LOC111101018,baculoviral IAP repeat-containing protein 3-like,XP_022288933.1,1,No,0,,No,0,,Yes,1,Cv_Pmarinus_infection,No,0,,No,0,
LOC111101022,uncharacterized protein LOC111101022,XP_022288940.1,1,Yes,1,fam90_vs_fam89,No,0,,No,0,,No,0,,No,0,
LOC111101031,inositol polyphosphate 5-phosphatase OCRL-1-like isoform X1,XP_022288959.1,1,No,0,,No,0,,No,0,,Yes,1,28d_fed_vs_inj,No,0,
LOC111101036,alpha-adducin-like isoform X3,XP_022288978.1,1,Yes,1,fam90_vs_fam84,No,0,,No,0,,No,0,,No,0,
LOC111101040,uncharacterized protein LOC111101040,XP_022289001.1,1,Yes,3,fam90_vs_fam120; fam90_vs_fam84; fam90_vs_fam89,No,0,,No,0,,No,0,,No,0,
LOC111101049,uncharacterized protein LOC111101049,XP_022289014.1,1,Yes,1,fam90_vs_fam120,No,0,,No,0,,No,0,,No,0,
LOC111101058,uncharacterized protein LOC111101058,XP_022289032.1,1,Yes,1,fam90_vs_fam84,No,0,,No,0,,No,0,,No,0,
LOC111101060,connector enhancer of kinase suppressor of ras 2-like isoform X6,XP_022289036.1,1,Yes,1,fam90_vs_fam84,No,0,,No,0,,No,0,,No,0,
LOC111101061,calcium-responsive transcription factor-like,XP_022289043.1,1,Yes,1,fam90_vs_fam84,No,0,,No,0,,No,0,,No,0,
LOC111101064,neuropeptides capa receptor-like,XP_022289048.1,1,Yes,1,fam90_vs_fam89,No,0,,No,0,,No,0,,No,0,
LOC111101071,uncharacterized protein LOC111101071,XP_022289059.1,1,No,0,,No,0,,No,0,,Yes,1,36h_fed_vs_inj,No,0,
LOC111101072,uncharacterized protein LOC111101072,XP_022289060.1,1,Yes,1,fam90_vs_fam120,No,0,,No,0,,No,0,,No,0,
LOC111101078,uncharacterized protein LOC111101078 isoform X1,XP_022289069.1,1,Yes,3,fam90_vs_fam120; fam90_vs_fam84; fam90_vs_fam89,No,0,,No,0,,No,0,,No,0,
LOC111101083,LOW QUALITY PROTEIN: laccase-22-like,XP_022289081.1,1,Yes,1,fam90_vs_fam120,No,0,,No,0,,No,0,,No,0,
LOC111101093,leucine-rich repeat-containing G-protein coupled receptor 4-like,XP_022289095.1,1,No,0,,No,0,,No,0,,Yes,1,7d_fed_vs_inj,No,0,
LOC111101094,tripartite motif-containing protein 2-like,XP_022289104.1,1,Yes,1,fam90_vs_fam84,No,0,,No,0,,No,0,,No,0,
LOC111101097,CAAX prenyl protease 1 homolog,XP_022289103.1,1,No,0,,No,0,,No,0,,Yes,1,6h_fed_vs_ctrl,No,0,
LOC111101101,WD repeat-containing protein 1-B-like isoform X2,XP_022289109.1,1,Yes,3,fam90_vs_fam120; fam90_vs_fam84; fam90_vs_fam89,No,0,,No,0,,No,0,,No,0,
LOC111101102,uncharacterized protein LOC111101102 isoform X3,XP_022289111.1,1,Yes,2,fam90_vs_fam84; fam90_vs_fam89,No,0,,No,0,,No,0,,No,0,
LOC111101103,muscarinic acetylcholine receptor M1-like,XP_022289118.1,1,Yes,1,fam90_vs_fam89,No,0,,No,0,,No,0,,No,0,
LOC111101106,uncharacterized protein LOC111101106,XP_022289124.1,1,Yes,1,fam90_vs_fam89,No,0,,No,0,,No,0,,No,0,
LOC111101110,retinoblastoma-associated protein-like isoform X3,XP_022289126.1,1,Yes,1,fam90_vs_fam89,No,0,,No,0,,No,0,,No,0,
LOC111101112,uncharacterized protein LOC111101112,XP_022289130.1,1,Yes,1,fam90_vs_fam89,No,0,,No,0,,No,0,,No,0,
LOC111101117,uncharacterized protein LOC111101117,XP_022289138.1,1,Yes,2,fam90_vs_fam120; fam90_vs_fam84,No,0,,No,0,,No,0,,No,0,
LOC111101122,lysophospholipid acyltransferase 7-like,XP_022289146.1,1,Yes,1,fam90_vs_fam84,No,0,,No,0,,No,0,,No,0,
LOC111101124,V-type proton ATPase subunit E-like,XP_022289150.1,1,Yes,1,fam90_vs_fam120,No,0,,No,0,,No,0,,No,0,
LOC111101133,uncharacterized protein LOC111101133,XP_022289161.1,1,Yes,2,fam90_vs_fam84; fam90_vs_fam89,No,0,,No,0,,No,0,,No,0,
LOC111101136,peptidoglycan-recognition protein SC2-like isoform X3,XP_022289170.1,1,No,0,,No,0,,Yes,1,Cv_Pmarinus_infection,No,0,,No,0,
LOC111101137,phosphatidylinositol 4-kinase beta-like isoform X4,XP_022289174.1,1,No,0,,No,0,,No,0,,Yes,1,6h_fed_vs_ctrl,No,0,
LOC111101138,uncharacterized protein LOC111101138 isoform X3,XP_022289178.1,1,Yes,2,fam90_vs_fam120; fam90_vs_fam84,No,0,,No,0,,No,0,,No,0,
LOC111101139,uncharacterized protein LOC111101139 isoform X2,XP_022289186.1,1,No,0,,No,0,,No,0,,Yes,1,28d_fed_vs_inj,No,0,
LOC111101143,uncharacterized protein LOC111101143 isoform X1,XP_022289189.1,1,Yes,1,fam90_vs_fam89,No,0,,No,0,,No,0,,No,0,
LOC111101147,cholecystokinin receptor type A-like isoform X1,XP_022289238.1,1,Yes,1,fam90_vs_fam84,No,0,,No,0,,No,0,,No,0,
LOC111101148,ADP-ribosylation factor GTPase-activating protein 2-like isoform X1,XP_022289195.1,1,Yes,1,fam90_vs_fam89,No,0,,No,0,,No,0,,No,0,
LOC111101152,"succinate--CoA ligase [ADP/GDP-forming] subunit alpha, mitochondrial-like isoform X3",XP_022289205.1,1,Yes,1,fam90_vs_fam84,No,0,,No,0,,No,0,,No,0,
LOC111101160,uncharacterized protein LOC111101160,XP_022289216.1,1,Yes,1,fam90_vs_fam89,No,0,,No,0,,No,0,,No,0,
LOC111101166,synaptotagmin-7-like isoform X6,XP_022289227.1,1,No,0,,No,0,,No,0,,Yes,1,6h_fed_vs_ctrl,No,0,
LOC111101168,coiled-coil domain-containing protein 39-like isoform X1,XP_022289236.1,1,No,0,,No,0,,No,0,,Yes,1,28d_fed_vs_inj,No,0,
LOC111101173,proline-rich transmembrane protein 2-like isoform X2,XP_022289247.1,1,No,0,,No,0,,No,0,,Yes,1,36h_fed_vs_inj,No,0,
LOC111101184,uncharacterized protein LOC111101184 isoform X1,XP_022289262.1,1,Yes,1,fam90_vs_fam89,No,0,,No,0,,No,0,,No,0,
LOC111101200,multimerin-2-like,XP_022289285.1,1,Yes,1,fam90_vs_fam89,No,0,,No,0,,No,0,,No,0,
LOC111101201,synaptobrevin homolog YKT6-like,XP_022289286.1,1,Yes,1,fam90_vs_fam89,No,0,,No,0,,No,0,,No,0,
LOC111101211,FAD-linked oxidoreductase ZEB1-like isoform X2,XP_022289300.1,1,No,0,,No,0,,Yes,1,Cv_Pmarinus_infection,No,0,,No,0,
LOC111101221,uncharacterized protein LOC111101221,XP_022289334.1,1,Yes,1,fam90_vs_fam120,No,0,,No,0,,No,0,,No,0,
LOC111101225,uncharacterized protein LOC111101225 isoform X2,XP_022289342.1,1,Yes,1,fam90_vs_fam89,No,0,,No,0,,No,0,,No,0,
LOC111101227,serine/threonine-protein phosphatase 6 regulatory ankyrin repeat subunit C-like isoform X1,XP_022289348.1,1,Yes,3,fam90_vs_fam120; fam90_vs_fam84; fam90_vs_fam89,No,0,,No,0,,No,0,,No,0,
LOC111101232,protein sym-1-like isoform X1,XP_022289368.1,1,Yes,3,fam90_vs_fam120; fam90_vs_fam84; fam90_vs_fam89,No,0,,No,0,,No,0,,No,0,
LOC111101233,glutamate [NMDA] receptor subunit 1-like isoform X1,XP_022289364.1,1,No,0,,No,0,,No,0,,Yes,2,6h_fed_vs_ctrl; 7d_fed_vs_inj,No,0,
LOC111101237,putative 2'-deoxynucleoside 5'-phosphate N-hydrolase 1,XP_022289372.1,1,Yes,3,fam90_vs_fam120; fam90_vs_fam84; fam90_vs_fam89,No,0,,No,0,,No,0,,No,0,
LOC111101239,uncharacterized protein LOC111101239,XP_022289374.1,1,Yes,2,fam90_vs_fam84; fam90_vs_fam89,No,0,,No,0,,No,0,,No,0,
LOC111101242,uncharacterized protein LOC111101242,XP_022289379.1,1,Yes,2,fam90_vs_fam84; fam90_vs_fam89,No,0,,No,0,,No,0,,No,0,
LOC111101243,uncharacterized protein LOC111101243 isoform X2,XP_022289380.1,1,Yes,1,fam90_vs_fam120,No,0,,No,0,,No,0,,No,0,
LOC111101249,inositol polyphosphate 5-phosphatase OCRL-1-like isoform X2,XP_022289390.1,1,No,0,,No,0,,No,0,,Yes,1,36h_fed_vs_inj,No,0,
LOC111101252,uncharacterized protein LOC111101252,XP_022289393.1,1,Yes,1,fam90_vs_fam89,No,0,,No,0,,No,0,,No,0,
LOC111101260,LOW QUALITY PROTEIN: recQ-mediated genome instability protein 1-like,XP_022289407.1,1,Yes,2,fam90_vs_fam84; fam90_vs_fam89,No,0,,No,0,,No,0,,No,0,
LOC111101261,uncharacterized protein LOC111101261 isoform X1,XP_022289408.1,1,Yes,3,fam90_vs_fam120; fam90_vs_fam84; fam90_vs_fam89,No,0,,No,0,,No,0,,No,0,
LOC111101264,uncharacterized protein LOC111101264,XP_022289412.1,1,Yes,3,fam90_vs_fam120; fam90_vs_fam84; fam90_vs_fam89,No,0,,No,0,,No,0,,No,0,
LOC111101272,uncharacterized protein LOC111101272,XP_022289418.1,1,Yes,1,fam90_vs_fam84,No,0,,No,0,,No,0,,No,0,
LOC111101274,uncharacterized protein LOC111101274 isoform X2,XP_022289419.1,1,Yes,1,fam90_vs_fam84,No,0,,No,0,,No,0,,No,0,
LOC111101275,homeobox protein not2-like,XP_022289423.1,1,Yes,1,fam90_vs_fam120,No,0,,No,0,,No,0,,No,0,
LOC111101290,peptidoglycan-recognition protein SC2-like,XP_022289441.1,1,Yes,2,fam90_vs_fam84; fam90_vs_fam89,No,0,,No,0,,No,0,,No,0,
LOC111101295,uncharacterized protein LOC111101295,XP_022289446.1,1,Yes,1,fam90_vs_fam120,No,0,,No,0,,No,0,,No,0,
LOC111101296,uncharacterized protein LOC111101296 isoform X1,XP_022289447.1,1,Yes,1,fam90_vs_fam120,No,0,,No,0,,No,0,,No,0,
LOC111101298,hemicentin-1-like isoform X3,XP_022289449.1,1,Yes,2,fam90_vs_fam84; fam90_vs_fam89,No,0,,No,0,,No,0,,No,0,
LOC111101304,topoisomerase I damage affected protein 7-like isoform X1,XP_022289458.1,1,Yes,2,fam90_vs_fam120; fam90_vs_fam89,No,0,,No,0,,No,0,,No,0,
LOC111101327,E3 ubiquitin-protein ligase TRIM36-like isoform X2,XP_022289482.1,1,Yes,2,fam90_vs_fam84; fam90_vs_fam89,No,0,,No,0,,No,0,,No,0,
LOC111101336,uncharacterized protein LOC111101336,XP_022289498.1,1,Yes,1,fam90_vs_fam84,No,0,,No,0,,No,0,,No,0,
LOC111101346,uncharacterized protein LOC111101346,XP_022289509.1,1,Yes,3,fam90_vs_fam120; fam90_vs_fam84; fam90_vs_fam89,No,0,,No,0,,No,0,,No,0,
LOC111101355,uncharacterized protein LOC111101355,XP_022289520.1,1,Yes,2,fam90_vs_fam84; fam90_vs_fam89,No,0,,No,0,,No,0,,No,0,
LOC111101373,5-hydroxytryptamine receptor 4-like,XP_022289550.1,1,Yes,2,fam90_vs_fam120; fam90_vs_fam84,No,0,,No,0,,No,0,,No,0,
LOC111101376,nephrin-like,XP_022289553.1,1,Yes,1,fam90_vs_fam89,No,0,,No,0,,No,0,,No,0,
LOC111101397,calmodulin-A-like,XP_022289578.1,1,Yes,1,fam90_vs_fam120,No,0,,No,0,,No,0,,No,0,
LOC111101405,calmodulin-like,XP_022289590.1,1,Yes,1,fam90_vs_fam84,No,0,,No,0,,No,0,,No,0,
LOC111101411,uncharacterized protein LOC111101411,XP_022289593.1,1,Yes,1,fam90_vs_fam84,No,0,,No,0,,No,0,,No,0,
LOC111101412,uncharacterized protein LOC111101412 isoform X1,XP_022289594.1,1,Yes,1,fam90_vs_fam120,No,0,,No,0,,No,0,,No,0,
LOC111101422,uncharacterized protein LOC111101422,XP_022289618.1,1,Yes,2,fam90_vs_fam84; fam90_vs_fam89,No,0,,No,0,,No,0,,No,0,
LOC111101430,peroxidase-like protein,XP_022289630.1,1,No,0,,No,0,,No,0,,No,0,,Yes,1,resistant_fam266_36h_7d
LOC111101432,uncharacterized protein LOC111101432,XP_022289627.1,1,Yes,3,fam90_vs_fam120; fam90_vs_fam84; fam90_vs_fam89,No,0,,No,0,,No,0,,No,0,
LOC111101433,uncharacterized protein LOC111101433,XP_022289628.1,1,Yes,2,fam90_vs_fam120; fam90_vs_fam89,No,0,,No,0,,No,0,,No,0,
LOC111101434,uncharacterized protein LOC111101434,XP_022289631.1,1,Yes,2,fam90_vs_fam120; fam90_vs_fam84,No,0,,No,0,,No,0,,No,0,
LOC111101435,actin cytoskeleton-regulatory complex protein PAN1-like isoform X2,XP_022289632.1,1,No,0,,No,0,,No,0,,No,0,,Yes,1,susceptible_fam242_36h_28d
LOC111101447,nucleoplasmin-like protein ANO39 isoform X1,XP_022289644.1,1,Yes,2,fam90_vs_fam120; fam90_vs_fam89,No,0,,No,0,,No,0,,No,0,
LOC111101453,perlucin-like protein,XP_022289652.1,1,Yes,3,fam90_vs_fam120; fam90_vs_fam84; fam90_vs_fam89,No,0,,No,0,,No,0,,No,0,
LOC111101455,uncharacterized protein LOC111101455 isoform X1,XP_022289654.1,1,Yes,2,fam90_vs_fam84; fam90_vs_fam89,No,0,,No,0,,No,0,,No,0,
LOC111101461,uncharacterized protein LOC111101461,XP_022289670.1,1,No,0,,No,0,,Yes,1,Cv_Pmarinus_infection,No,0,,No,0,
LOC111101464,uncharacterized protein LOC111101464 isoform X1,XP_022289672.1,1,Yes,2,fam90_vs_fam84; fam90_vs_fam89,No,0,,No,0,,No,0,,No,0,
LOC111101465,transmembrane protease serine 9-like isoform X2,XP_022289675.1,1,No,0,,No,0,,No,0,,Yes,1,36h_fed_vs_inj,No,0,
LOC111101466,perlucin-like protein isoform X1,XP_022289677.1,1,Yes,1,fam90_vs_fam84,No,0,,No,0,,No,0,,No,0,
LOC111101478,uncharacterized protein LOC111101478,XP_022289695.1,1,Yes,2,fam90_vs_fam120; fam90_vs_fam89,No,0,,No,0,,No,0,,No,0,
LOC111101482,uncharacterized protein LOC111101482,XP_022289699.1,1,Yes,3,fam90_vs_fam120; fam90_vs_fam84; fam90_vs_fam89,No,0,,No,0,,No,0,,No,0,
LOC111101483,protein AMN1 homolog,XP_022289700.1,1,Yes,1,fam90_vs_fam120,No,0,,No,0,,No,0,,No,0,
LOC111101486,uncharacterized protein LOC111101486,XP_022289705.1,1,Yes,1,fam90_vs_fam120,No,0,,No,0,,No,0,,No,0,
LOC111101489,uncharacterized protein LOC111101489 isoform X3,XP_022289708.1,1,Yes,1,fam90_vs_fam89,No,0,,No,0,,No,0,,No,0,
LOC111101496,LOW QUALITY PROTEIN: heat shock 70 kDa protein 12A-like,XP_022289724.1,1,Yes,1,fam90_vs_fam89,No,0,,No,0,,No,0,,No,0,
LOC111101497,uncharacterized protein LOC111101497,XP_022289725.1,1,Yes,1,fam90_vs_fam89,No,0,,No,0,,No,0,,No,0,
LOC111101502,LOW QUALITY PROTEIN: putative nuclease HARBI1,XP_022289729.1,1,Yes,1,fam90_vs_fam84,No,0,,No,0,,No,0,,No,0,
LOC111101503,uncharacterized protein LOC111101503 isoform X1,XP_022289730.1,1,Yes,2,fam90_vs_fam84; fam90_vs_fam89,No,0,,No,0,,No,0,,No,0,
LOC111101509,uncharacterized protein LOC111101509 isoform X2,XP_022289740.1,1,Yes,2,fam90_vs_fam120; fam90_vs_fam89,No,0,,No,0,,No,0,,No,0,
LOC111101521,acetylcholine receptor subunit beta-type unc-29-like,XP_022289757.1,1,Yes,1,fam90_vs_fam89,No,0,,No,0,,No,0,,No,0,
LOC111101525,uncharacterized protein LOC111101525,XP_022289759.1,1,Yes,3,fam90_vs_fam120; fam90_vs_fam84; fam90_vs_fam89,No,0,,No,0,,No,0,,No,0,
LOC111101543,uncharacterized protein LOC111101543 isoform X1,XP_022289773.1,1,Yes,1,fam90_vs_fam89,No,0,,No,0,,No,0,,No,0,
LOC111101548,transcription initiation factor TFIID subunit 8-like,XP_022289788.1,1,Yes,2,fam90_vs_fam84; fam90_vs_fam89,No,0,,No,0,,No,0,,No,0,
LOC111101550,spindle and kinetochore-associated protein 3-like isoform X2,XP_022289791.1,1,Yes,1,fam90_vs_fam89,No,0,,No,0,,No,0,,No,0,
LOC111101555,C1q-related factor-like,XP_022289799.1,1,Yes,1,fam90_vs_fam84,No,0,,No,0,,No,0,,No,0,
LOC111101577,uncharacterized protein LOC111101577,XP_022289815.1,1,Yes,3,fam90_vs_fam120; fam90_vs_fam84; fam90_vs_fam89,No,0,,No,0,,No,0,,No,0,
LOC111101584,uncharacterized protein LOC111101584,XP_022289821.1,1,Yes,1,fam90_vs_fam89,No,0,,No,0,,No,0,,No,0,
LOC111101606,putative aminopeptidase W07G4.4,XP_022289850.1,1,Yes,3,fam90_vs_fam120; fam90_vs_fam84; fam90_vs_fam89,No,0,,No,0,,No,0,,No,0,
LOC111101607,uncharacterized protein LOC111101607,XP_022289852.1,1,Yes,3,fam90_vs_fam120; fam90_vs_fam84; fam90_vs_fam89,No,0,,No,0,,No,0,,No,0,
LOC111101608,uncharacterized protein LOC111101608,XP_022289858.1,1,No,0,,No,0,,No,0,,Yes,1,28d_fed_vs_inj,No,0,
LOC111101612,uncharacterized protein LOC111101612 isoform X7,XP_022289865.1,1,No,0,,No,0,,Yes,1,Cv_Pmarinus_infection,No,0,,No,0,
LOC111101621,uncharacterized protein LOC111101621,XP_022289888.1,1,Yes,3,fam90_vs_fam120; fam90_vs_fam84; fam90_vs_fam89,No,0,,No,0,,No,0,,No,0,
LOC111101636,THAP domain-containing protein 11-like,XP_022289911.1,1,Yes,2,fam90_vs_fam84; fam90_vs_fam89,No,0,,No,0,,No,0,,No,0,
LOC111101637,uncharacterized protein LOC111101637 isoform X1,XP_022289913.1,1,Yes,2,fam90_vs_fam84; fam90_vs_fam89,No,0,,No,0,,No,0,,No,0,
LOC111101639,peroxidase-like protein 3 isoform X3,XP_022289916.1,1,Yes,3,fam90_vs_fam120; fam90_vs_fam84; fam90_vs_fam89,No,0,,No,0,,No,0,,No,0,
LOC111101656,uncharacterized protein LOC111101656,XP_022289948.1,1,Yes,1,fam90_vs_fam120,No,0,,No,0,,No,0,,No,0,
LOC111101657,uncharacterized protein LOC111101657,XP_022289949.1,1,Yes,2,fam90_vs_fam84; fam90_vs_fam89,No,0,,No,0,,No,0,,No,0,
LOC111101660,uncharacterized protein LOC111101660,XP_022289956.1,1,No,0,,No,0,,No,0,,Yes,1,6h_fed_vs_ctrl,No,0,
LOC111101666,LOW QUALITY PROTEIN: putative nuclease HARBI1,XP_022289965.1,1,Yes,2,fam90_vs_fam84; fam90_vs_fam89,No,0,,No,0,,No,0,,No,0,
LOC111101689,baculoviral IAP repeat-containing protein 2-like,XP_022289977.1,1,No,0,,No,0,,Yes,1,Cv_Pmarinus_infection,No,0,,No,0,
LOC111101691,uncharacterized protein DDB_G0284671-like,XP_022289985.1,1,Yes,2,fam90_vs_fam120; fam90_vs_fam84,No,0,,No,0,,No,0,,No,0,
LOC111101700,uncharacterized protein LOC111101700,XP_022289993.1,1,Yes,1,fam90_vs_fam84,No,0,,No,0,,No,0,,No,0,
LOC111101712,nuclear cap-binding protein subunit 2-like,XP_022290006.1,1,No,0,,No,0,,No,0,,Yes,1,36h_fed_vs_inj,No,0,
LOC111101713,uncharacterized protein LOC111101713,XP_022290007.1,1,Yes,2,fam90_vs_fam120; fam90_vs_fam89,No,0,,No,0,,No,0,,No,0,
LOC111101716,von Willebrand factor D and EGF domain-containing protein-like,XP_022290011.1,1,Yes,1,fam90_vs_fam84,No,0,,No,0,,No,0,,No,0,
LOC111101719,uncharacterized protein LOC111101719 isoform X1,XP_022290014.1,1,Yes,3,fam90_vs_fam120; fam90_vs_fam84; fam90_vs_fam89,No,0,,No,0,,No,0,,No,0,
LOC111101727,uncharacterized protein LOC111101727,XP_022290024.1,1,Yes,1,fam90_vs_fam89,No,0,,No,0,,No,0,,No,0,
LOC111101730,complement C1q-like protein 4,XP_022290028.1,1,Yes,1,fam90_vs_fam84,No,0,,No,0,,No,0,,No,0,
LOC111101742,myeloperoxidase-like isoform X1,XP_022290044.1,1,No,0,,No,0,,No,0,,Yes,1,36h_fed_vs_inj,No,0,
LOC111101748,ribonuclease-like storage protein isoform X1,XP_022290051.1,1,Yes,1,fam90_vs_fam84,No,0,,No,0,,No,0,,No,0,
LOC111101753,uncharacterized protein LOC111101753,XP_022290062.1,1,No,0,,No,0,,Yes,1,Cv_Pmarinus_infection,No,0,,No,0,
LOC111101762,multiple epidermal growth factor-like domains protein 10,XP_022290070.1,1,Yes,3,fam90_vs_fam120; fam90_vs_fam84; fam90_vs_fam89,No,0,,No,0,,No,0,,No,0,
LOC111101767,uncharacterized protein LOC111101767 isoform X1,XP_022290077.1,1,Yes,2,fam90_vs_fam84; fam90_vs_fam89,No,0,,No,0,,No,0,,No,0,
LOC111101772,uncharacterized protein LOC111101772 isoform X2,XP_022290083.1,1,Yes,1,fam90_vs_fam120,No,0,,No,0,,No,0,,No,0,
LOC111101773,leucine-rich repeat-containing protein 40-like,XP_022290087.1,1,No,0,,No,0,,No,0,,Yes,1,28d_fed_vs_inj,No,0,
LOC111101774,uncharacterized protein LOC111101774,XP_022290085.1,1,Yes,2,fam90_vs_fam120; fam90_vs_fam84,No,0,,No,0,,No,0,,No,0,
LOC111101780,uncharacterized protein LOC111101780,XP_022290091.1,1,Yes,3,fam90_vs_fam120; fam90_vs_fam84; fam90_vs_fam89,No,0,,No,0,,No,0,,No,0,
LOC111101793,uncharacterized protein LOC111101793,XP_022290106.1,1,Yes,2,fam90_vs_fam84; fam90_vs_fam89,No,0,,No,0,,No,0,,No,0,
LOC111101796,uncharacterized protein LOC111101796,XP_022290109.1,1,Yes,2,fam90_vs_fam84; fam90_vs_fam89,No,0,,No,0,,No,0,,No,0,
LOC111101798,uncharacterized protein LOC111101798,XP_022290111.1,1,Yes,2,fam90_vs_fam84; fam90_vs_fam89,No,0,,No,0,,No,0,,No,0,
LOC111101803,uncharacterized protein LOC111101803,XP_022290117.1,1,Yes,1,fam90_vs_fam84,No,0,,No,0,,No,0,,No,0,
LOC111101808,IQ domain-containing protein G-like isoform X1,XP_022290121.1,1,No,0,,No,0,,No,0,,Yes,1,28d_fed_vs_inj,No,0,
LOC111101812,uncharacterized protein LOC111101812,XP_022290126.1,1,No,0,,No,0,,No,0,,Yes,1,36h_fed_vs_inj,No,0,
LOC111101818,putative nuclease HARBI1,XP_022290142.1,1,Yes,1,fam90_vs_fam120,No,0,,No,0,,No,0,,No,0,
LOC111101819,uncharacterized protein LOC111101819,XP_022290147.1,1,No,0,,Yes,1,Pmarinus_infection,No,0,,No,0,,No,0,
LOC111101820,"beta-1,4-galactosyltransferase 1-like isoform X4",XP_022290143.1,1,Yes,2,fam90_vs_fam84; fam90_vs_fam89,No,0,,No,0,,No,0,,No,0,
LOC111101827,neuronal acetylcholine receptor subunit alpha-10-like,XP_022290157.1,1,Yes,1,fam90_vs_fam120,No,0,,No,0,,No,0,,No,0,
LOC111101841,orexin receptor type 2-like,XP_022290168.1,1,Yes,1,fam90_vs_fam89,No,0,,No,0,,No,0,,No,0,
LOC111101845,uncharacterized protein LOC111101845,XP_022290171.1,1,Yes,1,fam90_vs_fam84,No,0,,No,0,,No,0,,No,0,
LOC111101846,uncharacterized protein LOC111101846,XP_022290173.1,1,No,0,,No,0,,Yes,1,Cv_Pmarinus_infection,No,0,,No,0,
LOC111101853,uncharacterized protein LOC111101853,XP_022290186.1,1,Yes,2,fam90_vs_fam84; fam90_vs_fam89,No,0,,No,0,,No,0,,No,0,
LOC111101857,GATA zinc finger domain-containing protein 1-like,XP_022290195.1,1,Yes,3,fam90_vs_fam120; fam90_vs_fam84; fam90_vs_fam89,No,0,,No,0,,No,0,,No,0,
LOC111101858,ankyrin-1-like isoform X1,XP_022290190.1,1,Yes,2,fam90_vs_fam120; fam90_vs_fam84,No,0,,No,0,,No,0,,No,0,
LOC111101864,baculoviral IAP repeat-containing protein 3-like,XP_022290205.1,1,Yes,1,fam90_vs_fam120,No,0,,No,0,,No,0,,No,0,
LOC111101876,uncharacterized protein LOC111101876 isoform X1,XP_022290223.1,1,Yes,2,fam90_vs_fam84; fam90_vs_fam89,No,0,,No,0,,No,0,,No,0,
LOC111101893,uncharacterized protein LOC111101893 isoform X1,XP_022290251.1,1,Yes,1,fam90_vs_fam89,No,0,,No,0,,No,0,,No,0,
LOC111101919,uncharacterized protein LOC111101919,XP_022290281.1,1,No,0,,No,0,,No,0,,Yes,1,6h_fed_vs_ctrl,No,0,
LOC111101924,uncharacterized protein LOC111101924,XP_022290286.1,1,No,0,,No,0,,Yes,1,Cv_Pmarinus_infection,No,0,,No,0,
LOC111101931,ankyrin repeat domain-containing protein 17-like,XP_022290292.1,1,No,0,,No,0,,Yes,1,Cv_Pmarinus_infection,No,0,,No,0,
LOC111101935,uncharacterized protein LOC111101935,XP_022290299.1,1,Yes,1,fam90_vs_fam84,No,0,,No,0,,No,0,,No,0,
LOC111101944,uncharacterized protein LOC111101944,XP_022290305.1,1,Yes,1,fam90_vs_fam89,No,0,,No,0,,No,0,,No,0,
LOC111101946,uncharacterized protein LOC111101946 isoform X1,XP_022290309.1,1,Yes,1,fam90_vs_fam84,No,0,,No,0,,No,0,,No,0,
LOC111101966,uncharacterized protein LOC111101966,XP_022290329.1,1,Yes,1,fam90_vs_fam89,No,0,,No,0,,No,0,,No,0,
LOC111101967,uncharacterized protein LOC111101967,XP_022290330.1,1,Yes,1,fam90_vs_fam84,No,0,,No,0,,No,0,,No,0,
LOC111101977,uncharacterized protein LOC111101977,XP_022290340.1,1,Yes,2,fam90_vs_fam84; fam90_vs_fam89,No,0,,No,0,,No,0,,No,0,
LOC111101985,uncharacterized protein LOC111101985,XP_022290347.1,1,No,0,,No,0,,Yes,1,Cv_Pmarinus_infection,No,0,,No,0,
LOC111102015,LOW QUALITY PROTEIN: uncharacterized protein LOC111102015,XP_022290377.1,1,Yes,1,fam90_vs_fam84,No,0,,No,0,,No,0,,No,0,
LOC111102023,uncharacterized protein LOC111102023,XP_022290385.1,1,Yes,1,fam90_vs_fam89,No,0,,No,0,,No,0,,No,0,
LOC111102036,growth arrest-specific protein 2-like,XP_022290398.1,1,Yes,1,fam90_vs_fam89,No,0,,No,0,,No,0,,No,0,
LOC111102041,tigger transposable element-derived protein 6-like,XP_022290403.1,1,Yes,1,fam90_vs_fam89,No,0,,No,0,,No,0,,No,0,
LOC111102057,uncharacterized protein LOC111102057,XP_022290418.1,1,Yes,1,fam90_vs_fam89,No,0,,No,0,,No,0,,No,0,
LOC111102089,TNF receptor-associated factor family protein DDB_G0272098-like,XP_022290447.1,1,No,0,,No,0,,Yes,1,Cv_Pmarinus_infection,No,0,,No,0,
LOC111102109,uncharacterized protein LOC111102109,XP_022290470.1,1,Yes,2,fam90_vs_fam120; fam90_vs_fam84,No,0,,No,0,,No,0,,No,0,
LOC111102122,uncharacterized protein LOC111102122,XP_022290481.1,1,Yes,1,fam90_vs_fam84,No,0,,No,0,,No,0,,No,0,
LOC111102132,DNA-directed RNA polymerase II subunit RPB1-like,XP_022290491.1,1,Yes,1,fam90_vs_fam84,No,0,,No,0,,No,0,,No,0,
LOC111102140,N66 matrix protein-like,XP_022290498.1,1,Yes,2,fam90_vs_fam84; fam90_vs_fam89,No,0,,No,0,,No,0,,No,0,
LOC111102152,ankyrin repeat domain-containing protein 29-like,XP_022290509.1,1,Yes,1,fam90_vs_fam89,No,0,,No,0,,No,0,,No,0,
LOC111102154,ankyrin-1-like,XP_022290512.1,1,Yes,1,fam90_vs_fam89,No,0,,No,0,,No,0,,No,0,
LOC111102159,protein IMPACT homolog,XP_022290517.1,1,Yes,2,fam90_vs_fam120; fam90_vs_fam89,No,0,,No,0,,No,0,,No,0,
LOC111102161,uncharacterized protein LOC111102161,XP_022290520.1,1,Yes,2,fam90_vs_fam84; fam90_vs_fam89,No,0,,No,0,,No,0,,No,0,
LOC111102201,uncharacterized protein LOC111102201,XP_022290560.1,1,Yes,2,fam90_vs_fam84; fam90_vs_fam89,No,0,,No,0,,No,0,,No,0,
LOC111102206,uncharacterized protein LOC111102206,XP_022290566.1,1,No,0,,No,0,,Yes,1,Cv_Pmarinus_infection,No,0,,No,0,
LOC111102213,hemicentin-2-like,XP_022290572.1,1,Yes,1,fam90_vs_fam84,No,0,,No,0,,No,0,,No,0,
LOC111102228,uncharacterized protein LOC111102228,XP_022290589.1,1,Yes,1,fam90_vs_fam89,No,0,,No,0,,No,0,,No,0,
LOC111102229,low-density lipoprotein receptor-related protein 2-like,XP_022290590.1,1,No,0,,No,0,,Yes,1,Cv_Pmarinus_infection,No,0,,No,0,
LOC111102237,poly(rC)-binding protein 3-like isoform X4,XP_022290607.1,1,Yes,1,fam90_vs_fam89,No,0,,No,0,,No,0,,No,0,
LOC111102240,"LOW QUALITY PROTEIN: acyl-CoA synthetase family member 2, mitochondrial-like",XP_022290609.1,1,Yes,1,fam90_vs_fam89,No,0,,No,0,,No,0,,No,0,
LOC111102250,uncharacterized protein LOC111102250,XP_022290624.1,1,No,0,,No,0,,No,0,,Yes,1,36h_fed_vs_inj,No,0,
LOC111102253,acid-sensing ion channel 1A-like,XP_022290628.1,1,Yes,1,fam90_vs_fam84,No,0,,No,0,,No,0,,No,0,
LOC111102256,uncharacterized protein LOC111102256,XP_022290631.1,1,Yes,1,fam90_vs_fam89,No,0,,No,0,,No,0,,No,0,
LOC111102262,uncharacterized protein LOC111102262 isoform X2,XP_022290638.1,1,Yes,1,fam90_vs_fam84,No,0,,No,0,,No,0,,No,0,
LOC111102271,uncharacterized protein LOC111102271,XP_022290647.1,1,Yes,1,fam90_vs_fam89,No,0,,No,0,,No,0,,No,0,
LOC111102272,cytochrome P450 3A24-like,XP_022290648.1,1,Yes,1,fam90_vs_fam84,No,0,,No,0,,No,0,,No,0,
LOC111102275,uncharacterized protein LOC111102275,XP_022290650.1,1,Yes,1,fam90_vs_fam120,No,0,,No,0,,No,0,,No,0,
LOC111102276,DAZ-associated protein 2-like,XP_022290690.1,1,Yes,1,fam90_vs_fam89,No,0,,No,0,,No,0,,No,0,
LOC111102284,uncharacterized protein LOC111102284,XP_022290671.1,1,Yes,3,fam90_vs_fam120; fam90_vs_fam84; fam90_vs_fam89,No,0,,No,0,,No,0,,No,0,
LOC111102285,uncharacterized protein LOC111102285 isoform X2,XP_022290672.1,1,Yes,3,fam90_vs_fam120; fam90_vs_fam84; fam90_vs_fam89,No,0,,No,0,,No,0,,No,0,
LOC111102295,TNF receptor-associated factor family protein DDB_G0272098-like,XP_022290682.1,1,No,0,,No,0,,Yes,1,Cv_Pmarinus_infection,No,0,,No,0,
LOC111102299,uncharacterized protein LOC111102299,XP_022290692.1,1,No,0,,No,0,,Yes,1,Cv_Pmarinus_infection,No,0,,No,0,
LOC111102300,uncharacterized protein LOC111102300,XP_022290694.1,1,Yes,1,fam90_vs_fam84,No,0,,No,0,,No,0,,No,0,
LOC111102303,uromodulin-like isoform X1,XP_022290696.1,1,Yes,2,fam90_vs_fam120; fam90_vs_fam84,No,0,,No,0,,No,0,,No,0,
LOC111102304,glutamate [NMDA] receptor subunit 1-like isoform X1,XP_022290700.1,1,No,0,,No,0,,No,0,,Yes,1,28d_fed_vs_inj,No,0,
LOC111102335,rab-like protein 2A,XP_022290709.1,1,Yes,1,fam90_vs_fam120,No,0,,No,0,,No,0,,No,0,
LOC111102338,multiple epidermal growth factor-like domains protein 10,XP_022290714.1,1,Yes,1,fam90_vs_fam89,No,0,,No,0,,No,0,,No,0,
LOC111102351,toll-like receptor 13,XP_022290732.1,1,Yes,2,fam90_vs_fam120; fam90_vs_fam89,No,0,,No,0,,No,0,,No,0,
LOC111102356,uncharacterized protein LOC111102356,XP_022290743.1,1,Yes,2,fam90_vs_fam84; fam90_vs_fam89,No,0,,No,0,,No,0,,No,0,
LOC111102357,methylosome protein 50-like isoform X2,XP_022290744.1,1,No,0,,No,0,,No,0,,Yes,1,28d_fed_vs_inj,No,0,
LOC111102368,uncharacterized protein LOC111102368,XP_022290767.1,1,Yes,2,fam90_vs_fam120; fam90_vs_fam89,No,0,,No,0,,No,0,,No,0,
LOC111102380,40S ribosomal protein S4-like,XP_022290789.1,1,No,0,,No,0,,No,0,,Yes,1,36h_fed_vs_inj,No,0,
LOC111102383,uncharacterized protein LOC111102383 isoform X2,XP_022290793.1,1,Yes,3,fam90_vs_fam120; fam90_vs_fam84; fam90_vs_fam89,No,0,,No,0,,No,0,,No,0,
LOC111102388,uncharacterized shell protein 1-like,XP_022290801.1,1,Yes,1,fam90_vs_fam89,No,0,,No,0,,No,0,,No,0,
LOC111102389,uncharacterized protein LOC111102389 isoform X2,XP_022290802.1,1,Yes,2,fam90_vs_fam84; fam90_vs_fam89,No,0,,No,0,,No,0,,No,0,
LOC111102394,uncharacterized protein LOC111102394,XP_022290807.1,1,No,0,,No,0,,No,0,,No,0,,Yes,1,resistant_fam266_36h_7d
LOC111102405,uncharacterized protein LOC111102405 isoform X1,XP_022290820.1,1,Yes,2,fam90_vs_fam120; fam90_vs_fam84,No,0,,No,0,,No,0,,No,0,
LOC111102415,aquaporin AQPAe.a-like,XP_022290834.1,1,Yes,1,fam90_vs_fam120,No,0,,No,0,,No,0,,No,0,
LOC111102417,integrin beta pat-3-like,XP_022290831.1,1,Yes,1,fam90_vs_fam120,No,0,,No,0,,No,0,,No,0,
LOC111102419,complement C1q tumor necrosis factor-related protein 3-like,XP_022290833.1,1,Yes,2,fam90_vs_fam120; fam90_vs_fam84,No,0,,No,0,,No,0,,No,0,
LOC111102425,"sushi, nidogen and EGF-like domain-containing protein 1",XP_022290838.1,1,Yes,1,fam90_vs_fam120,No,0,,No,0,,No,0,,No,0,
LOC111102426,CUGBP Elav-like family member 2 isoform X4,XP_022290839.1,1,Yes,1,fam90_vs_fam89,No,0,,No,0,,No,0,,No,0,
LOC111102433,uncharacterized protein LOC111102433 isoform X2,XP_022290880.1,1,Yes,1,fam90_vs_fam84,No,0,,No,0,,No,0,,No,0,
LOC111102453,uncharacterized protein LOC111102453,XP_022290908.1,1,Yes,3,fam90_vs_fam120; fam90_vs_fam84; fam90_vs_fam89,No,0,,No,0,,No,0,,No,0,
LOC111102459,papilin-like isoform X2,XP_022290915.1,1,Yes,1,fam90_vs_fam89,No,0,,No,0,,No,0,,No,0,
LOC111102466,uncharacterized protein LOC111102466 isoform X2,XP_022290925.1,1,Yes,3,fam90_vs_fam120; fam90_vs_fam84; fam90_vs_fam89,No,0,,No,0,,No,0,,No,0,
LOC111102478,SPRY domain-containing SOCS box protein 2-like isoform X2,XP_022290947.1,1,Yes,1,fam90_vs_fam84,No,0,,No,0,,No,0,,No,0,
LOC111102489,leucine-rich repeats and immunoglobulin-like domains protein 3,XP_022290964.1,1,Yes,1,fam90_vs_fam84,No,0,,No,0,,No,0,,No,0,
LOC111102510,toll-like receptor 3,XP_022291005.1,1,No,0,,No,0,,No,0,,Yes,1,36h_fed_vs_inj,No,0,
LOC111102520,embryonic protein UVS.2-like,XP_022291020.1,1,Yes,1,fam90_vs_fam89,No,0,,No,0,,No,0,,No,0,
LOC111102525,"ATP-binding cassette sub-family B member 7, mitochondrial-like isoform X2",XP_022291023.1,1,Yes,1,fam90_vs_fam84,No,0,,No,0,,No,0,,No,0,
LOC111102529,glutamine synthetase-like,XP_022291029.1,1,Yes,1,fam90_vs_fam89,No,0,,No,0,,No,0,,No,0,
LOC111102530,E3 ubiquitin-protein ligase XIAP-like,XP_022291030.1,1,No,0,,No,0,,No,0,,Yes,1,6h_fed_vs_ctrl,No,0,
LOC111102540,uncharacterized protein LOC111102540,XP_022291042.1,1,Yes,2,fam90_vs_fam120; fam90_vs_fam84,No,0,,No,0,,No,0,,No,0,
LOC111102552,GTPase IMAP family member 4-like,XP_022291053.1,1,Yes,1,fam90_vs_fam89,No,0,,No,0,,No,0,,No,0,
LOC111102553,leucine-rich repeat-containing protein 40-like,XP_022291054.1,1,Yes,1,fam90_vs_fam120,No,0,,No,0,,No,0,,No,0,
LOC111102558,uncharacterized protein LOC111102558,XP_022291058.1,1,Yes,1,fam90_vs_fam120,No,0,,No,0,,No,0,,No,0,
LOC111102569,uncharacterized protein LOC111102569 isoform X3,XP_022291074.1,1,Yes,3,fam90_vs_fam120; fam90_vs_fam84; fam90_vs_fam89,No,0,,No,0,,No,0,,No,0,
LOC111102572,organic cation transporter protein-like,XP_022291083.1,1,Yes,1,fam90_vs_fam89,No,0,,No,0,,No,0,,No,0,
LOC111102584,uncharacterized protein LOC111102584,XP_022291095.1,1,Yes,1,fam90_vs_fam89,No,0,,No,0,,No,0,,No,0,
LOC111102587,uncharacterized protein LOC111102587 isoform X1,XP_022291103.1,1,No,0,,No,0,,No,0,,Yes,1,28d_fed_vs_inj,No,0,
LOC111102602,multiple epidermal growth factor-like domains protein 10,XP_022291126.1,1,Yes,3,fam90_vs_fam120; fam90_vs_fam84; fam90_vs_fam89,No,0,,No,0,,No,0,,No,0,
LOC111102610,calcyphosin-2-like isoform X1,XP_022291132.1,1,No,0,,No,0,,No,0,,Yes,1,6h_fed_vs_ctrl,No,0,
LOC111102616,uncharacterized protein LOC111102616,XP_022291143.1,1,Yes,2,fam90_vs_fam120; fam90_vs_fam84,No,0,,No,0,,No,0,,No,0,
LOC111102630,uncharacterized protein LOC111102630,XP_022291160.1,1,Yes,3,fam90_vs_fam120; fam90_vs_fam84; fam90_vs_fam89,No,0,,No,0,,No,0,,No,0,
LOC111102633,uncharacterized protein LOC111102633,XP_022291163.1,1,No,0,,Yes,1,Pmarinus_infection,No,0,,No,0,,No,0,
LOC111102648,cell death abnormality protein 1-like isoform X2,XP_022291181.1,1,Yes,1,fam90_vs_fam84,No,0,,No,0,,No,0,,No,0,
LOC111102678,dual specificity protein kinase Ttk-like,XP_022291226.1,1,Yes,1,fam90_vs_fam89,No,0,,No,0,,No,0,,No,0,
LOC111102697,neuropeptide CCHamide-1 receptor-like,XP_022291251.1,1,Yes,1,fam90_vs_fam84,No,0,,No,0,,No,0,,No,0,
LOC111102710,tripartite motif-containing protein 2-like,XP_022291270.1,1,Yes,1,fam90_vs_fam89,No,0,,No,0,,No,0,,No,0,
LOC111102711,uncharacterized protein LOC111102711,XP_022291271.1,1,Yes,1,fam90_vs_fam120,No,0,,No,0,,No,0,,No,0,
LOC111102723,uncharacterized protein LOC111102723 isoform X1,XP_022291296.1,1,Yes,1,fam90_vs_fam84,No,0,,No,0,,No,0,,No,0,
LOC111102729,uncharacterized protein LOC111102729,XP_022291298.1,1,Yes,1,fam90_vs_fam89,No,0,,No,0,,No,0,,No,0,
LOC111102734,uncharacterized protein LOC111102734,XP_022291305.1,1,Yes,1,fam90_vs_fam120,No,0,,No,0,,No,0,,No,0,
LOC111102735,uncharacterized protein LOC111102735 isoform X2,XP_022291306.1,1,Yes,3,fam90_vs_fam120; fam90_vs_fam84; fam90_vs_fam89,No,0,,No,0,,No,0,,No,0,
LOC111102736,uncharacterized protein LOC111102736,XP_022291308.1,1,Yes,2,fam90_vs_fam84; fam90_vs_fam89,No,0,,No,0,,No,0,,No,0,
LOC111102769,uncharacterized protein LOC111102769,XP_022291344.1,1,Yes,1,fam90_vs_fam120,No,0,,No,0,,No,0,,No,0,
LOC111102778,uncharacterized protein LOC111102778,XP_022291351.1,1,Yes,1,fam90_vs_fam120,No,0,,No,0,,No,0,,No,0,
LOC111102779,uncharacterized protein LOC111102779 isoform X3,XP_022291352.1,1,Yes,1,fam90_vs_fam120,No,0,,No,0,,No,0,,No,0,
LOC111102782,uncharacterized protein LOC111102782,XP_022291359.1,1,Yes,1,fam90_vs_fam89,No,0,,No,0,,No,0,,No,0,
LOC111102800,ras-related protein Rab-11A-like,XP_022291380.1,1,Yes,1,fam90_vs_fam89,No,0,,No,0,,No,0,,No,0,
LOC111102819,uncharacterized protein LOC111102819,XP_022291412.1,1,No,0,,No,0,,No,0,,No,0,,Yes,1,susceptible_fam242_36h_28d
LOC111102824,uncharacterized protein LOC111102824 isoform X1,XP_022291420.1,1,Yes,1,fam90_vs_fam84,No,0,,No,0,,No,0,,No,0,
LOC111102828,uncharacterized protein LOC111102828 isoform X2,XP_022291425.1,1,Yes,1,fam90_vs_fam89,No,0,,No,0,,No,0,,No,0,
LOC111102830,ankyrin repeat domain-containing protein 50-like,XP_022291431.1,1,Yes,1,fam90_vs_fam120,No,0,,No,0,,No,0,,No,0,
LOC111102837,heat shock 70 kDa protein 12A-like,XP_022291444.1,1,No,0,,No,0,,No,0,,Yes,1,6h_fed_vs_ctrl,No,0,
LOC111102855,uncharacterized protein LOC111102855,XP_022291517.1,1,Yes,1,fam90_vs_fam120,No,0,,No,0,,No,0,,No,0,
LOC111102858,baculoviral IAP repeat-containing protein 2-like,XP_022291483.1,1,Yes,1,fam90_vs_fam120,No,0,,No,0,,No,0,,No,0,
LOC111102872,uncharacterized protein LOC111102872 isoform X1,XP_022291502.1,1,Yes,1,fam90_vs_fam84,No,0,,No,0,,No,0,,No,0,
LOC111102875,ankyrin repeat and IBR domain-containing protein 1-like,XP_022291509.1,1,Yes,1,fam90_vs_fam89,No,0,,No,0,,No,0,,No,0,
LOC111102902,stimulated by retinoic acid gene 6 protein-like,XP_022291546.1,1,Yes,3,fam90_vs_fam120; fam90_vs_fam84; fam90_vs_fam89,No,0,,No,0,,No,0,,No,0,
LOC111102907,charged multivesicular body protein 2a-like,XP_022291556.1,1,No,0,,No,0,,No,0,,Yes,1,6h_fed_vs_ctrl,No,0,
LOC111102916,C-Myc-binding protein-like,XP_022291570.1,1,No,0,,No,0,,No,0,,Yes,1,28d_fed_vs_inj,No,0,
LOC111102920,toll-like receptor 6,XP_022291572.1,1,No,0,,No,0,,Yes,1,Cv_Pmarinus_infection,No,0,,No,0,
LOC111102942,probable mitochondrial pyruvate carrier 2,XP_022291606.1,1,Yes,1,fam90_vs_fam89,No,0,,No,0,,No,0,,No,0,
LOC111102953,uncharacterized protein LOC111102953,XP_022291616.1,1,Yes,1,fam90_vs_fam89,No,0,,No,0,,No,0,,No,0,
LOC111102957,uncharacterized protein LOC111102957,XP_022291620.1,1,Yes,2,fam90_vs_fam120; fam90_vs_fam89,No,0,,No,0,,No,0,,No,0,
LOC111102964,baculoviral IAP repeat-containing protein 2-like,XP_022291628.1,1,No,0,,No,0,,Yes,1,Cv_Pmarinus_infection,No,0,,No,0,
LOC111102966,,,1,No,0,,No,0,,Yes,1,Cv_Pmarinus_infection,No,0,,No,0,
LOC111102970,putative GPI-anchored protein pfl2 isoform X3,XP_022291633.1,1,No,0,,No,0,,No,0,,Yes,1,36h_fed_vs_inj,No,0,
LOC111102983,protein draper-like,XP_022291656.1,1,Yes,1,fam90_vs_fam84,No,0,,No,0,,No,0,,No,0,
LOC111103005,uncharacterized protein LOC111103005,XP_022291693.1,1,Yes,1,fam90_vs_fam84,No,0,,No,0,,No,0,,No,0,
LOC111103029,uncharacterized protein LOC111103029,XP_022291735.1,1,Yes,3,fam90_vs_fam120; fam90_vs_fam84; fam90_vs_fam89,No,0,,No,0,,No,0,,No,0,
LOC111103043,uncharacterized protein LOC111103043,XP_022291749.1,1,No,0,,No,0,,No,0,,Yes,1,36h_fed_vs_inj,No,0,
LOC111103046,uncharacterized protein LOC111103046,XP_022291754.1,1,No,0,,Yes,1,Pmarinus_infection,No,0,,No,0,,No,0,
LOC111103048,uncharacterized protein LOC111103048,XP_022291758.1,1,Yes,1,fam90_vs_fam89,No,0,,No,0,,No,0,,No,0,
LOC111103057,uncharacterized protein LOC111103057,XP_022291764.1,1,No,0,,No,0,,Yes,1,Cv_Pmarinus_infection,No,0,,No,0,
LOC111103062,LOW QUALITY PROTEIN: uncharacterized protein LOC111103062,XP_022291775.1,1,Yes,2,fam90_vs_fam84; fam90_vs_fam89,No,0,,No,0,,No,0,,No,0,
LOC111103066,multiple epidermal growth factor-like domains protein 11,XP_022291777.1,1,Yes,1,fam90_vs_fam89,No,0,,No,0,,No,0,,No,0,
LOC111103075,uncharacterized protein LOC111103075 isoform X3,XP_022291785.1,1,No,0,,No,0,,Yes,1,Cv_Pmarinus_infection,No,0,,No,0,
LOC111103078,uncharacterized protein LOC111103078,XP_022291792.1,1,Yes,1,fam90_vs_fam120,No,0,,No,0,,No,0,,No,0,
LOC111103090,putative GPI-anchored protein pfl2 isoform X3,XP_022291808.1,1,No,0,,No,0,,No,0,,Yes,1,7d_fed_vs_inj,No,0,
LOC111103100,cerebellin-3-like,XP_022291836.1,1,Yes,1,fam90_vs_fam120,No,0,,No,0,,No,0,,No,0,
LOC111103101,cerebellin-3-like,XP_022291837.1,1,Yes,1,fam90_vs_fam120,No,0,,No,0,,No,0,,No,0,
LOC111103102,cerebellin-3-like,XP_022291839.1,1,Yes,1,fam90_vs_fam89,No,0,,No,0,,No,0,,No,0,
LOC111103116,transmembrane protein 150B-A-like isoform X2,XP_022291897.1,1,No,0,,No,0,,No,0,,Yes,1,28d_fed_vs_inj,No,0,
LOC111103137,uncharacterized protein LOC111103137 isoform X1,XP_022291887.1,1,Yes,1,fam90_vs_fam120,No,0,,No,0,,No,0,,No,0,
LOC111103151,titin-like,XP_022291908.1,1,No,0,,No,0,,Yes,1,Cv_Pmarinus_infection,No,0,,No,0,
LOC111103153,glycoprotein 3-alpha-L-fucosyltransferase A-like isoform X2,XP_022291910.1,1,Yes,1,fam90_vs_fam89,No,0,,No,0,,No,0,,No,0,
LOC111103154,glycoprotein 3-alpha-L-fucosyltransferase A-like,XP_022291914.1,1,Yes,1,fam90_vs_fam89,No,0,,No,0,,No,0,,No,0,
LOC111103155,baculoviral IAP repeat-containing protein 3-like,XP_022291915.1,1,No,0,,No,0,,Yes,1,Cv_Pmarinus_infection,No,0,,No,0,
LOC111103164,uncharacterized protein LOC111103164,XP_022291928.1,1,Yes,2,fam90_vs_fam120; fam90_vs_fam89,No,0,,No,0,,No,0,,No,0,
LOC111103165,uncharacterized protein LOC111103165,XP_022291929.1,1,Yes,1,fam90_vs_fam89,No,0,,No,0,,No,0,,No,0,
LOC111103174,uncharacterized protein LOC111103174,XP_022291944.1,1,No,0,,No,0,,No,0,,Yes,1,6h_fed_vs_ctrl,No,0,
LOC111103175,uncharacterized protein LOC111103175 isoform X3,XP_022291946.1,1,No,0,,No,0,,No,0,,Yes,1,6h_fed_vs_ctrl,No,0,
LOC111103176,uncharacterized protein LOC111103176 isoform X1,XP_022291949.1,1,Yes,2,fam90_vs_fam120; fam90_vs_fam89,No,0,,No,0,,No,0,,No,0,
LOC111103178,uncharacterized protein LOC111103178,XP_022291953.1,1,Yes,1,fam90_vs_fam89,No,0,,No,0,,No,0,,No,0,
LOC111103182,uncharacterized protein LOC111103182 isoform X4,XP_022291959.1,1,Yes,3,fam90_vs_fam120; fam90_vs_fam84; fam90_vs_fam89,No,0,,No,0,,No,0,,No,0,
LOC111103191,polyphosphoinositide phosphatase-like isoform X2,XP_022291971.1,1,Yes,1,fam90_vs_fam84,No,0,,No,0,,No,0,,No,0,
LOC111103204,uncharacterized protein LOC111103204,XP_022291989.1,1,Yes,1,fam90_vs_fam89,No,0,,No,0,,No,0,,No,0,
LOC111103213,uncharacterized protein LOC111103213,XP_022291994.1,1,Yes,1,fam90_vs_fam84,No,0,,No,0,,No,0,,No,0,
LOC111103214,uncharacterized protein LOC111103214 isoform X2,XP_022291995.1,1,No,0,,No,0,,No,0,,Yes,1,36h_fed_vs_inj,No,0,
LOC111103224,uncharacterized protein LOC111103224,XP_022292017.1,1,Yes,1,fam90_vs_fam89,No,0,,No,0,,No,0,,No,0,
LOC111103244,phosphatidylinositol-binding clathrin assembly protein-like isoform X8,XP_022292041.1,1,Yes,2,fam90_vs_fam84; fam90_vs_fam89,No,0,,No,0,,No,0,,No,0,
LOC111103252,uncharacterized protein LOC111103252,XP_022292085.1,1,Yes,1,fam90_vs_fam84,No,0,,No,0,,No,0,,No,0,
LOC111103253,uncharacterized protein LOC111103253 isoform X2,XP_022292086.1,1,Yes,1,fam90_vs_fam84,No,0,,No,0,,No,0,,No,0,
LOC111103262,proprotein convertase subtilisin/kexin type 5-like isoform X2,XP_022292096.1,1,No,0,,No,0,,No,0,,No,0,,Yes,1,susceptible_fam242_36h_28d
LOC111103274,uncharacterized protein LOC111103274 isoform X1,XP_022292123.1,1,Yes,3,fam90_vs_fam120; fam90_vs_fam84; fam90_vs_fam89,No,0,,No,0,,No,0,,No,0,
LOC111103287,phosphatidylinositol-binding clathrin assembly protein-like isoform X9,XP_022292131.1,1,No,0,,No,0,,No,0,,Yes,1,7d_fed_vs_inj,No,0,
LOC111103289,serine/threonine-protein kinase LATS1-like isoform X1,XP_022292166.1,1,No,0,,No,0,,No,0,,Yes,1,28d_fed_vs_inj,No,0,
LOC111103306,zinc transporter ZIP10-like isoform X1,XP_022292192.1,1,No,0,,No,0,,No,0,,Yes,1,28d_fed_vs_inj,No,0,
LOC111103323,mucin-2-like isoform X2,XP_022292219.1,1,Yes,2,fam90_vs_fam120; fam90_vs_fam89,No,0,,No,0,,No,0,,No,0,
LOC111103337,syntaxin-binding protein 5-like isoform X1,XP_022292230.1,1,No,0,,No,0,,No,0,,Yes,1,28d_fed_vs_inj,No,0,
LOC111103342,uncharacterized protein LOC111103342 isoform X2,XP_022292244.1,1,Yes,1,fam90_vs_fam89,No,0,,No,0,,No,0,,No,0,
LOC111103361,toll-like receptor 13,XP_022292287.1,1,Yes,2,fam90_vs_fam84; fam90_vs_fam89,No,0,,No,0,,No,0,,No,0,
LOC111103375,sperm-associated antigen 17-like isoform X1,XP_022292310.1,1,No,0,,No,0,,No,0,,Yes,1,28d_fed_vs_inj,No,0,
LOC111103381,myb-like protein X isoform X1,XP_022292324.1,1,No,0,,No,0,,Yes,1,Cv_Pmarinus_infection,No,0,,No,0,
LOC111103383,myb-like protein X,XP_022292329.1,1,Yes,2,fam90_vs_fam120; fam90_vs_fam89,No,0,,No,0,,No,0,,No,0,
LOC111103394,"dynein heavy chain 5, axonemal-like isoform X2",XP_022292356.1,1,No,0,,No,0,,No,0,,Yes,1,28d_fed_vs_inj,No,0,
LOC111103402,uncharacterized protein LOC111103402 isoform X2,XP_022292378.1,1,Yes,1,fam90_vs_fam89,No,0,,No,0,,No,0,,No,0,
LOC111103412,dnaJ homolog subfamily B member 13-like,XP_022292398.1,1,No,0,,No,0,,No,0,,Yes,1,28d_fed_vs_inj,No,0,
LOC111103415,alpha-crystallin B chain-like,XP_022292401.1,1,No,0,,No,0,,No,0,,Yes,1,6h_fed_vs_ctrl,No,0,
LOC111103416,major egg antigen-like,XP_022292402.1,1,No,0,,No,0,,Yes,1,Cv_Pmarinus_infection,No,0,,No,0,
LOC111103417,complement C1q-like protein 4 isoform X2,XP_022292403.1,1,Yes,3,fam90_vs_fam120; fam90_vs_fam84; fam90_vs_fam89,No,0,,No,0,,No,0,,No,0,
LOC111103427,baculoviral IAP repeat-containing protein 3-like,XP_022292412.1,1,No,0,,No,0,,Yes,1,Cv_Pmarinus_infection,No,0,,No,0,
LOC111103429,cleavage stimulation factor subunit 3-like,XP_022292416.1,1,Yes,1,fam90_vs_fam120,No,0,,No,0,,No,0,,No,0,
LOC111103430,prickle-like protein 3 isoform X1,XP_022292417.1,1,Yes,1,fam90_vs_fam89,No,0,,No,0,,No,0,,No,0,
LOC111103441,uncharacterized protein LOC111103441 isoform X4,XP_022292430.1,1,Yes,1,fam90_vs_fam89,No,0,,No,0,,No,0,,No,0,
LOC111103459,angiopoietin-related protein 7-like,XP_022292455.1,1,No,0,,Yes,1,Pmarinus_infection,No,0,,No,0,,No,0,
LOC111103466,LOW QUALITY PROTEIN: rho-related protein racA-like,XP_022292469.1,1,Yes,1,fam90_vs_fam89,No,0,,No,0,,No,0,,No,0,
LOC111103493,protein IMPACT homolog,XP_022292515.1,1,Yes,1,fam90_vs_fam89,No,0,,No,0,,No,0,,No,0,
LOC111103501,ABC transporter F family member 4-like,XP_022292527.1,1,Yes,2,fam90_vs_fam84; fam90_vs_fam89,No,0,,No,0,,No,0,,No,0,
LOC111103519,uncharacterized protein C17orf98-like,XP_022292566.1,1,Yes,1,fam90_vs_fam120,No,0,,No,0,,No,0,,No,0,
LOC111103527,uncharacterized protein LOC111103527,XP_022292572.1,1,Yes,3,fam90_vs_fam120; fam90_vs_fam84; fam90_vs_fam89,No,0,,No,0,,No,0,,No,0,
LOC111103549,short-chain collagen C4-like,XP_022292595.1,1,Yes,1,fam90_vs_fam89,No,0,,No,0,,No,0,,No,0,
LOC111103550,short-chain collagen C4-like isoform X1,XP_022292597.1,1,Yes,2,fam90_vs_fam84; fam90_vs_fam89,No,0,,No,0,,No,0,,No,0,
LOC111103551,short-chain collagen C4-like,XP_022292599.1,1,Yes,1,fam90_vs_fam84,No,0,,No,0,,No,0,,No,0,
LOC111103555,LOW QUALITY PROTEIN: uncharacterized protein LOC111103555,XP_022292606.1,1,No,0,,No,0,,No,0,,Yes,1,28d_fed_vs_inj,No,0,
LOC111103568,putative ATP-dependent RNA helicase DHX33,XP_022292626.1,1,Yes,1,fam90_vs_fam84,No,0,,No,0,,No,0,,No,0,
LOC111103569,uncharacterized protein LOC111103569,XP_022292628.1,1,Yes,2,fam90_vs_fam120; fam90_vs_fam84,No,0,,No,0,,No,0,,No,0,
LOC111103570,uncharacterized protein LOC111103570 isoform X1,XP_022292629.1,1,Yes,2,fam90_vs_fam120; fam90_vs_fam84,No,0,,No,0,,No,0,,No,0,
LOC111103574,protein draper-like isoform X5,XP_022292636.1,1,Yes,2,fam90_vs_fam120; fam90_vs_fam89,No,0,,No,0,,No,0,,No,0,
LOC111103592,putative nuclease HARBI1,XP_022292677.1,1,Yes,1,fam90_vs_fam84,No,0,,No,0,,No,0,,No,0,
LOC111103594,cilia- and flagella-associated protein 47-like isoform X1,XP_022292678.1,1,No,0,,No,0,,No,0,,Yes,2,28d_fed_vs_inj; 36h_fed_vs_inj,No,0,
LOC111103599,protein ANTAGONIST OF LIKE HETEROCHROMATIN PROTEIN 1-like,XP_022292690.1,1,Yes,1,fam90_vs_fam84,No,0,,No,0,,No,0,,No,0,
LOC111103610,uncharacterized protein LOC111103610,XP_022292708.1,1,No,0,,No,0,,Yes,1,Cv_Pmarinus_infection,No,0,,No,0,
LOC111103626,uncharacterized protein LOC111103626,XP_022292728.1,1,Yes,2,fam90_vs_fam84; fam90_vs_fam89,No,0,,No,0,,No,0,,No,0,
LOC111103627,uncharacterized protein LOC111103627,XP_022292729.1,1,Yes,2,fam90_vs_fam84; fam90_vs_fam89,No,0,,No,0,,No,0,,No,0,
LOC111103641,uncharacterized protein LOC111103641,XP_022292750.1,1,Yes,1,fam90_vs_fam89,No,0,,No,0,,No,0,,No,0,
LOC111103643,angiopoietin-2-like,XP_022292753.1,1,Yes,1,fam90_vs_fam89,No,0,,No,0,,No,0,,No,0,
LOC111103649,uncharacterized protein LOC111103649 isoform X1,XP_022292765.1,1,Yes,2,fam90_vs_fam84; fam90_vs_fam89,No,0,,No,0,,No,0,,No,0,
LOC111103653,uncharacterized protein LOC111103653,XP_022292774.1,1,Yes,1,fam90_vs_fam89,No,0,,No,0,,No,0,,No,0,
LOC111103664,uncharacterized protein LOC111103664 isoform X4,XP_022292791.1,1,Yes,1,fam90_vs_fam89,No,0,,No,0,,No,0,,No,0,
LOC111103674,uncharacterized protein LOC111103674,XP_022292804.1,1,Yes,1,fam90_vs_fam89,No,0,,No,0,,No,0,,No,0,
LOC111103676,uncharacterized protein LOC111103676 isoform X1,XP_022292806.1,1,No,0,,No,0,,No,0,,Yes,1,36h_fed_vs_inj,No,0,
LOC111103692,protein SON-like isoform X1,XP_022292830.1,1,Yes,1,fam90_vs_fam84,No,0,,No,0,,No,0,,No,0,
LOC111103694,uncharacterized protein LOC111103694,XP_022292836.1,1,No,0,,No,0,,Yes,1,Cv_Pmarinus_infection,No,0,,No,0,
LOC111103695,uncharacterized protein LOC111103695,XP_022292837.1,1,Yes,1,fam90_vs_fam84,No,0,,No,0,,No,0,,No,0,
LOC111103707,tubulin--tyrosine ligase-like protein 12,XP_022292858.1,1,Yes,1,fam90_vs_fam120,No,0,,No,0,,No,0,,No,0,
LOC111103718,uncharacterized protein LOC111103718,XP_022292869.1,1,Yes,1,fam90_vs_fam89,No,0,,No,0,,No,0,,No,0,
LOC111103731,"beta-1,3-galactosyl-O-glycosyl-glycoprotein beta-1,6-N-acetylglucosaminyltransferase-like",XP_022292880.1,1,Yes,1,fam90_vs_fam89,No,0,,No,0,,No,0,,No,0,
LOC111103735,LOW QUALITY PROTEIN: cerebellin-2-like,XP_022292885.1,1,Yes,2,fam90_vs_fam84; fam90_vs_fam89,No,0,,No,0,,No,0,,No,0,
LOC111103741,thrombospondin-2-like,XP_022292890.1,1,Yes,2,fam90_vs_fam120; fam90_vs_fam84,No,0,,No,0,,No,0,,No,0,
LOC111103770,uncharacterized protein LOC111103770,XP_022292939.1,1,No,0,,No,0,,Yes,1,Cv_Pmarinus_infection,No,0,,No,0,
LOC111103778,mitogen-activated protein kinase kinase kinase 7-like isoform X4,XP_022292946.1,1,Yes,1,fam90_vs_fam89,No,0,,No,0,,No,0,,No,0,
LOC111103783,uncharacterized protein LOC111103783,XP_022292956.1,1,Yes,1,fam90_vs_fam84,No,0,,No,0,,No,0,,No,0,
LOC111103794,pre-mRNA-splicing regulator WTAP-like,XP_022292977.1,1,No,0,,No,0,,No,0,,Yes,1,6h_fed_vs_ctrl,No,0,
LOC111103816,baculoviral IAP repeat-containing protein 3-like,XP_022293034.1,1,No,0,,No,0,,Yes,1,Cv_Pmarinus_infection,No,0,,No,0,
LOC111103823,serine protease inhibitor dipetalogastin-like isoform X2,XP_022293049.1,1,No,0,,No,0,,No,0,,Yes,1,28d_fed_vs_inj,No,0,
LOC111103824,rho GTPase-activating protein 8-like isoform X1,XP_022293051.1,1,No,0,,No,0,,No,0,,Yes,1,6h_fed_vs_ctrl,No,0,
LOC111103829,uncharacterized protein LOC111103829 isoform X1,XP_022293072.1,1,Yes,2,fam90_vs_fam84; fam90_vs_fam89,No,0,,No,0,,No,0,,No,0,
LOC111103858,RING finger protein 17-like isoform X2,XP_022293121.1,1,No,0,,No,0,,No,0,,Yes,1,6h_fed_vs_ctrl,No,0,
LOC111103860,uncharacterized protein LOC111103860 isoform X1,XP_022293125.1,1,No,0,,No,0,,No,0,,Yes,1,7d_fed_vs_inj,No,0,
LOC111103862,"myosin-2 heavy chain, non muscle-like",XP_022293131.1,1,Yes,1,fam90_vs_fam89,No,0,,No,0,,No,0,,No,0,
LOC111103888,MORC family CW-type zinc finger protein 3-like isoform X2,XP_022293178.1,1,Yes,2,fam90_vs_fam84; fam90_vs_fam89,No,0,,No,0,,No,0,,No,0,
LOC111103901,myosin-11-like isoform X5,XP_022293202.1,1,Yes,3,fam90_vs_fam120; fam90_vs_fam84; fam90_vs_fam89,No,0,,No,0,,No,0,,No,0,
LOC111103904,uncharacterized protein LOC111103904 isoform X3,XP_022293219.1,1,Yes,1,fam90_vs_fam89,No,0,,No,0,,No,0,,No,0,
LOC111103928,uncharacterized protein LOC111103928,XP_022293257.1,1,Yes,1,fam90_vs_fam120,No,0,,No,0,,No,0,,No,0,
LOC111103938,tyrosine-protein phosphatase 10D-like isoform X1,XP_022293283.1,1,Yes,1,fam90_vs_fam89,No,0,,No,0,,No,0,,No,0,
LOC111103946,uncharacterized protein LOC111103946,XP_022293304.1,1,Yes,1,fam90_vs_fam120,No,0,,No,0,,No,0,,No,0,
LOC111103959,uncharacterized protein LOC111103959,XP_022293324.1,1,Yes,3,fam90_vs_fam120; fam90_vs_fam84; fam90_vs_fam89,No,0,,No,0,,No,0,,No,0,
LOC111103965,uncharacterized protein LOC111103965 isoform X1,XP_022293334.1,1,Yes,3,fam90_vs_fam120; fam90_vs_fam84; fam90_vs_fam89,No,0,,No,0,,No,0,,No,0,
LOC111103969,zinc finger protein 614-like,XP_022293346.1,1,Yes,1,fam90_vs_fam120,No,0,,No,0,,No,0,,No,0,
LOC111103974,uromodulin-like,XP_022293354.1,1,Yes,2,fam90_vs_fam84; fam90_vs_fam89,No,0,,No,0,,No,0,,No,0,
LOC111103982,baculoviral IAP repeat-containing protein 7-A-like,XP_022293361.1,1,No,0,,No,0,,Yes,1,Cv_Pmarinus_infection,No,0,,No,0,
LOC111103984,neurogenic locus notch homolog protein 1-like,XP_022293364.1,1,Yes,2,fam90_vs_fam120; fam90_vs_fam84,No,0,,No,0,,No,0,,No,0,
LOC111103985,eIF-2-alpha kinase GCN2-like,XP_022293365.1,1,Yes,1,fam90_vs_fam120,No,0,,No,0,,No,0,,No,0,
LOC111103994,ralBP1-associated Eps domain-containing protein 1-like isoform X1,XP_022293377.1,1,Yes,1,fam90_vs_fam84,No,0,,No,0,,No,0,,No,0,
LOC111103995,uncharacterized protein LOC111103995,XP_022293383.1,1,Yes,1,fam90_vs_fam84,No,0,,No,0,,No,0,,No,0,
LOC111104016,uncharacterized protein LOC111104016,XP_022293419.1,1,Yes,1,fam90_vs_fam89,No,0,,No,0,,No,0,,No,0,
LOC111104039,uncharacterized protein LOC111104039,XP_022293450.1,1,Yes,1,fam90_vs_fam84,No,0,,No,0,,No,0,,No,0,
LOC111104044,uncharacterized protein LOC111104044 isoform X1,XP_022293456.1,1,No,0,,No,0,,No,0,,Yes,1,28d_fed_vs_inj,No,0,
LOC111104048,uncharacterized protein LOC111104048 isoform X1,XP_022293461.1,1,Yes,1,fam90_vs_fam89,No,0,,No,0,,No,0,,No,0,
LOC111104053,mucin-17-like isoform X1,XP_022293469.1,1,Yes,1,fam90_vs_fam89,No,0,,No,0,,No,0,,No,0,
LOC111104063,anoctamin-1-like isoform X8,XP_022293488.1,1,Yes,1,fam90_vs_fam84,No,0,,No,0,,No,0,,No,0,
LOC111104074,LOW QUALITY PROTEIN: interleukin-1 receptor-associated kinase 1-binding protein 1-like,XP_022293513.1,1,No,0,,No,0,,Yes,1,Cv_Pmarinus_infection,No,0,,No,0,
LOC111104102,dehydrogenase/reductase SDR family member on chromosome X-like,XP_022293561.1,1,Yes,1,fam90_vs_fam89,No,0,,No,0,,No,0,,No,0,
LOC111104108,uncharacterized protein LOC111104108 isoform X3,XP_022293569.1,1,Yes,1,fam90_vs_fam84,No,0,,No,0,,No,0,,No,0,
LOC111104112,DNA ligase 1-like isoform X8,XP_022293579.1,1,No,0,,No,0,,No,0,,Yes,1,28d_fed_vs_inj,No,0,
LOC111104119,"beta-1,4-galactosyltransferase 1-like",XP_022293601.1,1,Yes,1,fam90_vs_fam89,No,0,,No,0,,No,0,,No,0,
LOC111104124,uncharacterized protein LOC111104124,XP_022293607.1,1,Yes,1,fam90_vs_fam89,No,0,,No,0,,No,0,,No,0,
LOC111104131,histamine H2 receptor-like,XP_022293630.1,1,Yes,1,fam90_vs_fam89,No,0,,No,0,,No,0,,No,0,
LOC111104137,decaprenyl-diphosphate synthase subunit 2-like isoform X1,XP_022293637.1,1,Yes,1,fam90_vs_fam84,No,0,,No,0,,No,0,,No,0,
LOC111104138,alpha-N-acetylgalactosaminidase-like,XP_022293640.1,1,Yes,1,fam90_vs_fam120,No,0,,No,0,,No,0,,No,0,
LOC111104149,small nuclear ribonucleoprotein E,XP_022293656.1,1,No,0,,No,0,,Yes,1,Cv_Pmarinus_infection,No,0,,No,0,
LOC111104150,uncharacterized protein LOC111104150,XP_022293657.1,1,No,0,,No,0,,Yes,1,Cv_Pmarinus_infection,No,0,,No,0,
LOC111104180,SAM and SH3 domain-containing protein 1-like isoform X6,XP_022293696.1,1,No,0,,No,0,,No,0,,Yes,1,6h_fed_vs_ctrl,No,0,
LOC111104198,copper transporter 5.1-like isoform X1,XP_022293743.1,1,Yes,3,fam90_vs_fam120; fam90_vs_fam84; fam90_vs_fam89,No,0,,No,0,,No,0,,No,0,
LOC111104199,methyltransferase-like protein 6,XP_022293740.1,1,No,0,,No,0,,Yes,1,Cv_Pmarinus_infection,No,0,,No,0,
LOC111104229,baculoviral IAP repeat-containing protein 8-like,XP_022293780.1,1,No,0,,No,0,,Yes,1,Cv_Pmarinus_infection,No,0,,No,0,
LOC111104249,four-jointed box protein 1-like,XP_022293800.1,1,No,0,,No,0,,No,0,,Yes,1,6h_fed_vs_ctrl,No,0,
LOC111104264,BTB/POZ domain-containing protein 17-like,XP_022293818.1,1,Yes,1,fam90_vs_fam89,No,0,,No,0,,No,0,,No,0,
LOC111104270,putative nuclease HARBI1,XP_022293837.1,1,Yes,1,fam90_vs_fam120,No,0,,No,0,,No,0,,No,0,
LOC111104272,uncharacterized protein LOC111104272,XP_022293838.1,1,Yes,1,fam90_vs_fam84,No,0,,No,0,,No,0,,No,0,
LOC111104276,E3 ubiquitin-protein ligase listerin-like,XP_022293842.1,1,Yes,1,fam90_vs_fam89,No,0,,No,0,,No,0,,No,0,
LOC111104279,baculoviral IAP repeat-containing protein 7-A-like,XP_022293846.1,1,No,0,,No,0,,Yes,1,Cv_Pmarinus_infection,No,0,,No,0,
LOC111104280,baculoviral IAP repeat-containing protein 7-A-like,XP_022293847.1,1,No,0,,No,0,,No,0,,Yes,2,28d_fed_vs_inj; 6h_fed_vs_ctrl,No,0,
LOC111104281,uncharacterized protein LOC111104281,XP_022293851.1,1,No,0,,No,0,,Yes,1,Cv_Pmarinus_infection,No,0,,No,0,
LOC111104287,uncharacterized protein LOC111104287,XP_022293857.1,1,No,0,,No,0,,No,0,,Yes,1,28d_fed_vs_inj,No,0,
LOC111104302,tyrosine-protein kinase JAK2-like isoform X1,XP_022293883.1,1,No,0,,No,0,,No,0,,Yes,1,6h_fed_vs_ctrl,No,0,
LOC111104305,neurogenic locus Notch protein-like,XP_022293882.1,1,Yes,1,fam90_vs_fam120,No,0,,No,0,,No,0,,No,0,
LOC111104307,uncharacterized protein LOC111104307,XP_022293884.1,1,Yes,1,fam90_vs_fam89,No,0,,No,0,,No,0,,No,0,
LOC111104310,ergothioneine biosynthesis protein 1-like,XP_022293930.1,1,Yes,1,fam90_vs_fam89,No,0,,No,0,,No,0,,No,0,
LOC111104316,carboxylesterase 1C-like,XP_022293901.1,1,Yes,1,fam90_vs_fam89,No,0,,No,0,,No,0,,No,0,
LOC111104323,uncharacterized protein LOC111104323,XP_022293914.1,1,Yes,2,fam90_vs_fam120; fam90_vs_fam89,No,0,,No,0,,No,0,,No,0,
LOC111104343,uncharacterized protein LOC111104343,XP_022293946.1,1,Yes,1,fam90_vs_fam84,No,0,,No,0,,No,0,,No,0,
LOC111104346,hemagglutinin/amebocyte aggregation factor-like isoform X1,XP_022293948.1,1,Yes,1,fam90_vs_fam120,No,0,,No,0,,No,0,,No,0,
LOC111104355,uncharacterized protein LOC111104355,XP_022293966.1,1,Yes,1,fam90_vs_fam89,No,0,,No,0,,No,0,,No,0,
LOC111104380,nucleolar MIF4G domain-containing protein 1-like isoform X2,XP_022293995.1,1,Yes,2,fam90_vs_fam84; fam90_vs_fam89,No,0,,No,0,,No,0,,No,0,
LOC111104387,uncharacterized protein LOC111104387,XP_022294010.1,1,Yes,3,fam90_vs_fam120; fam90_vs_fam84; fam90_vs_fam89,No,0,,No,0,,No,0,,No,0,
LOC111104392,uncharacterized protein LOC111104392 isoform X2,XP_022294014.1,1,No,0,,No,0,,No,0,,Yes,1,6h_fed_vs_ctrl,No,0,
LOC111104396,mitochondrial glutamate carrier 1-like isoform X3,XP_022294024.1,1,Yes,1,fam90_vs_fam89,No,0,,No,0,,No,0,,No,0,
LOC111104399,uncharacterized protein LOC111104399 isoform X1,XP_022294028.1,1,Yes,3,fam90_vs_fam120; fam90_vs_fam84; fam90_vs_fam89,No,0,,No,0,,No,0,,No,0,
LOC111104401,F-actin-methionine sulfoxide oxidase MICAL3-like isoform X8,XP_022294036.1,1,No,0,,No,0,,No,0,,Yes,1,28d_fed_vs_inj,No,0,
LOC111104405,uncharacterized protein LOC111104405,XP_022294037.1,1,No,0,,No,0,,Yes,1,Cv_Pmarinus_infection,No,0,,No,0,
LOC111104406,uncharacterized protein LOC111104406,XP_022294038.1,1,Yes,2,fam90_vs_fam120; fam90_vs_fam89,No,0,,No,0,,No,0,,No,0,
LOC111104408,uncharacterized protein LOC111104408,XP_022294040.1,1,Yes,1,fam90_vs_fam89,No,0,,No,0,,No,0,,No,0,
LOC111104416,trafficking protein particle complex subunit 10-like isoform X2,XP_022294052.1,1,No,0,,No,0,,No,0,,Yes,1,7d_fed_vs_inj,No,0,
LOC111104422,uncharacterized protein LOC111104422,XP_022294065.1,1,No,0,,No,0,,No,0,,Yes,1,7d_fed_vs_inj,No,0,
LOC111104425,prolyl 4-hydroxylase subunit alpha-1-like isoform X2,XP_022294071.1,1,Yes,1,fam90_vs_fam89,No,0,,No,0,,No,0,,No,0,
LOC111104428,uncharacterized protein LOC111104428 isoform X2,XP_022294075.1,1,Yes,3,fam90_vs_fam120; fam90_vs_fam84; fam90_vs_fam89,No,0,,No,0,,No,0,,No,0,
LOC111104430,baculoviral IAP repeat-containing protein 3-like,XP_022294079.1,1,No,0,,No,0,,Yes,1,Cv_Pmarinus_infection,No,0,,No,0,
LOC111104437,E3 ubiquitin-protein ligase listerin-like,XP_022294104.1,1,No,0,,No,0,,No,0,,Yes,1,6h_fed_vs_ctrl,No,0,
LOC111104443,"ubiquinone biosynthesis O-methyltransferase, mitochondrial-like",XP_022294113.1,1,Yes,1,fam90_vs_fam84,No,0,,No,0,,No,0,,No,0,
LOC111104451,potassium voltage-gated channel subfamily KQT member 1-like isoform X2,XP_022294124.1,1,No,0,,No,0,,No,0,,Yes,1,28d_fed_vs_inj,No,0,
LOC111104478,uncharacterized protein LOC111104478,XP_022294164.1,1,Yes,1,fam90_vs_fam89,No,0,,No,0,,No,0,,No,0,
LOC111104484,beta-2 adrenergic receptor-like,XP_022294171.1,1,Yes,2,fam90_vs_fam120; fam90_vs_fam89,No,0,,No,0,,No,0,,No,0,
LOC111104489,tRNA (guanine-N(7)-)-methyltransferase non-catalytic subunit wdr4-like isoform X1,XP_022294183.1,1,Yes,1,fam90_vs_fam84,No,0,,No,0,,No,0,,No,0,
LOC111104490,uncharacterized protein LOC111104490,XP_022294182.1,1,Yes,1,fam90_vs_fam89,No,0,,No,0,,No,0,,No,0,
LOC111104495,caprin-2-like isoform X1,XP_022294192.1,1,Yes,1,fam90_vs_fam120,No,0,,No,0,,No,0,,No,0,
LOC111104499,uncharacterized protein LOC111104499,XP_022294196.1,1,No,0,,No,0,,No,0,,Yes,1,28d_fed_vs_inj,No,0,
LOC111104516,slit homolog 3 protein-like,XP_022294221.1,1,No,0,,No,0,,No,0,,No,0,,Yes,1,susceptible_fam242_36h_28d
LOC111104518,CCR4-NOT transcription complex subunit 2-like isoform X1,XP_022294223.1,1,No,0,,No,0,,No,0,,Yes,1,6h_fed_vs_ctrl,No,0,
LOC111104522,complement C1q-like protein 4,XP_022294232.1,1,Yes,2,fam90_vs_fam120; fam90_vs_fam84,No,0,,No,0,,No,0,,No,0,
LOC111104529,uncharacterized protein LOC111104529 isoform X3,XP_022294241.1,1,No,0,,No,0,,No,0,,Yes,1,6h_fed_vs_ctrl,No,0,
LOC111104542,tyrosine-protein kinase receptor Tie-2-like,XP_022294264.1,1,Yes,2,fam90_vs_fam120; fam90_vs_fam84,No,0,,No,0,,No,0,,No,0,
LOC111104547,putative nuclease HARBI1,XP_022294272.1,1,Yes,1,fam90_vs_fam89,No,0,,No,0,,No,0,,No,0,
LOC111104555,uncharacterized protein LOC111104555,XP_022294279.1,1,Yes,2,fam90_vs_fam120; fam90_vs_fam89,No,0,,No,0,,No,0,,No,0,
LOC111104557,uncharacterized protein LOC111104557 isoform X2,XP_022294281.1,1,Yes,2,fam90_vs_fam120; fam90_vs_fam89,No,0,,No,0,,No,0,,No,0,
LOC111104559,cell death abnormality protein 1-like,XP_022294287.1,1,Yes,2,fam90_vs_fam84; fam90_vs_fam89,No,0,,No,0,,No,0,,No,0,
LOC111104561,uncharacterized protein LOC111104561,XP_022294291.1,1,Yes,1,fam90_vs_fam89,No,0,,No,0,,No,0,,No,0,
LOC111104568,uncharacterized protein LOC111104568,XP_022294296.1,1,No,0,,No,0,,No,0,,Yes,1,28d_fed_vs_inj,No,0,
LOC111104570,cerebellin-2-like,XP_022294299.1,1,Yes,1,fam90_vs_fam89,No,0,,No,0,,No,0,,No,0,
LOC111104573,uncharacterized protein LOC111104573,XP_022294307.1,1,Yes,2,fam90_vs_fam84; fam90_vs_fam89,No,0,,No,0,,No,0,,No,0,
LOC111104580,ferric-chelate reductase 1-like,XP_022294309.1,1,Yes,1,fam90_vs_fam89,No,0,,No,0,,No,0,,No,0,
LOC111104581,LOW QUALITY PROTEIN: putative ferric-chelate reductase 1,XP_022294310.1,1,Yes,2,fam90_vs_fam120; fam90_vs_fam89,No,0,,No,0,,No,0,,No,0,
LOC111104584,transcription initiation factor TFIID subunit 13-like,XP_022294312.1,1,Yes,3,fam90_vs_fam120; fam90_vs_fam84; fam90_vs_fam89,No,0,,No,0,,No,0,,No,0,
LOC111104585,ras-related protein Rab-11A-like,XP_022294316.1,1,Yes,1,fam90_vs_fam89,No,0,,No,0,,No,0,,No,0,
LOC111104586,uncharacterized protein LOC111104586,XP_022294313.1,1,No,0,,No,0,,No,0,,Yes,1,28d_fed_vs_inj,No,0,
LOC111104624,uncharacterized protein LOC111104624,XP_022294360.1,1,Yes,1,fam90_vs_fam84,No,0,,No,0,,No,0,,No,0,
LOC111104637,putative inhibitor of apoptosis isoform X1,XP_022294409.1,1,Yes,1,fam90_vs_fam89,No,0,,No,0,,No,0,,No,0,
LOC111104639,uncharacterized protein LOC111104639,XP_022294412.1,1,Yes,1,fam90_vs_fam89,No,0,,No,0,,No,0,,No,0,
LOC111104640,uncharacterized protein LOC111104640,XP_022294413.1,1,Yes,1,fam90_vs_fam84,No,0,,No,0,,No,0,,No,0,
LOC111104648,uncharacterized protein LOC111104648 isoform X1,XP_022294417.1,1,Yes,1,fam90_vs_fam84,No,0,,No,0,,No,0,,No,0,
LOC111104651,protein LKAAEAR1-like,XP_022294428.1,1,No,0,,No,0,,No,0,,Yes,1,28d_fed_vs_inj,No,0,
LOC111104660,uncharacterized protein LOC111104660 isoform X2,XP_022294433.1,1,Yes,1,fam90_vs_fam84,No,0,,No,0,,No,0,,No,0,
LOC111104680,uncharacterized protein LOC111104680,XP_022294459.1,1,Yes,1,fam90_vs_fam89,No,0,,No,0,,No,0,,No,0,
LOC111104697,uncharacterized protein LOC111104697 isoform X3,XP_022294491.1,1,No,0,,No,0,,Yes,1,Cv_Pmarinus_infection,No,0,,No,0,
LOC111104699,uncharacterized protein LOC111104699 isoform X1,XP_022294488.1,1,Yes,1,fam90_vs_fam89,No,0,,No,0,,No,0,,No,0,
LOC111104703,complement C1q-like protein 4,XP_022294494.1,1,Yes,2,fam90_vs_fam120; fam90_vs_fam84,No,0,,No,0,,No,0,,No,0,
LOC111104714,ficolin-2-like isoform X3,XP_022294518.1,1,No,0,,No,0,,Yes,1,Cv_Pmarinus_infection,No,0,,No,0,
LOC111104737,ficolin-2-like isoform X2,XP_022294549.1,1,No,0,,No,0,,Yes,1,Cv_Pmarinus_infection,No,0,,No,0,
LOC111104738,uncharacterized protein LOC111104738 isoform X1,XP_022294547.1,1,No,0,,No,0,,Yes,1,Cv_Pmarinus_infection,No,0,,No,0,
LOC111104741,uncharacterized protein LOC111104741,XP_022294552.1,1,No,0,,No,0,,Yes,1,Cv_Pmarinus_infection,No,0,,No,0,
LOC111104745,uncharacterized protein LOC111104745,XP_022294557.1,1,Yes,1,fam90_vs_fam84,No,0,,No,0,,No,0,,No,0,
LOC111104762,protein draper-like,XP_022294583.1,1,Yes,2,fam90_vs_fam120; fam90_vs_fam89,No,0,,No,0,,No,0,,No,0,
LOC111104767,toll-interacting protein-like isoform X1,XP_022294588.1,1,No,0,,No,0,,No,0,,Yes,1,36h_fed_vs_inj,No,0,
LOC111104777,uncharacterized protein LOC111104777,XP_022294612.1,1,Yes,1,fam90_vs_fam89,No,0,,No,0,,No,0,,No,0,
LOC111104778,translocator protein-like,XP_022294609.1,1,Yes,1,fam90_vs_fam89,No,0,,No,0,,No,0,,No,0,
LOC111104781,caspase-6-like,XP_022294613.1,1,Yes,1,fam90_vs_fam89,No,0,,No,0,,No,0,,No,0,
LOC111104782,caspase-8-like,XP_022294614.1,1,Yes,1,fam90_vs_fam89,No,0,,No,0,,No,0,,No,0,
LOC111104793,uncharacterized protein LOC111104793 isoform X2,XP_022294642.1,1,No,0,,No,0,,Yes,1,Cv_Pmarinus_infection,No,0,,No,0,
LOC111104803,polyphosphoinositide phosphatase-like isoform X1,XP_022294651.1,1,Yes,3,fam90_vs_fam120; fam90_vs_fam84; fam90_vs_fam89,No,0,,No,0,,No,0,,No,0,
LOC111104814,E3 UFM1-protein ligase 1-like isoform X1,XP_022294660.1,1,Yes,1,fam90_vs_fam89,No,0,,No,0,,No,0,,No,0,
LOC111104823,uncharacterized protein LOC111104823,XP_022294672.1,1,No,0,,No,0,,Yes,1,Cv_Pmarinus_infection,No,0,,No,0,
LOC111104825,uncharacterized protein LOC111104825 isoform X1,XP_022294674.1,1,No,0,,No,0,,Yes,1,Cv_Pmarinus_infection,No,0,,No,0,
LOC111104826,uncharacterized protein LOC111104826,XP_022294679.1,1,No,0,,No,0,,Yes,1,Cv_Pmarinus_infection,No,0,,No,0,
LOC111104836,uncharacterized protein LOC111104836,XP_022294695.1,1,Yes,1,fam90_vs_fam120,No,0,,No,0,,No,0,,No,0,
LOC111104846,collagen alpha-1(VIII) chain-like,XP_022294716.1,1,No,0,,No,0,,Yes,1,Cv_Pmarinus_infection,No,0,,No,0,
LOC111104848,cystatin-A-like,XP_022294718.1,1,No,0,,No,0,,Yes,1,Cv_Pmarinus_infection,No,0,,No,0,
LOC111104849,,,1,No,0,,No,0,,Yes,1,Cv_Pmarinus_infection,No,0,,No,0,
LOC111104856,"beta-1,4-N-acetylgalactosaminyltransferase bre-4-like",XP_022294725.1,1,Yes,1,fam90_vs_fam84,No,0,,No,0,,No,0,,No,0,
LOC111104860,uncharacterized protein LOC111104860,XP_022294731.1,1,Yes,2,fam90_vs_fam84; fam90_vs_fam89,No,0,,No,0,,No,0,,No,0,
LOC111104911,caspase-8-like,XP_022294790.1,1,Yes,2,fam90_vs_fam120; fam90_vs_fam84,No,0,,No,0,,No,0,,No,0,
LOC111104918,E3 ubiquitin-protein ligase rnf213-alpha-like,XP_022294797.1,1,No,0,,No,0,,Yes,1,Cv_Pmarinus_infection,No,0,,No,0,
LOC111104929,uncharacterized protein LOC111104929,XP_022294810.1,1,No,0,,No,0,,Yes,1,Cv_Pmarinus_infection,No,0,,No,0,
LOC111104944,uncharacterized protein LOC111104944,XP_022294829.1,1,Yes,1,fam90_vs_fam120,No,0,,No,0,,No,0,,No,0,
LOC111104955,allene oxide synthase-lipoxygenase protein-like,XP_022294840.1,1,Yes,1,fam90_vs_fam120,No,0,,No,0,,No,0,,No,0,
LOC111104965,piggyBac transposable element-derived protein 4-like,XP_022294852.1,1,Yes,1,fam90_vs_fam84,No,0,,No,0,,No,0,,No,0,
LOC111104999,complement C1q-like protein 4,XP_022294885.1,1,Yes,1,fam90_vs_fam89,No,0,,No,0,,No,0,,No,0,
LOC111105020,uncharacterized protein LOC111105020,XP_022294905.1,1,Yes,1,fam90_vs_fam89,No,0,,No,0,,No,0,,No,0,
LOC111105024,serine/threonine-protein phosphatase 6 regulatory ankyrin repeat subunit B-like,XP_022294909.1,1,Yes,1,fam90_vs_fam84,No,0,,No,0,,No,0,,No,0,
LOC111105025,cell wall integrity and stress response component 2-like,XP_022294913.1,1,Yes,2,fam90_vs_fam120; fam90_vs_fam89,No,0,,No,0,,No,0,,No,0,
LOC111105035,uncharacterized protein LOC111105035 isoform X2,XP_022294918.1,1,Yes,3,fam90_vs_fam120; fam90_vs_fam84; fam90_vs_fam89,No,0,,No,0,,No,0,,No,0,
LOC111105047,short-chain collagen C4-like,XP_022294928.1,1,Yes,2,fam90_vs_fam120; fam90_vs_fam84,No,0,,No,0,,No,0,,No,0,
LOC111105055,adapter protein CIKS-like,XP_022294939.1,1,Yes,1,fam90_vs_fam84,No,0,,No,0,,No,0,,No,0,
LOC111105083,uncharacterized protein LOC111105083,XP_022294964.1,1,Yes,1,fam90_vs_fam84,No,0,,No,0,,No,0,,No,0,
LOC111105103,uncharacterized protein LOC111105103,XP_022294987.1,1,Yes,1,fam90_vs_fam84,No,0,,No,0,,No,0,,No,0,
LOC111105113,uncharacterized protein LOC111105113,XP_022294993.1,1,Yes,2,fam90_vs_fam84; fam90_vs_fam89,No,0,,No,0,,No,0,,No,0,
LOC111105131,protein PIF-like,XP_022295012.1,1,Yes,1,fam90_vs_fam120,No,0,,No,0,,No,0,,No,0,
LOC111105142,uncharacterized protein LOC111105142,XP_022295023.1,1,Yes,1,fam90_vs_fam89,No,0,,No,0,,No,0,,No,0,
LOC111105148,baculoviral IAP repeat-containing protein 7-B-like,XP_022295029.1,1,No,0,,No,0,,Yes,1,Cv_Pmarinus_infection,No,0,,No,0,
LOC111105152,uncharacterized protein LOC111105152,XP_022295033.1,1,Yes,2,fam90_vs_fam84; fam90_vs_fam89,No,0,,No,0,,No,0,,No,0,
LOC111105169,uncharacterized protein LOC111105169,XP_022295048.1,1,Yes,2,fam90_vs_fam120; fam90_vs_fam89,No,0,,No,0,,No,0,,No,0,
LOC111105171,uncharacterized protein LOC111105171,XP_022295050.1,1,Yes,1,fam90_vs_fam89,No,0,,No,0,,No,0,,No,0,
LOC111105184,uncharacterized protein LOC111105184,XP_022295061.1,1,Yes,2,fam90_vs_fam84; fam90_vs_fam89,No,0,,No,0,,No,0,,No,0,
LOC111105225,complement C1q tumor necrosis factor-related protein 3-like,XP_022295098.1,1,Yes,1,fam90_vs_fam84,No,0,,No,0,,No,0,,No,0,
LOC111105226,heavy metal-binding protein HIP-like,XP_022295099.1,1,Yes,3,fam90_vs_fam120; fam90_vs_fam84; fam90_vs_fam89,No,0,,No,0,,No,0,,No,0,
LOC111105243,uncharacterized protein LOC111105243,XP_022295121.1,1,Yes,1,fam90_vs_fam84,No,0,,No,0,,No,0,,No,0,
LOC111105244,cystatin-A5-like,XP_022295124.1,1,Yes,1,fam90_vs_fam120,No,0,,No,0,,No,0,,No,0,
LOC111105245,eIF-2-alpha kinase GCN2-like isoform X1,XP_022295125.1,1,No,0,,No,0,,No,0,,Yes,1,6h_fed_vs_ctrl,No,0,
LOC111105246,eIF-2-alpha kinase GCN2-like,XP_022295127.1,1,Yes,2,fam90_vs_fam120; fam90_vs_fam84,No,0,,No,0,,No,0,,No,0,
LOC111105269,uncharacterized protein LOC111105269,XP_022295163.1,1,Yes,1,fam90_vs_fam84,No,0,,No,0,,No,0,,No,0,
LOC111105274,uncharacterized protein LOC111105274 isoform X2,XP_022295171.1,1,Yes,1,fam90_vs_fam84,No,0,,No,0,,No,0,,No,0,
LOC111105278,"beta-1,3-galactosyl-O-glycosyl-glycoprotein beta-1,6-N-acetylglucosaminyltransferase 4-like",XP_022295182.1,1,Yes,1,fam90_vs_fam89,No,0,,No,0,,No,0,,No,0,
LOC111105284,cerebellin-2-like,XP_022295191.1,1,No,0,,No,0,,Yes,1,Cv_Pmarinus_infection,No,0,,No,0,
LOC111105296,uncharacterized protein LOC111105296 isoform X1,XP_022295204.1,1,Yes,1,fam90_vs_fam120,No,0,,No,0,,No,0,,No,0,
LOC111105304,uncharacterized protein LOC111105304 isoform X5,XP_022295210.1,1,Yes,2,fam90_vs_fam120; fam90_vs_fam89,No,0,,No,0,,No,0,,No,0,
LOC111105305,P2X purinoceptor 7-like,XP_022295231.1,1,Yes,1,fam90_vs_fam89,No,0,,No,0,,No,0,,No,0,
LOC111105307,uncharacterized protein LOC111105307,XP_022295229.1,1,Yes,3,fam90_vs_fam120; fam90_vs_fam84; fam90_vs_fam89,No,0,,No,0,,No,0,,No,0,
LOC111105335,GTPase IMAP family member 4-like,XP_022295281.1,1,Yes,1,fam90_vs_fam89,No,0,,No,0,,No,0,,No,0,
LOC111105339,GTPase IMAP family member 4-like,XP_022295286.1,1,Yes,3,fam90_vs_fam120; fam90_vs_fam84; fam90_vs_fam89,No,0,,No,0,,No,0,,No,0,
LOC111105342,uncharacterized protein LOC111105342,XP_022295290.1,1,Yes,1,fam90_vs_fam89,No,0,,No,0,,No,0,,No,0,
LOC111105363,uncharacterized protein LOC111105363 isoform X1,XP_022295313.1,1,Yes,1,fam90_vs_fam89,No,0,,No,0,,No,0,,No,0,
LOC111105367,profilin-4-like isoform X4,XP_022295332.1,1,Yes,2,fam90_vs_fam120; fam90_vs_fam84,No,0,,No,0,,No,0,,No,0,
LOC111105368,uncharacterized protein LOC111105368 isoform X1,XP_022295374.1,1,Yes,1,fam90_vs_fam89,No,0,,No,0,,No,0,,No,0,
LOC111105378,lipoma HMGIC fusion partner-like,XP_022295354.1,1,Yes,1,fam90_vs_fam84,No,0,,No,0,,No,0,,No,0,
LOC111105389,E3 ubiquitin-protein ligase TRIM71-like,XP_022295372.1,1,Yes,1,fam90_vs_fam120,No,0,,No,0,,No,0,,No,0,
LOC111105390,uncharacterized protein LOC111105390,XP_022295373.1,1,Yes,1,fam90_vs_fam89,No,0,,No,0,,No,0,,No,0,
LOC111105391,uncharacterized protein LOC111105391,XP_022295376.1,1,Yes,2,fam90_vs_fam120; fam90_vs_fam84,No,0,,No,0,,No,0,,No,0,
LOC111105396,proteoglycan 4-like isoform X1,XP_022295381.1,1,No,0,,No,0,,No,0,,No,0,,Yes,1,resistant_fam266_36h_7d
LOC111105409,uncharacterized protein LOC111105409 isoform X1,XP_022295401.1,1,Yes,2,fam90_vs_fam120; fam90_vs_fam89,No,0,,No,0,,No,0,,No,0,
LOC111105419,,,1,No,0,,No,0,,Yes,1,Cv_Pmarinus_infection,No,0,,No,0,
LOC111105421,uncharacterized protein LOC111105421,XP_022295414.1,1,Yes,1,fam90_vs_fam120,No,0,,No,0,,No,0,,No,0,
LOC111105430,C1q-related factor-like,XP_022295428.1,1,No,0,,No,0,,Yes,1,Cv_Pmarinus_infection,No,0,,No,0,
LOC111105432,uncharacterized protein LOC111105432 isoform X2,XP_022295434.1,1,Yes,1,fam90_vs_fam84,No,0,,No,0,,No,0,,No,0,
LOC111105440,LOW QUALITY PROTEIN: uncharacterized protein LOC111105440,XP_022295447.1,1,Yes,1,fam90_vs_fam120,No,0,,No,0,,No,0,,No,0,
LOC111105444,uncharacterized protein LOC111105444,XP_022295453.1,1,No,0,,No,0,,No,0,,No,0,,Yes,1,susceptible_fam242_36h_28d
LOC111105448,major egg antigen-like,XP_022295457.1,1,No,0,,No,0,,No,0,,Yes,1,6h_fed_vs_ctrl,No,0,
LOC111105452,uncharacterized protein LOC111105452,XP_022295460.1,1,Yes,2,fam90_vs_fam84; fam90_vs_fam89,No,0,,No,0,,No,0,,No,0,
LOC111105455,uncharacterized protein LOC111105455,XP_022295469.1,1,Yes,1,fam90_vs_fam89,No,0,,No,0,,No,0,,No,0,
LOC111105470,uncharacterized protein LOC111105470 isoform X2,XP_022295492.1,1,Yes,1,fam90_vs_fam89,No,0,,No,0,,No,0,,No,0,
LOC111105480,uncharacterized protein LOC111105480 isoform X1,XP_022295499.1,1,Yes,2,fam90_vs_fam120; fam90_vs_fam89,No,0,,No,0,,No,0,,No,0,
LOC111105487,,,1,No,0,,No,0,,Yes,1,Cv_Pmarinus_infection,No,0,,No,0,
LOC111105505,uncharacterized protein LOC111105505,XP_022295545.1,1,Yes,1,fam90_vs_fam89,No,0,,No,0,,No,0,,No,0,
LOC111105510,pectin acetylesterase 5-like,XP_022295556.1,1,No,0,,No,0,,No,0,,Yes,1,7d_fed_vs_inj,No,0,
LOC111105511,transcription initiation protein SPT3 homolog,XP_022295559.1,1,Yes,2,fam90_vs_fam120; fam90_vs_fam89,No,0,,No,0,,No,0,,No,0,
LOC111105541,BTB/POZ domain-containing protein 17-like,XP_022295591.1,1,Yes,1,fam90_vs_fam120,No,0,,No,0,,No,0,,No,0,
LOC111105547,heat shock 70 kDa protein 12A-like isoform X2,XP_022295600.1,1,Yes,1,fam90_vs_fam89,No,0,,No,0,,No,0,,No,0,
LOC111105560,scavenger receptor class F member 1-like,XP_022295625.1,1,Yes,1,fam90_vs_fam84,No,0,,No,0,,No,0,,No,0,
LOC111105573,transaldolase-like isoform X2,XP_022295636.1,1,No,0,,No,0,,No,0,,Yes,1,6h_fed_vs_ctrl,No,0,
LOC111105575,uncharacterized protein LOC111105575 isoform X1,XP_022295639.1,1,Yes,3,fam90_vs_fam120; fam90_vs_fam84; fam90_vs_fam89,No,0,,No,0,,No,0,,No,0,
LOC111105587,uncharacterized protein LOC111105587 isoform X2,XP_022295657.1,1,Yes,3,fam90_vs_fam120; fam90_vs_fam84; fam90_vs_fam89,No,0,,No,0,,No,0,,No,0,
LOC111105595,cell death abnormality protein 1-like,XP_022295664.1,1,Yes,1,fam90_vs_fam120,No,0,,No,0,,No,0,,No,0,
LOC111105597,E3 ubiquitin-protein ligase XIAP-like,XP_022295667.1,1,Yes,1,fam90_vs_fam84,No,0,,No,0,,No,0,,No,0,
LOC111105600,LOW QUALITY PROTEIN: xanthine dehydrogenase/oxidase-like,XP_022295676.1,1,Yes,2,fam90_vs_fam120; fam90_vs_fam84,No,0,,No,0,,No,0,,No,0,
LOC111105601,uncharacterized protein LOC111105601,XP_022295674.1,1,Yes,1,fam90_vs_fam120,No,0,,No,0,,No,0,,No,0,
LOC111105603,innexin-11-like,XP_022295675.1,1,Yes,1,fam90_vs_fam120,No,0,,No,0,,No,0,,No,0,
LOC111105606,uncharacterized protein LOC111105606,XP_022295679.1,1,No,0,,No,0,,No,0,,Yes,1,28d_fed_vs_inj,No,0,
LOC111105608,uncharacterized protein LOC111105608,XP_022295680.1,1,Yes,1,fam90_vs_fam89,No,0,,No,0,,No,0,,No,0,
LOC111105609,uncharacterized protein LOC111105609 isoform X2,XP_022295681.1,1,Yes,1,fam90_vs_fam84,No,0,,No,0,,No,0,,No,0,
LOC111105622,uncharacterized protein LOC111105622,XP_022295700.1,1,Yes,1,fam90_vs_fam120,No,0,,No,0,,No,0,,No,0,
LOC111105627,uncharacterized protein LOC111105627,XP_022295705.1,1,Yes,1,fam90_vs_fam89,No,0,,No,0,,No,0,,No,0,
LOC111105629,uncharacterized protein LOC111105629 isoform X1,XP_022295708.1,1,No,0,,No,0,,No,0,,Yes,1,7d_fed_vs_inj,No,0,
LOC111105632,uncharacterized protein LOC111105632,XP_022295729.1,1,No,0,,No,0,,Yes,1,Cv_Pmarinus_infection,No,0,,No,0,
LOC111105637,acetylcholine receptor subunit alpha-like 2,XP_022295726.1,1,Yes,1,fam90_vs_fam89,No,0,,No,0,,No,0,,No,0,
LOC111105679,IgGFc-binding protein-like isoform X2,XP_022295736.1,1,Yes,3,fam90_vs_fam120; fam90_vs_fam84; fam90_vs_fam89,No,0,,No,0,,No,0,,No,0,
LOC111105680,uncharacterized protein LOC111105680,XP_022295738.1,1,Yes,1,fam90_vs_fam84,No,0,,No,0,,No,0,,No,0,
LOC111105682,uncharacterized protein LOC111105682 isoform X2,XP_022295739.1,1,Yes,1,fam90_vs_fam84,No,0,,No,0,,No,0,,No,0,
LOC111105684,uncharacterized protein LOC111105684 isoform X1,XP_022295743.1,1,No,0,,No,0,,No,0,,Yes,1,28d_fed_vs_inj,No,0,
LOC111105688,SRSF protein kinase 1-like isoform X1,XP_022295754.1,1,No,0,,No,0,,No,0,,Yes,2,36h_fed_vs_inj; 6h_fed_vs_ctrl,No,0,
LOC111105693,uncharacterized protein LOC111105693,XP_022295760.1,1,Yes,1,fam90_vs_fam84,No,0,,No,0,,No,0,,No,0,
LOC111105696,coiled-coil domain-containing protein 162-like,XP_022295764.1,1,Yes,1,fam90_vs_fam84,No,0,,No,0,,No,0,,No,0,
LOC111105699,uncharacterized protein LOC111105699,XP_022295767.1,1,Yes,2,fam90_vs_fam84; fam90_vs_fam89,No,0,,No,0,,No,0,,No,0,
LOC111105700,uncharacterized protein LOC111105700,XP_022295768.1,1,Yes,1,fam90_vs_fam120,No,0,,No,0,,No,0,,No,0,
LOC111105708,general transcription factor 3C polypeptide 6-like isoform X2,XP_022295774.1,1,Yes,3,fam90_vs_fam120; fam90_vs_fam84; fam90_vs_fam89,No,0,,No,0,,No,0,,No,0,
LOC111105710,general transcription factor 3C polypeptide 6-like isoform X2,XP_022295776.1,1,Yes,2,fam90_vs_fam84; fam90_vs_fam89,No,0,,No,0,,No,0,,No,0,
LOC111105739,uncharacterized protein LOC111105739,XP_022295818.1,1,Yes,2,fam90_vs_fam84; fam90_vs_fam89,No,0,,No,0,,No,0,,No,0,
LOC111105760,protein rolling stone-like,XP_022295849.1,1,Yes,2,fam90_vs_fam84; fam90_vs_fam89,No,0,,No,0,,No,0,,No,0,
LOC111105776,complement C1q-like protein 3,XP_022295869.1,1,Yes,3,fam90_vs_fam120; fam90_vs_fam84; fam90_vs_fam89,No,0,,No,0,,No,0,,No,0,
LOC111105796,5'-3' exoribonuclease 2-like,XP_022295890.1,1,Yes,1,fam90_vs_fam89,No,0,,No,0,,No,0,,No,0,
LOC111105800,uncharacterized protein LOC111105800,XP_022295895.1,1,Yes,1,fam90_vs_fam84,No,0,,No,0,,No,0,,No,0,
LOC111105802,uncharacterized protein LOC111105802 isoform X1,XP_022295898.1,1,Yes,1,fam90_vs_fam120,No,0,,No,0,,No,0,,No,0,
LOC111105805,uncharacterized protein LOC111105805 isoform X2,XP_022295904.1,1,Yes,3,fam90_vs_fam120; fam90_vs_fam84; fam90_vs_fam89,No,0,,No,0,,No,0,,No,0,
LOC111105807,myoneurin-like isoform X1,XP_022295955.1,1,Yes,1,fam90_vs_fam89,No,0,,No,0,,No,0,,No,0,
LOC111105810,uncharacterized protein LOC111105810 isoform X2,XP_022295917.1,1,Yes,2,fam90_vs_fam120; fam90_vs_fam89,No,0,,No,0,,No,0,,No,0,
LOC111105820,complement C1q subcomponent subunit A-like,XP_022295932.1,1,Yes,3,fam90_vs_fam120; fam90_vs_fam84; fam90_vs_fam89,No,0,,No,0,,No,0,,No,0,
LOC111105825,uncharacterized protein LOC111105825 isoform X1,XP_022295936.1,1,No,0,,No,0,,No,0,,Yes,1,28d_fed_vs_inj,No,0,
LOC111105828,"membrane-associated guanylate kinase, WW and PDZ domain-containing protein 3-like isoform X4",XP_022295942.1,1,Yes,1,fam90_vs_fam89,No,0,,No,0,,No,0,,No,0,
LOC111105831,B-cell receptor-associated protein 31-like,XP_022295964.1,1,Yes,2,fam90_vs_fam120; fam90_vs_fam89,No,0,,No,0,,No,0,,No,0,
LOC111105841,,,1,No,0,,No,0,,Yes,1,Cv_Pmarinus_infection,No,0,,No,0,
LOC111105850,leucine-rich repeat and guanylate kinase domain-containing protein-like,XP_022296008.1,1,No,0,,No,0,,No,0,,Yes,1,28d_fed_vs_inj,No,0,
LOC111105852,uncharacterized protein LOC111105852 isoform X2,XP_022296009.1,1,Yes,3,fam90_vs_fam120; fam90_vs_fam84; fam90_vs_fam89,No,0,,No,0,,No,0,,No,0,
LOC111105869,MRN complex-interacting protein-like,XP_022296035.1,1,Yes,1,fam90_vs_fam84,No,0,,No,0,,No,0,,No,0,
LOC111105870,uncharacterized protein LOC111105870,XP_022296033.1,1,Yes,3,fam90_vs_fam120; fam90_vs_fam84; fam90_vs_fam89,No,0,,No,0,,No,0,,No,0,
LOC111105872,uncharacterized protein LOC111105872,XP_022296034.1,1,Yes,2,fam90_vs_fam84; fam90_vs_fam89,No,0,,No,0,,No,0,,No,0,
LOC111105882,argininosuccinate synthase-like isoform X1,XP_022296045.1,1,Yes,1,fam90_vs_fam89,No,0,,No,0,,No,0,,No,0,
LOC111105885,tripartite motif-containing protein 45-like,XP_022296051.1,1,Yes,1,fam90_vs_fam84,No,0,,No,0,,No,0,,No,0,
LOC111105888,uncharacterized protein LOC111105888,XP_022296052.1,1,Yes,3,fam90_vs_fam120; fam90_vs_fam84; fam90_vs_fam89,No,0,,No,0,,No,0,,No,0,
LOC111105900,uncharacterized protein LOC111105900 isoform X1,XP_022296065.1,1,Yes,1,fam90_vs_fam84,No,0,,No,0,,No,0,,No,0,
LOC111105920,uncharacterized protein LOC111105920 isoform X3,XP_022296109.1,1,Yes,1,fam90_vs_fam89,No,0,,No,0,,No,0,,No,0,
LOC111105921,uncharacterized protein LOC111105921 isoform X3,XP_022296115.1,1,No,0,,No,0,,Yes,1,Cv_Pmarinus_infection,No,0,,No,0,
LOC111105938,uncharacterized protein LOC111105938,XP_022296150.1,1,No,0,,No,0,,Yes,1,Cv_Pmarinus_infection,No,0,,No,0,
LOC111105947,caspase-6-like,XP_022296160.1,1,No,0,,No,0,,Yes,1,Cv_Pmarinus_infection,No,0,,No,0,
LOC111105963,fibropellin-1-like,XP_022296180.1,1,Yes,2,fam90_vs_fam120; fam90_vs_fam84,No,0,,No,0,,No,0,,No,0,
LOC111105978,uncharacterized protein LOC111105978,XP_022296201.1,1,No,0,,No,0,,No,0,,Yes,1,28d_fed_vs_inj,No,0,
LOC111105988,cadherin-23-like,XP_022296214.1,1,Yes,3,fam90_vs_fam120; fam90_vs_fam84; fam90_vs_fam89,No,0,,No,0,,No,0,,No,0,
LOC111106007,uncharacterized protein LOC111106007 isoform X2,XP_022296224.1,1,Yes,2,fam90_vs_fam120; fam90_vs_fam89,No,0,,No,0,,No,0,,No,0,
LOC111106031,LOW QUALITY PROTEIN: angiopoietin-related protein 2-like,XP_022296254.1,1,Yes,1,fam90_vs_fam89,No,0,,No,0,,No,0,,No,0,
LOC111106033,uncharacterized protein LOC111106033,XP_022296256.1,1,Yes,3,fam90_vs_fam120; fam90_vs_fam84; fam90_vs_fam89,No,0,,No,0,,No,0,,No,0,
LOC111106034,uncharacterized protein LOC111106034,XP_022296258.1,1,Yes,2,fam90_vs_fam84; fam90_vs_fam89,No,0,,No,0,,No,0,,No,0,
LOC111106036,uncharacterized protein LOC111106036,XP_022296260.1,1,Yes,1,fam90_vs_fam89,No,0,,No,0,,No,0,,No,0,
LOC111106041,uncharacterized protein LOC111106041,XP_022296266.1,1,Yes,2,fam90_vs_fam120; fam90_vs_fam89,No,0,,No,0,,No,0,,No,0,
LOC111106057,heat shock 70 kDa protein 12A-like isoform X1,XP_022296287.1,1,Yes,3,fam90_vs_fam120; fam90_vs_fam84; fam90_vs_fam89,No,0,,No,0,,No,0,,No,0,
LOC111106058,heat shock 70 kDa protein 12A-like,XP_022296290.1,1,Yes,3,fam90_vs_fam120; fam90_vs_fam84; fam90_vs_fam89,No,0,,No,0,,No,0,,No,0,
LOC111106065,uncharacterized protein LOC111106065,XP_022296295.1,1,Yes,1,fam90_vs_fam120,No,0,,No,0,,No,0,,No,0,
LOC111106073,ankyrin repeat and protein kinase domain-containing protein 1-like,XP_022296303.1,1,Yes,1,fam90_vs_fam89,No,0,,No,0,,No,0,,No,0,
LOC111106074,ubiquitin carboxyl-terminal hydrolase 4-like isoform X1,XP_022296304.1,1,Yes,1,fam90_vs_fam89,No,0,,No,0,,No,0,,No,0,
LOC111106075,complement C1q-like protein 2,XP_022296308.1,1,Yes,1,fam90_vs_fam89,No,0,,No,0,,No,0,,No,0,
LOC111106078,immune-associated nucleotide-binding protein 12-like,XP_022296309.1,1,Yes,2,fam90_vs_fam120; fam90_vs_fam84,No,0,,No,0,,No,0,,No,0,
LOC111106086,complement C1q-like protein 2,XP_022296322.1,1,Yes,3,fam90_vs_fam120; fam90_vs_fam84; fam90_vs_fam89,No,0,,No,0,,No,0,,No,0,
LOC111106100,heat shock 70 kDa protein 12A-like,XP_022296336.1,1,Yes,3,fam90_vs_fam120; fam90_vs_fam84; fam90_vs_fam89,No,0,,No,0,,No,0,,No,0,
LOC111106102,uncharacterized protein LOC111106102,XP_022296342.1,1,Yes,2,fam90_vs_fam84; fam90_vs_fam89,No,0,,No,0,,No,0,,No,0,
LOC111106103,uncharacterized protein LOC111106103 isoform X1,XP_022296339.1,1,Yes,2,fam90_vs_fam120; fam90_vs_fam89,No,0,,No,0,,No,0,,No,0,
LOC111106108,uncharacterized protein LOC111106108,XP_022296348.1,1,Yes,3,fam90_vs_fam120; fam90_vs_fam84; fam90_vs_fam89,No,0,,No,0,,No,0,,No,0,
LOC111106111,uncharacterized protein LOC111106111,XP_022296353.1,1,Yes,1,fam90_vs_fam89,No,0,,No,0,,No,0,,No,0,
LOC111106114,uncharacterized protein LOC111106114,XP_022296354.1,1,Yes,1,fam90_vs_fam120,No,0,,No,0,,No,0,,No,0,
LOC111106117,complement C1q-like protein 3,XP_022296357.1,1,Yes,2,fam90_vs_fam120; fam90_vs_fam84,No,0,,No,0,,No,0,,No,0,
LOC111106119,"inositol 1,4,5-trisphosphate receptor-like isoform X8",XP_022296359.1,1,No,0,,No,0,,No,0,,Yes,1,28d_fed_vs_inj,No,0,
LOC111106120,uncharacterized protein LOC111106120,XP_022296367.1,1,Yes,1,fam90_vs_fam89,No,0,,No,0,,No,0,,No,0,
LOC111106122,uncharacterized protein LOC111106122,XP_022296375.1,1,No,0,,No,0,,Yes,1,Cv_Pmarinus_infection,No,0,,No,0,
LOC111106128,homeobox protein DLX-3-like,XP_022296381.1,1,Yes,1,fam90_vs_fam120,No,0,,No,0,,No,0,,No,0,
LOC111106130,uncharacterized protein C1orf194 homolog,XP_022296383.1,1,No,0,,No,0,,No,0,,Yes,1,28d_fed_vs_inj,No,0,
LOC111106131,uncharacterized protein LOC111106131,XP_022296384.1,1,Yes,1,fam90_vs_fam84,No,0,,No,0,,No,0,,No,0,
LOC111106133,von Willebrand factor D and EGF domain-containing protein-like,XP_022296389.1,1,Yes,1,fam90_vs_fam84,No,0,,No,0,,No,0,,No,0,
LOC111106136,prion-like-(Q/N-rich) domain-bearing protein 25 isoform X1,XP_022296388.1,1,Yes,1,fam90_vs_fam89,No,0,,No,0,,No,0,,No,0,
LOC111106139,uncharacterized protein LOC111106139 isoform X1,XP_022296392.1,1,No,0,,No,0,,Yes,1,Cv_Pmarinus_infection,No,0,,No,0,
LOC111106140,uncharacterized protein LOC111106140,XP_022296397.1,1,No,0,,No,0,,Yes,1,Cv_Pmarinus_infection,No,0,,No,0,
LOC111106146,ryncolin-4-like,XP_022296404.1,1,No,0,,No,0,,Yes,1,Cv_Pmarinus_infection,No,0,,No,0,
LOC111106155,uncharacterized protein LOC111106155,XP_022296415.1,1,Yes,1,fam90_vs_fam120,No,0,,No,0,,No,0,,No,0,
LOC111106158,vezatin-like isoform X1,XP_022296419.1,1,Yes,2,fam90_vs_fam84; fam90_vs_fam89,No,0,,No,0,,No,0,,No,0,
LOC111106165,,,1,No,0,,No,0,,Yes,1,Cv_Pmarinus_infection,No,0,,No,0,
LOC111106168,uncharacterized protein LOC111106168,XP_022296430.1,1,Yes,1,fam90_vs_fam84,No,0,,No,0,,No,0,,No,0,
LOC111106171,uncharacterized protein LOC111106171,XP_022296433.1,1,Yes,2,fam90_vs_fam84; fam90_vs_fam89,No,0,,No,0,,No,0,,No,0,
LOC111106176,putative adenosylhomocysteinase 3 isoform X6,XP_022296437.1,1,No,0,,No,0,,No,0,,Yes,1,28d_fed_vs_inj,No,0,
LOC111106182,caspase-10-like,XP_022296447.1,1,No,0,,No,0,,Yes,1,Cv_Pmarinus_infection,No,0,,No,0,
LOC111106183,uncharacterized protein LOC111106183,XP_022296448.1,1,Yes,1,fam90_vs_fam84,No,0,,No,0,,No,0,,No,0,
LOC111106196,uncharacterized protein LOC111106196,XP_022296466.1,1,Yes,1,fam90_vs_fam89,No,0,,No,0,,No,0,,No,0,
LOC111106207,uncharacterized protein LOC111106207,XP_022296484.1,1,Yes,1,fam90_vs_fam84,No,0,,No,0,,No,0,,No,0,
LOC111106212,uncharacterized protein LOC111106212 isoform X1,XP_022296489.1,1,Yes,3,fam90_vs_fam120; fam90_vs_fam84; fam90_vs_fam89,No,0,,No,0,,No,0,,No,0,
LOC111106219,ADP-ribosylation factor-like protein 6,XP_022296510.1,1,Yes,1,fam90_vs_fam120,No,0,,No,0,,No,0,,No,0,
LOC111106233,E3 ubiquitin-protein ligase TRIM36-like,XP_022296528.1,1,Yes,1,fam90_vs_fam120,No,0,,No,0,,No,0,,No,0,
LOC111106238,uncharacterized protein LOC111106238 isoform X2,XP_022296535.1,1,No,0,,No,0,,No,0,,Yes,1,28d_fed_vs_inj,No,0,
LOC111106242,prostaglandin reductase 1-like isoform X2,XP_022296552.1,1,Yes,1,fam90_vs_fam84,No,0,,No,0,,No,0,,No,0,
LOC111106245,uncharacterized protein LOC111106245,XP_022296557.1,1,Yes,1,fam90_vs_fam120,No,0,,No,0,,No,0,,No,0,
LOC111106251,uncharacterized protein LOC111106251,XP_022296563.1,1,Yes,2,fam90_vs_fam120; fam90_vs_fam89,No,0,,No,0,,No,0,,No,0,
LOC111106255,general transcription factor 3C polypeptide 6-like isoform X2,XP_022296566.1,1,Yes,2,fam90_vs_fam84; fam90_vs_fam89,No,0,,No,0,,No,0,,No,0,
LOC111106258,S-crystallin SL11-like,XP_022296570.1,1,Yes,1,fam90_vs_fam89,No,0,,No,0,,No,0,,No,0,
LOC111106260,cingulin-like isoform X1,XP_022296572.1,1,Yes,2,fam90_vs_fam120; fam90_vs_fam89,No,0,,No,0,,No,0,,No,0,
LOC111106265,histone-lysine N-methyltransferase SETMAR-like,XP_022296581.1,1,Yes,2,fam90_vs_fam120; fam90_vs_fam89,No,0,,No,0,,No,0,,No,0,
LOC111106273,uncharacterized protein LOC111106273 isoform X1,XP_022296592.1,1,Yes,2,fam90_vs_fam120; fam90_vs_fam84,No,0,,No,0,,No,0,,No,0,
LOC111106277,uncharacterized protein LOC111106277,XP_022296597.1,1,Yes,1,fam90_vs_fam120,No,0,,No,0,,No,0,,No,0,
LOC111106284,tryptase-2-like,XP_022296606.1,1,No,0,,No,0,,Yes,1,Cv_Pmarinus_infection,No,0,,No,0,
LOC111106288,uncharacterized protein LOC111106288,XP_022296609.1,1,No,0,,No,0,,Yes,1,Cv_Pmarinus_infection,No,0,,No,0,
LOC111106292,inter-alpha-trypsin inhibitor heavy chain H3-like isoform X2,XP_022296614.1,1,Yes,1,fam90_vs_fam89,No,0,,No,0,,No,0,,No,0,
LOC111106304,transmembrane protein 209-like,XP_022296635.1,1,Yes,1,fam90_vs_fam120,No,0,,No,0,,No,0,,No,0,
LOC111106307,E3 ubiquitin-protein ligase TRIM71-like,XP_022296640.1,1,Yes,1,fam90_vs_fam89,No,0,,No,0,,No,0,,No,0,
LOC111106310,probable E3 ubiquitin-protein ligase MID2,XP_022296644.1,1,Yes,2,fam90_vs_fam84; fam90_vs_fam89,No,0,,No,0,,No,0,,No,0,
LOC111106311,F-box only protein 32-like isoform X1,XP_022296645.1,1,Yes,1,fam90_vs_fam89,No,0,,No,0,,No,0,,No,0,
LOC111106349,tripartite motif-containing protein 7-like isoform X2,XP_022296708.1,1,Yes,2,fam90_vs_fam84; fam90_vs_fam89,No,0,,No,0,,No,0,,No,0,
LOC111106371,complement C1q tumor necrosis factor-related protein 3-like,XP_022296731.1,1,Yes,1,fam90_vs_fam84,No,0,,No,0,,No,0,,No,0,
LOC111106373,complement C1q tumor necrosis factor-related protein 3-like,XP_022296734.1,1,Yes,3,fam90_vs_fam120; fam90_vs_fam84; fam90_vs_fam89,No,0,,No,0,,No,0,,No,0,
LOC111106376,protein shisa-5-like,XP_022296736.1,1,Yes,2,fam90_vs_fam120; fam90_vs_fam84,No,0,,No,0,,No,0,,No,0,
LOC111106379,uncharacterized protein LOC111106379,XP_022296742.1,1,Yes,1,fam90_vs_fam120,No,0,,No,0,,No,0,,No,0,
LOC111106383,60S ribosomal protein L18a-like,XP_022296743.1,1,No,0,,No,0,,No,0,,Yes,1,36h_fed_vs_inj,No,0,
LOC111106386,cyclin-related protein FAM58A-like isoform X2,XP_022296750.1,1,Yes,2,fam90_vs_fam120; fam90_vs_fam84,No,0,,No,0,,No,0,,No,0,
LOC111106389,sortilin-related receptor-like isoform X1,XP_022296753.1,1,No,0,,No,0,,Yes,1,Cv_Pmarinus_infection,No,0,,No,0,
LOC111106404,uncharacterized protein LOC111106404,XP_022296774.1,1,No,0,,No,0,,Yes,1,Cv_Pmarinus_infection,No,0,,No,0,
LOC111106434,E3 ubiquitin-protein ligase TRIM36-like,XP_022296815.1,1,Yes,1,fam90_vs_fam89,No,0,,No,0,,No,0,,No,0,
LOC111106441,uncharacterized protein LOC111106441,XP_022296824.1,1,Yes,1,fam90_vs_fam84,No,0,,No,0,,No,0,,No,0,
LOC111106450,macrophage-expressed gene 1 protein-like,XP_022296832.1,1,No,0,,No,0,,Yes,1,Cv_Pmarinus_infection,No,0,,No,0,
LOC111106457,"putative Dol-P-Glc:Glc(2)Man(9)GlcNAc(2)-PP-Dol alpha-1,2-glucosyltransferase isoform X1",XP_022296841.1,1,Yes,3,fam90_vs_fam120; fam90_vs_fam84; fam90_vs_fam89,No,0,,No,0,,No,0,,No,0,
LOC111106460,tetraspanin-6-like,XP_022296850.1,1,No,0,,No,0,,Yes,1,Cv_Pmarinus_infection,No,0,,No,0,
LOC111106484,uncharacterized protein LOC111106484,XP_022296894.1,1,Yes,1,fam90_vs_fam89,No,0,,No,0,,No,0,,No,0,
LOC111106488,tripartite motif-containing protein 45-like,XP_022296898.1,1,Yes,3,fam90_vs_fam120; fam90_vs_fam84; fam90_vs_fam89,No,0,,No,0,,No,0,,No,0,
LOC111106494,NTR domain-containing protein-like,XP_022296904.1,1,Yes,2,fam90_vs_fam120; fam90_vs_fam84,No,0,,No,0,,No,0,,No,0,
LOC111106506,LOW QUALITY PROTEIN: histone-lysine N-methyltransferase 2E-like,XP_022296920.1,1,Yes,1,fam90_vs_fam84,No,0,,No,0,,No,0,,No,0,
LOC111106512,uncharacterized protein LOC111106512 isoform X1,XP_022296932.1,1,No,0,,No,0,,Yes,1,Cv_Pmarinus_infection,No,0,,No,0,
LOC111106514,uncharacterized protein LOC111106514 isoform X1,XP_022296935.1,1,No,0,,No,0,,No,0,,Yes,1,6h_fed_vs_ctrl,No,0,
LOC111106518,uncharacterized protein LOC111106518,XP_022296944.1,1,No,0,,No,0,,Yes,1,Cv_Pmarinus_infection,No,0,,No,0,
LOC111106521,probable ATP-dependent RNA helicase DDX20,XP_022296950.1,1,Yes,3,fam90_vs_fam120; fam90_vs_fam84; fam90_vs_fam89,No,0,,No,0,,No,0,,No,0,
LOC111106526,galactoside 2-alpha-L-fucosyltransferase 2-like,XP_022296955.1,1,Yes,3,fam90_vs_fam120; fam90_vs_fam84; fam90_vs_fam89,No,0,,No,0,,No,0,,No,0,
LOC111106531,uncharacterized protein LOC111106531,XP_022296959.1,1,Yes,2,fam90_vs_fam84; fam90_vs_fam89,No,0,,No,0,,No,0,,No,0,
LOC111106549,pleckstrin homology domain-containing family G member 7-like isoform X2,XP_022296980.1,1,Yes,2,fam90_vs_fam84; fam90_vs_fam89,No,0,,No,0,,No,0,,No,0,
LOC111106560,interferon-induced protein 44-like,XP_022296991.1,1,Yes,2,fam90_vs_fam120; fam90_vs_fam84,No,0,,No,0,,No,0,,No,0,
LOC111106566,uncharacterized protein LOC111106566,XP_022296998.1,1,No,0,,No,0,,Yes,1,Cv_Pmarinus_infection,No,0,,No,0,
LOC111106605,laccase-5-like,XP_022297040.1,1,No,0,,No,0,,No,0,,Yes,1,7d_fed_vs_inj,No,0,
LOC111106606,uncharacterized protein LOC111106606 isoform X1,XP_022297043.1,1,Yes,3,fam90_vs_fam120; fam90_vs_fam84; fam90_vs_fam89,No,0,,No,0,,No,0,,No,0,
LOC111106616,macrophage-expressed gene 1 protein-like,XP_022297057.1,1,Yes,1,fam90_vs_fam89,No,0,,No,0,,No,0,,No,0,
LOC111106617,metabotropic glutamate receptor 4-like,XP_022297058.1,1,Yes,1,fam90_vs_fam89,No,0,,No,0,,No,0,,No,0,
LOC111106625,uncharacterized protein LOC111106625,XP_022297067.1,1,Yes,1,fam90_vs_fam84,No,0,,No,0,,No,0,,No,0,
LOC111106627,LOW QUALITY PROTEIN: uncharacterized protein LOC111106627,XP_022297069.1,1,Yes,1,fam90_vs_fam120,No,0,,No,0,,No,0,,No,0,
LOC111106630,tripartite motif-containing protein 5-like isoform X1,XP_022297076.1,1,No,0,,No,0,,No,0,,Yes,1,6h_fed_vs_ctrl,No,0,
LOC111106631,uncharacterized protein LOC111106631,XP_022297079.1,1,No,0,,No,0,,Yes,1,Cv_Pmarinus_infection,No,0,,No,0,
LOC111106632,uncharacterized protein LOC111106632,XP_022297083.1,1,Yes,2,fam90_vs_fam120; fam90_vs_fam89,No,0,,No,0,,No,0,,No,0,
LOC111106644,uncharacterized protein LOC111106644,XP_022297103.1,1,No,0,,No,0,,No,0,,Yes,1,28d_fed_vs_inj,No,0,
LOC111106647,microfibril-associated glycoprotein 4-like,XP_022297107.1,1,No,0,,No,0,,Yes,1,Cv_Pmarinus_infection,No,0,,No,0,
LOC111106650,phospholipase D A-like isoform X2,XP_022297110.1,1,Yes,1,fam90_vs_fam84,No,0,,No,0,,No,0,,No,0,
LOC111106653,caspase-14-like isoform X1,XP_022297113.1,1,No,0,,No,0,,Yes,1,Cv_Pmarinus_infection,No,0,,No,0,
LOC111106660,uncharacterized protein LOC111106660,XP_022297132.1,1,Yes,1,fam90_vs_fam120,No,0,,No,0,,No,0,,No,0,
LOC111106665,uncharacterized protein LOC111106665,XP_022297142.1,1,Yes,2,fam90_vs_fam84; fam90_vs_fam89,No,0,,No,0,,No,0,,No,0,
LOC111106671,uncharacterized protein LOC111106671 isoform X2,XP_022297155.1,1,Yes,1,fam90_vs_fam84,No,0,,No,0,,No,0,,No,0,
LOC111106673,uncharacterized protein LOC111106673,XP_022297159.1,1,Yes,2,fam90_vs_fam84; fam90_vs_fam89,No,0,,No,0,,No,0,,No,0,
LOC111106679,uncharacterized protein LOC111106679 isoform X2,XP_022297167.1,1,Yes,2,fam90_vs_fam84; fam90_vs_fam89,No,0,,No,0,,No,0,,No,0,
LOC111106700,uncharacterized protein LOC111106700,XP_022297188.1,1,No,0,,No,0,,Yes,1,Cv_Pmarinus_infection,No,0,,No,0,
LOC111106702,keratin-associated protein 5-8-like,XP_022297191.1,1,Yes,1,fam90_vs_fam89,No,0,,No,0,,No,0,,No,0,
LOC111106705,"thymidine kinase 2, mitochondrial-like isoform X1",XP_022297194.1,1,Yes,1,fam90_vs_fam89,No,0,,No,0,,No,0,,No,0,
LOC111106709,uncharacterized protein LOC111106709,XP_022297203.1,1,Yes,1,fam90_vs_fam84,No,0,,No,0,,No,0,,No,0,
LOC111106710,retinoid-inducible serine carboxypeptidase-like,XP_022297204.1,1,No,0,,No,0,,Yes,1,Cv_Pmarinus_infection,No,0,,No,0,
LOC111106711,uncharacterized protein LOC111106711 isoform X5,XP_022297205.1,1,Yes,1,fam90_vs_fam84,No,0,,No,0,,No,0,,No,0,
LOC111106714,uncharacterized protein LOC111106714,XP_022297212.1,1,Yes,1,fam90_vs_fam120,No,0,,No,0,,No,0,,No,0,
LOC111106715,uncharacterized protein LOC111106715,XP_022297214.1,1,Yes,1,fam90_vs_fam89,No,0,,No,0,,No,0,,No,0,
LOC111106733,uncharacterized protein LOC111106733,XP_022297237.1,1,Yes,2,fam90_vs_fam120; fam90_vs_fam89,No,0,,No,0,,No,0,,No,0,
LOC111106749,uncharacterized protein LOC111106749 isoform X1,XP_022297254.1,1,No,0,,No,0,,Yes,1,Cv_Pmarinus_infection,No,0,,No,0,
LOC111106751,uncharacterized protein LOC111106751 isoform X1,XP_022297259.1,1,No,0,,No,0,,Yes,1,Cv_Pmarinus_infection,No,0,,No,0,
LOC111106754,serine/threonine-protein kinase PAK 1-like isoform X1,XP_022297270.1,1,Yes,3,fam90_vs_fam120; fam90_vs_fam84; fam90_vs_fam89,No,0,,No,0,,No,0,,No,0,
LOC111106757,uncharacterized protein LOC111106757,XP_022297277.1,1,No,0,,No,0,,Yes,1,Cv_Pmarinus_infection,No,0,,No,0,
LOC111106765,fibrillin-1-like,XP_022297283.1,1,Yes,1,fam90_vs_fam89,No,0,,No,0,,No,0,,No,0,
LOC111106766,tetratricopeptide repeat protein 38-like,XP_022297287.1,1,Yes,1,fam90_vs_fam120,No,0,,No,0,,No,0,,No,0,
LOC111106781,uncharacterized protein LOC111106781,XP_022297310.1,1,Yes,2,fam90_vs_fam120; fam90_vs_fam84,No,0,,No,0,,No,0,,No,0,
LOC111106789,uncharacterized protein LOC111106789,XP_022297317.1,1,No,0,,No,0,,Yes,1,Cv_Pmarinus_infection,No,0,,No,0,
LOC111106799,"thymidine kinase 2, mitochondrial-like",XP_022297325.1,1,Yes,2,fam90_vs_fam120; fam90_vs_fam84,No,0,,No,0,,No,0,,No,0,
LOC111106811,uncharacterized protein LOC111106811,XP_022297342.1,1,No,0,,No,0,,No,0,,Yes,1,28d_fed_vs_inj,No,0,
LOC111106816,uncharacterized protein LOC111106816,XP_022297349.1,1,No,0,,No,0,,No,0,,Yes,1,28d_fed_vs_inj,No,0,
LOC111106819,cadherin EGF LAG seven-pass G-type receptor 1-like isoform X2,XP_022297352.1,1,Yes,1,fam90_vs_fam89,No,0,,No,0,,No,0,,No,0,
LOC111106823,sulfotransferase 1A3-like,XP_022297360.1,1,No,0,,No,0,,Yes,1,Cv_Pmarinus_infection,No,0,,No,0,
LOC111106824,uncharacterized protein LOC111106824,XP_022297358.1,1,Yes,1,fam90_vs_fam84,No,0,,No,0,,No,0,,No,0,
LOC111106825,uncharacterized protein LOC111106825,XP_022297359.1,1,Yes,1,fam90_vs_fam120,No,0,,No,0,,No,0,,No,0,
LOC111106832,complement factor B-like,XP_022297372.1,1,No,0,,No,0,,Yes,1,Cv_Pmarinus_infection,No,0,,No,0,
LOC111106835,complement C1q tumor necrosis factor-related protein 4-like,XP_022297385.1,1,Yes,2,fam90_vs_fam120; fam90_vs_fam89,No,0,,No,0,,No,0,,No,0,
LOC111106836,retinoid-inducible serine carboxypeptidase-like,XP_022297386.1,1,Yes,1,fam90_vs_fam84,No,0,,No,0,,No,0,,No,0,
LOC111106854,uncharacterized protein LOC111106854,XP_022297410.1,1,No,0,,No,0,,Yes,1,Cv_Pmarinus_infection,No,0,,No,0,
LOC111106857,CD109 antigen-like,XP_022297412.1,1,No,0,,No,0,,Yes,1,Cv_Pmarinus_infection,No,0,,No,0,
LOC111106858,uncharacterized protein LOC111106858,XP_022297413.1,1,Yes,1,fam90_vs_fam84,No,0,,No,0,,No,0,,No,0,
LOC111106860,piggyBac transposable element-derived protein 4-like,XP_022297422.1,1,Yes,1,fam90_vs_fam89,No,0,,No,0,,No,0,,No,0,
LOC111106862,inosine-5'-monophosphate dehydrogenase 1-like isoform X1,XP_022297425.1,1,No,0,,No,0,,No,0,,Yes,1,28d_fed_vs_inj,No,0,
LOC111106866,PI-PLC X domain-containing protein 3-like,XP_022297433.1,1,No,0,,No,0,,Yes,1,Cv_Pmarinus_infection,No,0,,No,0,
LOC111106871,uncharacterized protein LOC111106871 isoform X1,XP_022297442.1,1,Yes,2,fam90_vs_fam120; fam90_vs_fam84,No,0,,No,0,,No,0,,No,0,
LOC111106882,uncharacterized protein LOC111106882,XP_022297459.1,1,Yes,1,fam90_vs_fam89,No,0,,No,0,,No,0,,No,0,
LOC111106884,uncharacterized protein LOC111106884,XP_022297461.1,1,Yes,1,fam90_vs_fam89,No,0,,No,0,,No,0,,No,0,
LOC111106885,uncharacterized protein LOC111106885 isoform X4,XP_022297463.1,1,Yes,1,fam90_vs_fam84,No,0,,No,0,,No,0,,No,0,
LOC111106886,uncharacterized protein LOC111106886,XP_022297471.1,1,Yes,1,fam90_vs_fam89,No,0,,No,0,,No,0,,No,0,
LOC111106899,uncharacterized protein LOC111106899,XP_022297488.1,1,Yes,2,fam90_vs_fam84; fam90_vs_fam89,No,0,,No,0,,No,0,,No,0,
LOC111106905,probable methyltransferase BMT2 homolog isoform X1,XP_022297493.1,1,Yes,1,fam90_vs_fam120,No,0,,No,0,,No,0,,No,0,
LOC111106911,caveolin-1-like,XP_022297500.1,1,No,0,,No,0,,No,0,,Yes,1,28d_fed_vs_inj,No,0,
LOC111106912,caveolin-1-like,XP_022297501.1,1,No,0,,No,0,,Yes,1,Cv_Pmarinus_infection,No,0,,No,0,
LOC111106919,tripartite motif-containing protein 2-like,XP_022297508.1,1,Yes,1,fam90_vs_fam89,No,0,,No,0,,No,0,,No,0,
LOC111106933,,,1,No,0,,No,0,,Yes,1,Cv_Pmarinus_infection,No,0,,No,0,
LOC111106939,leucine-rich repeat-containing protein 15-like,XP_022297527.1,1,No,0,,No,0,,Yes,1,Cv_Pmarinus_infection,No,0,,No,0,
LOC111106940,toll-like receptor 13,XP_022297528.1,1,No,0,,No,0,,No,0,,Yes,1,28d_fed_vs_inj,No,0,
LOC111106941,achacin-like,XP_022297530.1,1,No,0,,No,0,,No,0,,Yes,1,7d_fed_vs_inj,No,0,
LOC111106942,aplysianin-A-like,XP_022297531.1,1,Yes,2,fam90_vs_fam84; fam90_vs_fam89,No,0,,No,0,,No,0,,No,0,
LOC111106947,uncharacterized protein LOC111106947,XP_022297541.1,1,Yes,3,fam90_vs_fam120; fam90_vs_fam84; fam90_vs_fam89,No,0,,No,0,,No,0,,No,0,
LOC111106971,uncharacterized protein LOC111106971,XP_022297581.1,1,Yes,1,fam90_vs_fam84,No,0,,No,0,,No,0,,No,0,
LOC111106976,uncharacterized protein LOC111106976 isoform X2,XP_022297587.1,1,Yes,3,fam90_vs_fam120; fam90_vs_fam84; fam90_vs_fam89,No,0,,No,0,,No,0,,No,0,
LOC111106978,E3 ubiquitin-protein ligase TRIM39-like,XP_022297590.1,1,No,0,,No,0,,Yes,1,Cv_Pmarinus_infection,No,0,,No,0,
LOC111106989,GTPase IMAP family member 7-like isoform X3,XP_022297618.1,1,Yes,2,fam90_vs_fam120; fam90_vs_fam89,No,0,,No,0,,No,0,,No,0,
LOC111106992,"alpha-aminoadipic semialdehyde synthase, mitochondrial-like isoform X2",XP_022297623.1,1,No,0,,No,0,,No,0,,Yes,1,6h_fed_vs_ctrl,No,0,
LOC111106998,uncharacterized protein LOC111106998,XP_022297631.1,1,Yes,2,fam90_vs_fam84; fam90_vs_fam89,No,0,,No,0,,No,0,,No,0,
LOC111107014,serine/threonine-protein phosphatase 6 regulatory ankyrin repeat subunit A-like isoform X1,XP_022297647.1,1,Yes,3,fam90_vs_fam120; fam90_vs_fam84; fam90_vs_fam89,No,0,,No,0,,No,0,,No,0,
LOC111107019,uncharacterized protein LOC111107019 isoform X1,XP_022297657.1,1,No,0,,No,0,,No,0,,Yes,1,6h_fed_vs_ctrl,No,0,
LOC111107029,putative adenosylhomocysteinase 3 isoform X7,XP_022297674.1,1,No,0,,No,0,,No,0,,Yes,1,36h_fed_vs_inj,No,0,
LOC111107036,multiple epidermal growth factor-like domains protein 10,XP_022297689.1,1,No,0,,No,0,,Yes,1,Cv_Pmarinus_infection,No,0,,No,0,
LOC111107052,uncharacterized protein LOC111107052,XP_022297710.1,1,Yes,1,fam90_vs_fam89,No,0,,No,0,,No,0,,No,0,
LOC111107057,uncharacterized protein LOC111107057 isoform X1,XP_022297715.1,1,Yes,1,fam90_vs_fam84,No,0,,No,0,,No,0,,No,0,
LOC111107058,zinc finger CCCH domain-containing protein 13-like isoform X1,XP_022297717.1,1,Yes,1,fam90_vs_fam89,No,0,,No,0,,No,0,,No,0,
LOC111107060,uncharacterized protein LOC111107060,XP_022297723.1,1,Yes,3,fam90_vs_fam120; fam90_vs_fam84; fam90_vs_fam89,No,0,,No,0,,No,0,,No,0,
LOC111107061,uncharacterized protein LOC111107061 isoform X3,XP_022297724.1,1,Yes,1,fam90_vs_fam89,No,0,,No,0,,No,0,,No,0,
LOC111107064,tyrosine-protein phosphatase non-receptor type 13-like isoform X1,XP_022297734.1,1,Yes,1,fam90_vs_fam84,No,0,,No,0,,No,0,,No,0,
LOC111107067,Fanconi anemia group D2 protein-like,XP_022297746.1,1,Yes,2,fam90_vs_fam120; fam90_vs_fam84,No,0,,No,0,,No,0,,No,0,
LOC111107087,uncharacterized protein LOC111107087,XP_022297764.1,1,Yes,1,fam90_vs_fam89,No,0,,No,0,,No,0,,No,0,
LOC111107111,F-box/LRR-repeat protein 5-like,XP_022297814.1,1,No,0,,No,0,,No,0,,Yes,1,28d_fed_vs_inj,No,0,
LOC111107115,reticulocyte-binding protein 2 homolog a-like,XP_022297818.1,1,Yes,1,fam90_vs_fam120,No,0,,No,0,,No,0,,No,0,
LOC111107118,neurocalcin homolog,XP_022297822.1,1,No,0,,No,0,,No,0,,Yes,1,28d_fed_vs_inj,No,0,
LOC111107130,universal stress protein A-like protein isoform X3,XP_022297833.1,1,Yes,1,fam90_vs_fam84,No,0,,No,0,,No,0,,No,0,
LOC111107138,uncharacterized protein LOC111107138 isoform X10,XP_022297843.1,1,No,0,,No,0,,No,0,,Yes,1,28d_fed_vs_inj,No,0,
LOC111107144,uncharacterized protein LOC111107144 isoform X4,XP_022297865.1,1,No,0,,No,0,,Yes,1,Cv_Pmarinus_infection,No,0,,No,0,
LOC111107146,uncharacterized protein K02A2.6-like,XP_022297879.1,1,Yes,1,fam90_vs_fam89,No,0,,No,0,,No,0,,No,0,
LOC111107152,von Willebrand factor D and EGF domain-containing protein-like,XP_022297883.1,1,Yes,2,fam90_vs_fam84; fam90_vs_fam89,No,0,,No,0,,No,0,,No,0,
LOC111107154,dystroglycan-like,XP_022297884.1,1,Yes,2,fam90_vs_fam120; fam90_vs_fam84,No,0,,No,0,,No,0,,No,0,
LOC111107159,uncharacterized protein LOC111107159,XP_022297904.1,1,No,0,,No,0,,No,0,,Yes,1,6h_fed_vs_ctrl,No,0,
LOC111107160,uncharacterized protein LOC111107160,XP_022297907.1,1,Yes,2,fam90_vs_fam84; fam90_vs_fam89,No,0,,No,0,,No,0,,No,0,
LOC111107163,mitogen-activated protein kinase 14A-like isoform X2,XP_022297910.1,1,No,0,,No,0,,Yes,1,Cv_Pmarinus_infection,No,0,,No,0,
LOC111107170,uncharacterized protein LOC111107170 isoform X2,XP_022297917.1,1,Yes,2,fam90_vs_fam84; fam90_vs_fam89,No,0,,No,0,,No,0,,No,0,
LOC111107177,uncharacterized protein LOC111107177 isoform X1,XP_022297925.1,1,No,0,,No,0,,Yes,1,Cv_Pmarinus_infection,No,0,,No,0,
LOC111107184,uncharacterized protein LOC111107184 isoform X1,XP_022297937.1,1,No,0,,No,0,,Yes,1,Cv_Pmarinus_infection,No,0,,No,0,
LOC111107186,uncharacterized protein LOC111107186 isoform X1,XP_022297947.1,1,Yes,1,fam90_vs_fam89,No,0,,No,0,,No,0,,No,0,
LOC111107208,IQ and AAA domain-containing protein 1-like isoform X2,XP_022297998.1,1,Yes,3,fam90_vs_fam120; fam90_vs_fam84; fam90_vs_fam89,No,0,,No,0,,No,0,,No,0,
LOC111107209,uncharacterized protein LOC111107209,XP_022298000.1,1,Yes,2,fam90_vs_fam120; fam90_vs_fam89,No,0,,No,0,,No,0,,No,0,
LOC111107212,B-cell receptor-associated protein 31-like,XP_022298003.1,1,Yes,1,fam90_vs_fam120,No,0,,No,0,,No,0,,No,0,
LOC111107217,LOW QUALITY PROTEIN: uncharacterized protein LOC111107217,XP_022298008.1,1,Yes,2,fam90_vs_fam120; fam90_vs_fam89,No,0,,No,0,,No,0,,No,0,
LOC111107221,uncharacterized protein LOC111107221,XP_022298018.1,1,Yes,2,fam90_vs_fam84; fam90_vs_fam89,No,0,,No,0,,No,0,,No,0,
LOC111107233,perlucin-like protein isoform X1,XP_022298031.1,1,No,0,,No,0,,Yes,1,Cv_Pmarinus_infection,No,0,,No,0,
LOC111107234,perlucin-like protein,XP_022298033.1,1,No,0,,No,0,,Yes,1,Cv_Pmarinus_infection,No,0,,No,0,
LOC111107254,neurogenic locus notch homolog protein 1-like,XP_022298070.1,1,Yes,1,fam90_vs_fam120,No,0,,No,0,,No,0,,No,0,
LOC111107257,uncharacterized protein LOC111107257 isoform X1,XP_022298073.1,1,Yes,1,fam90_vs_fam89,No,0,,No,0,,No,0,,No,0,
LOC111107259,E3 ubiquitin-protein ligase TRIM71-like,XP_022298077.1,1,Yes,1,fam90_vs_fam120,No,0,,No,0,,No,0,,No,0,
LOC111107261,heat shock 70 kDa protein 12B-like,XP_022298080.1,1,Yes,2,fam90_vs_fam120; fam90_vs_fam84,No,0,,No,0,,No,0,,No,0,
LOC111107264,uncharacterized protein LOC111107264,XP_022298083.1,1,Yes,1,fam90_vs_fam120,No,0,,No,0,,No,0,,No,0,
LOC111107278,uncharacterized protein LOC111107278 isoform X1,XP_022298101.1,1,No,0,,No,0,,No,0,,Yes,1,36h_fed_vs_inj,No,0,
LOC111107279,uncharacterized protein LOC111107279,XP_022298112.1,1,Yes,1,fam90_vs_fam89,No,0,,No,0,,No,0,,No,0,
LOC111107281,uncharacterized protein LOC111107281 isoform X1,XP_022298115.1,1,Yes,1,fam90_vs_fam120,No,0,,No,0,,No,0,,No,0,
LOC111107287,uncharacterized protein LOC111107287 isoform X1,XP_022298127.1,1,Yes,3,fam90_vs_fam120; fam90_vs_fam84; fam90_vs_fam89,No,0,,No,0,,No,0,,No,0,
LOC111107289,uncharacterized protein LOC111107289 isoform X2,XP_022298132.1,1,Yes,1,fam90_vs_fam89,No,0,,No,0,,No,0,,No,0,
LOC111107293,uncharacterized protein LOC111107293,XP_022298141.1,1,Yes,1,fam90_vs_fam120,No,0,,No,0,,No,0,,No,0,
LOC111107309,uncharacterized protein LOC111107309,XP_022298156.1,1,Yes,1,fam90_vs_fam84,No,0,,No,0,,No,0,,No,0,
LOC111107310,ankyrin repeat and protein kinase domain-containing protein 1-like,XP_022298157.1,1,Yes,3,fam90_vs_fam120; fam90_vs_fam84; fam90_vs_fam89,No,0,,No,0,,No,0,,No,0,
LOC111107312,zinc finger BED domain-containing protein 1-like,XP_022298161.1,1,Yes,2,fam90_vs_fam84; fam90_vs_fam89,No,0,,No,0,,No,0,,No,0,
LOC111107318,peregrin-like isoform X1,XP_022298165.1,1,No,0,,No,0,,No,0,,Yes,1,28d_fed_vs_inj,No,0,
LOC111107328,tubulin glycylase 3D-like isoform X1,XP_022298184.1,1,Yes,1,fam90_vs_fam84,No,0,,No,0,,No,0,,No,0,
LOC111107340,inhibitor of nuclear factor kappa-B kinase subunit epsilon-like,XP_022298210.1,1,No,0,,No,0,,Yes,1,Cv_Pmarinus_infection,No,0,,No,0,
LOC111107341,inhibitor of nuclear factor kappa-B kinase subunit epsilon-like,XP_022298211.1,1,No,0,,No,0,,Yes,1,Cv_Pmarinus_infection,No,0,,No,0,
LOC111107348,uncharacterized protein LOC111107348,XP_022298226.1,1,Yes,1,fam90_vs_fam89,No,0,,No,0,,No,0,,No,0,
LOC111107359,MAM and LDL-receptor class A domain-containing protein 1-like,XP_022298242.1,1,Yes,3,fam90_vs_fam120; fam90_vs_fam84; fam90_vs_fam89,No,0,,No,0,,No,0,,No,0,
LOC111107360,MAM and LDL-receptor class A domain-containing protein 1-like isoform X1,XP_022298243.1,1,Yes,3,fam90_vs_fam120; fam90_vs_fam84; fam90_vs_fam89,No,0,,No,0,,No,0,,No,0,
LOC111107368,MAM domain-containing glycosylphosphatidylinositol anchor protein 1-like,XP_022298263.1,1,Yes,3,fam90_vs_fam120; fam90_vs_fam84; fam90_vs_fam89,No,0,,No,0,,No,0,,No,0,
LOC111107375,,,1,No,0,,No,0,,Yes,1,Cv_Pmarinus_infection,No,0,,No,0,
LOC111107383,,,1,No,0,,No,0,,Yes,1,Cv_Pmarinus_infection,No,0,,No,0,
LOC111107393,xanthine dehydrogenase/oxidase-like isoform X1,XP_022298282.1,1,Yes,2,fam90_vs_fam120; fam90_vs_fam84,No,0,,No,0,,No,0,,No,0,
LOC111107403,G-protein coupled receptor moody-like,XP_022298297.1,1,No,0,,No,0,,No,0,,Yes,1,36h_fed_vs_inj,No,0,
LOC111107406,uncharacterized protein LOC111107406,XP_022298303.1,1,Yes,1,fam90_vs_fam89,No,0,,No,0,,No,0,,No,0,
LOC111107411,uncharacterized protein LOC111107411 isoform X1,XP_022298313.1,1,Yes,1,fam90_vs_fam89,No,0,,No,0,,No,0,,No,0,
LOC111107413,N-acylglucosamine 2-epimerase-like,XP_022298315.1,1,Yes,1,fam90_vs_fam89,No,0,,No,0,,No,0,,No,0,
LOC111107437,serine/threonine-protein kinase TBK1-like,XP_022298345.1,1,No,0,,No,0,,Yes,1,Cv_Pmarinus_infection,No,0,,No,0,
LOC111107443,sarcolemmal membrane-associated protein-like isoform X1,XP_022298350.1,1,Yes,1,fam90_vs_fam89,No,0,,No,0,,No,0,,No,0,
LOC111107444,LOW QUALITY PROTEIN: atrial natriuretic peptide receptor 1-like,XP_022298365.1,1,Yes,1,fam90_vs_fam89,No,0,,No,0,,No,0,,No,0,
LOC111107448,ankyrin repeat domain-containing protein 50-like,XP_022298366.1,1,Yes,2,fam90_vs_fam120; fam90_vs_fam89,No,0,,No,0,,No,0,,No,0,
LOC111107449,uncharacterized protein LOC111107449,XP_022298367.1,1,Yes,1,fam90_vs_fam120,No,0,,No,0,,No,0,,No,0,
LOC111107462,protein kinase C delta type-like isoform X2,XP_022298381.1,1,No,0,,No,0,,No,0,,Yes,1,7d_fed_vs_inj,No,0,
LOC111107470,uncharacterized protein LOC111107470,XP_022298395.1,1,Yes,1,fam90_vs_fam89,No,0,,No,0,,No,0,,No,0,
LOC111107477,monoglyceride lipase-like,XP_022298401.1,1,No,0,,No,0,,Yes,1,Cv_Pmarinus_infection,No,0,,No,0,
LOC111107489,uncharacterized protein LOC111107489,XP_022298417.1,1,No,0,,No,0,,No,0,,Yes,1,6h_fed_vs_ctrl,No,0,
LOC111107492,"phytanoyl-CoA dioxygenase, peroxisomal-like",XP_022298422.1,1,Yes,2,fam90_vs_fam120; fam90_vs_fam84,No,0,,No,0,,No,0,,No,0,
LOC111107494,uncharacterized protein LOC111107494,XP_022298426.1,1,Yes,1,fam90_vs_fam120,No,0,,No,0,,No,0,,No,0,
LOC111107495,elastin-like,XP_022298427.1,1,Yes,1,fam90_vs_fam89,No,0,,No,0,,No,0,,No,0,
LOC111107500,elastin-like,XP_022298433.1,1,Yes,1,fam90_vs_fam89,No,0,,No,0,,No,0,,No,0,
LOC111107508,short-chain collagen C4-like isoform X2,XP_022298441.1,1,Yes,1,fam90_vs_fam89,No,0,,No,0,,No,0,,No,0,
LOC111107512,LOW QUALITY PROTEIN: protein DD3-3-like,XP_022298447.1,1,No,0,,No,0,,No,0,,Yes,1,28d_fed_vs_inj,No,0,
LOC111107515,LOW QUALITY PROTEIN: monoglyceride lipase-like,XP_022298449.1,1,No,0,,No,0,,Yes,1,Cv_Pmarinus_infection,No,0,,No,0,
LOC111107518,calcium-dependent secretion activator 1-like isoform X9,XP_022298453.1,1,No,0,,No,0,,No,0,,Yes,1,6h_fed_vs_ctrl,No,0,
LOC111107530,uncharacterized protein LOC111107530,XP_022298487.1,1,Yes,2,fam90_vs_fam84; fam90_vs_fam89,No,0,,No,0,,No,0,,No,0,
LOC111107542,structural maintenance of chromosomes protein 1A-like,XP_022298496.1,1,Yes,2,fam90_vs_fam120; fam90_vs_fam84,No,0,,No,0,,No,0,,No,0,
LOC111107543,RIB43A-like with coiled-coils protein 2,XP_022298497.1,1,No,0,,No,0,,No,0,,Yes,1,28d_fed_vs_inj,No,0,
LOC111107547,uncharacterized protein LOC111107547,XP_022298508.1,1,Yes,1,fam90_vs_fam89,No,0,,No,0,,No,0,,No,0,
LOC111107550,uncharacterized protein LOC111107550,XP_022298517.1,1,Yes,1,fam90_vs_fam84,No,0,,No,0,,No,0,,No,0,
LOC111107555,RNA-dependent RNA polymerase 1-like isoform X2,XP_022298520.1,1,No,0,,No,0,,Yes,1,Cv_Pmarinus_infection,No,0,,No,0,
LOC111107573,uncharacterized protein LOC111107573 isoform X1,XP_022298543.1,1,No,0,,No,0,,No,0,,Yes,1,6h_fed_vs_ctrl,No,0,
LOC111107587,uncharacterized protein LOC111107587,XP_022298564.1,1,Yes,1,fam90_vs_fam120,No,0,,No,0,,No,0,,No,0,
LOC111107596,short-chain collagen C4-like isoform X2,XP_022298578.1,1,No,0,,No,0,,No,0,,Yes,1,6h_fed_vs_ctrl,No,0,
LOC111107597,short-chain collagen C4-like,XP_022298580.1,1,Yes,2,fam90_vs_fam120; fam90_vs_fam89,No,0,,No,0,,No,0,,No,0,
LOC111107603,uncharacterized protein LOC111107603,XP_022298588.1,1,Yes,1,fam90_vs_fam84,No,0,,No,0,,No,0,,No,0,
LOC111107607,nucleoporin-like protein 2,XP_022298978.1,1,Yes,2,fam90_vs_fam120; fam90_vs_fam84,No,0,,No,0,,No,0,,No,0,
LOC111107625,uncharacterized protein LOC111107625,XP_022298611.1,1,Yes,1,fam90_vs_fam84,No,0,,No,0,,No,0,,No,0,
LOC111107643,uncharacterized protein LOC111107643,XP_022298635.1,1,Yes,2,fam90_vs_fam84; fam90_vs_fam89,No,0,,No,0,,No,0,,No,0,
LOC111107644,uncharacterized protein LOC111107644,XP_022298636.1,1,Yes,1,fam90_vs_fam84,No,0,,No,0,,No,0,,No,0,
LOC111107654,uncharacterized protein LOC111107654,XP_022298646.1,1,Yes,3,fam90_vs_fam120; fam90_vs_fam84; fam90_vs_fam89,No,0,,No,0,,No,0,,No,0,
LOC111107655,uncharacterized protein LOC111107655,XP_022298647.1,1,Yes,3,fam90_vs_fam120; fam90_vs_fam84; fam90_vs_fam89,No,0,,No,0,,No,0,,No,0,
LOC111107660,uncharacterized protein LOC111107660,XP_022298651.1,1,Yes,1,fam90_vs_fam89,No,0,,No,0,,No,0,,No,0,
LOC111107664,caspase-7-like,XP_022298662.1,1,No,0,,No,0,,Yes,1,Cv_Pmarinus_infection,No,0,,No,0,
LOC111107666,uncharacterized protein LOC111107666 isoform X1,XP_022298663.1,1,Yes,1,fam90_vs_fam84,No,0,,No,0,,No,0,,No,0,
LOC111107669,uncharacterized protein LOC111107669 isoform X1,XP_022298675.1,1,Yes,1,fam90_vs_fam84,No,0,,No,0,,No,0,,No,0,
LOC111107689,uncharacterized protein LOC111107689,XP_022298720.1,1,Yes,1,fam90_vs_fam89,No,0,,No,0,,No,0,,No,0,
LOC111107693,uncharacterized protein LOC111107693,XP_022298725.1,1,Yes,2,fam90_vs_fam84; fam90_vs_fam89,No,0,,No,0,,No,0,,No,0,
LOC111107695,uncharacterized protein LOC111107695 isoform X1,XP_022298727.1,1,Yes,1,fam90_vs_fam89,No,0,,No,0,,No,0,,No,0,
LOC111107727,"6-phosphofructo-2-kinase/fructose-2,6-bisphosphatase-like isoform X3",XP_022298761.1,1,No,0,,No,0,,No,0,,Yes,1,28d_fed_vs_inj,No,0,
LOC111107734,uncharacterized protein LOC111107734,XP_022298784.1,1,No,0,,No,0,,Yes,1,Cv_Pmarinus_infection,No,0,,No,0,
LOC111107747,uncharacterized protein LOC111107747,XP_022298798.1,1,Yes,1,fam90_vs_fam89,No,0,,No,0,,No,0,,No,0,
LOC111107750,cystatin-A1-like,XP_022298802.1,1,No,0,,No,0,,No,0,,Yes,1,28d_fed_vs_inj,No,0,
LOC111107752,C1q-related factor-like,XP_022298806.1,1,Yes,3,fam90_vs_fam120; fam90_vs_fam84; fam90_vs_fam89,No,0,,No,0,,No,0,,No,0,
LOC111107757,neuroglian-like isoform X2,XP_022298807.1,1,No,0,,No,0,,No,0,,Yes,1,28d_fed_vs_inj,No,0,
LOC111107758,uncharacterized protein LOC111107758,XP_022298810.1,1,Yes,2,fam90_vs_fam84; fam90_vs_fam89,No,0,,No,0,,No,0,,No,0,
LOC111107759,protein enabled homolog,XP_022298811.1,1,Yes,2,fam90_vs_fam120; fam90_vs_fam89,No,0,,No,0,,No,0,,No,0,
LOC111107766,uncharacterized protein LOC111107766,XP_022298821.1,1,Yes,2,fam90_vs_fam84; fam90_vs_fam89,No,0,,No,0,,No,0,,No,0,
LOC111107777,uncharacterized protein LOC111107777,XP_022298833.1,1,Yes,1,fam90_vs_fam89,No,0,,No,0,,No,0,,No,0,
LOC111107780,uncharacterized protein LOC111107780,XP_022298839.1,1,Yes,1,fam90_vs_fam84,No,0,,No,0,,No,0,,No,0,
LOC111107785,uncharacterized protein LOC111107785,XP_022298842.1,1,No,0,,No,0,,Yes,1,Cv_Pmarinus_infection,No,0,,No,0,
LOC111107786,uncharacterized protein LOC111107786 isoform X1,XP_022298843.1,1,Yes,1,fam90_vs_fam120,No,0,,No,0,,No,0,,No,0,
LOC111107792,vacuolar protein-sorting protein BRO1-like isoform X2,XP_022298854.1,1,Yes,1,fam90_vs_fam84,No,0,,No,0,,No,0,,No,0,
LOC111107800,von Willebrand factor D and EGF domain-containing protein-like isoform X1,XP_022298865.1,1,No,0,,No,0,,No,0,,Yes,1,36h_fed_vs_inj,No,0,
LOC111107828,uncharacterized protein LOC111107828,XP_022298916.1,1,Yes,1,fam90_vs_fam120,No,0,,No,0,,No,0,,No,0,
LOC111107831,uncharacterized protein LOC111107831,XP_022298918.1,1,Yes,2,fam90_vs_fam120; fam90_vs_fam84,No,0,,No,0,,No,0,,No,0,
LOC111107835,uncharacterized protein LOC111107835,XP_022298928.1,1,Yes,2,fam90_vs_fam120; fam90_vs_fam89,No,0,,No,0,,No,0,,No,0,
LOC111107840,toll-like receptor 13,XP_022298933.1,1,Yes,1,fam90_vs_fam120,No,0,,No,0,,No,0,,No,0,
LOC111107856,protein MON2 homolog isoform X2,XP_022298961.1,1,No,0,,No,0,,No,0,,Yes,1,6h_fed_vs_ctrl,No,0,
LOC111107873,metalloproteinase inhibitor 4-like,XP_022298981.1,1,Yes,1,fam90_vs_fam120,No,0,,No,0,,No,0,,No,0,
LOC111107874,uncharacterized protein LOC111107874,XP_022298983.1,1,Yes,2,fam90_vs_fam84; fam90_vs_fam89,No,0,,No,0,,No,0,,No,0,
LOC111107884,heat shock 70 kDa protein 12A-like isoform X2,XP_022298993.1,1,Yes,3,fam90_vs_fam120; fam90_vs_fam84; fam90_vs_fam89,No,0,,No,0,,No,0,,No,0,
LOC111107885,caspase-14-like,XP_022298995.1,1,No,0,,No,0,,Yes,1,Cv_Pmarinus_infection,No,0,,No,0,
LOC111107891,complement C1q tumor necrosis factor-related protein 3-like,XP_022299001.1,1,Yes,3,fam90_vs_fam120; fam90_vs_fam84; fam90_vs_fam89,No,0,,No,0,,No,0,,No,0,
LOC111107893,complement C1q tumor necrosis factor-related protein 3-like,XP_022299003.1,1,Yes,3,fam90_vs_fam120; fam90_vs_fam84; fam90_vs_fam89,No,0,,No,0,,No,0,,No,0,
LOC111107894,complement C1q tumor necrosis factor-related protein 3-like,XP_022299004.1,1,Yes,2,fam90_vs_fam84; fam90_vs_fam89,No,0,,No,0,,No,0,,No,0,
LOC111107897,complement C1q tumor necrosis factor-related protein 3-like isoform X1,XP_022299007.1,1,Yes,3,fam90_vs_fam120; fam90_vs_fam84; fam90_vs_fam89,No,0,,No,0,,No,0,,No,0,
LOC111107899,complement C1q tumor necrosis factor-related protein 3-like,XP_022299009.1,1,Yes,1,fam90_vs_fam84,No,0,,No,0,,No,0,,No,0,
LOC111107901,LOW QUALITY PROTEIN: heavy metal-binding protein HIP-like,XP_022299011.1,1,Yes,2,fam90_vs_fam120; fam90_vs_fam84,No,0,,No,0,,No,0,,No,0,
LOC111107903,heavy metal-binding protein HIP-like,XP_022299014.1,1,Yes,2,fam90_vs_fam120; fam90_vs_fam84,No,0,,No,0,,No,0,,No,0,
LOC111107905,complement C1q tumor necrosis factor-related protein 3-like,XP_022299016.1,1,Yes,1,fam90_vs_fam84,No,0,,No,0,,No,0,,No,0,
LOC111107907,sterile alpha motif domain-containing protein 9-like,XP_022299017.1,1,Yes,2,fam90_vs_fam120; fam90_vs_fam89,No,0,,No,0,,No,0,,No,0,
LOC111107913,filamin-C-like isoform X8,XP_022299030.1,1,No,0,,No,0,,No,0,,Yes,1,28d_fed_vs_inj,No,0,
LOC111107925,LOW QUALITY PROTEIN: heat shock 70 kDa protein 12A-like,XP_022299067.1,1,Yes,2,fam90_vs_fam120; fam90_vs_fam89,No,0,,No,0,,No,0,,No,0,
LOC111107936,uncharacterized protein LOC111107936 isoform X2,XP_022299129.1,1,No,0,,No,0,,No,0,,Yes,1,6h_fed_vs_ctrl,No,0,
LOC111107967,uncharacterized protein LOC111107967,XP_022299132.1,1,Yes,1,fam90_vs_fam120,No,0,,No,0,,No,0,,No,0,
LOC111107980,uncharacterized protein LOC111107980,XP_022299146.1,1,No,0,,No,0,,Yes,1,Cv_Pmarinus_infection,No,0,,No,0,
LOC111107992,uncharacterized protein LOC111107992 isoform X1,XP_022299164.1,1,No,0,,No,0,,No,0,,Yes,2,36h_fed_vs_inj; 6h_fed_vs_ctrl,No,0,
LOC111108001,ELKS/Rab6-interacting/CAST family member 1-like,XP_022299182.1,1,Yes,1,fam90_vs_fam84,No,0,,No,0,,No,0,,No,0,
LOC111108010,uncharacterized protein LOC111108010,XP_022299191.1,1,Yes,1,fam90_vs_fam84,No,0,,No,0,,No,0,,No,0,
LOC111108013,uncharacterized protein LOC111108013,XP_022299202.1,1,Yes,3,fam90_vs_fam120; fam90_vs_fam84; fam90_vs_fam89,No,0,,No,0,,No,0,,No,0,
LOC111108015,uncharacterized protein LOC111108015,XP_022299204.1,1,Yes,1,fam90_vs_fam89,No,0,,No,0,,No,0,,No,0,
LOC111108022,cAMP-dependent protein kinase type II regulatory subunit-like isoform X1,XP_022299212.1,1,No,0,,No,0,,No,0,,Yes,1,6h_fed_vs_ctrl,No,0,
LOC111108046,uncharacterized protein LOC111108046 isoform X2,XP_022299244.1,1,Yes,1,fam90_vs_fam120,No,0,,No,0,,No,0,,No,0,
LOC111108048,uncharacterized protein LOC111108048 isoform X1,XP_022299248.1,1,Yes,2,fam90_vs_fam84; fam90_vs_fam89,No,0,,No,0,,No,0,,No,0,
LOC111108073,uncharacterized protein LOC111108073,XP_022299304.1,1,Yes,2,fam90_vs_fam84; fam90_vs_fam89,No,0,,No,0,,No,0,,No,0,
LOC111108081,BTB/POZ domain-containing protein 6-like isoform X2,XP_022299308.1,1,Yes,1,fam90_vs_fam120,No,0,,No,0,,No,0,,No,0,
LOC111108089,F-box/LRR-repeat protein 13-like isoform X7,XP_022299342.1,1,No,0,,No,0,,No,0,,Yes,1,28d_fed_vs_inj,No,0,
LOC111108090,uncharacterized protein F54H12.2-like,XP_022299353.1,1,Yes,2,fam90_vs_fam120; fam90_vs_fam89,No,0,,No,0,,No,0,,No,0,
LOC111108092,uncharacterized protein LOC111108092 isoform X3,XP_022299359.1,1,No,0,,No,0,,Yes,1,Cv_Pmarinus_infection,No,0,,No,0,
LOC111108099,perlucin-like protein,XP_022299379.1,1,Yes,3,fam90_vs_fam120; fam90_vs_fam84; fam90_vs_fam89,No,0,,No,0,,No,0,,No,0,
LOC111108102,ryncolin-1-like,XP_022299378.1,1,Yes,1,fam90_vs_fam120,No,0,,No,0,,No,0,,No,0,
LOC111108103,ficolin-2-like,XP_022299380.1,1,Yes,1,fam90_vs_fam120,No,0,,No,0,,No,0,,No,0,
LOC111108106,regulator of nonsense transcripts 2-like isoform X1,XP_022299382.1,1,No,0,,No,0,,No,0,,Yes,1,36h_fed_vs_inj,No,0,
LOC111108115,uncharacterized protein LOC111108115,XP_022299394.1,1,Yes,3,fam90_vs_fam120; fam90_vs_fam84; fam90_vs_fam89,No,0,,No,0,,No,0,,No,0,
LOC111108120,uncharacterized protein LOC111108120 isoform X1,XP_022299400.1,1,Yes,1,fam90_vs_fam120,No,0,,No,0,,No,0,,No,0,
LOC111108126,uncharacterized protein LOC111108126 isoform X1,XP_022299436.1,1,Yes,1,fam90_vs_fam84,No,0,,No,0,,No,0,,No,0,
LOC111108132,macrophage-expressed gene 1 protein-like,XP_022299443.1,1,No,0,,No,0,,Yes,1,Cv_Pmarinus_infection,No,0,,No,0,
LOC111108137,aminoacylase-1-like isoform X1,XP_022299449.1,1,Yes,1,fam90_vs_fam84,No,0,,No,0,,No,0,,No,0,
LOC111108143,"FYVE, RhoGEF and PH domain-containing protein 6-like isoform X2",XP_022299459.1,1,Yes,1,fam90_vs_fam84,No,0,,No,0,,No,0,,No,0,
LOC111108151,LOW QUALITY PROTEIN: meiosis-specific protein MEI4-like,XP_022299480.1,1,Yes,1,fam90_vs_fam89,No,0,,No,0,,No,0,,No,0,
LOC111108167,DNA-binding protein P3A2-like isoform X3,XP_022299498.1,1,No,0,,No,0,,No,0,,Yes,1,36h_fed_vs_inj,No,0,
LOC111108173,uncharacterized protein LOC111108173,XP_022299517.1,1,Yes,1,fam90_vs_fam89,No,0,,No,0,,No,0,,No,0,
LOC111108179,voltage-dependent calcium channel subunit alpha-2/delta-2-like isoform X6,XP_022299525.1,1,No,0,,No,0,,No,0,,Yes,1,28d_fed_vs_inj,No,0,
LOC111108185,plexin-A2-like isoform X1,XP_022299539.1,1,Yes,2,fam90_vs_fam84; fam90_vs_fam89,No,0,,No,0,,No,0,,No,0,
LOC111108194,complement C1q-like protein 4 isoform X1,XP_022299569.1,1,Yes,3,fam90_vs_fam120; fam90_vs_fam84; fam90_vs_fam89,No,0,,No,0,,No,0,,No,0,
LOC111108202,E3 ubiquitin-protein ligase HUWE1-like isoform X1,XP_022299581.1,1,No,0,,No,0,,No,0,,Yes,2,28d_fed_vs_inj; 6h_fed_vs_ctrl,No,0,
LOC111108205,uncharacterized protein LOC111108205,XP_022299596.1,1,Yes,1,fam90_vs_fam120,No,0,,No,0,,No,0,,No,0,
LOC111108212,trichohyalin-like isoform X8,XP_022299602.1,1,Yes,1,fam90_vs_fam120,No,0,,No,0,,No,0,,No,0,
LOC111108218,uncharacterized protein LOC111108218,XP_022299657.1,1,No,0,,No,0,,No,0,,Yes,1,28d_fed_vs_inj,No,0,
LOC111108222,spermine synthase-like,XP_022299666.1,1,Yes,3,fam90_vs_fam120; fam90_vs_fam84; fam90_vs_fam89,No,0,,No,0,,No,0,,No,0,
LOC111108225,uncharacterized protein LOC111108225 isoform X3,XP_022299671.1,1,No,0,,No,0,,No,0,,Yes,1,7d_fed_vs_inj,No,0,
LOC111108226,MAP kinase-activated protein kinase 2-like isoform X1,XP_022299676.1,1,No,0,,No,0,,No,0,,Yes,1,6h_fed_vs_ctrl,No,0,
LOC111108236,uncharacterized protein LOC111108236,XP_022299693.1,1,Yes,2,fam90_vs_fam84; fam90_vs_fam89,No,0,,No,0,,No,0,,No,0,
LOC111108240,uncharacterized protein LOC111108240,XP_022299697.1,1,Yes,1,fam90_vs_fam89,No,0,,No,0,,No,0,,No,0,
LOC111108243,nischarin-like isoform X3,XP_022299700.1,1,Yes,2,fam90_vs_fam84; fam90_vs_fam89,No,0,,No,0,,No,0,,No,0,
LOC111108249,"beta-1,3-galactosyl-O-glycosyl-glycoprotein beta-1,6-N-acetylglucosaminyltransferase 4-like isoform X1",XP_022299752.1,1,Yes,1,fam90_vs_fam120,No,0,,No,0,,No,0,,No,0,
LOC111108262,ubiquitin carboxyl-terminal hydrolase 48-like,XP_022299733.1,1,No,0,,No,0,,No,0,,Yes,1,28d_fed_vs_inj,No,0,
LOC111108276,betaine--homocysteine S-methyltransferase 1-like,XP_022299761.1,1,Yes,2,fam90_vs_fam84; fam90_vs_fam89,No,0,,No,0,,No,0,,No,0,
LOC111108279,betaine--homocysteine S-methyltransferase 1-like,XP_022299763.1,1,Yes,3,fam90_vs_fam120; fam90_vs_fam84; fam90_vs_fam89,No,0,,No,0,,No,0,,No,0,
LOC111108305,"thioredoxin reductase 1, cytoplasmic-like isoform X1",XP_022299797.1,1,Yes,1,fam90_vs_fam120,No,0,,No,0,,No,0,,No,0,
LOC111108306,uncharacterized protein LOC111108306,XP_022299802.1,1,No,0,,No,0,,Yes,1,Cv_Pmarinus_infection,No,0,,No,0,
LOC111108308,kelch-like protein 10,XP_022299807.1,1,Yes,1,fam90_vs_fam89,No,0,,No,0,,No,0,,No,0,
LOC111108333,heat shock 70 kDa protein 12A-like,XP_022299844.1,1,Yes,3,fam90_vs_fam120; fam90_vs_fam84; fam90_vs_fam89,No,0,,No,0,,No,0,,No,0,
LOC111108335,heat shock 70 kDa protein 12A-like,XP_022299846.1,1,Yes,3,fam90_vs_fam120; fam90_vs_fam84; fam90_vs_fam89,No,0,,No,0,,No,0,,No,0,
LOC111108337,heat shock 70 kDa protein 12A-like,XP_022299847.1,1,Yes,1,fam90_vs_fam89,No,0,,No,0,,No,0,,No,0,
LOC111108338,heat shock 70 kDa protein 12A-like,XP_022299848.1,1,No,0,,No,0,,Yes,1,Cv_Pmarinus_infection,No,0,,No,0,
LOC111108369,eukaryotic translation initiation factor 4E type 3-like,XP_022299903.1,1,Yes,1,fam90_vs_fam120,No,0,,No,0,,No,0,,No,0,
LOC111108379,striatin-interacting protein 1 homolog isoform X1,XP_022299923.1,1,No,0,,No,0,,No,0,,Yes,2,28d_fed_vs_inj; 7d_fed_vs_inj,No,0,
LOC111108382,caspase-7-like,XP_022299934.1,1,No,0,,No,0,,Yes,1,Cv_Pmarinus_infection,No,0,,No,0,
LOC111108388,uncharacterized protein LOC111108388 isoform X1,XP_022299945.1,1,Yes,1,fam90_vs_fam120,No,0,,No,0,,No,0,,No,0,
LOC111108389,uncharacterized protein K02A2.6-like,XP_022299950.1,1,Yes,1,fam90_vs_fam89,No,0,,No,0,,No,0,,No,0,
LOC111108404,heat shock 70 kDa protein 12A-like,XP_022299974.1,1,No,0,,No,0,,No,0,,Yes,1,7d_fed_vs_inj,No,0,
LOC111108407,uncharacterized protein LOC111108407,XP_022299976.1,1,No,0,,No,0,,No,0,,Yes,1,28d_fed_vs_inj,No,0,
LOC111108408,uncharacterized protein LOC111108408,XP_022299978.1,1,Yes,1,fam90_vs_fam120,No,0,,No,0,,No,0,,No,0,
LOC111108411,uncharacterized protein LOC111108411,XP_022299987.1,1,Yes,3,fam90_vs_fam120; fam90_vs_fam84; fam90_vs_fam89,No,0,,No,0,,No,0,,No,0,
LOC111108418,VWFA and cache domain-containing protein 1-like,XP_022300000.1,1,Yes,1,fam90_vs_fam120,No,0,,No,0,,No,0,,No,0,
LOC111108427,VWFA and cache domain-containing protein 1-like,XP_022300014.1,1,Yes,3,fam90_vs_fam120; fam90_vs_fam84; fam90_vs_fam89,No,0,,No,0,,No,0,,No,0,
LOC111108439,plexin-B-like isoform X2,XP_022300034.1,1,Yes,2,fam90_vs_fam84; fam90_vs_fam89,No,0,,No,0,,No,0,,No,0,
LOC111108443,fibrillin-1-like isoform X3,XP_022300047.1,1,Yes,3,fam90_vs_fam120; fam90_vs_fam84; fam90_vs_fam89,No,0,,No,0,,No,0,,No,0,
LOC111108446,uncharacterized protein LOC111108446,XP_022300053.1,1,Yes,1,fam90_vs_fam89,No,0,,No,0,,No,0,,No,0,
LOC111108451,integrator complex subunit 13-like isoform X1,XP_022300057.1,1,Yes,1,fam90_vs_fam120,No,0,,No,0,,No,0,,No,0,
LOC111108465,ankyrin-1-like,XP_022300081.1,1,Yes,1,fam90_vs_fam84,No,0,,No,0,,No,0,,No,0,
LOC111108472,uncharacterized protein LOC111108472,XP_022300093.1,1,No,0,,No,0,,Yes,1,Cv_Pmarinus_infection,No,0,,No,0,
LOC111108476,xanthine dehydrogenase/oxidase-like isoform X1,XP_022300097.1,1,Yes,1,fam90_vs_fam89,No,0,,No,0,,No,0,,No,0,
LOC111108486,uncharacterized protein LOC111108486,XP_022300119.1,1,Yes,1,fam90_vs_fam89,No,0,,No,0,,No,0,,No,0,
LOC111108494,heat shock 70 kDa protein 12A-like,XP_022300132.1,1,Yes,1,fam90_vs_fam120,No,0,,No,0,,No,0,,No,0,
LOC111108495,heat shock 70 kDa protein 12A-like,XP_022300133.1,1,Yes,1,fam90_vs_fam120,No,0,,No,0,,No,0,,No,0,
LOC111108500,uncharacterized protein LOC111108500,XP_022300142.1,1,No,0,,No,0,,Yes,1,Cv_Pmarinus_infection,No,0,,No,0,
LOC111108522,non-structural maintenance of chromosomes element 3 homolog,XP_022300182.1,1,No,0,,No,0,,No,0,,Yes,1,28d_fed_vs_inj,No,0,
LOC111108540,uncharacterized protein LOC111108540 isoform X5,XP_022300219.1,1,Yes,1,fam90_vs_fam89,No,0,,No,0,,No,0,,No,0,
LOC111108543,uncharacterized protein LOC111108543,XP_022300227.1,1,Yes,1,fam90_vs_fam89,No,0,,No,0,,No,0,,No,0,
LOC111108547,uncharacterized protein LOC111108547,XP_022300233.1,1,Yes,1,fam90_vs_fam89,No,0,,No,0,,No,0,,No,0,
LOC111108553,E3 ubiquitin-protein ligase Hakai-like isoform X2,XP_022300240.1,1,Yes,1,fam90_vs_fam84,No,0,,No,0,,No,0,,No,0,
LOC111108559,GTPase IMAP family member 7-like,XP_022300251.1,1,Yes,1,fam90_vs_fam120,No,0,,No,0,,No,0,,No,0,
LOC111108589,UPF0691 protein C9orf116 homolog,XP_022300282.1,1,Yes,1,fam90_vs_fam84,No,0,,No,0,,No,0,,No,0,
LOC111108596,uncharacterized protein LOC111108596,XP_022300287.1,1,Yes,1,fam90_vs_fam120,No,0,,No,0,,No,0,,No,0,
LOC111108604,perlucin-like protein isoform X2,XP_022300294.1,1,No,0,,No,0,,Yes,1,Cv_Pmarinus_infection,No,0,,No,0,
LOC111108615,NACHT and WD repeat domain-containing protein 2-like isoform X4,XP_022300306.1,1,No,0,,No,0,,No,0,,Yes,1,28d_fed_vs_inj,No,0,
LOC111108616,cytosolic 10-formyltetrahydrofolate dehydrogenase-like isoform X1,XP_022300312.1,1,No,0,,No,0,,Yes,1,Cv_Pmarinus_infection,No,0,,No,0,
LOC111108617,"deoxyuridine 5'-triphosphate nucleotidohydrolase, mitochondrial-like",XP_022300315.1,1,Yes,2,fam90_vs_fam84; fam90_vs_fam89,No,0,,No,0,,No,0,,No,0,
LOC111108621,interferon-induced protein 44-like,XP_022300318.1,1,No,0,,No,0,,Yes,1,Cv_Pmarinus_infection,No,0,,No,0,
LOC111108622,complement C1q tumor necrosis factor-related protein 3-like isoform X1,XP_022300320.1,1,Yes,2,fam90_vs_fam84; fam90_vs_fam89,No,0,,No,0,,No,0,,No,0,
LOC111108633,protein arginine N-methyltransferase 6-like isoform X3,XP_022300340.1,1,Yes,3,fam90_vs_fam120; fam90_vs_fam84; fam90_vs_fam89,No,0,,No,0,,No,0,,No,0,
LOC111108639,DNA excision repair protein ERCC-1-like isoform X1,XP_022300348.1,1,Yes,1,fam90_vs_fam89,No,0,,No,0,,No,0,,No,0,
LOC111108651,LOW QUALITY PROTEIN: mitogen-activated protein kinase 14A-like,XP_022300371.1,1,No,0,,No,0,,Yes,1,Cv_Pmarinus_infection,No,0,,No,0,
LOC111108659,kinesin-like protein KIF28P isoform X1,XP_022300389.1,1,Yes,1,fam90_vs_fam89,No,0,,No,0,,No,0,,No,0,
LOC111108662,leukotriene A-4 hydrolase-like isoform X1,XP_022300394.1,1,Yes,1,fam90_vs_fam89,No,0,,No,0,,No,0,,No,0,
LOC111108670,uncharacterized protein LOC111108670 isoform X2,XP_022300408.1,1,Yes,1,fam90_vs_fam89,No,0,,No,0,,No,0,,No,0,
LOC111108675,uncharacterized protein LOC111108675,XP_022300418.1,1,Yes,1,fam90_vs_fam89,No,0,,No,0,,No,0,,No,0,
LOC111108677,uncharacterized protein LOC111108677 isoform X1,XP_022300420.1,1,Yes,1,fam90_vs_fam84,No,0,,No,0,,No,0,,No,0,
LOC111108700,toll-like receptor 6 isoform X1,XP_022300442.1,1,No,0,,No,0,,Yes,1,Cv_Pmarinus_infection,No,0,,No,0,
LOC111108724,histone deacetylase 11-like isoform X1,XP_022300473.1,1,Yes,3,fam90_vs_fam120; fam90_vs_fam84; fam90_vs_fam89,No,0,,No,0,,No,0,,No,0,
LOC111108728,uncharacterized protein LOC111108728 isoform X1,XP_022300485.1,1,No,0,,No,0,,Yes,1,Cv_Pmarinus_infection,No,0,,No,0,
LOC111108749,uncharacterized protein LOC111108749 isoform X3,XP_022300515.1,1,Yes,3,fam90_vs_fam120; fam90_vs_fam84; fam90_vs_fam89,No,0,,No,0,,No,0,,No,0,
LOC111108755,uncharacterized protein LOC111108755,XP_022300524.1,1,Yes,1,fam90_vs_fam89,No,0,,No,0,,No,0,,No,0,
LOC111108757,uncharacterized protein LOC111108757,XP_022300526.1,1,Yes,1,fam90_vs_fam89,No,0,,No,0,,No,0,,No,0,
LOC111108760,LOW QUALITY PROTEIN: GTPase IMAP family member 4-like,XP_022300528.1,1,Yes,2,fam90_vs_fam120; fam90_vs_fam89,No,0,,No,0,,No,0,,No,0,
LOC111108762,"phytanoyl-CoA dioxygenase, peroxisomal-like",XP_022300529.1,1,Yes,1,fam90_vs_fam120,No,0,,No,0,,No,0,,No,0,
LOC111108763,"phytanoyl-CoA dioxygenase, peroxisomal-like",XP_022300530.1,1,Yes,1,fam90_vs_fam84,No,0,,No,0,,No,0,,No,0,
LOC111108766,nuclear receptor-binding factor 2-like,XP_022300535.1,1,Yes,1,fam90_vs_fam89,No,0,,No,0,,No,0,,No,0,
LOC111108773,LOW QUALITY PROTEIN: interferon-induced protein 44-like,XP_022300553.1,1,Yes,2,fam90_vs_fam84; fam90_vs_fam89,No,0,,No,0,,No,0,,No,0,
LOC111108781,metallothionein-like,XP_022300565.1,1,No,0,,No,0,,No,0,,Yes,1,28d_fed_vs_inj,No,0,
LOC111108793,meprin A subunit alpha-like,XP_022300584.1,1,Yes,2,fam90_vs_fam120; fam90_vs_fam84,No,0,,No,0,,No,0,,No,0,
LOC111108813,uncharacterized protein LOC111108813,XP_022300608.1,1,Yes,2,fam90_vs_fam84; fam90_vs_fam89,No,0,,No,0,,No,0,,No,0,
LOC111108835,"glutaminase kidney isoform, mitochondrial-like isoform X2",XP_022300661.1,1,Yes,1,fam90_vs_fam89,No,0,,No,0,,No,0,,No,0,
LOC111108879,LOW QUALITY PROTEIN: protein PML-like,XP_022300670.1,1,Yes,1,fam90_vs_fam89,No,0,,No,0,,No,0,,No,0,
LOC111108896,uncharacterized protein LOC111108896,XP_022300689.1,1,Yes,2,fam90_vs_fam84; fam90_vs_fam89,No,0,,No,0,,No,0,,No,0,
LOC111108905,perlucin-like protein,XP_022300697.1,1,No,0,,No,0,,Yes,1,Cv_Pmarinus_infection,No,0,,No,0,
LOC111108909,multiple epidermal growth factor-like domains protein 10,XP_022300701.1,1,Yes,2,fam90_vs_fam84; fam90_vs_fam89,No,0,,No,0,,No,0,,No,0,
LOC111108922,uncharacterized protein K02A2.6-like,XP_022300716.1,1,Yes,2,fam90_vs_fam84; fam90_vs_fam89,No,0,,No,0,,No,0,,No,0,
LOC111108926,LOW QUALITY PROTEIN: heat shock 70 kDa protein 12A-like,XP_022300721.1,1,Yes,1,fam90_vs_fam84,No,0,,No,0,,No,0,,No,0,
LOC111108929,complement C1q tumor necrosis factor-related protein 7-like,XP_022300724.1,1,Yes,1,fam90_vs_fam84,No,0,,No,0,,No,0,,No,0,
LOC111108951,heat shock 70 kDa protein 12A-like,XP_022300748.1,1,Yes,1,fam90_vs_fam89,No,0,,No,0,,No,0,,No,0,
LOC111108955,elastin-like,XP_022300751.1,1,Yes,1,fam90_vs_fam89,No,0,,No,0,,No,0,,No,0,
LOC111108994,IQ motif and SEC7 domain-containing protein 1-like,XP_022300789.1,1,Yes,1,fam90_vs_fam89,No,0,,No,0,,No,0,,No,0,
LOC111109020,uncharacterized protein LOC111109020,XP_022300817.1,1,Yes,2,fam90_vs_fam84; fam90_vs_fam89,No,0,,No,0,,No,0,,No,0,
LOC111109021,proprotein convertase subtilisin/kexin type 5-like,XP_022300818.1,1,Yes,1,fam90_vs_fam84,No,0,,No,0,,No,0,,No,0,
LOC111109022,uncharacterized protein LOC111109022,XP_022300820.1,1,Yes,1,fam90_vs_fam84,No,0,,No,0,,No,0,,No,0,
LOC111109036,uncharacterized protein LOC111109036,XP_022300833.1,1,Yes,1,fam90_vs_fam120,No,0,,No,0,,No,0,,No,0,
LOC111109105,uncharacterized protein LOC111109105 isoform X2,XP_022300902.1,1,Yes,1,fam90_vs_fam84,No,0,,No,0,,No,0,,No,0,
LOC111109108,multiple epidermal growth factor-like domains protein 10,XP_022300903.1,1,No,0,,No,0,,Yes,1,Cv_Pmarinus_infection,No,0,,No,0,
LOC111109111,uncharacterized protein LOC111109111,XP_022300906.1,1,Yes,1,fam90_vs_fam89,No,0,,No,0,,No,0,,No,0,
LOC111109131,germinal-center associated nuclear protein-like,XP_022300928.1,1,Yes,1,fam90_vs_fam89,No,0,,No,0,,No,0,,No,0,
LOC111109135,LOW QUALITY PROTEIN: germinal-center associated nuclear protein-like,XP_022300929.1,1,Yes,1,fam90_vs_fam89,No,0,,No,0,,No,0,,No,0,
LOC111109147,LOW QUALITY PROTEIN: uncharacterized protein LOC111109147,XP_022300940.1,1,No,0,,No,0,,No,0,,Yes,1,28d_fed_vs_inj,No,0,
LOC111109153,ankyrin-1-like,XP_022300946.1,1,Yes,1,fam90_vs_fam84,No,0,,No,0,,No,0,,No,0,
LOC111109162,complement C1q tumor necrosis factor-related protein 3-like,XP_022300953.1,1,No,0,,No,0,,Yes,1,Cv_Pmarinus_infection,No,0,,No,0,
LOC111109165,protein lin-41-like,XP_022300955.1,1,Yes,2,fam90_vs_fam120; fam90_vs_fam84,No,0,,No,0,,No,0,,No,0,
LOC111109173,fucolectin-like,XP_022300963.1,1,Yes,2,fam90_vs_fam120; fam90_vs_fam89,No,0,,No,0,,No,0,,No,0,
LOC111109191,receptor-type tyrosine-protein phosphatase T-like,XP_022300981.1,1,Yes,1,fam90_vs_fam84,No,0,,No,0,,No,0,,No,0,
LOC111109232,E3 ubiquitin-protein ligase arc-1-like,XP_022301023.1,1,Yes,2,fam90_vs_fam120; fam90_vs_fam89,No,0,,No,0,,No,0,,No,0,
LOC111109233,ankyrin-1-like,XP_022301024.1,1,Yes,3,fam90_vs_fam120; fam90_vs_fam84; fam90_vs_fam89,No,0,,No,0,,No,0,,No,0,
LOC111109242,latrophilin-like protein LAT-2,XP_022301033.1,1,Yes,1,fam90_vs_fam89,No,0,,No,0,,No,0,,No,0,
LOC111109249,uncharacterized protein LOC111109249,XP_022301040.1,1,Yes,1,fam90_vs_fam89,No,0,,No,0,,No,0,,No,0,
LOC111109255,uncharacterized protein K02A2.6-like,XP_022301045.1,1,Yes,3,fam90_vs_fam120; fam90_vs_fam84; fam90_vs_fam89,No,0,,No,0,,No,0,,No,0,
LOC111109257,uncharacterized protein K02A2.6-like,XP_022301048.1,1,Yes,1,fam90_vs_fam89,No,0,,No,0,,No,0,,No,0,
LOC111109268,E3 ubiquitin-protein ligase TRIM36-like,XP_022301059.1,1,No,0,,No,0,,Yes,1,Cv_Pmarinus_infection,No,0,,No,0,
LOC111109296,uncharacterized protein LOC111109296,XP_022301085.1,1,Yes,1,fam90_vs_fam89,No,0,,No,0,,No,0,,No,0,
LOC111109309,uncharacterized protein LOC111109309,XP_022301098.1,1,No,0,,No,0,,Yes,1,Cv_Pmarinus_infection,No,0,,No,0,
LOC111109311,uncharacterized protein LOC111109311,XP_022301103.1,1,Yes,1,fam90_vs_fam120,No,0,,No,0,,No,0,,No,0,
LOC111109321,uncharacterized protein LOC111109321,XP_022301112.1,1,Yes,3,fam90_vs_fam120; fam90_vs_fam84; fam90_vs_fam89,No,0,,No,0,,No,0,,No,0,
LOC111109324,multiple epidermal growth factor-like domains protein 10,XP_022301113.1,1,Yes,1,fam90_vs_fam89,No,0,,No,0,,No,0,,No,0,
LOC111109332,laccase-6-like,XP_022301123.1,1,Yes,1,fam90_vs_fam120,No,0,,No,0,,No,0,,No,0,
LOC111109354,toll-like receptor 6,XP_022301140.1,1,No,0,,No,0,,Yes,1,Cv_Pmarinus_infection,No,0,,No,0,
LOC111109360,"LOW QUALITY PROTEIN: ankyrin repeat, PH and SEC7 domain containing protein secG-like",XP_022301147.1,1,Yes,2,fam90_vs_fam84; fam90_vs_fam89,No,0,,No,0,,No,0,,No,0,
LOC111109368,uncharacterized protein LOC111109368,XP_022301154.1,1,Yes,1,fam90_vs_fam84,No,0,,No,0,,No,0,,No,0,
LOC111109390,uncharacterized protein K02A2.6-like,XP_022301178.1,1,Yes,2,fam90_vs_fam120; fam90_vs_fam84,No,0,,No,0,,No,0,,No,0,
LOC111109391,uncharacterized protein LOC111109391,XP_022301179.1,1,No,0,,No,0,,Yes,1,Cv_Pmarinus_infection,No,0,,No,0,
LOC111109394,uncharacterized protein LOC111109394,XP_022301181.1,1,Yes,1,fam90_vs_fam89,No,0,,No,0,,No,0,,No,0,
LOC111109404,uncharacterized protein LOC111109404,XP_022301192.1,1,Yes,3,fam90_vs_fam120; fam90_vs_fam84; fam90_vs_fam89,No,0,,No,0,,No,0,,No,0,
LOC111109418,death domain-containing protein CRADD-like,XP_022301224.1,1,Yes,2,fam90_vs_fam120; fam90_vs_fam84,No,0,,No,0,,No,0,,No,0,
LOC111109424,uncharacterized protein LOC111109424 isoform X1,XP_022301229.1,1,No,0,,No,0,,Yes,1,Cv_Pmarinus_infection,No,0,,No,0,
LOC111109437,contactin-like isoform X1,XP_022301256.1,1,Yes,1,fam90_vs_fam120,No,0,,No,0,,No,0,,No,0,
LOC111109439,aldose reductase-related protein 2-like,XP_022301254.1,1,Yes,1,fam90_vs_fam89,No,0,,No,0,,No,0,,No,0,
LOC111109440,aldose reductase-related protein 2-like,XP_022301255.1,1,Yes,1,fam90_vs_fam89,No,0,,No,0,,No,0,,No,0,
LOC111109445,uncharacterized protein LOC111109445 isoform X2,XP_022301261.1,1,Yes,1,fam90_vs_fam120,No,0,,No,0,,No,0,,No,0,
LOC111109447,DNA repair protein RAD5B-like,XP_022301265.1,1,Yes,2,fam90_vs_fam84; fam90_vs_fam89,No,0,,No,0,,No,0,,No,0,
LOC111109452,sulfotransferase 1C4-like,XP_022301276.1,1,No,0,,No,0,,No,0,,Yes,1,28d_fed_vs_inj,No,0,
LOC111109473,uncharacterized protein LOC111109473 isoform X1,XP_022301315.1,1,Yes,1,fam90_vs_fam120,No,0,,No,0,,No,0,,No,0,
LOC111109475,hemicentin-2-like,XP_022301314.1,1,Yes,1,fam90_vs_fam84,No,0,,No,0,,No,0,,No,0,
LOC111109476,uncharacterized protein LOC111109476,XP_022301316.1,1,Yes,2,fam90_vs_fam84; fam90_vs_fam89,No,0,,No,0,,No,0,,No,0,
LOC111109484,uncharacterized protein LOC111109484 isoform X2,XP_022301325.1,1,Yes,2,fam90_vs_fam120; fam90_vs_fam89,No,0,,No,0,,No,0,,No,0,
LOC111109495,uncharacterized protein LOC111109495 isoform X1,XP_022301339.1,1,Yes,2,fam90_vs_fam84; fam90_vs_fam89,No,0,,No,0,,No,0,,No,0,
LOC111109504,complement C1q-like protein 2,XP_022301359.1,1,Yes,1,fam90_vs_fam89,No,0,,No,0,,No,0,,No,0,
LOC111109511,RNA-binding protein 5-like,XP_022301371.1,1,Yes,1,fam90_vs_fam84,No,0,,No,0,,No,0,,No,0,
LOC111109512,zinc finger BED domain-containing protein 1-like,XP_022301372.1,1,Yes,1,fam90_vs_fam84,No,0,,No,0,,No,0,,No,0,
LOC111109517,uncharacterized protein LOC111109517 isoform X1,XP_022301377.1,1,Yes,1,fam90_vs_fam120,No,0,,No,0,,No,0,,No,0,
LOC111109520,pre-mRNA-splicing factor 18-like,XP_022301382.1,1,Yes,2,fam90_vs_fam84; fam90_vs_fam89,No,0,,No,0,,No,0,,No,0,
LOC111109537,uncharacterized protein LOC111109537,XP_022301411.1,1,Yes,3,fam90_vs_fam120; fam90_vs_fam84; fam90_vs_fam89,No,0,,No,0,,No,0,,No,0,
LOC111109540,cysteine and tyrosine-rich protein 1-like,XP_022301415.1,1,Yes,3,fam90_vs_fam120; fam90_vs_fam84; fam90_vs_fam89,No,0,,No,0,,No,0,,No,0,
LOC111109543,uncharacterized protein LOC111109543 isoform X1,XP_022301417.1,1,No,0,,No,0,,Yes,1,Cv_Pmarinus_infection,No,0,,No,0,
LOC111109544,uncharacterized protein LOC111109544,XP_022301420.1,1,Yes,1,fam90_vs_fam120,No,0,,No,0,,No,0,,No,0,
LOC111109547,uncharacterized protein LOC111109547 isoform X2,XP_022301422.1,1,Yes,1,fam90_vs_fam89,No,0,,No,0,,No,0,,No,0,
LOC111109550,sulfotransferase family cytosolic 1B member 1-like isoform X1,XP_022301465.1,1,No,0,,No,0,,Yes,1,Cv_Pmarinus_infection,No,0,,No,0,
LOC111109555,ribonuclease P protein subunit p14-like,XP_022301432.1,1,No,0,,No,0,,No,0,,Yes,1,6h_fed_vs_ctrl,No,0,
LOC111109557,GTPase IMAP family member 7-like isoform X1,XP_022301435.1,1,No,0,,No,0,,Yes,1,Cv_Pmarinus_infection,No,0,,No,0,
LOC111109558,uncharacterized protein LOC111109558,XP_022301437.1,1,Yes,1,fam90_vs_fam84,No,0,,No,0,,No,0,,No,0,
LOC111109563,uncharacterized protein LOC111109563,XP_022301447.1,1,Yes,1,fam90_vs_fam120,No,0,,No,0,,No,0,,No,0,
LOC111109565,4-coumarate--CoA ligase 1-like,XP_022301449.1,1,Yes,1,fam90_vs_fam89,No,0,,No,0,,No,0,,No,0,
LOC111109566,tolloid-like protein 1,XP_022301450.1,1,Yes,1,fam90_vs_fam120,No,0,,No,0,,No,0,,No,0,
LOC111109577,complement C1q-like protein 4 isoform X1,XP_022301461.1,1,No,0,,No,0,,Yes,1,Cv_Pmarinus_infection,No,0,,No,0,
LOC111109582,ankyrin repeat domain-containing protein 50-like,XP_022301467.1,1,Yes,1,fam90_vs_fam120,No,0,,No,0,,No,0,,No,0,
LOC111109590,interferon-induced protein 44-like isoform X3,XP_022301480.1,1,Yes,1,fam90_vs_fam120,No,0,,No,0,,No,0,,No,0,
LOC111109596,uncharacterized protein LOC111109596 isoform X1,XP_022301492.1,1,No,0,,No,0,,Yes,1,Cv_Pmarinus_infection,No,0,,No,0,
LOC111109614,uncharacterized protein LOC111109614,XP_022301515.1,1,Yes,1,fam90_vs_fam89,No,0,,No,0,,No,0,,No,0,
LOC111109627,striatin-interacting protein 1 homolog isoform X3,XP_022301531.1,1,No,0,,No,0,,No,0,,Yes,1,28d_fed_vs_inj,No,0,
LOC111109647,protein lin-37 homolog,XP_022301561.1,1,Yes,1,fam90_vs_fam120,No,0,,No,0,,No,0,,No,0,
LOC111109653,uncharacterized protein LOC111109653,XP_022301571.1,1,Yes,3,fam90_vs_fam120; fam90_vs_fam84; fam90_vs_fam89,No,0,,No,0,,No,0,,No,0,
LOC111109667,GTPase IMAP family member 4-like,XP_022301588.1,1,No,0,,No,0,,No,0,,Yes,1,28d_fed_vs_inj,No,0,
LOC111109669,uncharacterized protein LOC111109669,XP_022301591.1,1,Yes,2,fam90_vs_fam84; fam90_vs_fam89,No,0,,No,0,,No,0,,No,0,
LOC111109670,uncharacterized protein LOC111109670,XP_022301592.1,1,No,0,,No,0,,Yes,1,Cv_Pmarinus_infection,No,0,,No,0,
LOC111109671,meprin A subunit beta-like isoform X2,XP_022301593.1,1,Yes,3,fam90_vs_fam120; fam90_vs_fam84; fam90_vs_fam89,No,0,,No,0,,No,0,,No,0,
LOC111109677,high mobility group protein B3-like,XP_022301603.1,1,Yes,1,fam90_vs_fam89,No,0,,No,0,,No,0,,No,0,
LOC111109683,uncharacterized protein LOC111109683,XP_022301609.1,1,Yes,3,fam90_vs_fam120; fam90_vs_fam84; fam90_vs_fam89,No,0,,No,0,,No,0,,No,0,
LOC111109685,probable E3 ubiquitin-protein ligase MID2,XP_022301610.1,1,Yes,2,fam90_vs_fam84; fam90_vs_fam89,No,0,,No,0,,No,0,,No,0,
LOC111109702,uncharacterized protein LOC111109702,XP_022301632.1,1,Yes,1,fam90_vs_fam120,No,0,,No,0,,No,0,,No,0,
LOC111109739,tissue inhibitor of metalloproteinase-like,XP_022301671.1,1,No,0,,No,0,,Yes,1,Cv_Pmarinus_infection,No,0,,No,0,
LOC111109741,uncharacterized protein LOC111109741 isoform X2,XP_022301673.1,1,Yes,1,fam90_vs_fam89,No,0,,No,0,,No,0,,No,0,
LOC111109749,transmembrane protein 45B-like isoform X1,XP_022301682.1,1,Yes,1,fam90_vs_fam89,No,0,,No,0,,No,0,,No,0,
LOC111109768,ras-related protein rab7,XP_022301704.1,1,Yes,2,fam90_vs_fam84; fam90_vs_fam89,No,0,,No,0,,No,0,,No,0,
LOC111109792,complement C1q-like protein 4,XP_022301736.1,1,Yes,1,fam90_vs_fam84,No,0,,No,0,,No,0,,No,0,
LOC111109812,cytochrome P450 1A1-like,XP_022301759.1,1,Yes,3,fam90_vs_fam120; fam90_vs_fam84; fam90_vs_fam89,No,0,,No,0,,No,0,,No,0,
LOC111109817,galactose-specific lectin nattectin-like,XP_022301766.1,1,Yes,1,fam90_vs_fam84,No,0,,No,0,,No,0,,No,0,
LOC111109837,uncharacterized protein LOC111109837,XP_022301794.1,1,Yes,1,fam90_vs_fam89,No,0,,No,0,,No,0,,No,0,
LOC111109840,uncharacterized protein LOC111109840 isoform X1,XP_022301795.1,1,No,0,,No,0,,No,0,,Yes,1,28d_fed_vs_inj,No,0,
LOC111109844,ADP-sugar pyrophosphatase-like,XP_022301801.1,1,Yes,2,fam90_vs_fam120; fam90_vs_fam84,No,0,,No,0,,No,0,,No,0,
LOC111109850,caveolin-1-like,XP_022301807.1,1,Yes,1,fam90_vs_fam84,No,0,,No,0,,No,0,,No,0,
LOC111109852,E3 ubiquitin-protein ligase TRIM36-like,XP_022301810.1,1,No,0,,No,0,,No,0,,Yes,1,6h_fed_vs_ctrl,No,0,
LOC111109862,ras-related protein rab7,XP_022301821.1,1,Yes,1,fam90_vs_fam84,No,0,,No,0,,No,0,,No,0,
LOC111109866,uncharacterized protein LOC111109866,XP_022301826.1,1,No,0,,No,0,,Yes,1,Cv_Pmarinus_infection,No,0,,No,0,
LOC111109875,uncharacterized protein LOC111109875,XP_022301838.1,1,Yes,2,fam90_vs_fam120; fam90_vs_fam84,No,0,,No,0,,No,0,,No,0,
LOC111109878,GTPase IMAP family member 4-like,XP_022301840.1,1,No,0,,No,0,,Yes,1,Cv_Pmarinus_infection,No,0,,No,0,
LOC111109884,tetraspanin-6-like,XP_022301849.1,1,No,0,,No,0,,Yes,1,Cv_Pmarinus_infection,No,0,,No,0,
LOC111109899,neurofilament medium polypeptide-like isoform X1,XP_022301869.1,1,No,0,,No,0,,Yes,1,Cv_Pmarinus_infection,No,0,,No,0,
LOC111109910,,,1,No,0,,No,0,,Yes,1,Cv_Pmarinus_infection,No,0,,No,0,
LOC111109912,uncharacterized protein LOC111109912,XP_022301884.1,1,Yes,1,fam90_vs_fam89,No,0,,No,0,,No,0,,No,0,
LOC111109924,myoneurin-like,XP_022301898.1,1,Yes,1,fam90_vs_fam84,No,0,,No,0,,No,0,,No,0,
LOC111109929,uncharacterized protein LOC111109929,XP_022301905.1,1,Yes,3,fam90_vs_fam120; fam90_vs_fam84; fam90_vs_fam89,No,0,,No,0,,No,0,,No,0,
LOC111109930,uncharacterized protein LOC111109930,XP_022301906.1,1,Yes,1,fam90_vs_fam120,No,0,,No,0,,No,0,,No,0,
LOC111109932,uncharacterized protein LOC111109932 isoform X1,XP_022301908.1,1,Yes,3,fam90_vs_fam120; fam90_vs_fam84; fam90_vs_fam89,No,0,,No,0,,No,0,,No,0,
LOC111109934,complement C1q tumor necrosis factor-related protein 6-like,XP_022301910.1,1,No,0,,Yes,1,Pmarinus_infection,No,0,,No,0,,No,0,
LOC111109944,uncharacterized protein LOC111109944 isoform X1,XP_022301920.1,1,Yes,2,fam90_vs_fam84; fam90_vs_fam89,No,0,,No,0,,No,0,,No,0,
LOC111109946,uncharacterized protein LOC111109946,XP_022301924.1,1,Yes,1,fam90_vs_fam84,No,0,,No,0,,No,0,,No,0,
LOC111109956,toll-like receptor 6,XP_022301943.1,1,Yes,1,fam90_vs_fam89,No,0,,No,0,,No,0,,No,0,
LOC111109958,uncharacterized protein LOC111109958,XP_022301946.1,1,Yes,1,fam90_vs_fam120,No,0,,No,0,,No,0,,No,0,
LOC111109959,,,1,No,0,,No,0,,Yes,1,Cv_Pmarinus_infection,No,0,,No,0,
LOC111109960,,,1,No,0,,No,0,,Yes,1,Cv_Pmarinus_infection,No,0,,No,0,
LOC111109965,uncharacterized protein LOC111109965,XP_022301957.1,1,Yes,2,fam90_vs_fam120; fam90_vs_fam89,No,0,,No,0,,No,0,,No,0,
LOC111109973,"isocitrate dehydrogenase [NAD] subunit gamma, mitochondrial-like isoform X4",XP_022301966.1,1,Yes,2,fam90_vs_fam84; fam90_vs_fam89,No,0,,No,0,,No,0,,No,0,
LOC111109984,kunitz-type serine protease inhibitor A-like,XP_022301984.1,1,No,0,,No,0,,Yes,1,Cv_Pmarinus_infection,No,0,,No,0,
LOC111110004,angiopoietin-4-like,XP_022302013.1,1,No,0,,No,0,,Yes,1,Cv_Pmarinus_infection,No,0,,No,0,
LOC111110005,uncharacterized protein LOC111110005,XP_022302014.1,1,Yes,1,fam90_vs_fam120,No,0,,No,0,,No,0,,No,0,
LOC111110008,cilia- and flagella-associated protein 100-like,XP_022302018.1,1,No,0,,No,0,,No,0,,Yes,1,28d_fed_vs_inj,No,0,
LOC111110014,uncharacterized protein LOC111110014 isoform X1,XP_022302029.1,1,No,0,,No,0,,No,0,,Yes,1,7d_fed_vs_inj,No,0,
LOC111110027,fucolectin-like,XP_022302049.1,1,Yes,2,fam90_vs_fam120; fam90_vs_fam84,No,0,,No,0,,No,0,,No,0,
LOC111110028,uncharacterized protein LOC111110028 isoform X2,XP_022302050.1,1,Yes,2,fam90_vs_fam120; fam90_vs_fam89,No,0,,No,0,,No,0,,No,0,
LOC111110032,fucolectin-like,XP_022302063.1,1,Yes,3,fam90_vs_fam120; fam90_vs_fam84; fam90_vs_fam89,No,0,,No,0,,No,0,,No,0,
LOC111110034,IQ and ubiquitin-like domain-containing protein,XP_022302068.1,1,Yes,1,fam90_vs_fam89,No,0,,No,0,,No,0,,No,0,
LOC111110038,uncharacterized protein LOC111110038 isoform X1,XP_022302074.1,1,Yes,3,fam90_vs_fam120; fam90_vs_fam84; fam90_vs_fam89,No,0,,No,0,,No,0,,No,0,
LOC111110040,uncharacterized protein LOC111110040,XP_022302077.1,1,Yes,1,fam90_vs_fam84,No,0,,No,0,,No,0,,No,0,
LOC111110047,very-long-chain (3R)-3-hydroxyacyl-CoA dehydratase 2-like,XP_022302089.1,1,No,0,,No,0,,Yes,1,Cv_Pmarinus_infection,No,0,,No,0,
LOC111110051,uncharacterized protein LOC111110051,XP_022302090.1,1,Yes,3,fam90_vs_fam120; fam90_vs_fam84; fam90_vs_fam89,No,0,,No,0,,No,0,,No,0,
LOC111110056,uncharacterized protein LOC111110056,XP_022302101.1,1,Yes,1,fam90_vs_fam120,No,0,,No,0,,No,0,,No,0,
LOC111110057,germinal-center associated nuclear protein-like,XP_022302099.1,1,Yes,1,fam90_vs_fam84,No,0,,No,0,,No,0,,No,0,
LOC111110063,glutamic acid-rich protein-like isoform X1,XP_022302144.1,1,Yes,1,fam90_vs_fam84,No,0,,No,0,,No,0,,No,0,
LOC111110066,uncharacterized protein LOC111110066,XP_022302107.1,1,Yes,1,fam90_vs_fam89,No,0,,No,0,,No,0,,No,0,
LOC111110083,SLIT-ROBO Rho GTPase-activating protein 1-like isoform X7,XP_022302125.1,1,No,0,,No,0,,No,0,,Yes,1,6h_fed_vs_ctrl,No,0,
LOC111110090,fucolectin-like,XP_022302147.1,1,Yes,1,fam90_vs_fam120,No,0,,No,0,,No,0,,No,0,
LOC111110093,uncharacterized protein LOC111110093 isoform X1,XP_022302151.1,1,Yes,1,fam90_vs_fam120,No,0,,No,0,,No,0,,No,0,
LOC111110096,uncharacterized protein LOC111110096,XP_022302160.1,1,Yes,1,fam90_vs_fam120,No,0,,No,0,,No,0,,No,0,
LOC111110105,aplysianin-A-like,XP_022302174.1,1,Yes,3,fam90_vs_fam120; fam90_vs_fam84; fam90_vs_fam89,No,0,,No,0,,No,0,,No,0,
LOC111110109,peroxidasin homolog,XP_022302181.1,1,Yes,1,fam90_vs_fam120,No,0,,No,0,,No,0,,No,0,
LOC111110122,heavy metal-binding protein HIP-like,XP_022302195.1,1,Yes,3,fam90_vs_fam120; fam90_vs_fam84; fam90_vs_fam89,No,0,,No,0,,No,0,,No,0,
LOC111110140,complement C1q tumor necrosis factor-related protein 4-like,XP_022302222.1,1,Yes,2,fam90_vs_fam84; fam90_vs_fam89,No,0,,No,0,,No,0,,No,0,
LOC111110148,uncharacterized protein LOC111110148 isoform X1,XP_022302238.1,1,No,0,,No,0,,No,0,,Yes,1,28d_fed_vs_inj,No,0,
LOC111110149,uncharacterized protein LOC111110149,XP_022302243.1,1,Yes,2,fam90_vs_fam120; fam90_vs_fam84,No,0,,No,0,,No,0,,No,0,
LOC111110171,uncharacterized protein LOC111110171 isoform X1,XP_022302269.1,1,Yes,1,fam90_vs_fam120,No,0,,No,0,,No,0,,No,0,
LOC111110174,uncharacterized protein LOC111110174,XP_022302273.1,1,Yes,2,fam90_vs_fam84; fam90_vs_fam89,No,0,,No,0,,No,0,,No,0,
LOC111110181,centromere protein P-like,XP_022302283.1,1,Yes,3,fam90_vs_fam120; fam90_vs_fam84; fam90_vs_fam89,No,0,,No,0,,No,0,,No,0,
LOC111110183,uncharacterized protein LOC111110183,XP_022302285.1,1,No,0,,No,0,,Yes,1,Cv_Pmarinus_infection,No,0,,No,0,
LOC111110198,uncharacterized protein LOC111110198,XP_022302303.1,1,No,0,,No,0,,No,0,,Yes,1,28d_fed_vs_inj,No,0,
LOC111110199,uncharacterized protein LOC111110199 isoform X2,XP_022302299.1,1,Yes,2,fam90_vs_fam120; fam90_vs_fam89,No,0,,No,0,,No,0,,No,0,
LOC111110202,EMILIN-2-like,XP_022302306.1,1,No,0,,No,0,,Yes,1,Cv_Pmarinus_infection,No,0,,No,0,
LOC111110207,collagen alpha-1(XIV) chain-like,XP_022302314.1,1,Yes,1,fam90_vs_fam120,No,0,,No,0,,No,0,,No,0,
LOC111110247,fucolectin-like,XP_022302367.1,1,Yes,1,fam90_vs_fam84,No,0,,No,0,,No,0,,No,0,
LOC111110250,uncharacterized protein LOC111110250 isoform X2,XP_022302371.1,1,Yes,1,fam90_vs_fam89,No,0,,No,0,,No,0,,No,0,
LOC111110251,uncharacterized protein LOC111110251,XP_022302378.1,1,No,0,,No,0,,Yes,1,Cv_Pmarinus_infection,No,0,,No,0,
LOC111110273,pollen-specific leucine-rich repeat extensin-like protein 2,XP_022302404.1,1,Yes,2,fam90_vs_fam120; fam90_vs_fam89,No,0,,No,0,,No,0,,No,0,
LOC111110280,"isocitrate dehydrogenase [NAD] subunit gamma, mitochondrial-like isoform X2",XP_022302411.1,1,No,0,,No,0,,No,0,,Yes,1,6h_fed_vs_ctrl,No,0,
LOC111110283,fatty acyl-CoA reductase 1-like,XP_022302419.1,1,No,0,,No,0,,No,0,,Yes,1,28d_fed_vs_inj,No,0,
LOC111110286,protein draper-like,XP_022302420.1,1,Yes,2,fam90_vs_fam84; fam90_vs_fam89,No,0,,No,0,,No,0,,No,0,
LOC111110290,uncharacterized protein LOC111110290,XP_022302424.1,1,No,0,,No,0,,Yes,1,Cv_Pmarinus_infection,No,0,,No,0,
LOC111110296,uncharacterized protein LOC111110296 isoform X5,XP_022302429.1,1,Yes,1,fam90_vs_fam120,No,0,,No,0,,No,0,,No,0,
LOC111110304,complement C1q subcomponent subunit B-like,XP_022302448.1,1,Yes,1,fam90_vs_fam120,No,0,,No,0,,No,0,,No,0,
LOC111110309,uncharacterized protein LOC111110309,XP_022302455.1,1,Yes,3,fam90_vs_fam120; fam90_vs_fam84; fam90_vs_fam89,No,0,,No,0,,No,0,,No,0,
LOC111110310,FMRFamide receptor-like,XP_022302456.1,1,Yes,1,fam90_vs_fam89,No,0,,No,0,,No,0,,No,0,
LOC111110311,copine-8-like isoform X2,XP_022302457.1,1,Yes,3,fam90_vs_fam120; fam90_vs_fam84; fam90_vs_fam89,No,0,,No,0,,No,0,,No,0,
LOC111110317,uncharacterized protein LOC111110317,XP_022302470.1,1,Yes,1,fam90_vs_fam89,No,0,,No,0,,No,0,,No,0,
LOC111110318,complement C1q-like protein 4 isoform X2,XP_022302471.1,1,Yes,1,fam90_vs_fam120,No,0,,No,0,,No,0,,No,0,
LOC111110321,GTPase IMAP family member 7-like isoform X2,XP_022302475.1,1,No,0,,No,0,,Yes,1,Cv_Pmarinus_infection,No,0,,No,0,
LOC111110323,uncharacterized protein LOC111110323,XP_022302479.1,1,No,0,,No,0,,Yes,1,Cv_Pmarinus_infection,No,0,,No,0,
LOC111110333,uncharacterized protein LOC111110333 isoform X2,XP_022302492.1,1,Yes,3,fam90_vs_fam120; fam90_vs_fam84; fam90_vs_fam89,No,0,,No,0,,No,0,,No,0,
LOC111110336,uncharacterized protein LOC111110336,XP_022302498.1,1,Yes,1,fam90_vs_fam89,No,0,,No,0,,No,0,,No,0,
LOC111110340,uncharacterized protein LOC111110340,XP_022302503.1,1,No,0,,No,0,,Yes,1,Cv_Pmarinus_infection,No,0,,No,0,
LOC111110347,SLIT-ROBO Rho GTPase-activating protein 1-like isoform X7,XP_022302515.1,1,Yes,1,fam90_vs_fam89,No,0,,No,0,,No,0,,No,0,
LOC111110352,uncharacterized protein LOC111110352 isoform X1,XP_022302531.1,1,No,0,,No,0,,No,0,,Yes,1,28d_fed_vs_inj,No,0,
LOC111110353,neuronal acetylcholine receptor subunit alpha-10-like,XP_022302537.1,1,Yes,2,fam90_vs_fam84; fam90_vs_fam89,No,0,,No,0,,No,0,,No,0,
LOC111110373,uncharacterized protein LOC111110373,XP_022302560.1,1,Yes,1,fam90_vs_fam84,No,0,,No,0,,No,0,,No,0,
LOC111110374,uncharacterized protein LOC111110374,XP_022302561.1,1,Yes,3,fam90_vs_fam120; fam90_vs_fam84; fam90_vs_fam89,No,0,,No,0,,No,0,,No,0,
LOC111110376,transmembrane protein 229b-like,XP_022302563.1,1,Yes,2,fam90_vs_fam120; fam90_vs_fam84,No,0,,No,0,,No,0,,No,0,
LOC111110385,sentrin-specific protease 1-like,XP_022302574.1,1,Yes,1,fam90_vs_fam89,No,0,,No,0,,No,0,,No,0,
LOC111110394,uncharacterized protein LOC111110394 isoform X1,XP_022302586.1,1,Yes,3,fam90_vs_fam120; fam90_vs_fam84; fam90_vs_fam89,No,0,,No,0,,No,0,,No,0,
LOC111110402,actin cytoskeleton-regulatory complex protein pan1-like,XP_022302601.1,1,Yes,2,fam90_vs_fam120; fam90_vs_fam84,No,0,,No,0,,No,0,,No,0,
LOC111110404,uncharacterized protein LOC111110404,XP_022302603.1,1,Yes,1,fam90_vs_fam120,No,0,,No,0,,No,0,,No,0,
LOC111110405,uncharacterized protein LOC111110405,XP_022302604.1,1,Yes,1,fam90_vs_fam89,No,0,,No,0,,No,0,,No,0,
LOC111110417,formin-like protein 20,XP_022302618.1,1,Yes,1,fam90_vs_fam89,No,0,,No,0,,No,0,,No,0,
LOC111110423,uncharacterized protein LOC111110423 isoform X2,XP_022302628.1,1,Yes,2,fam90_vs_fam120; fam90_vs_fam84,No,0,,No,0,,No,0,,No,0,
LOC111110427,,,1,No,0,,No,0,,Yes,1,Cv_Pmarinus_infection,No,0,,No,0,
LOC111110439,uncharacterized protein LOC111110439,XP_022302646.1,1,No,0,,No,0,,No,0,,Yes,1,28d_fed_vs_inj,No,0,
LOC111110442,laccase-3-like,XP_022302650.1,1,No,0,,No,0,,No,0,,Yes,1,36h_fed_vs_inj,No,0,
LOC111110444,uncharacterized protein LOC111110444,XP_022302658.1,1,Yes,1,fam90_vs_fam89,No,0,,No,0,,No,0,,No,0,
LOC111110445,glutathione S-transferase 1-like,XP_022302654.1,1,Yes,1,fam90_vs_fam89,No,0,,No,0,,No,0,,No,0,
LOC111110452,fucolectin-like,XP_022302663.1,1,Yes,1,fam90_vs_fam120,No,0,,No,0,,No,0,,No,0,
LOC111110463,caveolin-1-like,XP_022302675.1,1,Yes,1,fam90_vs_fam84,No,0,,No,0,,No,0,,No,0,
LOC111110470,uncharacterized protein LOC111110470,XP_022302682.1,1,Yes,3,fam90_vs_fam120; fam90_vs_fam84; fam90_vs_fam89,No,0,,No,0,,No,0,,No,0,
LOC111110476,uncharacterized protein LOC111110476 isoform X1,XP_022302686.1,1,Yes,1,fam90_vs_fam120,No,0,,No,0,,No,0,,No,0,
LOC111110483,FMRFamide receptor-like,XP_022302705.1,1,Yes,1,fam90_vs_fam84,No,0,,No,0,,No,0,,No,0,
LOC111110518,uncharacterized protein LOC111110518 isoform X2,XP_022302765.1,1,Yes,1,fam90_vs_fam89,No,0,,No,0,,No,0,,No,0,
LOC111110540,uncharacterized protein LOC111110540 isoform X3,XP_022302786.1,1,No,0,,No,0,,No,0,,Yes,1,6h_fed_vs_ctrl,No,0,
LOC111110552,perlucin-like protein,XP_022302807.1,1,No,0,,No,0,,Yes,1,Cv_Pmarinus_infection,No,0,,No,0,
LOC111110554,inhibitor of growth protein 3-like isoform X2,XP_022302809.1,1,No,0,,No,0,,No,0,,Yes,1,36h_fed_vs_inj,No,0,
LOC111110570,uncharacterized protein LOC111110570,XP_022302832.1,1,Yes,2,fam90_vs_fam84; fam90_vs_fam89,No,0,,No,0,,No,0,,No,0,
LOC111110598,uncharacterized protein LOC111110598,XP_022302870.1,1,Yes,2,fam90_vs_fam84; fam90_vs_fam89,No,0,,No,0,,No,0,,No,0,
LOC111110600,LOW QUALITY PROTEIN: battenin-like,XP_022302872.1,1,Yes,1,fam90_vs_fam89,No,0,,No,0,,No,0,,No,0,
LOC111110603,pre-rRNA-processing protein TSR1 homolog isoform X2,XP_022302874.1,1,No,0,,No,0,,No,0,,Yes,1,7d_fed_vs_inj,No,0,
LOC111110605,uncharacterized protein LOC111110605,XP_022302880.1,1,No,0,,No,0,,No,0,,Yes,1,6h_fed_vs_ctrl,No,0,
LOC111110609,laccase-5-like,XP_022302884.1,1,No,0,,No,0,,No,0,,Yes,1,7d_fed_vs_inj,No,0,
LOC111110615,uncharacterized protein LOC111110615 isoform X2,XP_022302893.1,1,Yes,1,fam90_vs_fam84,No,0,,No,0,,No,0,,No,0,
LOC111110616,uncharacterized protein LOC111110616,XP_022302896.1,1,Yes,1,fam90_vs_fam84,No,0,,No,0,,No,0,,No,0,
LOC111110619,Hermansky-Pudlak syndrome 5 protein homolog,XP_022302902.1,1,Yes,2,fam90_vs_fam84; fam90_vs_fam89,No,0,,No,0,,No,0,,No,0,
LOC111110626,uncharacterized protein LOC111110626,XP_022302908.1,1,No,0,,No,0,,Yes,1,Cv_Pmarinus_infection,No,0,,No,0,
LOC111110628,methionine aminopeptidase 2-like isoform X2,XP_022302909.1,1,Yes,1,fam90_vs_fam84,No,0,,No,0,,No,0,,No,0,
LOC111110629,uncharacterized protein LOC111110629,XP_022302911.1,1,Yes,1,fam90_vs_fam89,No,0,,No,0,,No,0,,No,0,
LOC111110640,uncharacterized protein LOC111110640 isoform X2,XP_022302930.1,1,Yes,1,fam90_vs_fam89,No,0,,No,0,,No,0,,No,0,
LOC111110643,uncharacterized protein LOC111110643,XP_022302942.1,1,Yes,1,fam90_vs_fam120,No,0,,No,0,,No,0,,No,0,
LOC111110671,uncharacterized protein LOC111110671 isoform X4,XP_022302976.1,1,Yes,3,fam90_vs_fam120; fam90_vs_fam84; fam90_vs_fam89,No,0,,No,0,,No,0,,No,0,
LOC111110672,C-type lectin mannose-binding isoform-like isoform X1,XP_022302981.1,1,Yes,2,fam90_vs_fam120; fam90_vs_fam84,No,0,,No,0,,No,0,,No,0,
LOC111110674,uncharacterized protein LOC111110674 isoform X1,XP_022302983.1,1,Yes,2,fam90_vs_fam84; fam90_vs_fam89,No,0,,No,0,,No,0,,No,0,
LOC111110677,homeodomain-interacting protein kinase 2-like isoform X1,XP_022302993.1,1,No,0,,No,0,,Yes,1,Cv_Pmarinus_infection,No,0,,No,0,
LOC111110683,EF-hand calcium-binding domain-containing protein 10-like,XP_022302995.1,1,No,0,,No,0,,No,0,,Yes,1,28d_fed_vs_inj,No,0,
LOC111110686,uncharacterized protein LOC111110686,XP_022302997.1,1,Yes,2,fam90_vs_fam120; fam90_vs_fam89,No,0,,No,0,,No,0,,No,0,
LOC111110715,uncharacterized protein LOC111110715,XP_022303009.1,1,Yes,1,fam90_vs_fam84,No,0,,No,0,,No,0,,No,0,
LOC111110721,,,1,No,0,,No,0,,Yes,1,Cv_Pmarinus_infection,No,0,,No,0,
LOC111110735,uncharacterized protein LOC111110735,XP_022303035.1,1,No,0,,No,0,,Yes,1,Cv_Pmarinus_infection,No,0,,No,0,
LOC111110739,melanopsin-like isoform X2,XP_022303042.1,1,Yes,1,fam90_vs_fam89,No,0,,No,0,,No,0,,No,0,
LOC111110741,annexin A7-like,XP_022303054.1,1,No,0,,No,0,,No,0,,Yes,1,7d_fed_vs_inj,No,0,
LOC111110744,glucose transporter type 1-like,XP_022303055.1,1,Yes,1,fam90_vs_fam84,No,0,,No,0,,No,0,,No,0,
LOC111110746,mucin-5AC-like,XP_022303059.1,1,No,0,,No,0,,Yes,1,Cv_Pmarinus_infection,No,0,,No,0,
LOC111110748,uncharacterized protein LOC111110748 isoform X1,XP_022303061.1,1,Yes,2,fam90_vs_fam84; fam90_vs_fam89,No,0,,No,0,,No,0,,No,0,
LOC111110755,uncharacterized protein LOC111110755,XP_022303077.1,1,Yes,1,fam90_vs_fam120,No,0,,No,0,,No,0,,No,0,
LOC111110772,uncharacterized protein LOC111110772,XP_022303092.1,1,Yes,3,fam90_vs_fam120; fam90_vs_fam84; fam90_vs_fam89,No,0,,No,0,,No,0,,No,0,
LOC111110781,uncharacterized protein LOC111110781,XP_022303099.1,1,No,0,,No,0,,Yes,1,Cv_Pmarinus_infection,No,0,,No,0,
LOC111110785,L-ascorbate oxidase-like,XP_022303107.1,1,Yes,1,fam90_vs_fam120,No,0,,No,0,,No,0,,No,0,
LOC111110793,LOW QUALITY PROTEIN: WAS/WASL-interacting protein family member 1-like,XP_022303116.1,1,Yes,1,fam90_vs_fam84,No,0,,No,0,,No,0,,No,0,
LOC111110798,paired box protein Pax-6-like isoform X1,XP_022303122.1,1,Yes,2,fam90_vs_fam84; fam90_vs_fam89,No,0,,No,0,,No,0,,No,0,
LOC111110802,uncharacterized protein LOC111110802 isoform X2,XP_022303123.1,1,Yes,1,fam90_vs_fam89,No,0,,No,0,,No,0,,No,0,
LOC111110804,perlucin-like protein,XP_022303125.1,1,No,0,,No,0,,Yes,1,Cv_Pmarinus_infection,No,0,,No,0,
LOC111110808,apolipoprotein D-like,XP_022303128.1,1,Yes,2,fam90_vs_fam84; fam90_vs_fam89,No,0,,No,0,,No,0,,No,0,
LOC111110811,polyribonucleotide 5'-hydroxyl-kinase Clp1-like isoform X1,XP_022303130.1,1,Yes,1,fam90_vs_fam84,No,0,,No,0,,No,0,,No,0,
LOC111110814,uncharacterized protein LOC111110814,XP_022303175.1,1,Yes,1,fam90_vs_fam89,No,0,,No,0,,No,0,,No,0,
LOC111110818,uncharacterized protein LOC111110818,XP_022303151.1,1,No,0,,No,0,,No,0,,No,0,,Yes,1,resistant_fam266_36h_7d
LOC111110819,collagen alpha-2(VIII) chain-like,XP_022303152.1,1,Yes,1,fam90_vs_fam89,No,0,,No,0,,No,0,,No,0,
LOC111110824,TNF receptor-associated factor family protein DDB_G0272098-like,XP_022303160.1,1,No,0,,No,0,,Yes,1,Cv_Pmarinus_infection,No,0,,No,0,
LOC111110833,uncharacterized protein LOC111110833,XP_022303172.1,1,Yes,2,fam90_vs_fam84; fam90_vs_fam89,No,0,,No,0,,No,0,,No,0,
LOC111110866,adiponectin-like,XP_022303218.1,1,Yes,2,fam90_vs_fam84; fam90_vs_fam89,No,0,,No,0,,No,0,,No,0,
LOC111110875,GTPase IMAP family member 4-like,XP_022303233.1,1,Yes,2,fam90_vs_fam120; fam90_vs_fam84,No,0,,No,0,,No,0,,No,0,
LOC111110880,tyrosine-protein kinase Fer-like isoform X3,XP_022303241.1,1,Yes,1,fam90_vs_fam89,No,0,,No,0,,No,0,,No,0,
LOC111110883,uncharacterized protein LOC111110883 isoform X1,XP_022303247.1,1,Yes,3,fam90_vs_fam120; fam90_vs_fam84; fam90_vs_fam89,No,0,,No,0,,No,0,,No,0,
LOC111110887,uncharacterized protein LOC111110887,XP_022303254.1,1,Yes,1,fam90_vs_fam89,No,0,,No,0,,No,0,,No,0,
LOC111110888,multiple epidermal growth factor-like domains protein 10,XP_022303255.1,1,Yes,1,fam90_vs_fam89,No,0,,No,0,,No,0,,No,0,
LOC111110893,uncharacterized protein LOC111110893,XP_022303263.1,1,Yes,1,fam90_vs_fam120,No,0,,No,0,,No,0,,No,0,
LOC111110905,rhodopsin-like isoform X3,XP_022303275.1,1,Yes,2,fam90_vs_fam120; fam90_vs_fam84,No,0,,No,0,,No,0,,No,0,
LOC111110909,uncharacterized protein LOC111110909,XP_022303283.1,1,Yes,1,fam90_vs_fam89,No,0,,No,0,,No,0,,No,0,
LOC111110917,uncharacterized protein LOC111110917 isoform X1,XP_022303295.1,1,No,0,,No,0,,Yes,1,Cv_Pmarinus_infection,No,0,,No,0,
LOC111110920,enkurin-like,XP_022303294.1,1,No,0,,No,0,,No,0,,Yes,1,28d_fed_vs_inj,No,0,
LOC111110929,uncharacterized protein LOC111110929 isoform X2,XP_022303301.1,1,Yes,3,fam90_vs_fam120; fam90_vs_fam84; fam90_vs_fam89,No,0,,No,0,,No,0,,No,0,
LOC111110942,uncharacterized protein LOC111110942 isoform X1,XP_022303312.1,1,Yes,1,fam90_vs_fam120,No,0,,No,0,,No,0,,No,0,
LOC111110948,uncharacterized protein LOC111110948,XP_022303335.1,1,Yes,1,fam90_vs_fam84,No,0,,No,0,,No,0,,No,0,
LOC111110952,lipoma HMGIC fusion partner-like 2 protein isoform X2,XP_022303337.1,1,No,0,,No,0,,No,0,,Yes,1,28d_fed_vs_inj,No,0,
LOC111110953,platelet endothelial aggregation receptor 1-like isoform X3,XP_022303340.1,1,No,0,,No,0,,Yes,1,Cv_Pmarinus_infection,No,0,,No,0,
LOC111110955,cell death abnormality protein 1-like,XP_022303344.1,1,No,0,,No,0,,Yes,1,Cv_Pmarinus_infection,No,0,,No,0,
LOC111110956,protein jagged-1-like,XP_022303346.1,1,No,0,,No,0,,Yes,1,Cv_Pmarinus_infection,No,0,,No,0,
LOC111110972,uncharacterized protein LOC111110972,XP_022303362.1,1,No,0,,No,0,,Yes,1,Cv_Pmarinus_infection,No,0,,No,0,
LOC111110979,transmembrane protein 198-like,XP_022303371.1,1,No,0,,No,0,,No,0,,Yes,1,28d_fed_vs_inj,No,0,
LOC111110984,uncharacterized protein LOC111110984,XP_022303387.1,1,Yes,1,fam90_vs_fam89,No,0,,No,0,,No,0,,No,0,
LOC111110994,uncharacterized protein LOC111110994,XP_022303399.1,1,Yes,1,fam90_vs_fam89,No,0,,No,0,,No,0,,No,0,
LOC111110996,uncharacterized protein LOC111110996 isoform X2,XP_022303400.1,1,No,0,,No,0,,Yes,1,Cv_Pmarinus_infection,No,0,,No,0,
LOC111111007,cerebellin-1-like,XP_022303439.1,1,Yes,2,fam90_vs_fam120; fam90_vs_fam89,No,0,,No,0,,No,0,,No,0,
LOC111111021,uncharacterized protein LOC111111021,XP_022303461.1,1,Yes,1,fam90_vs_fam120,No,0,,No,0,,No,0,,No,0,
LOC111111023,uncharacterized protein LOC111111023,XP_022303462.1,1,Yes,1,fam90_vs_fam89,No,0,,No,0,,No,0,,No,0,
LOC111111026,uncharacterized protein LOC111111026,XP_022303470.1,1,Yes,3,fam90_vs_fam120; fam90_vs_fam84; fam90_vs_fam89,No,0,,No,0,,No,0,,No,0,
LOC111111030,hemicentin-1-like,XP_022303477.1,1,Yes,1,fam90_vs_fam89,No,0,,No,0,,No,0,,No,0,
LOC111111042,uncharacterized protein LOC111111042,XP_022303488.1,1,No,0,,No,0,,Yes,1,Cv_Pmarinus_infection,No,0,,No,0,
LOC111111048,cyclin-H-like,XP_022303494.1,1,No,0,,No,0,,No,0,,Yes,1,6h_fed_vs_ctrl,No,0,
LOC111111056,uncharacterized protein LOC111111056 isoform X1,XP_022303506.1,1,Yes,2,fam90_vs_fam84; fam90_vs_fam89,No,0,,No,0,,No,0,,No,0,
LOC111111058,unconventional myosin-Va-like isoform X6,XP_022303514.1,1,No,0,,No,0,,No,0,,Yes,1,6h_fed_vs_ctrl,No,0,
LOC111111060,acanthoscurrin-2-like isoform X1,XP_022303527.1,1,Yes,2,fam90_vs_fam120; fam90_vs_fam89,No,0,,No,0,,No,0,,No,0,
LOC111111063,uncharacterized protein LOC111111063,XP_022303532.1,1,Yes,1,fam90_vs_fam89,No,0,,No,0,,No,0,,No,0,
LOC111111065,LOW QUALITY PROTEIN: uncharacterized protein LOC111111065,XP_022303533.1,1,Yes,1,fam90_vs_fam120,No,0,,No,0,,No,0,,No,0,
LOC111111101,uncharacterized protein LOC111111101 isoform X2,XP_022303585.1,1,No,0,,No,0,,No,0,,Yes,1,28d_fed_vs_inj,No,0,
LOC111111104,beta-lactamase domain-containing protein 2-like,XP_022303590.1,1,Yes,1,fam90_vs_fam89,No,0,,No,0,,No,0,,No,0,
LOC111111106,angiopoietin-1-like,XP_022303592.1,1,Yes,3,fam90_vs_fam120; fam90_vs_fam84; fam90_vs_fam89,No,0,,No,0,,No,0,,No,0,
LOC111111108,LOW QUALITY PROTEIN: tyrosinase-like protein 1,XP_022303598.1,1,No,0,,No,0,,No,0,,No,0,,Yes,1,resistant_fam266_36h_7d
LOC111111109,uncharacterized protein LOC111111109 isoform X1,XP_022303595.1,1,Yes,1,fam90_vs_fam84,No,0,,No,0,,No,0,,No,0,
LOC111111119,uncharacterized protein LOC111111119 isoform X1,XP_022303612.1,1,No,0,,No,0,,No,0,,Yes,1,6h_fed_vs_ctrl,No,0,
LOC111111120,uncharacterized protein LOC111111120,XP_022303617.1,1,Yes,1,fam90_vs_fam89,No,0,,No,0,,No,0,,No,0,
LOC111111122,multiple epidermal growth factor-like domains protein 10 isoform X2,XP_022303619.1,1,Yes,1,fam90_vs_fam89,No,0,,No,0,,No,0,,No,0,
LOC111111127,receptor-type tyrosine-protein phosphatase alpha-like isoform X1,XP_022303634.1,1,Yes,1,fam90_vs_fam89,No,0,,No,0,,No,0,,No,0,
LOC111111134,multiple epidermal growth factor-like domains protein 6 isoform X1,XP_022303648.1,1,Yes,1,fam90_vs_fam120,No,0,,No,0,,No,0,,No,0,
LOC111111163,uncharacterized protein LOC111111163 isoform X1,XP_022303687.1,1,Yes,2,fam90_vs_fam120; fam90_vs_fam84,No,0,,No,0,,No,0,,No,0,
LOC111111167,uncharacterized protein LOC111111167,XP_022303693.1,1,No,0,,No,0,,No,0,,No,0,,Yes,1,resistant_fam266_36h_7d
LOC111111181,protein white-like,XP_022303716.1,1,Yes,2,fam90_vs_fam84; fam90_vs_fam89,No,0,,No,0,,No,0,,No,0,
LOC111111182,corticotropin-releasing factor receptor 2-like isoform X3,XP_022303717.1,1,Yes,1,fam90_vs_fam89,No,0,,No,0,,No,0,,No,0,
LOC111111203,uncharacterized protein LOC111111203,XP_022303738.1,1,No,0,,No,0,,No,0,,Yes,1,28d_fed_vs_inj,No,0,
LOC111111204,uncharacterized protein LOC111111204,XP_022303739.1,1,Yes,3,fam90_vs_fam120; fam90_vs_fam84; fam90_vs_fam89,No,0,,No,0,,No,0,,No,0,
LOC111111206,latrophilin receptor-like protein A,XP_022303740.1,1,Yes,2,fam90_vs_fam84; fam90_vs_fam89,No,0,,No,0,,No,0,,No,0,
LOC111111223,adenomatous polyposis coli protein-like isoform X1,XP_022303768.1,1,No,0,,No,0,,No,0,,Yes,1,7d_fed_vs_inj,No,0,
LOC111111226,claudin-1-like,XP_022303781.1,1,Yes,1,fam90_vs_fam84,No,0,,No,0,,No,0,,No,0,
LOC111111234,uncharacterized protein K02A2.6-like isoform X2,XP_022303794.1,1,Yes,1,fam90_vs_fam84,No,0,,No,0,,No,0,,No,0,
LOC111111243,synaptosomal-associated protein 47-like,XP_022303808.1,1,Yes,1,fam90_vs_fam84,No,0,,No,0,,No,0,,No,0,
LOC111111246,LOW QUALITY PROTEIN: acetylcholine receptor subunit alpha-like,XP_022303813.1,1,Yes,2,fam90_vs_fam84; fam90_vs_fam89,No,0,,No,0,,No,0,,No,0,
LOC111111248,uncharacterized protein LOC111111248 isoform X2,XP_022303816.1,1,Yes,1,fam90_vs_fam120,No,0,,No,0,,No,0,,No,0,
LOC111111252,NAD-dependent protein deacetylase sirtuin-2-like,XP_022303821.1,1,Yes,1,fam90_vs_fam89,No,0,,No,0,,No,0,,No,0,
LOC111111258,uncharacterized protein LOC111111258,XP_022303831.1,1,Yes,3,fam90_vs_fam120; fam90_vs_fam84; fam90_vs_fam89,No,0,,No,0,,No,0,,No,0,
LOC111111273,lysozyme 1-like,XP_022303848.1,1,No,0,,No,0,,Yes,1,Cv_Pmarinus_infection,No,0,,No,0,
LOC111111274,COMM domain-containing protein 4-like isoform X1,XP_022303849.1,1,Yes,1,fam90_vs_fam89,No,0,,No,0,,No,0,,No,0,
LOC111111297,uncharacterized protein LOC111111297 isoform X1,XP_022303892.1,1,No,0,,No,0,,No,0,,Yes,1,36h_fed_vs_inj,No,0,
LOC111111303,lysozyme 1-like,XP_022303900.1,1,No,0,,No,0,,Yes,1,Cv_Pmarinus_infection,No,0,,No,0,
LOC111111304,tripartite motif-containing protein 2-like,XP_022303902.1,1,Yes,1,fam90_vs_fam84,No,0,,No,0,,No,0,,No,0,
LOC111111306,uncharacterized protein LOC111111306 isoform X1,XP_022303904.1,1,No,0,,No,0,,Yes,1,Cv_Pmarinus_infection,No,0,,No,0,
LOC111111310,uncharacterized protein LOC111111310,XP_022303910.1,1,No,0,,No,0,,Yes,1,Cv_Pmarinus_infection,No,0,,No,0,
LOC111111311,nostrin-like isoform X2,XP_022303911.1,1,No,0,,No,0,,No,0,,Yes,1,36h_fed_vs_inj,No,0,
LOC111111314,uncharacterized protein LOC111111314 isoform X1,XP_022303919.1,1,No,0,,No,0,,No,0,,Yes,1,6h_fed_vs_ctrl,No,0,
LOC111111315,uncharacterized protein LOC111111315,XP_022303925.1,1,Yes,1,fam90_vs_fam120,No,0,,No,0,,No,0,,No,0,
LOC111111343,uncharacterized protein LOC111111343 isoform X4,XP_022303970.1,1,Yes,1,fam90_vs_fam89,No,0,,No,0,,No,0,,No,0,
LOC111111369,uncharacterized protein LOC111111369,XP_022304024.1,1,No,0,,No,0,,Yes,1,Cv_Pmarinus_infection,No,0,,No,0,
LOC111111373,LOW QUALITY PROTEIN: uncharacterized protein LOC111111373,XP_022304027.1,1,Yes,1,fam90_vs_fam120,No,0,,No,0,,No,0,,No,0,
LOC111111375,uncharacterized protein LOC111111375,XP_022304030.1,1,Yes,1,fam90_vs_fam120,No,0,,No,0,,No,0,,No,0,
LOC111111378,aladin-like isoform X2,XP_022304038.1,1,Yes,1,fam90_vs_fam120,No,0,,No,0,,No,0,,No,0,
LOC111111381,uncharacterized protein LOC111111381,XP_022304044.1,1,Yes,2,fam90_vs_fam120; fam90_vs_fam84,No,0,,No,0,,No,0,,No,0,
LOC111111399,uncharacterized protein LOC111111399 isoform X1,XP_022304087.1,1,Yes,1,fam90_vs_fam89,No,0,,No,0,,No,0,,No,0,
LOC111111400,uncharacterized protein LOC111111400 isoform X1,XP_022304090.1,1,Yes,1,fam90_vs_fam89,No,0,,No,0,,No,0,,No,0,
LOC111111402,uncharacterized protein LOC111111402,XP_022304094.1,1,Yes,1,fam90_vs_fam120,No,0,,No,0,,No,0,,No,0,
LOC111111410,multimerin-1-like,XP_022304102.1,1,No,0,,No,0,,Yes,1,Cv_Pmarinus_infection,No,0,,No,0,
LOC111111421,uncharacterized protein LOC111111421 isoform X2,XP_022304114.1,1,No,0,,Yes,1,Pmarinus_infection,No,0,,No,0,,No,0,
LOC111111433,immune-associated nucleotide-binding protein 13-like,XP_022304133.1,1,Yes,1,fam90_vs_fam120,No,0,,No,0,,No,0,,No,0,
LOC111111435,uncharacterized protein LOC111111435,XP_022304135.1,1,Yes,2,fam90_vs_fam84; fam90_vs_fam89,No,0,,No,0,,No,0,,No,0,
LOC111111437,glycoprotein 3-alpha-L-fucosyltransferase A-like,XP_022304136.1,1,Yes,1,fam90_vs_fam89,No,0,,No,0,,No,0,,No,0,
LOC111111447,uncharacterized protein KIAA1211 homolog,XP_022304150.1,1,No,0,,No,0,,Yes,1,Cv_Pmarinus_infection,No,0,,No,0,
LOC111111468,uncharacterized protein LOC111111468,XP_022304172.1,1,No,0,,No,0,,Yes,1,Cv_Pmarinus_infection,No,0,,No,0,
LOC111111470,multiple epidermal growth factor-like domains protein 10,XP_022304173.1,1,No,0,,No,0,,Yes,1,Cv_Pmarinus_infection,No,0,,No,0,
LOC111111487,integrin alpha-2-like isoform X9,XP_022304187.1,1,Yes,1,fam90_vs_fam89,No,0,,No,0,,No,0,,No,0,
LOC111111488,LOW QUALITY PROTEIN: probable ATP-dependent RNA helicase DDX58,XP_022304207.1,1,No,0,,No,0,,Yes,1,Cv_Pmarinus_infection,No,0,,No,0,
LOC111111494,,,1,No,0,,No,0,,Yes,1,Cv_Pmarinus_infection,No,0,,No,0,
LOC111111510,glycoprotein 3-alpha-L-fucosyltransferase A-like,XP_022304235.1,1,Yes,1,fam90_vs_fam84,No,0,,No,0,,No,0,,No,0,
LOC111111512,uncharacterized protein LOC111111512,XP_022304237.1,1,Yes,1,fam90_vs_fam84,No,0,,No,0,,No,0,,No,0,
LOC111111514,uncharacterized protein LOC111111514 isoform X1,XP_022304240.1,1,Yes,1,fam90_vs_fam84,No,0,,No,0,,No,0,,No,0,
LOC111111515,multiple epidermal growth factor-like domains protein 10,XP_022304242.1,1,Yes,1,fam90_vs_fam89,No,0,,No,0,,No,0,,No,0,
LOC111111520,rho GTPase-activating protein 21-like isoform X5,XP_022304247.1,1,Yes,1,fam90_vs_fam84,No,0,,No,0,,No,0,,No,0,
LOC111111521,uncharacterized protein LOC111111521,XP_022304253.1,1,Yes,1,fam90_vs_fam84,No,0,,No,0,,No,0,,No,0,
LOC111111523,uncharacterized protein LOC111111523,XP_022304259.1,1,No,0,,No,0,,Yes,1,Cv_Pmarinus_infection,No,0,,No,0,
LOC111111524,uncharacterized protein LOC111111524,XP_022304256.1,1,Yes,1,fam90_vs_fam120,No,0,,No,0,,No,0,,No,0,
LOC111111546,deleted in lung and esophageal cancer protein 1-like isoform X2,XP_022304298.1,1,Yes,1,fam90_vs_fam84,No,0,,No,0,,No,0,,No,0,
LOC111111548,uncharacterized protein LOC111111548,XP_022304301.1,1,Yes,1,fam90_vs_fam84,No,0,,No,0,,No,0,,No,0,
LOC111111564,cathepsin B-like,XP_022304323.1,1,No,0,,No,0,,No,0,,Yes,1,28d_fed_vs_inj,No,0,
LOC111111569,"dynein heavy chain 6, axonemal-like isoform X3",XP_022304327.1,1,No,0,,No,0,,No,0,,Yes,1,6h_fed_vs_ctrl,No,0,
LOC111111574,uncharacterized protein LOC111111574,XP_022304339.1,1,Yes,1,fam90_vs_fam84,No,0,,No,0,,No,0,,No,0,
LOC111111583,laccase-like,XP_022304354.1,1,No,0,,No,0,,Yes,1,Cv_Pmarinus_infection,No,0,,No,0,
LOC111111584,uncharacterized protein LOC111111584,XP_022304355.1,1,Yes,1,fam90_vs_fam120,No,0,,No,0,,No,0,,No,0,
LOC111111586,tripartite motif-containing protein 3-like,XP_022304360.1,1,Yes,2,fam90_vs_fam120; fam90_vs_fam89,No,0,,No,0,,No,0,,No,0,
LOC111111589,uncharacterized protein LOC111111589 isoform X2,XP_022304358.1,1,Yes,1,fam90_vs_fam89,No,0,,No,0,,No,0,,No,0,
LOC111111592,calcitonin gene-related peptide type 1 receptor-like,XP_022304364.1,1,Yes,1,fam90_vs_fam89,No,0,,No,0,,No,0,,No,0,
LOC111111599,CUGBP Elav-like family member 4 isoform X8,XP_022304373.1,1,No,0,,No,0,,No,0,,Yes,1,28d_fed_vs_inj,No,0,
LOC111111600,LOW QUALITY PROTEIN: uncharacterized protein LOC111111600,XP_022304380.1,1,Yes,1,fam90_vs_fam89,No,0,,No,0,,No,0,,No,0,
LOC111111603,kielin/chordin-like protein,XP_022304386.1,1,No,0,,No,0,,No,0,,No,0,,Yes,1,resistant_fam266_36h_7d
LOC111111610,perlucin-like protein,XP_022304396.1,1,No,0,,No,0,,Yes,1,Cv_Pmarinus_infection,No,0,,No,0,
LOC111111620,flocculation protein FLO11-like isoform X1,XP_022304411.1,1,Yes,1,fam90_vs_fam120,No,0,,No,0,,No,0,,No,0,
LOC111111621,esterase OVCA2-like,XP_022304414.1,1,Yes,1,fam90_vs_fam89,No,0,,No,0,,No,0,,No,0,
LOC111111624,"alpha-1,3-mannosyl-glycoprotein 4-beta-N-acetylglucosaminyltransferase C-like isoform X2",XP_022304415.1,1,Yes,2,fam90_vs_fam120; fam90_vs_fam89,No,0,,No,0,,No,0,,No,0,
LOC111111625,uncharacterized protein LOC111111625,XP_022304420.1,1,No,0,,No,0,,No,0,,Yes,1,7d_fed_vs_inj,No,0,
LOC111111627,uncharacterized protein LOC111111627 isoform X1,XP_022304423.1,1,No,0,,No,0,,No,0,,Yes,1,28d_fed_vs_inj,No,0,
LOC111111634,uncharacterized protein LOC111111634 isoform X1,XP_022304431.1,1,Yes,1,fam90_vs_fam84,No,0,,No,0,,No,0,,No,0,
LOC111111647,uncharacterized protein LOC111111647,XP_022304453.1,1,Yes,1,fam90_vs_fam120,No,0,,No,0,,No,0,,No,0,
LOC111111648,vacuolar protein sorting-associated protein 4-like isoform X2,XP_022304454.1,1,Yes,1,fam90_vs_fam120,No,0,,No,0,,No,0,,No,0,
LOC111111668,uncharacterized protein LOC111111668,XP_022304481.1,1,No,0,,No,0,,No,0,,No,0,,Yes,1,resistant_fam266_36h_7d
LOC111111669,LOW QUALITY PROTEIN: SWI/SNF-related matrix-associated actin-dependent regulator of chromatin subfamily A-like protein 1,XP_022304482.1,1,Yes,1,fam90_vs_fam89,No,0,,No,0,,No,0,,No,0,
LOC111111680,uncharacterized protein LOC111111680 isoform X1,XP_022304503.1,1,Yes,1,fam90_vs_fam84,No,0,,No,0,,No,0,,No,0,
LOC111111695,tripartite motif-containing protein 2-like,XP_022304526.1,1,No,0,,No,0,,Yes,1,Cv_Pmarinus_infection,No,0,,No,0,
LOC111111710,uncharacterized protein LOC111111710,XP_022304551.1,1,No,0,,No,0,,Yes,1,Cv_Pmarinus_infection,No,0,,No,0,
LOC111111714,thrombospondin-1-like,XP_022304565.1,1,Yes,1,fam90_vs_fam89,No,0,,No,0,,No,0,,No,0,
LOC111111741,uncharacterized protein LOC111111741,XP_022304583.1,1,Yes,2,fam90_vs_fam84; fam90_vs_fam89,No,0,,No,0,,No,0,,No,0,
LOC111111778,kielin/chordin-like protein,XP_022304634.1,1,No,0,,No,0,,No,0,,No,0,,Yes,1,resistant_fam266_36h_7d
LOC111111794,uncharacterized protein LOC111111794,XP_022304652.1,1,Yes,1,fam90_vs_fam120,No,0,,No,0,,No,0,,No,0,
LOC111111801,uncharacterized protein LOC111111801,XP_022304657.1,1,Yes,1,fam90_vs_fam89,No,0,,No,0,,No,0,,No,0,
LOC111111812,uncharacterized protein LOC111111812 isoform X1,XP_022304669.1,1,Yes,1,fam90_vs_fam89,No,0,,No,0,,No,0,,No,0,
LOC111111813,uncharacterized protein LOC111111813 isoform X2,XP_022304671.1,1,Yes,1,fam90_vs_fam89,No,0,,No,0,,No,0,,No,0,
LOC111111816,uncharacterized protein LOC111111816 isoform X2,XP_022304676.1,1,Yes,3,fam90_vs_fam120; fam90_vs_fam84; fam90_vs_fam89,No,0,,No,0,,No,0,,No,0,
LOC111111817,uncharacterized protein LOC111111817,XP_022304679.1,1,Yes,3,fam90_vs_fam120; fam90_vs_fam84; fam90_vs_fam89,No,0,,No,0,,No,0,,No,0,
LOC111111818,uncharacterized protein LOC111111818 isoform X4,XP_022304680.1,1,Yes,1,fam90_vs_fam89,No,0,,No,0,,No,0,,No,0,
LOC111111831,uncharacterized protein LOC111111831,XP_022304701.1,1,Yes,1,fam90_vs_fam89,No,0,,No,0,,No,0,,No,0,
LOC111111835,uncharacterized protein LOC111111835,XP_022304709.1,1,Yes,1,fam90_vs_fam120,No,0,,No,0,,No,0,,No,0,
LOC111111839,uncharacterized protein LOC111111839,XP_022304715.1,1,Yes,1,fam90_vs_fam89,No,0,,No,0,,No,0,,No,0,
LOC111111855,glutamate-rich protein 3-like isoform X9,XP_022304730.1,1,No,0,,No,0,,No,0,,Yes,1,28d_fed_vs_inj,No,0,
LOC111111860,uncharacterized protein LOC111111860 isoform X2,XP_022304733.1,1,Yes,2,fam90_vs_fam84; fam90_vs_fam89,No,0,,No,0,,No,0,,No,0,
LOC111111864,E3 ubiquitin-protein ligase TRIM71-like,XP_022304739.1,1,Yes,1,fam90_vs_fam89,No,0,,No,0,,No,0,,No,0,
LOC111111871,cystatin-A-like isoform X2,XP_022304748.1,1,Yes,1,fam90_vs_fam120,No,0,,No,0,,No,0,,No,0,
LOC111111877,uncharacterized protein LOC111111877,XP_022304766.1,1,No,0,,No,0,,No,0,,Yes,1,36h_fed_vs_inj,No,0,
LOC111111886,cAMP-responsive element modulator-like isoform X2,XP_022304784.1,1,No,0,,No,0,,No,0,,Yes,1,28d_fed_vs_inj,No,0,
LOC111111906,uncharacterized protein LOC111111906 isoform X1,XP_022304800.1,1,No,0,,No,0,,No,0,,Yes,1,28d_fed_vs_inj,No,0,
LOC111111908,uncharacterized protein LOC111111908,XP_022304805.1,1,Yes,1,fam90_vs_fam89,No,0,,No,0,,No,0,,No,0,
LOC111111916,E3 ubiquitin-protein ligase TRIM71-like,XP_022304814.1,1,Yes,3,fam90_vs_fam120; fam90_vs_fam84; fam90_vs_fam89,No,0,,No,0,,No,0,,No,0,
LOC111111919,uncharacterized protein LOC111111919 isoform X2,XP_022304819.1,1,Yes,1,fam90_vs_fam120,No,0,,No,0,,No,0,,No,0,
LOC111111922,uncharacterized protein LOC111111922,XP_022304821.1,1,Yes,1,fam90_vs_fam120,No,0,,No,0,,No,0,,No,0,
LOC111111932,multiple epidermal growth factor-like domains protein 6,XP_022304835.1,1,Yes,1,fam90_vs_fam89,No,0,,No,0,,No,0,,No,0,
LOC111111935,sphingosine-1-phosphate phosphatase 2-like,XP_022304838.1,1,Yes,1,fam90_vs_fam84,No,0,,No,0,,No,0,,No,0,
LOC111111949,multiple epidermal growth factor-like domains protein 10,XP_022304875.1,1,No,0,,No,0,,Yes,1,Cv_Pmarinus_infection,No,0,,No,0,
LOC111111953,cell death abnormality protein 1-like,XP_022304882.1,1,No,0,,No,0,,Yes,1,Cv_Pmarinus_infection,No,0,,No,0,
LOC111111954,multiple epidermal growth factor-like domains protein 10,XP_022304883.1,1,Yes,1,fam90_vs_fam89,No,0,,No,0,,No,0,,No,0,
LOC111111969,integrin alpha-8-like,XP_022304893.1,1,Yes,2,fam90_vs_fam120; fam90_vs_fam84,No,0,,No,0,,No,0,,No,0,
LOC111111978,fibroblast growth factor receptor 1-A-like,XP_022304914.1,1,Yes,1,fam90_vs_fam89,No,0,,No,0,,No,0,,No,0,
LOC111111982,uncharacterized protein LOC111111982,XP_022304919.1,1,Yes,1,fam90_vs_fam84,No,0,,No,0,,No,0,,No,0,
LOC111111992,uncharacterized protein LOC111111992 isoform X2,XP_022304933.1,1,Yes,1,fam90_vs_fam89,No,0,,No,0,,No,0,,No,0,
LOC111112017,uncharacterized protein LOC111112017,XP_022305008.1,1,Yes,1,fam90_vs_fam120,No,0,,No,0,,No,0,,No,0,
LOC111112018,uncharacterized protein LOC111112018,XP_022305010.1,1,No,0,,No,0,,Yes,1,Cv_Pmarinus_infection,No,0,,No,0,
LOC111112022,uncharacterized protein LOC111112022 isoform X1,XP_022305014.1,1,Yes,2,fam90_vs_fam120; fam90_vs_fam84,No,0,,No,0,,No,0,,No,0,
LOC111112027,uncharacterized protein LOC111112027,XP_022305019.1,1,Yes,1,fam90_vs_fam120,No,0,,No,0,,No,0,,No,0,
LOC111112028,ras-associated and pleckstrin homology domains-containing protein 1-like isoform X1,XP_022305020.1,1,No,0,,No,0,,No,0,,Yes,1,28d_fed_vs_inj,No,0,
LOC111112032,zinc finger BED domain-containing protein 1-like isoform X2,XP_022305034.1,1,Yes,2,fam90_vs_fam84; fam90_vs_fam89,No,0,,No,0,,No,0,,No,0,
LOC111112041,tripartite motif-containing protein 3-like,XP_022305049.1,1,Yes,2,fam90_vs_fam120; fam90_vs_fam89,No,0,,No,0,,No,0,,No,0,
LOC111112046,LOW QUALITY PROTEIN: uncharacterized protein LOC111112046,XP_022305054.1,1,No,0,,No,0,,Yes,1,Cv_Pmarinus_infection,No,0,,No,0,
LOC111112047,uncharacterized protein LOC111112047,XP_022305055.1,1,Yes,1,fam90_vs_fam120,No,0,,No,0,,No,0,,No,0,
LOC111112050,protein PLANT CADMIUM RESISTANCE 3-like isoform X2,XP_022305058.1,1,Yes,1,fam90_vs_fam84,No,0,,No,0,,No,0,,No,0,
LOC111112070,perlucin-like protein,XP_022305077.1,1,Yes,2,fam90_vs_fam120; fam90_vs_fam84,No,0,,No,0,,No,0,,No,0,
LOC111112074,multiple epidermal growth factor-like domains protein 6,XP_022305080.1,1,Yes,1,fam90_vs_fam89,No,0,,No,0,,No,0,,No,0,
LOC111112080,protein lin-41-like isoform X1,XP_022305089.1,1,Yes,1,fam90_vs_fam89,No,0,,No,0,,No,0,,No,0,
LOC111112085,uncharacterized protein LOC111112085,XP_022305098.1,1,Yes,1,fam90_vs_fam89,No,0,,No,0,,No,0,,No,0,
LOC111112086,uncharacterized protein LOC111112086 isoform X1,XP_022305100.1,1,No,0,,No,0,,Yes,1,Cv_Pmarinus_infection,No,0,,No,0,
LOC111112099,A-kinase anchor protein 9-like isoform X7,XP_022305116.1,1,Yes,1,fam90_vs_fam84,No,0,,No,0,,No,0,,No,0,
LOC111112111,uncharacterized protein LOC111112111,XP_022305145.1,1,Yes,2,fam90_vs_fam120; fam90_vs_fam89,No,0,,No,0,,No,0,,No,0,
LOC111112114,sperm-associated antigen 6-like isoform X5,XP_022305148.1,1,Yes,1,fam90_vs_fam89,No,0,,No,0,,No,0,,No,0,
LOC111112120,LOW QUALITY PROTEIN: sperm-associated antigen 6-like,XP_022305165.1,1,No,0,,No,0,,Yes,1,Cv_Pmarinus_infection,No,0,,No,0,
LOC111112129,tubulin polyglutamylase TTLL4-like isoform X2,XP_022305180.1,1,Yes,1,fam90_vs_fam84,No,0,,No,0,,No,0,,No,0,
LOC111112131,kinesin-like protein KIF21A isoform X1,XP_022305193.1,1,No,0,,No,0,,No,0,,Yes,1,28d_fed_vs_inj,No,0,
LOC111112139,toll-like receptor 4,XP_022305210.1,1,No,0,,No,0,,Yes,1,Cv_Pmarinus_infection,No,0,,No,0,
LOC111112167,multiple epidermal growth factor-like domains protein 10,XP_022305247.1,1,Yes,1,fam90_vs_fam84,No,0,,No,0,,No,0,,No,0,
LOC111112204,uncharacterized protein LOC111112204 isoform X2,XP_022305313.1,1,No,0,,No,0,,No,0,,Yes,1,28d_fed_vs_inj,No,0,
LOC111112225,glycoprotein 3-alpha-L-fucosyltransferase A-like,XP_022305347.1,1,Yes,1,fam90_vs_fam89,No,0,,No,0,,No,0,,No,0,
LOC111112226,"alpha-(1,3)-fucosyltransferase C-like",XP_022305348.1,1,Yes,1,fam90_vs_fam89,No,0,,No,0,,No,0,,No,0,
LOC111112251,fibrillin-2-like isoform X1,XP_022305365.1,1,No,0,,No,0,,Yes,1,Cv_Pmarinus_infection,No,0,,No,0,
LOC111112253,tectonic-3-like isoform X1,XP_022305370.1,1,No,0,,No,0,,No,0,,Yes,1,7d_fed_vs_inj,No,0,
LOC111112260,myosin-1-like isoform X6,XP_022305371.1,1,Yes,1,fam90_vs_fam89,No,0,,No,0,,No,0,,No,0,
LOC111112301,uncharacterized protein LOC111112301 isoform X4,XP_022305424.1,1,No,0,,No,0,,No,0,,Yes,1,6h_fed_vs_ctrl,No,0,
LOC111112307,tyrosine-protein phosphatase non-receptor type 4-like isoform X3,XP_022305440.1,1,No,0,,No,0,,No,0,,Yes,1,28d_fed_vs_inj,No,0,
LOC111112316,C-type lectin domain family 10 member A-like,XP_022305465.1,1,No,0,,No,0,,Yes,1,Cv_Pmarinus_infection,No,0,,No,0,
LOC111112324,uncharacterized protein LOC111112324,XP_022305472.1,1,Yes,1,fam90_vs_fam89,No,0,,No,0,,No,0,,No,0,
LOC111112363,uncharacterized protein LOC111112363,XP_022305524.1,1,No,0,,No,0,,Yes,1,Cv_Pmarinus_infection,No,0,,No,0,
LOC111112369,transcription factor E2F3-like,XP_022305570.1,1,No,0,,No,0,,No,0,,Yes,1,7d_fed_vs_inj,No,0,
LOC111112381,putative nuclease HARBI1,XP_022305557.1,1,Yes,1,fam90_vs_fam84,No,0,,No,0,,No,0,,No,0,
LOC111112392,uncharacterized protein K02A2.6-like,XP_022305564.1,1,Yes,1,fam90_vs_fam89,No,0,,No,0,,No,0,,No,0,
LOC111112408,uncharacterized protein LOC111112408,XP_022305595.1,1,Yes,1,fam90_vs_fam84,No,0,,No,0,,No,0,,No,0,
LOC111112414,glycylpeptide N-tetradecanoyltransferase 2-like,XP_022305603.1,1,Yes,2,fam90_vs_fam120; fam90_vs_fam89,No,0,,No,0,,No,0,,No,0,
LOC111112418,EF-hand calcium-binding domain-containing protein 1-like,XP_022305608.1,1,No,0,,No,0,,No,0,,Yes,1,28d_fed_vs_inj,No,0,
LOC111112420,glycylpeptide N-tetradecanoyltransferase 2-like,XP_022305609.1,1,Yes,1,fam90_vs_fam89,No,0,,No,0,,No,0,,No,0,
LOC111112433,uncharacterized protein LOC111112433,XP_022305622.1,1,No,0,,No,0,,No,0,,Yes,1,28d_fed_vs_inj,No,0,
LOC111112435,serine/threonine-protein phosphatase 6 regulatory ankyrin repeat subunit C-like,XP_022305630.1,1,Yes,1,fam90_vs_fam89,No,0,,No,0,,No,0,,No,0,
LOC111112437,rho GTPase-activating protein 15-like,XP_022305633.1,1,No,0,,No,0,,Yes,1,Cv_Pmarinus_infection,No,0,,No,0,
LOC111112446,uncharacterized protein LOC111112446 isoform X1,XP_022305648.1,1,Yes,1,fam90_vs_fam120,No,0,,No,0,,No,0,,No,0,
LOC111112452,uncharacterized protein LOC111112452 isoform X1,XP_022305663.1,1,Yes,2,fam90_vs_fam120; fam90_vs_fam84,No,0,,No,0,,No,0,,No,0,
LOC111112457,uncharacterized protein LOC111112457,XP_022305676.1,1,Yes,1,fam90_vs_fam84,No,0,,No,0,,No,0,,No,0,
LOC111112490,coiled-coil domain-containing protein CG32809-like isoform X4,XP_022305713.1,1,Yes,1,fam90_vs_fam89,No,0,,No,0,,No,0,,No,0,
LOC111112499,uncharacterized protein LOC111112499,XP_022305724.1,1,No,0,,No,0,,No,0,,Yes,1,28d_fed_vs_inj,No,0,
LOC111112546,protein draper-like,XP_022305779.1,1,Yes,1,fam90_vs_fam89,No,0,,No,0,,No,0,,No,0,
LOC111112550,insulin-like growth factor 2 mRNA-binding protein 2 isoform X1,XP_022305782.1,1,No,0,,No,0,,No,0,,Yes,1,7d_fed_vs_inj,No,0,
LOC111112558,dnaJ homolog subfamily C member 5-like isoform X3,XP_022305795.1,1,No,0,,No,0,,No,0,,Yes,1,28d_fed_vs_inj,No,0,
LOC111112581,E3 ubiquitin-protein ligase TRIM56-like,XP_022305825.1,1,Yes,1,fam90_vs_fam89,No,0,,No,0,,No,0,,No,0,
LOC111112582,uncharacterized protein LOC111112582,XP_022305829.1,1,Yes,1,fam90_vs_fam89,No,0,,No,0,,No,0,,No,0,
LOC111112588,leucine-rich repeat-containing protein 71-like isoform X8,XP_022305843.1,1,Yes,2,fam90_vs_fam84; fam90_vs_fam89,No,0,,No,0,,No,0,,No,0,
LOC111112594,uncharacterized protein LOC111112594,XP_022305874.1,1,Yes,1,fam90_vs_fam120,No,0,,No,0,,No,0,,No,0,
LOC111112602,LOW QUALITY PROTEIN: spermine oxidase-like,XP_022305886.1,1,Yes,2,fam90_vs_fam120; fam90_vs_fam89,No,0,,No,0,,No,0,,No,0,
LOC111112603,uncharacterized protein LOC111112603,XP_022305882.1,1,Yes,2,fam90_vs_fam120; fam90_vs_fam89,No,0,,No,0,,No,0,,No,0,
LOC111112604,uncharacterized protein LOC111112604,XP_022305887.1,1,Yes,1,fam90_vs_fam89,No,0,,No,0,,No,0,,No,0,
LOC111112611,uncharacterized protein LOC111112611,XP_022305918.1,1,Yes,1,fam90_vs_fam120,No,0,,No,0,,No,0,,No,0,
LOC111112612,uncharacterized protein LOC111112612 isoform X1,XP_022305919.1,1,Yes,1,fam90_vs_fam84,No,0,,No,0,,No,0,,No,0,
LOC111112615,uncharacterized protein LOC111112615 isoform X1,XP_022305938.1,1,Yes,1,fam90_vs_fam89,No,0,,No,0,,No,0,,No,0,
LOC111112631,uncharacterized protein LOC111112631 isoform X2,XP_022305989.1,1,Yes,2,fam90_vs_fam120; fam90_vs_fam89,No,0,,No,0,,No,0,,No,0,
LOC111112632,uncharacterized protein LOC111112632,XP_022305994.1,1,Yes,1,fam90_vs_fam84,No,0,,No,0,,No,0,,No,0,
LOC111112648,uncharacterized protein LOC111112648,XP_022306018.1,1,Yes,1,fam90_vs_fam84,No,0,,No,0,,No,0,,No,0,
LOC111112653,uncharacterized protein LOC111112653 isoform X1,XP_022306022.1,1,Yes,2,fam90_vs_fam84; fam90_vs_fam89,No,0,,No,0,,No,0,,No,0,
LOC111112699,multidrug resistance protein 1B-like isoform X1,XP_022306127.1,1,No,0,,No,0,,No,0,,Yes,2,36h_fed_vs_inj; 7d_fed_vs_inj,No,0,
LOC111112700,ubiquitin carboxyl-terminal hydrolase 8-like isoform X2,XP_022306132.1,1,Yes,3,fam90_vs_fam120; fam90_vs_fam84; fam90_vs_fam89,No,0,,No,0,,No,0,,No,0,
LOC111112701,"39S ribosomal protein L21, mitochondrial-like",XP_022306137.1,1,Yes,1,fam90_vs_fam89,No,0,,No,0,,No,0,,No,0,
LOC111112733,heterogeneous nuclear ribonucleoprotein K-like isoform X6,XP_022306177.1,1,Yes,1,fam90_vs_fam120,No,0,,No,0,,No,0,,No,0,
LOC111112744,ankyrin-3-like isoform X1,XP_022306201.1,1,Yes,1,fam90_vs_fam120,No,0,,No,0,,No,0,,No,0,
LOC111112746,interferon alpha-inducible protein 27-like protein 2B isoform X2,XP_022306205.1,1,Yes,1,fam90_vs_fam84,No,0,,No,0,,No,0,,No,0,
LOC111112749,alpha-1-macroglobulin-like,XP_022306212.1,1,No,0,,No,0,,Yes,1,Cv_Pmarinus_infection,No,0,,No,0,
LOC111112754,receptor-type tyrosine-protein phosphatase kappa-like,XP_022306224.1,1,Yes,1,fam90_vs_fam120,No,0,,No,0,,No,0,,No,0,
LOC111112766,multiple epidermal growth factor-like domains protein 10 isoform X2,XP_022306243.1,1,Yes,1,fam90_vs_fam89,No,0,,No,0,,No,0,,No,0,
LOC111112767,uncharacterized protein LOC111112767 isoform X1,XP_022306246.1,1,Yes,1,fam90_vs_fam89,No,0,,No,0,,No,0,,No,0,
LOC111112777,multiple epidermal growth factor-like domains protein 10,XP_022306270.1,1,Yes,2,fam90_vs_fam120; fam90_vs_fam84,No,0,,No,0,,No,0,,No,0,
LOC111112792,uncharacterized protein LOC111112792,XP_022306695.1,1,Yes,2,fam90_vs_fam84; fam90_vs_fam89,No,0,,No,0,,No,0,,No,0,
LOC111112793,probable cytosolic iron-sulfur protein assembly protein CIAO1 homolog,XP_022306341.1,1,No,0,,No,0,,Yes,1,Cv_Pmarinus_infection,No,0,,No,0,
LOC111112798,putative nuclease HARBI1,XP_022306310.1,1,No,0,,No,0,,No,0,,Yes,1,7d_fed_vs_inj,No,0,
LOC111112810,uncharacterized protein LOC111112810 isoform X1,XP_022306324.1,1,No,0,,No,0,,No,0,,Yes,2,36h_fed_vs_inj; 6h_fed_vs_ctrl,No,0,
LOC111112812,ryncolin-1-like,XP_022306347.1,1,No,0,,No,0,,Yes,1,Cv_Pmarinus_infection,No,0,,No,0,
LOC111112813,ryncolin-4-like,XP_022306348.1,1,Yes,2,fam90_vs_fam120; fam90_vs_fam84,No,0,,No,0,,No,0,,No,0,
LOC111112819,uncharacterized protein LOC111112819,XP_022306357.1,1,Yes,1,fam90_vs_fam120,No,0,,No,0,,No,0,,No,0,
LOC111112822,uncharacterized protein LOC111112822,XP_022306362.1,1,No,0,,No,0,,Yes,1,Cv_Pmarinus_infection,No,0,,No,0,
LOC111112839,uncharacterized protein LOC111112839 isoform X1,XP_022306387.1,1,Yes,1,fam90_vs_fam89,No,0,,No,0,,No,0,,No,0,
LOC111112842,uncharacterized protein LOC111112842,XP_022306397.1,1,Yes,1,fam90_vs_fam89,No,0,,No,0,,No,0,,No,0,
LOC111112847,uncharacterized protein LOC111112847,XP_022306408.1,1,Yes,3,fam90_vs_fam120; fam90_vs_fam84; fam90_vs_fam89,No,0,,No,0,,No,0,,No,0,
LOC111112876,vasopressin V1b receptor-like,XP_022306442.1,1,No,0,,Yes,1,Pmarinus_infection,No,0,,No,0,,No,0,
LOC111112879,uncharacterized protein LOC111112879 isoform X2,XP_022306444.1,1,Yes,1,fam90_vs_fam120,No,0,,No,0,,No,0,,No,0,
LOC111112883,calcitonin gene-related peptide type 1 receptor-like isoform X1,XP_022306449.1,1,Yes,1,fam90_vs_fam120,No,0,,No,0,,No,0,,No,0,
LOC111112884,uncharacterized protein LOC111112884,XP_022306455.1,1,Yes,2,fam90_vs_fam120; fam90_vs_fam89,No,0,,No,0,,No,0,,No,0,
LOC111112886,protein FAM214A-like isoform X1,XP_022306456.1,1,Yes,1,fam90_vs_fam89,No,0,,No,0,,No,0,,No,0,
LOC111112887,uncharacterized protein LOC111112887 isoform X1,XP_022306459.1,1,Yes,1,fam90_vs_fam120,No,0,,No,0,,No,0,,No,0,
LOC111112894,carcinoembryonic antigen-related cell adhesion molecule 1-like isoform X2,XP_022306468.1,1,Yes,2,fam90_vs_fam84; fam90_vs_fam89,No,0,,No,0,,No,0,,No,0,
LOC111112895,uncharacterized protein LOC111112895,XP_022306472.1,1,Yes,3,fam90_vs_fam120; fam90_vs_fam84; fam90_vs_fam89,No,0,,No,0,,No,0,,No,0,
LOC111112897,uncharacterized protein LOC111112897,XP_022306474.1,1,Yes,1,fam90_vs_fam120,No,0,,No,0,,No,0,,No,0,
LOC111112900,uncharacterized protein LOC111112900 isoform X3,XP_022306479.1,1,Yes,2,fam90_vs_fam120; fam90_vs_fam89,No,0,,No,0,,No,0,,No,0,
LOC111112901,uncharacterized protein LOC111112901,XP_022306483.1,1,Yes,1,fam90_vs_fam120,No,0,,No,0,,No,0,,No,0,
LOC111112902,uncharacterized protein LOC111112902,XP_022306484.1,1,Yes,1,fam90_vs_fam89,No,0,,No,0,,No,0,,No,0,
LOC111112912,alpha-1-macroglobulin-like isoform X1,XP_022306491.1,1,No,0,,No,0,,Yes,1,Cv_Pmarinus_infection,No,0,,No,0,
LOC111112916,uncharacterized protein LOC111112916 isoform X2,XP_022306504.1,1,Yes,1,fam90_vs_fam84,No,0,,No,0,,No,0,,No,0,
LOC111112917,cysteine dioxygenase type 1-like,XP_022306506.1,1,Yes,1,fam90_vs_fam84,No,0,,No,0,,No,0,,No,0,
LOC111112924,protein draper-like isoform X1,XP_022306519.1,1,Yes,1,fam90_vs_fam89,No,0,,No,0,,No,0,,No,0,
LOC111112956,uncharacterized protein LOC111112956,XP_022306557.1,1,Yes,1,fam90_vs_fam120,No,0,,No,0,,No,0,,No,0,
LOC111112957,uncharacterized protein LOC111112957 isoform X2,XP_022306558.1,1,No,0,,No,0,,Yes,1,Cv_Pmarinus_infection,No,0,,No,0,
LOC111112958,uncharacterized protein LOC111112958,XP_022306560.1,1,Yes,1,fam90_vs_fam89,No,0,,No,0,,No,0,,No,0,
LOC111112966,uncharacterized protein LOC111112966 isoform X2,XP_022306570.1,1,Yes,1,fam90_vs_fam84,No,0,,No,0,,No,0,,No,0,
LOC111112969,protein PML-like,XP_022306579.1,1,Yes,1,fam90_vs_fam89,No,0,,No,0,,No,0,,No,0,
LOC111112970,E3 ubiquitin-protein ligase Midline-1-like,XP_022306581.1,1,Yes,1,fam90_vs_fam120,No,0,,No,0,,No,0,,No,0,
LOC111112980,ankyrin repeat domain-containing protein 29-like,XP_022306593.1,1,Yes,1,fam90_vs_fam89,No,0,,No,0,,No,0,,No,0,
LOC111112991,multidrug resistance protein 1-like isoform X1,XP_022306605.1,1,No,0,,No,0,,No,0,,Yes,1,7d_fed_vs_inj,No,0,
LOC111113002,uncharacterized protein LOC111113002 isoform X2,XP_022306625.1,1,Yes,1,fam90_vs_fam120,No,0,,No,0,,No,0,,No,0,
LOC111113003,protein draper-like isoform X1,XP_022306627.1,1,No,0,,No,0,,Yes,1,Cv_Pmarinus_infection,No,0,,No,0,
LOC111113004,multiple epidermal growth factor-like domains protein 10,XP_022306630.1,1,Yes,1,fam90_vs_fam120,No,0,,No,0,,No,0,,No,0,
LOC111113008,platelet endothelial aggregation receptor 1-like,XP_022306635.1,1,Yes,1,fam90_vs_fam89,No,0,,No,0,,No,0,,No,0,
LOC111113020,multiple epidermal growth factor-like domains protein 10 isoform X1,XP_022306648.1,1,No,0,,No,0,,Yes,1,Cv_Pmarinus_infection,No,0,,No,0,
LOC111113024,receptor-type tyrosine-protein phosphatase gamma-like,XP_022306660.1,1,Yes,1,fam90_vs_fam89,No,0,,No,0,,No,0,,No,0,
LOC111113026,cathepsin L1-like,XP_022306664.1,1,No,0,,No,0,,No,0,,Yes,1,28d_fed_vs_inj,No,0,
LOC111113027,parathyroid hormone/parathyroid hormone-related peptide receptor-like,XP_022306668.1,1,No,0,,No,0,,No,0,,Yes,1,28d_fed_vs_inj,No,0,
LOC111113028,cathepsin L1-like,XP_022306666.1,1,Yes,1,fam90_vs_fam84,No,0,,No,0,,No,0,,No,0,
LOC111113029,cathepsin L1-like,XP_022306667.1,1,Yes,2,fam90_vs_fam120; fam90_vs_fam84,No,0,,No,0,,No,0,,No,0,
LOC111113030,serine/threonine-protein kinase STE20-like,XP_022306669.1,1,Yes,1,fam90_vs_fam84,No,0,,No,0,,No,0,,No,0,
LOC111113064,receptor-type tyrosine-protein phosphatase T-like,XP_022306743.1,1,Yes,1,fam90_vs_fam84,No,0,,No,0,,No,0,,No,0,
LOC111113067,uncharacterized protein LOC111113067,XP_022306746.1,1,Yes,1,fam90_vs_fam120,No,0,,No,0,,No,0,,No,0,
LOC111113069,scavenger receptor class F member 2-like,XP_022306748.1,1,Yes,1,fam90_vs_fam89,No,0,,No,0,,No,0,,No,0,
LOC111113070,uncharacterized protein LOC111113070 isoform X1,XP_022306750.1,1,Yes,1,fam90_vs_fam89,No,0,,No,0,,No,0,,No,0,
LOC111113072,receptor-type tyrosine-protein phosphatase alpha-like,XP_022306753.1,1,Yes,1,fam90_vs_fam84,No,0,,No,0,,No,0,,No,0,
LOC111113081,uncharacterized protein LOC111113081,XP_022306760.1,1,Yes,1,fam90_vs_fam89,No,0,,No,0,,No,0,,No,0,
LOC111113084,protein draper-like isoform X3,XP_022306764.1,1,No,0,,No,0,,Yes,1,Cv_Pmarinus_infection,No,0,,No,0,
LOC111113086,ras-related protein Rab-27B-like isoform X1,XP_022306768.1,1,Yes,1,fam90_vs_fam84,No,0,,No,0,,No,0,,No,0,
LOC111113090,GATOR complex protein MIOS-like isoform X2,XP_022306778.1,1,Yes,2,fam90_vs_fam84; fam90_vs_fam89,No,0,,No,0,,No,0,,No,0,
LOC111113098,"dynein heavy chain 6, axonemal-like isoform X3",XP_022306788.1,1,No,0,,No,0,,No,0,,Yes,1,7d_fed_vs_inj,No,0,
LOC111113106,"dynein heavy chain 6, axonemal-like",XP_022306802.1,1,Yes,1,fam90_vs_fam84,No,0,,No,0,,No,0,,No,0,
LOC111113117,lysozyme 1-like,XP_022306812.1,1,No,0,,No,0,,Yes,1,Cv_Pmarinus_infection,No,0,,No,0,
LOC111113118,lysozyme 1-like,XP_022306813.1,1,No,0,,No,0,,Yes,1,Cv_Pmarinus_infection,No,0,,No,0,
LOC111113119,lysozyme 1-like,XP_022306814.1,1,No,0,,No,0,,Yes,1,Cv_Pmarinus_infection,No,0,,No,0,
LOC111113124,vacuolar protein sorting-associated protein 41 homolog isoform X1,XP_022306819.1,1,Yes,1,fam90_vs_fam89,No,0,,No,0,,No,0,,No,0,
LOC111113125,uncharacterized protein LOC111113125 isoform X1,XP_022306826.1,1,Yes,1,fam90_vs_fam89,No,0,,No,0,,No,0,,No,0,
LOC111113148,uncharacterized protein LOC111113148,XP_022306864.1,1,Yes,1,fam90_vs_fam120,No,0,,No,0,,No,0,,No,0,
LOC111113149,uncharacterized protein LOC111113149,XP_022306865.1,1,No,0,,No,0,,Yes,1,Cv_Pmarinus_infection,No,0,,No,0,
LOC111113169,receptor-type tyrosine-protein phosphatase T-like,XP_022306913.1,1,Yes,1,fam90_vs_fam120,No,0,,No,0,,No,0,,No,0,
LOC111113173,phosphatidylinositol 4-phosphate 5-kinase type-1 alpha-like isoform X7,XP_022306921.1,1,No,0,,No,0,,No,0,,Yes,1,28d_fed_vs_inj,No,0,
LOC111113175,cell death abnormality protein 1-like isoform X9,XP_022306937.1,1,No,0,,No,0,,Yes,1,Cv_Pmarinus_infection,No,0,,No,0,
LOC111113177,cell death abnormality protein 1-like isoform X3,XP_022306955.1,1,No,0,,No,0,,Yes,1,Cv_Pmarinus_infection,No,0,,No,0,
LOC111113185,multiple epidermal growth factor-like domains protein 10,XP_022306977.1,1,Yes,1,fam90_vs_fam120,No,0,,No,0,,No,0,,No,0,
LOC111113186,multiple epidermal growth factor-like domains protein 10 isoform X1,XP_022306978.1,1,No,0,,No,0,,Yes,1,Cv_Pmarinus_infection,No,0,,No,0,
LOC111113188,dnaJ homolog subfamily C member 25-like isoform X4,XP_022306988.1,1,No,0,,No,0,,No,0,,Yes,1,7d_fed_vs_inj,No,0,
LOC111113190,multiple epidermal growth factor-like domains protein 6,XP_022306987.1,1,No,0,,No,0,,Yes,1,Cv_Pmarinus_infection,No,0,,No,0,
LOC111113192,multiple epidermal growth factor-like domains protein 6 isoform X1,XP_022306990.1,1,Yes,1,fam90_vs_fam89,No,0,,No,0,,No,0,,No,0,
LOC111113196,uncharacterized protein LOC111113196,XP_022306996.1,1,No,0,,No,0,,Yes,1,Cv_Pmarinus_infection,No,0,,No,0,
LOC111113205,uncharacterized protein LOC111113205,XP_022307011.1,1,Yes,1,fam90_vs_fam84,No,0,,No,0,,No,0,,No,0,
LOC111113208,uncharacterized protein LOC111113208,XP_022307015.1,1,No,0,,No,0,,Yes,1,Cv_Pmarinus_infection,No,0,,No,0,
LOC111113209,dnaJ homolog subfamily A member 4-like,XP_022307017.1,1,Yes,1,fam90_vs_fam89,No,0,,No,0,,No,0,,No,0,
LOC111113238,protein lap4-like isoform X5,XP_022307046.1,1,No,0,,No,0,,No,0,,Yes,1,28d_fed_vs_inj,No,0,
LOC111113242,uncharacterized protein LOC111113242,XP_022307049.1,1,Yes,1,fam90_vs_fam84,No,0,,No,0,,No,0,,No,0,
LOC111113243,,,1,No,0,,No,0,,Yes,1,Cv_Pmarinus_infection,No,0,,No,0,
LOC111113249,UPF0565 protein C2orf69 homolog isoform X1,XP_022307054.1,1,Yes,1,fam90_vs_fam89,No,0,,No,0,,No,0,,No,0,
LOC111113257,uncharacterized protein LOC111113257,XP_022307066.1,1,Yes,3,fam90_vs_fam120; fam90_vs_fam84; fam90_vs_fam89,No,0,,No,0,,No,0,,No,0,
LOC111113259,peroxisomal carnitine O-octanoyltransferase-like,XP_022307071.1,1,No,0,,No,0,,Yes,1,Cv_Pmarinus_infection,No,0,,No,0,
LOC111113260,uncharacterized protein LOC111113260 isoform X1,XP_022307072.1,1,Yes,1,fam90_vs_fam89,No,0,,No,0,,No,0,,No,0,
LOC111113262,integral membrane protein GPR155-like isoform X4,XP_022307077.1,1,Yes,1,fam90_vs_fam89,No,0,,No,0,,No,0,,No,0,
LOC111113267,uncharacterized protein LOC111113267 isoform X3,XP_022307088.1,1,Yes,3,fam90_vs_fam120; fam90_vs_fam84; fam90_vs_fam89,No,0,,No,0,,No,0,,No,0,
LOC111113279,DBF4-type zinc finger-containing protein 2 homolog,XP_022307113.1,1,Yes,2,fam90_vs_fam120; fam90_vs_fam84,No,0,,No,0,,No,0,,No,0,
LOC111113291,uncharacterized protein LOC111113291 isoform X1,XP_022307127.1,1,Yes,1,fam90_vs_fam120,No,0,,No,0,,No,0,,No,0,
LOC111113300,mucin-17-like isoform X3,XP_022307157.1,1,Yes,1,fam90_vs_fam84,No,0,,No,0,,No,0,,No,0,
LOC111113302,mucin-17-like isoform X1,XP_022307174.1,1,Yes,1,fam90_vs_fam120,No,0,,No,0,,No,0,,No,0,
LOC111113304,IgGFc-binding protein-like,XP_022307177.1,1,Yes,2,fam90_vs_fam120; fam90_vs_fam84,No,0,,No,0,,No,0,,No,0,
LOC111113321,uncharacterized protein LOC111113321,XP_022307217.1,1,Yes,1,fam90_vs_fam84,No,0,,No,0,,No,0,,No,0,
LOC111113324,uncharacterized protein LOC111113324,XP_022307221.1,1,No,0,,No,0,,No,0,,Yes,1,28d_fed_vs_inj,No,0,
LOC111113337,LOW QUALITY PROTEIN: bone morphogenetic protein 1-like,XP_022307244.1,1,No,0,,No,0,,No,0,,Yes,1,7d_fed_vs_inj,No,0,
LOC111113340,uncharacterized protein LOC111113340,XP_022307245.1,1,No,0,,No,0,,Yes,1,Cv_Pmarinus_infection,No,0,,No,0,
LOC111113342,vacuolar-sorting protein BRO1-like isoform X2,XP_022307246.1,1,Yes,1,fam90_vs_fam89,No,0,,No,0,,No,0,,No,0,
LOC111113343,uncharacterized protein LOC111113343,XP_022307249.1,1,Yes,1,fam90_vs_fam89,No,0,,No,0,,No,0,,No,0,
LOC111113348,protein RRNAD1-like,XP_022307257.1,1,Yes,2,fam90_vs_fam120; fam90_vs_fam89,No,0,,No,0,,No,0,,No,0,
LOC111113349,uncharacterized protein LOC111113349 isoform X1,XP_022307258.1,1,Yes,1,fam90_vs_fam89,No,0,,No,0,,No,0,,No,0,
LOC111113358,valine-rich protein-like isoform X4,XP_022307292.1,1,Yes,2,fam90_vs_fam120; fam90_vs_fam89,No,0,,No,0,,No,0,,No,0,
LOC111113359,cystatin-A1-like,XP_022307297.1,1,Yes,1,fam90_vs_fam120,No,0,,No,0,,No,0,,No,0,
LOC111113363,sodium-dependent dopamine transporter-like isoform X1,XP_022307298.1,1,Yes,2,fam90_vs_fam84; fam90_vs_fam89,No,0,,No,0,,No,0,,No,0,
LOC111113372,platelet endothelial aggregation receptor 1-like isoform X1,XP_022307315.1,1,Yes,1,fam90_vs_fam89,No,0,,No,0,,No,0,,No,0,
LOC111113373,cell death abnormality protein 1-like isoform X2,XP_022307318.1,1,No,0,,No,0,,Yes,1,Cv_Pmarinus_infection,No,0,,No,0,
LOC111113374,multiple epidermal growth factor-like domains protein 10,XP_022307320.1,1,Yes,1,fam90_vs_fam84,No,0,,No,0,,No,0,,No,0,
LOC111113377,complement C1q-like protein 2 isoform X1,XP_022307325.1,1,Yes,1,fam90_vs_fam84,No,0,,No,0,,No,0,,No,0,
LOC111113381,uncharacterized protein LOC111113381 isoform X1,XP_022307326.1,1,Yes,3,fam90_vs_fam120; fam90_vs_fam84; fam90_vs_fam89,No,0,,No,0,,No,0,,No,0,
LOC111113383,uncharacterized protein LOC111113383,XP_022307330.1,1,No,0,,No,0,,No,0,,No,0,,Yes,1,resistant_fam266_36h_7d
LOC111113390,polycystic kidney disease 1-related protein-like isoform X1,XP_022307343.1,1,No,0,,No,0,,No,0,,Yes,1,28d_fed_vs_inj,No,0,
LOC111113399,ankyrin repeat and sterile alpha motif domain-containing protein 1B-like isoform X3,XP_022307358.1,1,Yes,1,fam90_vs_fam84,No,0,,No,0,,No,0,,No,0,
LOC111113406,uncharacterized protein LOC111113406,XP_022307366.1,1,Yes,1,fam90_vs_fam120,No,0,,No,0,,No,0,,No,0,
LOC111113409,multiple epidermal growth factor-like domains protein 10 isoform X1,XP_022307370.1,1,No,0,,No,0,,Yes,1,Cv_Pmarinus_infection,No,0,,No,0,
LOC111113425,cell death abnormality protein 1-like isoform X2,XP_022307400.1,1,No,0,,No,0,,Yes,1,Cv_Pmarinus_infection,No,0,,No,0,
LOC111113426,elongator complex protein 2-like isoform X2,XP_022307408.1,1,Yes,1,fam90_vs_fam89,No,0,,No,0,,No,0,,No,0,
LOC111113427,proline-rich transmembrane protein 1-like,XP_022307414.1,1,No,0,,No,0,,No,0,,Yes,1,7d_fed_vs_inj,No,0,
LOC111113428,5-hydroxytryptamine receptor-like,XP_022307411.1,1,No,0,,No,0,,No,0,,Yes,2,28d_fed_vs_inj; 36h_fed_vs_inj,No,0,
LOC111113447,dynein heavy chain domain-containing protein 1-like isoform X1,XP_022307445.1,1,Yes,2,fam90_vs_fam120; fam90_vs_fam89,No,0,,No,0,,No,0,,No,0,
LOC111113495,neurogenic locus notch homolog protein 1-like,XP_022307498.1,1,Yes,1,fam90_vs_fam89,No,0,,No,0,,No,0,,No,0,
LOC111113501,uncharacterized protein LOC111113501,XP_022307505.1,1,Yes,1,fam90_vs_fam89,No,0,,No,0,,No,0,,No,0,
LOC111113510,mucin-2-like,XP_022307512.1,1,No,0,,No,0,,Yes,1,Cv_Pmarinus_infection,No,0,,No,0,
LOC111113547,uncharacterized protein LOC111113547,XP_022307547.1,1,No,0,,No,0,,No,0,,Yes,1,7d_fed_vs_inj,No,0,
LOC111113551,putative uncharacterized protein DDB_G0271982,XP_022307551.1,1,No,0,,No,0,,Yes,1,Cv_Pmarinus_infection,No,0,,No,0,
LOC111113569,uncharacterized protein K02A2.6-like,XP_022307570.1,1,Yes,1,fam90_vs_fam89,No,0,,No,0,,No,0,,No,0,
LOC111113597,multiple epidermal growth factor-like domains protein 10,XP_022307599.1,1,Yes,2,fam90_vs_fam120; fam90_vs_fam89,No,0,,No,0,,No,0,,No,0,
LOC111113633,uncharacterized protein LOC111113633 isoform X2,XP_022307637.1,1,No,0,,No,0,,No,0,,Yes,1,28d_fed_vs_inj,No,0,
LOC111113647,zinc finger CCCH domain-containing protein 13-like,XP_022307648.1,1,Yes,1,fam90_vs_fam120,No,0,,No,0,,No,0,,No,0,
LOC111113678,multiple epidermal growth factor-like domains protein 10,XP_022307676.1,1,Yes,1,fam90_vs_fam89,No,0,,No,0,,No,0,,No,0,
LOC111113691,uncharacterized protein LOC111113691,XP_022307688.1,1,Yes,1,fam90_vs_fam89,No,0,,No,0,,No,0,,No,0,
LOC111113698,complement C1q-like protein 2,XP_022307699.1,1,No,0,,No,0,,No,0,,No,0,,Yes,1,resistant_fam266_36h_7d
LOC111113712,perlucin-like protein,XP_022307709.1,1,Yes,1,fam90_vs_fam89,No,0,,No,0,,No,0,,No,0,
LOC111113721,uncharacterized protein LOC111113721,XP_022307718.1,1,Yes,1,fam90_vs_fam89,No,0,,No,0,,No,0,,No,0,
LOC111113722,multiple epidermal growth factor-like domains protein 10,XP_022307719.1,1,Yes,1,fam90_vs_fam89,No,0,,No,0,,No,0,,No,0,
LOC111113727,uncharacterized protein LOC111113727,XP_022307724.1,1,Yes,1,fam90_vs_fam89,No,0,,No,0,,No,0,,No,0,
LOC111113731,uncharacterized protein LOC111113731,XP_022307729.1,1,Yes,1,fam90_vs_fam84,No,0,,No,0,,No,0,,No,0,
LOC111113733,receptor-type tyrosine-protein phosphatase T-like,XP_022307731.1,1,Yes,1,fam90_vs_fam84,No,0,,No,0,,No,0,,No,0,
LOC111113736,uncharacterized protein LOC111113736,XP_022307734.1,1,Yes,1,fam90_vs_fam84,No,0,,No,0,,No,0,,No,0,
LOC111113755,perlucin-like protein,XP_022307751.1,1,Yes,2,fam90_vs_fam120; fam90_vs_fam84,No,0,,No,0,,No,0,,No,0,
LOC111113756,DNA damage-regulated autophagy modulator protein 1-like isoform X1,XP_022307755.1,1,No,0,,No,0,,No,0,,Yes,1,7d_fed_vs_inj,No,0,
LOC111113758,multiple epidermal growth factor-like domains protein 11,XP_022307753.1,1,Yes,2,fam90_vs_fam84; fam90_vs_fam89,No,0,,No,0,,No,0,,No,0,
LOC111113784,uncharacterized protein LOC111113784,XP_022307783.1,1,Yes,2,fam90_vs_fam120; fam90_vs_fam89,No,0,,No,0,,No,0,,No,0,
LOC111113812,scavenger receptor class F member 2-like,XP_022307811.1,1,Yes,2,fam90_vs_fam84; fam90_vs_fam89,No,0,,No,0,,No,0,,No,0,
LOC111113813,multiple epidermal growth factor-like domains protein 10,XP_022307812.1,1,Yes,1,fam90_vs_fam84,No,0,,No,0,,No,0,,No,0,
LOC111113817,LOW QUALITY PROTEIN: histidine decarboxylase-like,XP_022307816.1,1,Yes,1,fam90_vs_fam84,No,0,,No,0,,No,0,,No,0,
LOC111113826,uncharacterized protein LOC111113826,XP_022307825.1,1,Yes,1,fam90_vs_fam84,No,0,,No,0,,No,0,,No,0,
LOC111113860,sulfotransferase family cytosolic 1B member 1-like,XP_022307863.1,1,Yes,1,fam90_vs_fam89,No,0,,No,0,,No,0,,No,0,
LOC111113862,uncharacterized protein LOC111113862,XP_022307861.1,1,Yes,1,fam90_vs_fam89,No,0,,No,0,,No,0,,No,0,
LOC111113890,methylmalonic aciduria and homocystinuria type C protein homolog,XP_022307891.1,1,Yes,1,fam90_vs_fam89,No,0,,No,0,,No,0,,No,0,
LOC111113900,uncharacterized protein LOC111113900,XP_022307899.1,1,Yes,2,fam90_vs_fam84; fam90_vs_fam89,No,0,,No,0,,No,0,,No,0,
LOC111113903,uncharacterized protein LOC111113903,XP_022307902.1,1,Yes,3,fam90_vs_fam120; fam90_vs_fam84; fam90_vs_fam89,No,0,,No,0,,No,0,,No,0,
LOC111113909,uncharacterized protein LOC111113909,XP_022307908.1,1,Yes,1,fam90_vs_fam89,No,0,,No,0,,No,0,,No,0,
LOC111113922,uncharacterized protein LOC111113922,XP_022307921.1,1,Yes,1,fam90_vs_fam120,No,0,,No,0,,No,0,,No,0,
LOC111113931,uncharacterized protein LOC111113931,XP_022307931.1,1,Yes,1,fam90_vs_fam89,No,0,,No,0,,No,0,,No,0,
LOC111113941,uncharacterized protein LOC111113941,XP_022307942.1,1,Yes,1,fam90_vs_fam120,No,0,,No,0,,No,0,,No,0,
LOC111113956,uncharacterized protein LOC111113956,XP_022307956.1,1,Yes,2,fam90_vs_fam120; fam90_vs_fam89,No,0,,No,0,,No,0,,No,0,
LOC111113963,uncharacterized protein LOC111113963,XP_022307963.1,1,Yes,2,fam90_vs_fam84; fam90_vs_fam89,No,0,,No,0,,No,0,,No,0,
LOC111113965,C-type mannose receptor 2-like,XP_022307965.1,1,Yes,1,fam90_vs_fam120,No,0,,No,0,,No,0,,No,0,
LOC111113985,multiple epidermal growth factor-like domains protein 11,XP_022307984.1,1,Yes,1,fam90_vs_fam120,No,0,,No,0,,No,0,,No,0,
LOC111113986,uncharacterized protein LOC111113986,XP_022307985.1,1,Yes,1,fam90_vs_fam89,No,0,,No,0,,No,0,,No,0,
LOC111113988,uncharacterized protein LOC111113988,XP_022307987.1,1,No,0,,No,0,,Yes,1,Cv_Pmarinus_infection,No,0,,No,0,
LOC111114001,uncharacterized protein LOC111114001,XP_022308002.1,1,Yes,2,fam90_vs_fam84; fam90_vs_fam89,No,0,,No,0,,No,0,,No,0,
LOC111114011,zinc finger protein 761-like isoform X1,XP_022308012.1,1,No,0,,No,0,,No,0,,Yes,1,36h_fed_vs_inj,No,0,
LOC111114035,uncharacterized protein LOC111114035,XP_022308032.1,1,Yes,1,fam90_vs_fam120,No,0,,No,0,,No,0,,No,0,
LOC111114036,uncharacterized protein LOC111114036,XP_022308033.1,1,Yes,2,fam90_vs_fam84; fam90_vs_fam89,No,0,,No,0,,No,0,,No,0,
LOC111114072,uncharacterized protein K02A2.6-like,XP_022308069.1,1,Yes,1,fam90_vs_fam89,No,0,,No,0,,No,0,,No,0,
LOC111114090,uncharacterized protein LOC111114090,XP_022308085.1,1,Yes,1,fam90_vs_fam120,No,0,,No,0,,No,0,,No,0,
LOC111114104,uncharacterized protein LOC111114104,XP_022308099.1,1,No,0,,No,0,,No,0,,No,0,,Yes,1,resistant_fam266_36h_7d
LOC111114113,zinc finger protein 626-like,XP_022308109.1,1,No,0,,No,0,,Yes,1,Cv_Pmarinus_infection,No,0,,No,0,
LOC111114120,uncharacterized protein LOC111114120,XP_022308118.1,1,Yes,1,fam90_vs_fam120,No,0,,No,0,,No,0,,No,0,
LOC111114132,putative nuclease HARBI1,XP_022308129.1,1,No,0,,No,0,,No,0,,Yes,1,7d_fed_vs_inj,No,0,
LOC111114143,tyramine receptor 1-like,XP_022308140.1,1,No,0,,No,0,,Yes,1,Cv_Pmarinus_infection,No,0,,No,0,
LOC111114149,uncharacterized protein K02A2.6-like,XP_022308147.1,1,Yes,1,fam90_vs_fam89,No,0,,No,0,,No,0,,No,0,
LOC111114151,uncharacterized protein LOC111114151,XP_022308149.1,1,Yes,1,fam90_vs_fam89,No,0,,No,0,,No,0,,No,0,
LOC111114161,cerebellin-3-like,XP_022308159.1,1,Yes,1,fam90_vs_fam84,No,0,,No,0,,No,0,,No,0,
LOC111114166,angiopoietin-2-like,XP_022308164.1,1,No,0,,No,0,,Yes,1,Cv_Pmarinus_infection,No,0,,No,0,
LOC111114186,ceramide synthase 2-like,XP_022308180.1,1,Yes,1,fam90_vs_fam120,No,0,,No,0,,No,0,,No,0,
LOC111114199,uncharacterized protein LOC111114199,XP_022308192.1,1,Yes,1,fam90_vs_fam89,No,0,,No,0,,No,0,,No,0,
LOC111114200,piggyBac transposable element-derived protein 4-like,XP_022308193.1,1,Yes,3,fam90_vs_fam120; fam90_vs_fam84; fam90_vs_fam89,No,0,,No,0,,No,0,,No,0,
LOC111114203,zinc finger protein 808-like,XP_022308195.1,1,Yes,1,fam90_vs_fam89,No,0,,No,0,,No,0,,No,0,
LOC111114222,P2X purinoceptor 7-like,XP_022308215.1,1,No,0,,No,0,,Yes,1,Cv_Pmarinus_infection,No,0,,No,0,
LOC111114226,deleted in malignant brain tumors 1 protein-like,XP_022308219.1,1,Yes,1,fam90_vs_fam89,No,0,,No,0,,No,0,,No,0,
LOC111114227,uncharacterized protein LOC111114227,XP_022308220.1,1,Yes,1,fam90_vs_fam89,No,0,,No,0,,No,0,,No,0,
LOC111114234,uncharacterized protein LOC111114234,XP_022308226.1,1,Yes,2,fam90_vs_fam84; fam90_vs_fam89,No,0,,No,0,,No,0,,No,0,
LOC111114240,ankyrin repeat and SOCS box protein 12-like isoform X2,XP_022308235.1,1,Yes,1,fam90_vs_fam120,No,0,,No,0,,No,0,,No,0,
LOC111114272,uncharacterized protein LOC111114272,XP_022308269.1,1,Yes,2,fam90_vs_fam120; fam90_vs_fam84,No,0,,No,0,,No,0,,No,0,
LOC111114306,uncharacterized protein LOC111114306,XP_022308301.1,1,No,0,,No,0,,Yes,1,Cv_Pmarinus_infection,No,0,,No,0,
LOC111114308,uncharacterized protein LOC111114308,XP_022308304.1,1,Yes,2,fam90_vs_fam120; fam90_vs_fam84,No,0,,No,0,,No,0,,No,0,
LOC111114322,uncharacterized protein LOC111114322,XP_022308320.1,1,No,0,,No,0,,Yes,1,Cv_Pmarinus_infection,No,0,,No,0,
LOC111114332,uncharacterized protein LOC111114332,XP_022308333.1,1,Yes,2,fam90_vs_fam120; fam90_vs_fam89,No,0,,No,0,,No,0,,No,0,
LOC111114360,uncharacterized protein LOC111114360,XP_022308364.1,1,Yes,1,fam90_vs_fam89,No,0,,No,0,,No,0,,No,0,
LOC111114370,uncharacterized protein F54H12.2-like,XP_022308371.1,1,Yes,1,fam90_vs_fam120,No,0,,No,0,,No,0,,No,0,
LOC111114379,uncharacterized protein LOC111114379,XP_022308383.1,1,Yes,2,fam90_vs_fam84; fam90_vs_fam89,No,0,,No,0,,No,0,,No,0,
LOC111114394,uncharacterized protein LOC111114394,XP_022308396.1,1,Yes,1,fam90_vs_fam89,No,0,,No,0,,No,0,,No,0,
LOC111114428,uncharacterized protein LOC111114428,XP_022308426.1,1,Yes,1,fam90_vs_fam89,No,0,,No,0,,No,0,,No,0,
LOC111114448,"sushi, von Willebrand factor type A, EGF and pentraxin domain-containing protein 1-like isoform X3",XP_022308445.1,1,Yes,2,fam90_vs_fam120; fam90_vs_fam84,No,0,,No,0,,No,0,,No,0,
LOC111114453,uncharacterized protein LOC111114453,XP_022308457.1,1,Yes,1,fam90_vs_fam84,No,0,,No,0,,No,0,,No,0,
LOC111114476,VWFA and cache domain-containing protein 1-like isoform X1,XP_022308502.1,1,No,0,,No,0,,No,0,,Yes,1,7d_fed_vs_inj,No,0,
LOC111114482,uncharacterized protein LOC111114482,XP_022308504.1,1,Yes,1,fam90_vs_fam84,No,0,,No,0,,No,0,,No,0,
LOC111114484,uncharacterized protein LOC111114484,XP_022308507.1,1,Yes,1,fam90_vs_fam84,No,0,,No,0,,No,0,,No,0,
LOC111114508,uncharacterized protein LOC111114508,XP_022308551.1,1,Yes,1,fam90_vs_fam89,No,0,,No,0,,No,0,,No,0,
LOC111114510,uncharacterized protein LOC111114510 isoform X1,XP_022308556.1,1,No,0,,No,0,,No,0,,Yes,1,28d_fed_vs_inj,No,0,
LOC111114512,uncharacterized protein LOC111114512,XP_022308554.1,1,Yes,1,fam90_vs_fam120,No,0,,No,0,,No,0,,No,0,
LOC111114513,uncharacterized protein LOC111114513 isoform X1,XP_022308555.1,1,Yes,1,fam90_vs_fam120,No,0,,No,0,,No,0,,No,0,
LOC111114516,uncharacterized protein LOC111114516,XP_022308560.1,1,Yes,1,fam90_vs_fam89,No,0,,No,0,,No,0,,No,0,
LOC111114530,uncharacterized protein LOC111114530,XP_022308580.1,1,No,0,,No,0,,No,0,,Yes,1,28d_fed_vs_inj,No,0,
LOC111114548,"beta-1,4-galactosyltransferase galt-1-like",XP_022308604.1,1,No,0,,No,0,,No,0,,Yes,1,36h_fed_vs_inj,No,0,
LOC111114551,uncharacterized protein LOC111114551,XP_022308610.1,1,Yes,1,fam90_vs_fam89,No,0,,No,0,,No,0,,No,0,
LOC111114552,LOW QUALITY PROTEIN: cullin-2-like,XP_022308611.1,1,Yes,1,fam90_vs_fam84,No,0,,No,0,,No,0,,No,0,
LOC111114554,zinc finger CCCH domain-containing protein 10-like,XP_022308615.1,1,Yes,1,fam90_vs_fam89,No,0,,No,0,,No,0,,No,0,
LOC111114560,putative nuclease HARBI1,XP_022308630.1,1,Yes,1,fam90_vs_fam84,No,0,,No,0,,No,0,,No,0,
LOC111114566,serine/threonine-protein phosphatase 6 regulatory ankyrin repeat subunit B-like isoform X2,XP_022308635.1,1,Yes,1,fam90_vs_fam89,No,0,,No,0,,No,0,,No,0,
LOC111114579,von Willebrand factor D and EGF domain-containing protein-like,XP_022308650.1,1,Yes,1,fam90_vs_fam84,No,0,,No,0,,No,0,,No,0,
LOC111114598,LOW QUALITY PROTEIN: DC-STAMP domain-containing protein 2-like,XP_022308682.1,1,Yes,1,fam90_vs_fam89,No,0,,No,0,,No,0,,No,0,
LOC111114600,cysteine dioxygenase type 1-like,XP_022308686.1,1,No,0,,No,0,,Yes,1,Cv_Pmarinus_infection,No,0,,No,0,
LOC111114604,"D-beta-hydroxybutyrate dehydrogenase, mitochondrial-like",XP_022308697.1,1,Yes,1,fam90_vs_fam89,No,0,,No,0,,No,0,,No,0,
LOC111114616,sterol O-acyltransferase 1-like isoform X4,XP_022308706.1,1,Yes,3,fam90_vs_fam120; fam90_vs_fam84; fam90_vs_fam89,No,0,,No,0,,No,0,,No,0,
LOC111114630,cysteine dioxygenase type 1-like,XP_022308727.1,1,No,0,,No,0,,Yes,1,Cv_Pmarinus_infection,No,0,,No,0,
LOC111114634,uncharacterized protein LOC111114634,XP_022308734.1,1,Yes,1,fam90_vs_fam89,No,0,,No,0,,No,0,,No,0,
LOC111114636,cell division control protein 42 homolog,XP_022308739.1,1,Yes,1,fam90_vs_fam89,No,0,,No,0,,No,0,,No,0,
LOC111114637,uncharacterized protein LOC111114637,XP_022308736.1,1,No,0,,No,0,,Yes,1,Cv_Pmarinus_infection,No,0,,No,0,
LOC111114642,uncharacterized protein LOC111114642,XP_022308740.1,1,Yes,1,fam90_vs_fam120,No,0,,No,0,,No,0,,No,0,
LOC111114647,uncharacterized protein LOC111114647 isoform X1,XP_022308753.1,1,Yes,3,fam90_vs_fam120; fam90_vs_fam84; fam90_vs_fam89,No,0,,No,0,,No,0,,No,0,
LOC111114651,multiple epidermal growth factor-like domains protein 10,XP_022308764.1,1,Yes,1,fam90_vs_fam89,No,0,,No,0,,No,0,,No,0,
LOC111114653,transmembrane protein 267-like,XP_022308766.1,1,Yes,1,fam90_vs_fam84,No,0,,No,0,,No,0,,No,0,
LOC111114657,uncharacterized protein LOC111114657 isoform X1,XP_022308772.1,1,Yes,1,fam90_vs_fam120,No,0,,No,0,,No,0,,No,0,
LOC111114658,interferon-induced protein 44-like isoform X1,XP_022308768.1,1,No,0,,No,0,,Yes,1,Cv_Pmarinus_infection,No,0,,No,0,
LOC111114659,caveolin-1-like,XP_022308770.1,1,Yes,2,fam90_vs_fam84; fam90_vs_fam89,No,0,,No,0,,No,0,,No,0,
LOC111114660,caveolin-1-like,XP_022308771.1,1,No,0,,No,0,,No,0,,Yes,1,28d_fed_vs_inj,No,0,
LOC111114664,E3 ubiquitin-protein ligase NRDP1-like,XP_022308776.1,1,Yes,3,fam90_vs_fam120; fam90_vs_fam84; fam90_vs_fam89,No,0,,No,0,,No,0,,No,0,
LOC111114665,uncharacterized protein LOC111114665 isoform X1,XP_022308778.1,1,Yes,1,fam90_vs_fam84,No,0,,No,0,,No,0,,No,0,
LOC111114666,hemicentin-1-like,XP_022308782.1,1,Yes,1,fam90_vs_fam84,No,0,,No,0,,No,0,,No,0,
LOC111114667,hemicentin-1-like,XP_022308784.1,1,Yes,1,fam90_vs_fam84,No,0,,No,0,,No,0,,No,0,
LOC111114669,uncharacterized protein LOC111114669 isoform X2,XP_022308787.1,1,Yes,1,fam90_vs_fam84,No,0,,No,0,,No,0,,No,0,
LOC111114680,sentrin-specific protease 1-like,XP_022308808.1,1,Yes,1,fam90_vs_fam84,No,0,,No,0,,No,0,,No,0,
LOC111114694,thioredoxin-like protein 1,XP_022308828.1,1,No,0,,No,0,,No,0,,Yes,1,7d_fed_vs_inj,No,0,
LOC111114707,uncharacterized protein LOC111114707,XP_022308845.1,1,Yes,1,fam90_vs_fam89,No,0,,No,0,,No,0,,No,0,
LOC111114709,protein draper-like isoform X1,XP_022308847.1,1,Yes,1,fam90_vs_fam89,No,0,,No,0,,No,0,,No,0,
LOC111114714,uncharacterized protein LOC111114714 isoform X1,XP_022308856.1,1,Yes,1,fam90_vs_fam89,No,0,,No,0,,No,0,,No,0,
LOC111114721,transformation/transcription domain-associated protein-like isoform X2,XP_022308866.1,1,No,0,,No,0,,No,0,,Yes,1,36h_fed_vs_inj,No,0,
LOC111114722,uncharacterized protein LOC111114722 isoform X3,XP_022308871.1,1,Yes,2,fam90_vs_fam84; fam90_vs_fam89,No,0,,No,0,,No,0,,No,0,
LOC111114726,multiple epidermal growth factor-like domains protein 10,XP_022308883.1,1,Yes,1,fam90_vs_fam89,No,0,,No,0,,No,0,,No,0,
LOC111114727,cell death abnormality protein 1-like isoform X1,XP_022308884.1,1,Yes,1,fam90_vs_fam89,No,0,,No,0,,No,0,,No,0,
LOC111114734,sulfotransferase family cytosolic 1B member 1-like,XP_022308901.1,1,Yes,2,fam90_vs_fam84; fam90_vs_fam89,No,0,,No,0,,No,0,,No,0,
LOC111114739,uncharacterized protein LOC111114739,XP_022308904.1,1,Yes,1,fam90_vs_fam89,No,0,,No,0,,No,0,,No,0,
LOC111114742,uncharacterized protein LOC111114742,XP_022308911.1,1,Yes,2,fam90_vs_fam84; fam90_vs_fam89,No,0,,No,0,,No,0,,No,0,
LOC111114747,uncharacterized protein LOC111114747 isoform X2,XP_022308916.1,1,Yes,1,fam90_vs_fam120,No,0,,No,0,,No,0,,No,0,
LOC111114752,uncharacterized protein LOC111114752,XP_022308922.1,1,Yes,2,fam90_vs_fam84; fam90_vs_fam89,No,0,,No,0,,No,0,,No,0,
LOC111114765,uncharacterized protein LOC111114765,XP_022308936.1,1,Yes,1,fam90_vs_fam89,No,0,,No,0,,No,0,,No,0,
LOC111114777,organic cation transporter protein-like,XP_022308955.1,1,Yes,1,fam90_vs_fam84,No,0,,No,0,,No,0,,No,0,
LOC111114786,protein white-like,XP_022308964.1,1,Yes,1,fam90_vs_fam89,No,0,,No,0,,No,0,,No,0,
LOC111114789,uncharacterized protein LOC111114789,XP_022308967.1,1,Yes,1,fam90_vs_fam120,No,0,,No,0,,No,0,,No,0,
LOC111114792,protein RRNAD1-like,XP_022308974.1,1,Yes,1,fam90_vs_fam89,No,0,,No,0,,No,0,,No,0,
LOC111114795,neuronal acetylcholine receptor subunit alpha-7-like,XP_022308979.1,1,Yes,1,fam90_vs_fam120,No,0,,No,0,,No,0,,No,0,
LOC111114797,laminin subunit alpha-3-like isoform X2,XP_022308981.1,1,Yes,1,fam90_vs_fam84,No,0,,No,0,,No,0,,No,0,
LOC111114802,uncharacterized protein LOC111114802 isoform X3,XP_022308985.1,1,Yes,1,fam90_vs_fam89,No,0,,No,0,,No,0,,No,0,
LOC111114803,uncharacterized protein LOC111114803 isoform X2,XP_022308991.1,1,No,0,,No,0,,Yes,1,Cv_Pmarinus_infection,No,0,,No,0,
LOC111114814,uncharacterized protein LOC111114814,XP_022308998.1,1,Yes,1,fam90_vs_fam89,No,0,,No,0,,No,0,,No,0,
LOC111114825,uncharacterized protein LOC111114825 isoform X1,XP_022309018.1,1,Yes,1,fam90_vs_fam84,No,0,,No,0,,No,0,,No,0,
LOC111114827,perlucin-like protein isoform X1,XP_022309025.1,1,No,0,,No,0,,Yes,1,Cv_Pmarinus_infection,No,0,,No,0,
LOC111114842,SWI/SNF-related matrix-associated actin-dependent regulator of chromatin subfamily D member 1-like isoform X6,XP_022309047.1,1,No,0,,No,0,,No,0,,Yes,1,28d_fed_vs_inj,No,0,
LOC111114848,uncharacterized protein LOC111114848 isoform X2,XP_022309061.1,1,Yes,1,fam90_vs_fam89,No,0,,No,0,,No,0,,No,0,
LOC111114852,uncharacterized protein LOC111114852,XP_022309065.1,1,Yes,2,fam90_vs_fam120; fam90_vs_fam84,No,0,,No,0,,No,0,,No,0,
LOC111114853,cyclin-H-like isoform X1,XP_022309067.1,1,No,0,,No,0,,No,0,,Yes,1,7d_fed_vs_inj,No,0,
LOC111114859,uncharacterized protein LOC111114859 isoform X2,XP_022309080.1,1,Yes,1,fam90_vs_fam84,No,0,,No,0,,No,0,,No,0,
LOC111114865,protein odd-skipped-related 1-like isoform X1,XP_022309098.1,1,No,0,,No,0,,Yes,1,Cv_Pmarinus_infection,No,0,,No,0,
LOC111114866,uncharacterized protein LOC111114866,XP_022309096.1,1,No,0,,No,0,,Yes,1,Cv_Pmarinus_infection,No,0,,No,0,
LOC111114867,uncharacterized protein LOC111114867,XP_022309097.1,1,Yes,1,fam90_vs_fam89,No,0,,No,0,,No,0,,No,0,
LOC111114871,pericentrin-like,XP_022309102.1,1,Yes,1,fam90_vs_fam89,No,0,,No,0,,No,0,,No,0,
LOC111114878,uncharacterized protein LOC111114878,XP_022309104.1,1,Yes,1,fam90_vs_fam89,No,0,,No,0,,No,0,,No,0,
LOC111114898,uncharacterized protein LOC111114898,XP_022309133.1,1,No,0,,No,0,,Yes,1,Cv_Pmarinus_infection,No,0,,No,0,
LOC111114901,natural resistance-associated macrophage protein 2-like isoform X1,XP_022309141.1,1,No,0,,No,0,,No,0,,Yes,1,7d_fed_vs_inj,No,0,
LOC111114902,tRNA-dihydrouridine(47) synthase [NAD(P)(+)]-like,XP_022309151.1,1,No,0,,No,0,,No,0,,Yes,2,28d_fed_vs_inj; 6h_fed_vs_ctrl,No,0,
LOC111114904,E3 ubiquitin-protein ligase TRIM71-like,XP_022309156.1,1,Yes,1,fam90_vs_fam89,No,0,,No,0,,No,0,,No,0,
LOC111114905,LOW QUALITY PROTEIN: uncharacterized protein LOC111114905,XP_022309157.1,1,Yes,1,fam90_vs_fam89,No,0,,No,0,,No,0,,No,0,
LOC111114906,LOW QUALITY PROTEIN: uncharacterized protein LOC111114906,XP_022309158.1,1,Yes,1,fam90_vs_fam120,No,0,,No,0,,No,0,,No,0,
LOC111114907,calcium-responsive transcription factor-like,XP_022309162.1,1,Yes,1,fam90_vs_fam120,No,0,,No,0,,No,0,,No,0,
LOC111114915,tripartite motif-containing protein 3-like,XP_022309167.1,1,Yes,1,fam90_vs_fam89,No,0,,No,0,,No,0,,No,0,
LOC111114921,uncharacterized protein LOC111114921,XP_022309173.1,1,Yes,1,fam90_vs_fam89,No,0,,No,0,,No,0,,No,0,
LOC111114924,uncharacterized protein LOC111114924,XP_022309179.1,1,Yes,1,fam90_vs_fam89,No,0,,No,0,,No,0,,No,0,
LOC111114932,uncharacterized protein LOC111114932,XP_022309191.1,1,Yes,1,fam90_vs_fam89,No,0,,No,0,,No,0,,No,0,
LOC111114939,myeloid differentiation primary response protein MyD88-like,XP_022309205.1,1,No,0,,No,0,,No,0,,Yes,1,28d_fed_vs_inj,No,0,
LOC111114940,tripartite motif-containing protein 2-like isoform X1,XP_022309201.1,1,Yes,1,fam90_vs_fam120,No,0,,No,0,,No,0,,No,0,
LOC111114966,L-ascorbate oxidase-like,XP_022309214.1,1,No,0,,No,0,,No,0,,Yes,1,28d_fed_vs_inj,No,0,
LOC111114972,uncharacterized protein LOC111114972 isoform X1,XP_022309221.1,1,No,0,,No,0,,Yes,1,Cv_Pmarinus_infection,No,0,,No,0,
LOC111114979,stabilizer of axonemal microtubules 2-like isoform X4,XP_022309227.1,1,No,0,,No,0,,No,0,,Yes,1,28d_fed_vs_inj,No,0,
LOC111114987,glutamic acid-rich protein-like isoform X4,XP_022309243.1,1,Yes,1,fam90_vs_fam89,No,0,,No,0,,No,0,,No,0,
LOC111114991,uncharacterized protein LOC111114991 isoform X2,XP_022309253.1,1,Yes,1,fam90_vs_fam120,No,0,,No,0,,No,0,,No,0,
LOC111114997,cilia- and flagella-associated protein 251-like isoform X1,XP_022309262.1,1,Yes,1,fam90_vs_fam89,No,0,,No,0,,No,0,,No,0,
LOC111115012,kunitz-type serine protease inhibitor PILP-3-like,XP_022309295.1,1,No,0,,No,0,,No,0,,No,0,,Yes,1,resistant_fam266_36h_7d
LOC111115015,E3 ubiquitin-protein ligase RNF181-like,XP_022309297.1,1,Yes,1,fam90_vs_fam89,No,0,,No,0,,No,0,,No,0,
LOC111115046,kinesin-like protein KIF23 isoform X1,XP_022309325.1,1,No,0,,No,0,,No,0,,Yes,1,28d_fed_vs_inj,No,0,
LOC111115048,blastula protease 10-like isoform X1,XP_022309329.1,1,Yes,1,fam90_vs_fam89,No,0,,No,0,,No,0,,No,0,
LOC111115061,uncharacterized protein LOC111115061,XP_022309345.1,1,Yes,3,fam90_vs_fam120; fam90_vs_fam84; fam90_vs_fam89,No,0,,No,0,,No,0,,No,0,
LOC111115068,CD82 antigen-like,XP_022309358.1,1,Yes,1,fam90_vs_fam84,No,0,,No,0,,No,0,,No,0,
LOC111115073,kelch-like protein 10,XP_022309362.1,1,Yes,1,fam90_vs_fam84,No,0,,No,0,,No,0,,No,0,
LOC111115084,multiple epidermal growth factor-like domains protein 10,XP_022309374.1,1,Yes,1,fam90_vs_fam84,No,0,,No,0,,No,0,,No,0,
LOC111115090,uncharacterized protein LOC111115090 isoform X1,XP_022309379.1,1,Yes,1,fam90_vs_fam84,No,0,,No,0,,No,0,,No,0,
LOC111115099,potassium voltage-gated channel unc-103-like isoform X1,XP_022309395.1,1,No,0,,No,0,,No,0,,Yes,2,28d_fed_vs_inj; 6h_fed_vs_ctrl,No,0,
LOC111115111,uncharacterized protein LOC111115111,XP_022309425.1,1,Yes,1,fam90_vs_fam84,No,0,,No,0,,No,0,,No,0,
LOC111115120,uncharacterized protein LOC111115120 isoform X1,XP_022309435.1,1,No,0,,No,0,,Yes,1,Cv_Pmarinus_infection,No,0,,No,0,
LOC111115122,tyrosine-protein phosphatase non-receptor type 4-like isoform X5,XP_022309441.1,1,Yes,1,fam90_vs_fam84,No,0,,No,0,,No,0,,No,0,
LOC111115142,ankyrin-3-like,XP_022309482.1,1,Yes,1,fam90_vs_fam89,No,0,,No,0,,No,0,,No,0,
LOC111115143,,,1,No,0,,No,0,,Yes,1,Cv_Pmarinus_infection,No,0,,No,0,
LOC111115148,uncharacterized protein LOC111115148 isoform X1,XP_022309491.1,1,Yes,3,fam90_vs_fam120; fam90_vs_fam84; fam90_vs_fam89,No,0,,No,0,,No,0,,No,0,
LOC111115156,receptor-type tyrosine-protein phosphatase epsilon-like,XP_022309503.1,1,Yes,1,fam90_vs_fam89,No,0,,No,0,,No,0,,No,0,
LOC111115157,scavenger receptor class F member 1-like,XP_022309504.1,1,Yes,1,fam90_vs_fam89,No,0,,No,0,,No,0,,No,0,
LOC111115161,uncharacterized protein LOC111115161,XP_022309510.1,1,No,0,,No,0,,Yes,1,Cv_Pmarinus_infection,No,0,,No,0,
LOC111115168,uncharacterized protein LOC111115168,XP_022309518.1,1,No,0,,No,0,,No,0,,Yes,2,6h_fed_vs_ctrl; 7d_fed_vs_inj,No,0,
LOC111115169,C-type lectin domain family 4 member E-like,XP_022309521.1,1,No,0,,No,0,,Yes,1,Cv_Pmarinus_infection,No,0,,No,0,
LOC111115171,uncharacterized protein DDB_G0271670-like,XP_022309523.1,1,Yes,1,fam90_vs_fam84,No,0,,No,0,,No,0,,No,0,
LOC111115187,immune-associated nucleotide-binding protein 13-like,XP_022309546.1,1,No,0,,No,0,,Yes,1,Cv_Pmarinus_infection,No,0,,No,0,
LOC111115212,uncharacterized protein LOC111115212,XP_022309580.1,1,Yes,1,fam90_vs_fam89,No,0,,No,0,,No,0,,No,0,
LOC111115230,cation-dependent mannose-6-phosphate receptor-like,XP_022309599.1,1,No,0,,No,0,,Yes,1,Cv_Pmarinus_infection,No,0,,No,0,
LOC111115253,uncharacterized protein LOC111115253 isoform X1,XP_022309628.1,1,No,0,,No,0,,No,0,,Yes,1,28d_fed_vs_inj,No,0,
LOC111115258,uncharacterized protein LOC111115258,XP_022309633.1,1,Yes,1,fam90_vs_fam84,No,0,,No,0,,No,0,,No,0,
LOC111115259,receptor-type tyrosine-protein phosphatase epsilon-like isoform X4,XP_022309634.1,1,Yes,1,fam90_vs_fam120,No,0,,No,0,,No,0,,No,0,
LOC111115287,BTB and MATH domain-containing protein 42-like isoform X1,XP_022309679.1,1,No,0,,No,0,,No,0,,Yes,1,28d_fed_vs_inj,No,0,
LOC111115290,uncharacterized protein LOC111115290,XP_022309688.1,1,No,0,,No,0,,Yes,1,Cv_Pmarinus_infection,No,0,,No,0,
LOC111115295,retinoic acid receptor responder protein 3-like,XP_022309692.1,1,Yes,1,fam90_vs_fam120,No,0,,No,0,,No,0,,No,0,
LOC111115296,perlucin-like protein,XP_022309694.1,1,Yes,1,fam90_vs_fam120,No,0,,No,0,,No,0,,No,0,
LOC111115322,uncharacterized protein LOC111115322 isoform X1,XP_022309707.1,1,Yes,1,fam90_vs_fam120,No,0,,No,0,,No,0,,No,0,
LOC111115329,kielin/chordin-like protein,XP_022309719.1,1,Yes,1,fam90_vs_fam120,No,0,,No,0,,No,0,,No,0,
LOC111115330,uncharacterized protein LOC111115330,XP_022309720.1,1,Yes,1,fam90_vs_fam120,No,0,,No,0,,No,0,,No,0,
LOC111115332,uncharacterized protein LOC111115332,XP_022309723.1,1,Yes,1,fam90_vs_fam120,No,0,,No,0,,No,0,,No,0,
LOC111115333,Werner syndrome ATP-dependent helicase-like isoform X1,XP_022309724.1,1,No,0,,No,0,,No,0,,Yes,1,7d_fed_vs_inj,No,0,
LOC111115341,"uncharacterized protein C10orf67, mitochondrial-like isoform X9",XP_022309737.1,1,Yes,1,fam90_vs_fam89,No,0,,No,0,,No,0,,No,0,
LOC111115350,lysophospholipase-like protein 1,XP_022309756.1,1,Yes,2,fam90_vs_fam84; fam90_vs_fam89,No,0,,No,0,,No,0,,No,0,
LOC111115352,uncharacterized protein LOC111115352,XP_022309758.1,1,Yes,1,fam90_vs_fam89,No,0,,No,0,,No,0,,No,0,
LOC111115354,uncharacterized protein LOC111115354,XP_022309764.1,1,Yes,1,fam90_vs_fam84,No,0,,No,0,,No,0,,No,0,
LOC111115370,uncharacterized protein LOC111115370 isoform X2,XP_022309790.1,1,Yes,1,fam90_vs_fam120,No,0,,No,0,,No,0,,No,0,
LOC111115374,uncharacterized protein LOC111115374,XP_022309798.1,1,Yes,1,fam90_vs_fam89,No,0,,No,0,,No,0,,No,0,
LOC111115390,caveolin-1-like,XP_022309816.1,1,Yes,1,fam90_vs_fam84,No,0,,No,0,,No,0,,No,0,
LOC111115416,MOB-like protein phocein isoform X2,XP_022309846.1,1,Yes,2,fam90_vs_fam120; fam90_vs_fam89,No,0,,No,0,,No,0,,No,0,
LOC111115421,sperm-associated antigen 16 protein-like isoform X2,XP_022309860.1,1,No,0,,No,0,,No,0,,Yes,1,28d_fed_vs_inj,No,0,
LOC111115422,uncharacterized protein LOC111115422 isoform X1,XP_022309857.1,1,Yes,1,fam90_vs_fam89,No,0,,No,0,,No,0,,No,0,
LOC111115424,uncharacterized protein LOC111115424 isoform X2,XP_022309861.1,1,No,0,,No,0,,No,0,,Yes,1,36h_fed_vs_inj,No,0,
LOC111115428,uncharacterized protein LOC111115428 isoform X1,XP_022309907.1,1,Yes,2,fam90_vs_fam84; fam90_vs_fam89,No,0,,No,0,,No,0,,No,0,
LOC111115440,uncharacterized protein LOC111115440,XP_022309880.1,1,Yes,2,fam90_vs_fam84; fam90_vs_fam89,No,0,,No,0,,No,0,,No,0,
LOC111115450,uncharacterized protein LOC111115450 isoform X1,XP_022309902.1,1,No,0,,No,0,,Yes,1,Cv_Pmarinus_infection,No,0,,No,0,
LOC111115456,flocculation protein FLO11-like,XP_022309916.1,1,Yes,1,fam90_vs_fam89,No,0,,No,0,,No,0,,No,0,
LOC111115459,receptor-type tyrosine-protein phosphatase T-like,XP_022309914.1,1,Yes,1,fam90_vs_fam89,No,0,,No,0,,No,0,,No,0,
LOC111115484,uncharacterized protein LOC111115484,XP_022309949.1,1,No,0,,No,0,,Yes,1,Cv_Pmarinus_infection,No,0,,No,0,
LOC111115485,uncharacterized protein LOC111115485,XP_022309951.1,1,No,0,,No,0,,Yes,1,Cv_Pmarinus_infection,No,0,,No,0,
LOC111115500,multidrug resistance-associated protein 1-like isoform X1,XP_022309966.1,1,No,0,,No,0,,No,0,,Yes,1,28d_fed_vs_inj,No,0,
LOC111115501,YEATS domain-containing protein 2-like,XP_022309973.1,1,Yes,1,fam90_vs_fam120,No,0,,No,0,,No,0,,No,0,
LOC111115508,kinesin-II 95 kDa subunit-like,XP_022309986.1,1,Yes,1,fam90_vs_fam89,No,0,,No,0,,No,0,,No,0,
LOC111115529,uncharacterized protein LOC111115529,XP_022310005.1,1,No,0,,No,0,,Yes,1,Cv_Pmarinus_infection,No,0,,No,0,
LOC111115547,multiple epidermal growth factor-like domains protein 11 isoform X1,XP_022310032.1,1,Yes,2,fam90_vs_fam84; fam90_vs_fam89,No,0,,No,0,,No,0,,No,0,
LOC111115548,neurogenic locus Notch protein-like,XP_022310034.1,1,Yes,1,fam90_vs_fam89,No,0,,No,0,,No,0,,No,0,
LOC111115556,BRCA1-associated RING domain protein 1-like isoform X1,XP_022310047.1,1,Yes,3,fam90_vs_fam120; fam90_vs_fam84; fam90_vs_fam89,No,0,,No,0,,No,0,,No,0,
LOC111115562,"steroidogenic acute regulatory protein, mitochondrial-like",XP_022310055.1,1,Yes,1,fam90_vs_fam120,No,0,,No,0,,No,0,,No,0,
LOC111115564,uncharacterized protein LOC111115564,XP_022310057.1,1,Yes,2,fam90_vs_fam120; fam90_vs_fam84,No,0,,No,0,,No,0,,No,0,
LOC111115568,phytochrome-interacting ankyrin-repeat protein 1-like isoform X3,XP_022310095.1,1,No,0,,No,0,,No,0,,Yes,1,7d_fed_vs_inj,No,0,
LOC111115570,uncharacterized protein LOC111115570,XP_022310064.1,1,Yes,2,fam90_vs_fam120; fam90_vs_fam84,No,0,,No,0,,No,0,,No,0,
LOC111115574,uncharacterized protein LOC111115574,XP_022310066.1,1,Yes,2,fam90_vs_fam120; fam90_vs_fam89,No,0,,No,0,,No,0,,No,0,
LOC111115592,uncharacterized protein LOC111115592,XP_022310088.1,1,No,0,,No,0,,Yes,1,Cv_Pmarinus_infection,No,0,,No,0,
LOC111115596,uncharacterized protein LOC111115596 isoform X2,XP_022310092.1,1,Yes,1,fam90_vs_fam120,No,0,,No,0,,No,0,,No,0,
LOC111115597,altered inheritance of mitochondria protein 21-like,XP_022310094.1,1,No,0,,No,0,,Yes,1,Cv_Pmarinus_infection,No,0,,No,0,
LOC111115609,complement C1q-like protein 2,XP_022310115.1,1,Yes,2,fam90_vs_fam120; fam90_vs_fam84,No,0,,No,0,,No,0,,No,0,
LOC111115612,formin-like protein 3 isoform X4,XP_022310114.1,1,No,0,,No,0,,No,0,,Yes,1,28d_fed_vs_inj,No,0,
LOC111115613,uncharacterized protein LOC111115613,XP_022310131.1,1,Yes,1,fam90_vs_fam89,No,0,,No,0,,No,0,,No,0,
LOC111115616,complement C1q tumor necrosis factor-related protein 1-like,XP_022310135.1,1,Yes,3,fam90_vs_fam120; fam90_vs_fam84; fam90_vs_fam89,No,0,,No,0,,No,0,,No,0,
LOC111115620,uncharacterized protein LOC111115620,XP_022310139.1,1,Yes,1,fam90_vs_fam84,No,0,,No,0,,No,0,,No,0,
LOC111115621,dipeptidase 1-like,XP_022310140.1,1,Yes,1,fam90_vs_fam89,No,0,,No,0,,No,0,,No,0,
LOC111115634,uncharacterized protein LOC111115634,XP_022310159.1,1,Yes,2,fam90_vs_fam84; fam90_vs_fam89,No,0,,No,0,,No,0,,No,0,
LOC111115681,P2X purinoceptor 7-like,XP_022310214.1,1,Yes,3,fam90_vs_fam120; fam90_vs_fam84; fam90_vs_fam89,No,0,,No,0,,No,0,,No,0,
LOC111115683,tripartite motif-containing protein 45-like,XP_022310218.1,1,Yes,1,fam90_vs_fam120,No,0,,No,0,,No,0,,No,0,
LOC111115684,uncharacterized protein LOC111115684,XP_022310220.1,1,Yes,2,fam90_vs_fam120; fam90_vs_fam89,No,0,,No,0,,No,0,,No,0,
LOC111115690,uncharacterized protein LOC111115690,XP_022310227.1,1,Yes,3,fam90_vs_fam120; fam90_vs_fam84; fam90_vs_fam89,No,0,,No,0,,No,0,,No,0,
LOC111115693,perlucin-like protein,XP_022310230.1,1,Yes,1,fam90_vs_fam89,No,0,,No,0,,No,0,,No,0,
LOC111115716,,,1,No,0,,No,0,,Yes,1,Cv_Pmarinus_infection,No,0,,No,0,
LOC111115717,uncharacterized protein LOC111115717 isoform X1,XP_022310258.1,1,No,0,,No,0,,Yes,1,Cv_Pmarinus_infection,No,0,,No,0,
LOC111115722,uncharacterized protein LOC111115722,XP_022310266.1,1,Yes,1,fam90_vs_fam89,No,0,,No,0,,No,0,,No,0,
LOC111115724,methylmalonic aciduria and homocystinuria type C protein homolog,XP_022310268.1,1,Yes,1,fam90_vs_fam89,No,0,,No,0,,No,0,,No,0,
LOC111115734,uncharacterized protein LOC111115734,XP_022310279.1,1,No,0,,No,0,,Yes,1,Cv_Pmarinus_infection,No,0,,No,0,
LOC111115736,uncharacterized protein LOC111115736,XP_022310281.1,1,No,0,,No,0,,Yes,1,Cv_Pmarinus_infection,No,0,,No,0,
LOC111115737,uncharacterized protein LOC111115737,XP_022310285.1,1,No,0,,No,0,,Yes,1,Cv_Pmarinus_infection,No,0,,No,0,
LOC111115740,solute carrier family 28 member 3-like isoform X1,XP_022310284.1,1,Yes,2,fam90_vs_fam120; fam90_vs_fam84,No,0,,No,0,,No,0,,No,0,
LOC111115742,solute carrier family 28 member 3-like,XP_022310290.1,1,Yes,2,fam90_vs_fam120; fam90_vs_fam84,No,0,,No,0,,No,0,,No,0,
LOC111115743,solute carrier family 28 member 3-like,XP_022310291.1,1,Yes,1,fam90_vs_fam89,No,0,,No,0,,No,0,,No,0,
LOC111115747,uncharacterized protein LOC111115747 isoform X1,XP_022310300.1,1,Yes,1,fam90_vs_fam89,No,0,,No,0,,No,0,,No,0,
LOC111115754,"3-ketoacyl-CoA thiolase A, peroxisomal-like",XP_022310308.1,1,Yes,2,fam90_vs_fam120; fam90_vs_fam89,No,0,,No,0,,No,0,,No,0,
LOC111115790,bifunctional coenzyme A synthase-like,XP_022310340.1,1,Yes,2,fam90_vs_fam120; fam90_vs_fam84,No,0,,No,0,,No,0,,No,0,
LOC111115795,partitioning defective 3 homolog isoform X2,XP_022310345.1,1,No,0,,No,0,,No,0,,Yes,2,28d_fed_vs_inj; 6h_fed_vs_ctrl,No,0,
LOC111115796,uncharacterized protein LOC111115796,XP_022310364.1,1,No,0,,No,0,,No,0,,Yes,1,28d_fed_vs_inj,No,0,
LOC111115806,basic proline-rich protein-like isoform X1,XP_022310374.1,1,No,0,,No,0,,Yes,1,Cv_Pmarinus_infection,No,0,,No,0,
LOC111115807,uncharacterized protein LOC111115807,XP_022310377.1,1,No,0,,No,0,,Yes,1,Cv_Pmarinus_infection,No,0,,No,0,
LOC111115810,"LOW QUALITY PROTEIN: beta,beta-carotene 15,15'-dioxygenase-like",XP_022310378.1,1,Yes,1,fam90_vs_fam120,No,0,,No,0,,No,0,,No,0,
LOC111115814,uncharacterized protein LOC111115814,XP_022310381.1,1,No,0,,No,0,,Yes,1,Cv_Pmarinus_infection,No,0,,No,0,
LOC111115823,uncharacterized protein LOC111115823,XP_022310392.1,1,Yes,1,fam90_vs_fam89,No,0,,No,0,,No,0,,No,0,
LOC111115834,uncharacterized protein LOC111115834 isoform X1,XP_022310402.1,1,Yes,1,fam90_vs_fam89,No,0,,No,0,,No,0,,No,0,
LOC111115841,golgin subfamily A member 4-like isoform X1,XP_022310411.1,1,No,0,,No,0,,No,0,,Yes,1,28d_fed_vs_inj,No,0,
LOC111115842,golgin subfamily A member 4-like isoform X1,XP_022310415.1,1,No,0,,No,0,,No,0,,Yes,1,28d_fed_vs_inj,No,0,
LOC111115844,rho GTPase-activating protein 12-like isoform X2,XP_022310418.1,1,No,0,,No,0,,No,0,,Yes,1,28d_fed_vs_inj,No,0,
LOC111115873,uncharacterized protein LOC111115873 isoform X2,XP_022310471.1,1,No,0,,No,0,,No,0,,Yes,1,6h_fed_vs_ctrl,No,0,
LOC111115896,uncharacterized protein LOC111115896,XP_022310508.1,1,Yes,1,fam90_vs_fam120,No,0,,No,0,,No,0,,No,0,
LOC111115899,proline-rich protein 36-like,XP_022310519.1,1,No,0,,No,0,,No,0,,No,0,,Yes,1,resistant_fam266_36h_7d
LOC111115902,GTPase IMAP family member 4-like,XP_022310523.1,1,No,0,,No,0,,Yes,1,Cv_Pmarinus_infection,No,0,,No,0,
LOC111115915,uncharacterized protein LOC111115915,XP_022310541.1,1,Yes,2,fam90_vs_fam120; fam90_vs_fam89,No,0,,No,0,,No,0,,No,0,
LOC111115917,receptor-type tyrosine-protein phosphatase epsilon-like,XP_022310542.1,1,Yes,1,fam90_vs_fam89,No,0,,No,0,,No,0,,No,0,
LOC111115928,lysozyme 1,XP_022310560.1,1,No,0,,No,0,,Yes,1,Cv_Pmarinus_infection,No,0,,No,0,
LOC111115936,uncharacterized protein LOC111115936,XP_022310568.1,1,Yes,1,fam90_vs_fam84,No,0,,No,0,,No,0,,No,0,
LOC111115939,neuronal acetylcholine receptor subunit alpha-9-like,XP_022310575.1,1,No,0,,No,0,,Yes,1,Cv_Pmarinus_infection,No,0,,No,0,
LOC111115949,uncharacterized protein LOC111115949 isoform X1,XP_022310583.1,1,Yes,1,fam90_vs_fam120,No,0,,No,0,,No,0,,No,0,
LOC111115958,uncharacterized protein LOC111115958,XP_022310594.1,1,Yes,1,fam90_vs_fam89,No,0,,No,0,,No,0,,No,0,
LOC111115959,transmembrane protein 233-like,XP_022310598.1,1,Yes,1,fam90_vs_fam89,No,0,,No,0,,No,0,,No,0,
LOC111115966,uncharacterized protein LOC111115966,XP_022310604.1,1,Yes,1,fam90_vs_fam120,No,0,,No,0,,No,0,,No,0,
LOC111115972,multiple epidermal growth factor-like domains protein 10,XP_022310612.1,1,Yes,1,fam90_vs_fam120,No,0,,No,0,,No,0,,No,0,
LOC111115974,uncharacterized protein LOC111115974,XP_022310617.1,1,No,0,,No,0,,Yes,1,Cv_Pmarinus_infection,No,0,,No,0,
LOC111115976,uncharacterized protein LOC111115976,XP_022310619.1,1,No,0,,No,0,,Yes,1,Cv_Pmarinus_infection,No,0,,No,0,
LOC111115978,complement C1q tumor necrosis factor-related protein 2-like,XP_022310624.1,1,Yes,3,fam90_vs_fam120; fam90_vs_fam84; fam90_vs_fam89,No,0,,No,0,,No,0,,No,0,
LOC111115980,uncharacterized protein LOC111115980 isoform X1,XP_022310637.1,1,Yes,1,fam90_vs_fam89,No,0,,No,0,,No,0,,No,0,
LOC111115984,methylmalonic aciduria and homocystinuria type C protein homolog,XP_022310643.1,1,No,0,,No,0,,Yes,1,Cv_Pmarinus_infection,No,0,,No,0,
LOC111116005,uncharacterized protein C7orf72-like isoform X1,XP_022310679.1,1,No,0,,No,0,,No,0,,Yes,1,28d_fed_vs_inj,No,0,
LOC111116029,unconventional myosin-XVIIIa-like isoform X2,XP_022310702.1,1,No,0,,No,0,,No,0,,Yes,1,28d_fed_vs_inj,No,0,
LOC111116030,dynactin subunit 2-like,XP_022310704.1,1,Yes,1,fam90_vs_fam89,No,0,,No,0,,No,0,,No,0,
LOC111116031,perlucin-like protein,XP_022310705.1,1,No,0,,No,0,,Yes,1,Cv_Pmarinus_infection,No,0,,No,0,
LOC111116032,uncharacterized protein LOC111116032,XP_022310706.1,1,Yes,2,fam90_vs_fam120; fam90_vs_fam84,No,0,,No,0,,No,0,,No,0,
LOC111116051,E3 ubiquitin-protein ligase TRIM71-like,XP_022310742.1,1,Yes,1,fam90_vs_fam89,No,0,,No,0,,No,0,,No,0,
LOC111116053,receptor-type tyrosine-protein phosphatase epsilon-like isoform X2,XP_022310744.1,1,Yes,2,fam90_vs_fam84; fam90_vs_fam89,No,0,,No,0,,No,0,,No,0,
LOC111116064,cell death abnormality protein 1-like,XP_022310759.1,1,Yes,2,fam90_vs_fam120; fam90_vs_fam89,No,0,,No,0,,No,0,,No,0,
LOC111116079,uncharacterized protein LOC111116079,XP_022310771.1,1,Yes,1,fam90_vs_fam84,No,0,,No,0,,No,0,,No,0,
LOC111116086,uncharacterized protein LOC111116086,XP_022310784.1,1,Yes,1,fam90_vs_fam89,No,0,,No,0,,No,0,,No,0,
LOC111116096,uncharacterized protein LOC111116096,XP_022310796.1,1,Yes,1,fam90_vs_fam89,No,0,,No,0,,No,0,,No,0,
LOC111116099,uncharacterized protein LOC111116099 isoform X2,XP_022310804.1,1,Yes,1,fam90_vs_fam120,No,0,,No,0,,No,0,,No,0,
LOC111116101,multiple epidermal growth factor-like domains protein 10,XP_022310806.1,1,No,0,,No,0,,Yes,1,Cv_Pmarinus_infection,No,0,,No,0,
LOC111116136,uncharacterized protein LOC111116136,XP_022310845.1,1,No,0,,No,0,,Yes,1,Cv_Pmarinus_infection,No,0,,No,0,
LOC111116140,uncharacterized protein LOC111116140,XP_022310851.1,1,No,0,,No,0,,Yes,1,Cv_Pmarinus_infection,No,0,,No,0,
LOC111116144,uncharacterized protein LOC111116144,XP_022310853.1,1,Yes,2,fam90_vs_fam120; fam90_vs_fam89,No,0,,No,0,,No,0,,No,0,
LOC111116151,adhesion G protein-coupled receptor E1-like,XP_022310859.1,1,Yes,1,fam90_vs_fam120,No,0,,No,0,,No,0,,No,0,
LOC111116198,eppin-like,XP_022310895.1,1,Yes,1,fam90_vs_fam84,No,0,,No,0,,No,0,,No,0,
LOC111116201,uncharacterized protein LOC111116201,XP_022310897.1,1,Yes,1,fam90_vs_fam120,No,0,,No,0,,No,0,,No,0,
LOC111116206,uncharacterized protein LOC111116206,XP_022310898.1,1,Yes,1,fam90_vs_fam89,No,0,,No,0,,No,0,,No,0,
LOC111116220,nuclear receptor ROR-beta-like isoform X2,XP_022310915.1,1,Yes,1,fam90_vs_fam84,No,0,,No,0,,No,0,,No,0,
LOC111116224,uncharacterized protein LOC111116224,XP_022310916.1,1,Yes,2,fam90_vs_fam84; fam90_vs_fam89,No,0,,No,0,,No,0,,No,0,
LOC111116245,uncharacterized protein LOC111116245,XP_022310939.1,1,Yes,2,fam90_vs_fam84; fam90_vs_fam89,No,0,,No,0,,No,0,,No,0,
LOC111116246,uncharacterized protein LOC111116246,XP_022310940.1,1,Yes,2,fam90_vs_fam84; fam90_vs_fam89,No,0,,No,0,,No,0,,No,0,
LOC111116247,angiopoietin-4-like,XP_022310941.1,1,Yes,1,fam90_vs_fam89,No,0,,No,0,,No,0,,No,0,
LOC111116249,low affinity immunoglobulin epsilon Fc receptor-like,XP_022310943.1,1,No,0,,No,0,,Yes,1,Cv_Pmarinus_infection,No,0,,No,0,
LOC111116256,multiple epidermal growth factor-like domains protein 11,XP_022310950.1,1,Yes,1,fam90_vs_fam89,No,0,,No,0,,No,0,,No,0,
LOC111116263,putative zinc carboxypeptidase PFA0170c,XP_022310957.1,1,Yes,1,fam90_vs_fam89,No,0,,No,0,,No,0,,No,0,
LOC111116267,uncharacterized protein LOC111116267,XP_022310962.1,1,Yes,1,fam90_vs_fam89,No,0,,No,0,,No,0,,No,0,
LOC111116270,protein draper-like,XP_022310965.1,1,Yes,2,fam90_vs_fam84; fam90_vs_fam89,No,0,,No,0,,No,0,,No,0,
LOC111116273,uncharacterized protein K02A2.6-like,XP_022310968.1,1,Yes,3,fam90_vs_fam120; fam90_vs_fam84; fam90_vs_fam89,No,0,,No,0,,No,0,,No,0,
LOC111116309,LOW QUALITY PROTEIN: uncharacterized protein LOC111116309,XP_022311003.1,1,Yes,1,fam90_vs_fam89,No,0,,No,0,,No,0,,No,0,
LOC111116331,uncharacterized protein LOC111116331,XP_022311023.1,1,Yes,1,fam90_vs_fam84,No,0,,No,0,,No,0,,No,0,
LOC111116332,multiple epidermal growth factor-like domains protein 10,XP_022311027.1,1,Yes,1,fam90_vs_fam89,No,0,,No,0,,No,0,,No,0,
LOC111116349,uncharacterized protein LOC111116349,XP_022311042.1,1,Yes,1,fam90_vs_fam84,No,0,,No,0,,No,0,,No,0,
LOC111116352,zinc finger CCCH domain-containing protein 11A-like isoform X1,XP_022311048.1,1,Yes,1,fam90_vs_fam84,No,0,,No,0,,No,0,,No,0,
LOC111116386,uncharacterized protein LOC111116386,XP_022311083.1,1,Yes,1,fam90_vs_fam89,No,0,,No,0,,No,0,,No,0,
LOC111116394,uncharacterized protein LOC111116394,XP_022311092.1,1,Yes,1,fam90_vs_fam84,No,0,,No,0,,No,0,,No,0,
LOC111116418,"apoptogenic protein 1, mitochondrial-like",XP_022311117.1,1,Yes,1,fam90_vs_fam89,No,0,,No,0,,No,0,,No,0,
LOC111116436,uncharacterized protein LOC111116436,XP_022311139.1,1,Yes,2,fam90_vs_fam120; fam90_vs_fam89,No,0,,No,0,,No,0,,No,0,
LOC111116460,uncharacterized protein LOC111116460,XP_022311164.1,1,No,0,,No,0,,Yes,1,Cv_Pmarinus_infection,No,0,,No,0,
LOC111116489,kielin/chordin-like protein,XP_022311192.1,1,Yes,2,fam90_vs_fam84; fam90_vs_fam89,No,0,,No,0,,No,0,,No,0,
LOC111116515,fibroleukin-like,XP_022311217.1,1,Yes,1,fam90_vs_fam89,No,0,,No,0,,No,0,,No,0,
LOC111116532,uncharacterized protein LOC111116532,XP_022311235.1,1,No,0,,No,0,,No,0,,Yes,1,28d_fed_vs_inj,No,0,
LOC111116535,uncharacterized protein LOC111116535,XP_022311238.1,1,Yes,1,fam90_vs_fam89,No,0,,No,0,,No,0,,No,0,
LOC111116541,uncharacterized protein LOC111116541,XP_022311244.1,1,Yes,1,fam90_vs_fam89,No,0,,No,0,,No,0,,No,0,
LOC111116549,uncharacterized protein LOC111116549,XP_022311255.1,1,Yes,1,fam90_vs_fam84,No,0,,No,0,,No,0,,No,0,
LOC111116555,uncharacterized protein LOC111116555,XP_022311261.1,1,No,0,,No,0,,No,0,,Yes,1,6h_fed_vs_ctrl,No,0,
LOC111116560,protein draper-like,XP_022311266.1,1,Yes,1,fam90_vs_fam89,No,0,,No,0,,No,0,,No,0,
LOC111116587,uncharacterized protein LOC111116587,XP_022311295.1,1,No,0,,No,0,,Yes,1,Cv_Pmarinus_infection,No,0,,No,0,
LOC111116593,uncharacterized protein LOC111116593,XP_022311302.1,1,Yes,1,fam90_vs_fam84,No,0,,No,0,,No,0,,No,0,
LOC111116599,uncharacterized protein LOC111116599,XP_022311307.1,1,No,0,,No,0,,Yes,1,Cv_Pmarinus_infection,No,0,,No,0,
LOC111116600,uncharacterized protein LOC111116600,XP_022311308.1,1,No,0,,No,0,,Yes,1,Cv_Pmarinus_infection,No,0,,No,0,
LOC111116609,neurotrypsin-like,XP_022311318.1,1,Yes,2,fam90_vs_fam120; fam90_vs_fam89,No,0,,No,0,,No,0,,No,0,
LOC111116612,uncharacterized protein LOC111116612,XP_022311321.1,1,No,0,,No,0,,Yes,1,Cv_Pmarinus_infection,No,0,,No,0,
LOC111116615,serine/threonine-protein kinase greatwall-like isoform X2,XP_022311324.1,1,No,0,,No,0,,No,0,,Yes,1,7d_fed_vs_inj,No,0,
LOC111116617,platelet endothelial aggregation receptor 1-like,XP_022311323.1,1,Yes,1,fam90_vs_fam89,No,0,,No,0,,No,0,,No,0,
LOC111116630,tax1-binding protein 1 homolog isoform X2,XP_022311340.1,1,No,0,,No,0,,No,0,,Yes,1,28d_fed_vs_inj,No,0,
LOC111116631,receptor-type tyrosine-protein phosphatase mu-like,XP_022311337.1,1,Yes,1,fam90_vs_fam89,No,0,,No,0,,No,0,,No,0,
LOC111116632,receptor-type tyrosine-protein phosphatase alpha-like isoform X1,XP_022311338.1,1,No,0,,No,0,,No,0,,Yes,1,28d_fed_vs_inj,No,0,
LOC111116635,receptor-type tyrosine-protein phosphatase-like,XP_022311345.1,1,Yes,3,fam90_vs_fam120; fam90_vs_fam84; fam90_vs_fam89,No,0,,No,0,,No,0,,No,0,
LOC111116638,transient receptor potential cation channel subfamily M member 8-like,XP_022311349.1,1,Yes,1,fam90_vs_fam120,No,0,,No,0,,No,0,,No,0,
LOC111116647,ATP-dependent DNA helicase PIF1-like,XP_022311358.1,1,Yes,1,fam90_vs_fam120,No,0,,No,0,,No,0,,No,0,
LOC111116650,"sarcoplasmic calcium-binding proteins II, V, VI, and VII-like",XP_022311359.1,1,Yes,1,fam90_vs_fam89,No,0,,No,0,,No,0,,No,0,
LOC111116661,uncharacterized protein LOC111116661 isoform X1,XP_022311365.1,1,Yes,1,fam90_vs_fam120,No,0,,No,0,,No,0,,No,0,
LOC111116662,uncharacterized protein LOC111116662,XP_022311368.1,1,Yes,1,fam90_vs_fam84,No,0,,No,0,,No,0,,No,0,
LOC111116694,uncharacterized protein LOC111116694,XP_022311393.1,1,No,0,,No,0,,No,0,,Yes,1,7d_fed_vs_inj,No,0,
LOC111116696,uncharacterized protein LOC111116696,XP_022311391.1,1,Yes,1,fam90_vs_fam89,No,0,,No,0,,No,0,,No,0,
LOC111116709,uncharacterized protein LOC111116709,XP_022311405.1,1,Yes,1,fam90_vs_fam84,No,0,,No,0,,No,0,,No,0,
LOC111116711,uncharacterized protein LOC111116711,XP_022311408.1,1,Yes,1,fam90_vs_fam120,No,0,,No,0,,No,0,,No,0,
LOC111116717,uncharacterized protein LOC111116717,XP_022311415.1,1,Yes,1,fam90_vs_fam89,No,0,,No,0,,No,0,,No,0,
LOC111116726,uncharacterized protein LOC111116726,XP_022311421.1,1,Yes,2,fam90_vs_fam84; fam90_vs_fam89,No,0,,No,0,,No,0,,No,0,
LOC111116740,"glycerol-3-phosphate dehydrogenase [NAD(+)], cytoplasmic-like",XP_022311439.1,1,No,0,,No,0,,No,0,,Yes,1,7d_fed_vs_inj,No,0,
LOC111116744,uncharacterized protein LOC111116744,XP_022311440.1,1,Yes,1,fam90_vs_fam89,No,0,,No,0,,No,0,,No,0,
LOC111116749,cell death abnormality protein 1-like,XP_022311449.1,1,Yes,1,fam90_vs_fam84,No,0,,No,0,,No,0,,No,0,
LOC111116754,protein FAM98B-like,XP_022311458.1,1,Yes,2,fam90_vs_fam84; fam90_vs_fam89,No,0,,No,0,,No,0,,No,0,
LOC111116758,uncharacterized protein LOC111116758,XP_022311462.1,1,Yes,2,fam90_vs_fam120; fam90_vs_fam89,No,0,,No,0,,No,0,,No,0,
LOC111116765,P2X purinoceptor 7-like,XP_022311470.1,1,Yes,1,fam90_vs_fam120,No,0,,No,0,,No,0,,No,0,
LOC111116766,uncharacterized protein LOC111116766,XP_022311471.1,1,Yes,2,fam90_vs_fam84; fam90_vs_fam89,No,0,,No,0,,No,0,,No,0,
LOC111116778,receptor-type tyrosine-protein phosphatase mu-like isoform X2,XP_022311486.1,1,No,0,,No,0,,No,0,,Yes,1,28d_fed_vs_inj,No,0,
LOC111116782,uncharacterized protein LOC111116782,XP_022311492.1,1,Yes,2,fam90_vs_fam84; fam90_vs_fam89,No,0,,No,0,,No,0,,No,0,
LOC111116787,neurogenic locus Notch protein-like isoform X1,XP_022311496.1,1,Yes,1,fam90_vs_fam89,No,0,,No,0,,No,0,,No,0,
LOC111116790,multiple epidermal growth factor-like domains protein 10 isoform X1,XP_022311505.1,1,Yes,1,fam90_vs_fam84,No,0,,No,0,,No,0,,No,0,
LOC111116793,uncharacterized protein LOC111116793,XP_022311512.1,1,No,0,,No,0,,No,0,,Yes,1,6h_fed_vs_ctrl,No,0,
LOC111116794,uncharacterized protein LOC111116794 isoform X1,XP_022311515.1,1,Yes,3,fam90_vs_fam120; fam90_vs_fam84; fam90_vs_fam89,No,0,,No,0,,No,0,,No,0,
LOC111116796,uncharacterized protein LOC111116796,XP_022311523.1,1,Yes,1,fam90_vs_fam120,No,0,,No,0,,No,0,,No,0,
LOC111116798,uncharacterized protein LOC111116798,XP_022311525.1,1,Yes,2,fam90_vs_fam84; fam90_vs_fam89,No,0,,No,0,,No,0,,No,0,
LOC111116802,uncharacterized protein LOC111116802,XP_022311528.1,1,Yes,1,fam90_vs_fam89,No,0,,No,0,,No,0,,No,0,
LOC111116805,uncharacterized protein LOC111116805,XP_022311533.1,1,Yes,1,fam90_vs_fam89,No,0,,No,0,,No,0,,No,0,
LOC111116809,cysteine dioxygenase type 1-like,XP_022311536.1,1,No,0,,No,0,,Yes,1,Cv_Pmarinus_infection,No,0,,No,0,
LOC111116842,uncharacterized protein LOC111116842,XP_022311568.1,1,Yes,2,fam90_vs_fam84; fam90_vs_fam89,No,0,,No,0,,No,0,,No,0,
LOC111116855,uncharacterized protein LOC111116855,XP_022311587.1,1,Yes,2,fam90_vs_fam120; fam90_vs_fam84,No,0,,No,0,,No,0,,No,0,
LOC111116867,E3 ubiquitin-protein ligase TRIM71-like,XP_022311602.1,1,Yes,1,fam90_vs_fam89,No,0,,No,0,,No,0,,No,0,
LOC111116879,transient receptor potential cation channel subfamily M member 2-like isoform X2,XP_022311635.1,1,Yes,3,fam90_vs_fam120; fam90_vs_fam84; fam90_vs_fam89,No,0,,No,0,,No,0,,No,0,
LOC111116888,uncharacterized protein LOC111116888,XP_022311647.1,1,Yes,1,fam90_vs_fam89,No,0,,No,0,,No,0,,No,0,
LOC111116898,DNA damage-regulated autophagy modulator protein 1-like isoform X1,XP_022311662.1,1,No,0,,No,0,,No,0,,Yes,1,28d_fed_vs_inj,No,0,
LOC111116899,,,1,No,0,,No,0,,Yes,1,Cv_Pmarinus_infection,No,0,,No,0,
LOC111116904,uncharacterized protein LOC111116904,XP_022311664.1,1,Yes,3,fam90_vs_fam120; fam90_vs_fam84; fam90_vs_fam89,No,0,,No,0,,No,0,,No,0,
LOC111116907,transmembrane GTPase Marf-like isoform X2,XP_022311667.1,1,Yes,1,fam90_vs_fam120,No,0,,No,0,,No,0,,No,0,
LOC111116908,hepatic lectin-like isoform X1,XP_022311669.1,1,No,0,,No,0,,Yes,1,Cv_Pmarinus_infection,No,0,,No,0,
LOC111116919,tripartite motif-containing protein 3-like,XP_022311684.1,1,Yes,3,fam90_vs_fam120; fam90_vs_fam84; fam90_vs_fam89,No,0,,No,0,,No,0,,No,0,
LOC111116921,uncharacterized protein LOC111116921,XP_022311688.1,1,Yes,1,fam90_vs_fam84,No,0,,No,0,,No,0,,No,0,
LOC111116924,uncharacterized protein LOC111116924,XP_022311690.1,1,Yes,1,fam90_vs_fam89,No,0,,No,0,,No,0,,No,0,
LOC111116927,multiple epidermal growth factor-like domains protein 10,XP_022311693.1,1,No,0,,No,0,,Yes,1,Cv_Pmarinus_infection,No,0,,No,0,
LOC111116932,uncharacterized protein LOC111116932,XP_022311700.1,1,Yes,1,fam90_vs_fam84,No,0,,No,0,,No,0,,No,0,
LOC111116933,cell death abnormality protein 1-like isoform X2,XP_022311701.1,1,Yes,1,fam90_vs_fam89,No,0,,No,0,,No,0,,No,0,
LOC111116949,uncharacterized protein LOC111116949,XP_022311714.1,1,Yes,1,fam90_vs_fam89,No,0,,No,0,,No,0,,No,0,
LOC111116960,uncharacterized protein LOC111116960 isoform X1,XP_022311722.1,1,Yes,2,fam90_vs_fam120; fam90_vs_fam89,No,0,,No,0,,No,0,,No,0,
LOC111116965,pyruvate kinase PKM-like isoform X7,XP_022311724.1,1,Yes,2,fam90_vs_fam120; fam90_vs_fam84,No,0,,No,0,,No,0,,No,0,
LOC111116972,uncharacterized protein LOC111116972 isoform X2,XP_022311736.1,1,Yes,2,fam90_vs_fam84; fam90_vs_fam89,No,0,,No,0,,No,0,,No,0,
LOC111116981,uncharacterized protein LOC111116981,XP_022311742.1,1,No,0,,No,0,,Yes,1,Cv_Pmarinus_infection,No,0,,No,0,
LOC111117019,protease inhibitors-like,XP_022311787.1,1,Yes,2,fam90_vs_fam84; fam90_vs_fam89,No,0,,No,0,,No,0,,No,0,
LOC111117040,uncharacterized protein LOC111117040 isoform X2,XP_022311810.1,1,Yes,2,fam90_vs_fam120; fam90_vs_fam89,No,0,,No,0,,No,0,,No,0,
LOC111117042,uncharacterized protein LOC111117042,XP_022311815.1,1,Yes,1,fam90_vs_fam89,No,0,,No,0,,No,0,,No,0,
LOC111117044,colorectal mutant cancer protein-like isoform X1,XP_022311817.1,1,Yes,1,fam90_vs_fam84,No,0,,No,0,,No,0,,No,0,
LOC111117050,serine/threonine-protein kinase greatwall-like isoform X2,XP_022311833.1,1,Yes,1,fam90_vs_fam89,No,0,,No,0,,No,0,,No,0,
LOC111117063,multiple epidermal growth factor-like domains protein 10 isoform X2,XP_022311843.1,1,No,0,,No,0,,Yes,1,Cv_Pmarinus_infection,No,0,,No,0,
LOC111117099,sodium-coupled monocarboxylate transporter 1-like,XP_022311886.1,1,Yes,1,fam90_vs_fam84,No,0,,No,0,,No,0,,No,0,
LOC111117103,uncharacterized protein LOC111117103 isoform X1,XP_022311893.1,1,Yes,3,fam90_vs_fam120; fam90_vs_fam84; fam90_vs_fam89,No,0,,No,0,,No,0,,No,0,
LOC111117116,receptor-type tyrosine-protein phosphatase kappa-like,XP_022311910.1,1,Yes,1,fam90_vs_fam89,No,0,,No,0,,No,0,,No,0,
LOC111117138,uncharacterized protein LOC111117138,XP_022311927.1,1,No,0,,No,0,,Yes,1,Cv_Pmarinus_infection,No,0,,No,0,
LOC111117139,multiple epidermal growth factor-like domains protein 11 isoform X1,XP_022311928.1,1,Yes,2,fam90_vs_fam84; fam90_vs_fam89,No,0,,No,0,,No,0,,No,0,
LOC111117154,uncharacterized protein LOC111117154,XP_022311945.1,1,No,0,,No,0,,Yes,1,Cv_Pmarinus_infection,No,0,,No,0,
LOC111117164,cytoplasmic aconitate hydratase-like isoform X1,XP_022311953.1,1,No,0,,No,0,,No,0,,Yes,1,28d_fed_vs_inj,No,0,
LOC111117195,basic salivary proline-rich protein 1-like,XP_022311976.1,1,Yes,2,fam90_vs_fam120; fam90_vs_fam89,No,0,,No,0,,No,0,,No,0,
LOC111117205,tripartite motif-containing protein 3-like isoform X2,XP_022311985.1,1,Yes,1,fam90_vs_fam89,No,0,,No,0,,No,0,,No,0,
LOC111117218,LOW QUALITY PROTEIN: uncharacterized protein LOC111117218,XP_022311998.1,1,Yes,1,fam90_vs_fam89,No,0,,No,0,,No,0,,No,0,
LOC111117219,uncharacterized protein LOC111117219,XP_022311999.1,1,Yes,2,fam90_vs_fam84; fam90_vs_fam89,No,0,,No,0,,No,0,,No,0,
LOC111117249,BTB/POZ domain-containing protein 6-like,XP_022312026.1,1,Yes,1,fam90_vs_fam84,No,0,,No,0,,No,0,,No,0,
LOC111117254,eppin-like,XP_022312032.1,1,Yes,1,fam90_vs_fam84,No,0,,No,0,,No,0,,No,0,
LOC111117266,mucin-17-like,XP_022312041.1,1,Yes,1,fam90_vs_fam89,No,0,,No,0,,No,0,,No,0,
LOC111117283,uncharacterized protein LOC111117283,XP_022312058.1,1,Yes,1,fam90_vs_fam84,No,0,,No,0,,No,0,,No,0,
LOC111117287,uncharacterized protein LOC111117287,XP_022312061.1,1,Yes,1,fam90_vs_fam120,No,0,,No,0,,No,0,,No,0,
LOC111117293,uncharacterized protein LOC111117293 isoform X2,XP_022312064.1,1,Yes,2,fam90_vs_fam120; fam90_vs_fam89,No,0,,No,0,,No,0,,No,0,
LOC111117298,uncharacterized protein LOC111117298,XP_022312068.1,1,No,0,,No,0,,No,0,,Yes,1,6h_fed_vs_ctrl,No,0,
LOC111117304,P2X purinoceptor 7-like,XP_022312076.1,1,Yes,2,fam90_vs_fam84; fam90_vs_fam89,No,0,,No,0,,No,0,,No,0,
LOC111117305,endothelial zinc finger protein induced by tumor necrosis factor alpha-like,XP_022312077.1,1,Yes,1,fam90_vs_fam89,No,0,,No,0,,No,0,,No,0,
LOC111117325,uncharacterized protein LOC111117325 isoform X2,XP_022312097.1,1,Yes,3,fam90_vs_fam120; fam90_vs_fam84; fam90_vs_fam89,No,0,,No,0,,No,0,,No,0,
LOC111117327,receptor-type tyrosine-protein phosphatase alpha-like isoform X3,XP_022312100.1,1,Yes,3,fam90_vs_fam120; fam90_vs_fam84; fam90_vs_fam89,No,0,,No,0,,No,0,,No,0,
LOC111117328,receptor-type tyrosine-protein phosphatase U-like,XP_022312103.1,1,Yes,1,fam90_vs_fam89,No,0,,No,0,,No,0,,No,0,
LOC111117329,kielin/chordin-like protein,XP_022312104.1,1,Yes,2,fam90_vs_fam84; fam90_vs_fam89,No,0,,No,0,,No,0,,No,0,
LOC111117340,uncharacterized protein LOC111117340,XP_022312127.1,1,No,0,,No,0,,No,0,,Yes,1,6h_fed_vs_ctrl,No,0,
LOC111117354,uncharacterized protein LOC111117354,XP_022312154.1,1,No,0,,No,0,,No,0,,Yes,1,7d_fed_vs_inj,No,0,
LOC111117370,tripartite motif-containing protein 3-like,XP_022312179.1,1,Yes,3,fam90_vs_fam120; fam90_vs_fam84; fam90_vs_fam89,No,0,,No,0,,No,0,,No,0,
LOC111117385,uncharacterized protein LOC111117385 isoform X3,XP_022312194.1,1,Yes,1,fam90_vs_fam84,No,0,,No,0,,No,0,,No,0,
LOC111117386,uncharacterized protein LOC111117386,XP_022312199.1,1,Yes,1,fam90_vs_fam120,No,0,,No,0,,No,0,,No,0,
LOC111117393,uncharacterized protein LOC111117393,XP_022312207.1,1,Yes,1,fam90_vs_fam89,No,0,,No,0,,No,0,,No,0,
LOC111117398,uncharacterized protein LOC111117398,XP_022312214.1,1,Yes,1,fam90_vs_fam89,No,0,,No,0,,No,0,,No,0,
LOC111117403,protein draper-like isoform X1,XP_022312223.1,1,Yes,2,fam90_vs_fam120; fam90_vs_fam89,No,0,,No,0,,No,0,,No,0,
LOC111117417,transcription factor 4-like isoform X9,XP_022312240.1,1,No,0,,No,0,,No,0,,Yes,1,28d_fed_vs_inj,No,0,
LOC111117425,BPTI/Kunitz domain-containing protein-like,XP_022312259.1,1,Yes,2,fam90_vs_fam84; fam90_vs_fam89,No,0,,No,0,,No,0,,No,0,
LOC111117429,eppin-like,XP_022312261.1,1,No,0,,No,0,,No,0,,No,0,,Yes,1,resistant_fam266_36h_7d
LOC111117430,uncharacterized protein LOC111117430,XP_022312262.1,1,Yes,1,fam90_vs_fam89,No,0,,No,0,,No,0,,No,0,
LOC111117447,uncharacterized protein LOC111117447 isoform X2,XP_022312280.1,1,No,0,,No,0,,Yes,1,Cv_Pmarinus_infection,No,0,,No,0,
LOC111117450,glycoprotein 3-alpha-L-fucosyltransferase A-like,XP_022312285.1,1,Yes,1,fam90_vs_fam89,No,0,,No,0,,No,0,,No,0,
LOC111117454,uncharacterized protein LOC111117454 isoform X1,XP_022312287.1,1,No,0,,No,0,,No,0,,Yes,1,6h_fed_vs_ctrl,No,0,
LOC111117456,endothelin-converting enzyme 1-like isoform X1,XP_022312290.1,1,Yes,3,fam90_vs_fam120; fam90_vs_fam84; fam90_vs_fam89,No,0,,No,0,,No,0,,No,0,
LOC111117459,uncharacterized protein LOC111117459,XP_022312302.1,1,Yes,2,fam90_vs_fam84; fam90_vs_fam89,No,0,,No,0,,No,0,,No,0,
LOC111117465,organic cation transporter protein-like,XP_022312308.1,1,No,0,,No,0,,No,0,,Yes,1,28d_fed_vs_inj,No,0,
LOC111117466,uncharacterized protein LOC111117466 isoform X1,XP_022312309.1,1,Yes,2,fam90_vs_fam120; fam90_vs_fam84,No,0,,No,0,,No,0,,No,0,
LOC111117471,uncharacterized protein LOC111117471,XP_022312316.1,1,Yes,1,fam90_vs_fam84,No,0,,No,0,,No,0,,No,0,
LOC111117475,uncharacterized protein LOC111117475 isoform X3,XP_022312320.1,1,Yes,2,fam90_vs_fam120; fam90_vs_fam89,No,0,,No,0,,No,0,,No,0,
LOC111117479,zinc finger BED domain-containing protein 1-like isoform X1,XP_022312324.1,1,Yes,1,fam90_vs_fam84,No,0,,No,0,,No,0,,No,0,
LOC111117481,uncharacterized protein LOC111117481,XP_022312328.1,1,Yes,1,fam90_vs_fam89,No,0,,No,0,,No,0,,No,0,
LOC111117483,uncharacterized protein LOC111117483,XP_022312329.1,1,Yes,1,fam90_vs_fam89,No,0,,No,0,,No,0,,No,0,
LOC111117490,uncharacterized protein LOC111117490,XP_022312335.1,1,Yes,1,fam90_vs_fam89,No,0,,No,0,,No,0,,No,0,
LOC111117504,multiple epidermal growth factor-like domains protein 11,XP_022312354.1,1,Yes,1,fam90_vs_fam89,No,0,,No,0,,No,0,,No,0,
LOC111117511,tripartite motif-containing protein 45-like,XP_022312362.1,1,Yes,1,fam90_vs_fam89,No,0,,No,0,,No,0,,No,0,
LOC111117512,uncharacterized protein LOC111117512 isoform X1,XP_022312363.1,1,Yes,1,fam90_vs_fam84,No,0,,No,0,,No,0,,No,0,
LOC111117515,uncharacterized protein LOC111117515,XP_022312366.1,1,Yes,1,fam90_vs_fam120,No,0,,No,0,,No,0,,No,0,
LOC111117537,tripartite motif-containing protein 54-like,XP_022312400.1,1,Yes,3,fam90_vs_fam120; fam90_vs_fam84; fam90_vs_fam89,No,0,,No,0,,No,0,,No,0,
LOC111117538,uncharacterized protein LOC111117538,XP_022312401.1,1,Yes,1,fam90_vs_fam89,No,0,,No,0,,No,0,,No,0,
LOC111117562,delta-like protein C,XP_022312417.1,1,Yes,1,fam90_vs_fam89,No,0,,No,0,,No,0,,No,0,
LOC111117574,kielin/chordin-like protein,XP_022312433.1,1,Yes,1,fam90_vs_fam89,No,0,,No,0,,No,0,,No,0,
LOC111117580,uncharacterized protein LOC111117580 isoform X5,XP_022312437.1,1,Yes,1,fam90_vs_fam89,No,0,,No,0,,No,0,,No,0,
LOC111117596,uncharacterized protein LOC111117596,XP_022312457.1,1,Yes,1,fam90_vs_fam89,No,0,,No,0,,No,0,,No,0,
LOC111117598,toll-like receptor 6,XP_022312459.1,1,No,0,,No,0,,Yes,1,Cv_Pmarinus_infection,No,0,,No,0,
LOC111117599,toll-like receptor 13,XP_022312461.1,1,No,0,,No,0,,Yes,1,Cv_Pmarinus_infection,No,0,,No,0,
LOC111117604,uncharacterized protein LOC111117604,XP_022312465.1,1,Yes,1,fam90_vs_fam89,No,0,,No,0,,No,0,,No,0,
LOC111117606,uncharacterized protein LOC111117606,XP_022312467.1,1,No,0,,No,0,,Yes,1,Cv_Pmarinus_infection,No,0,,No,0,
LOC111117616,uncharacterized protein LOC111117616,XP_022312476.1,1,Yes,2,fam90_vs_fam84; fam90_vs_fam89,No,0,,No,0,,No,0,,No,0,
LOC111117624,BTB/POZ domain-containing protein 6-like,XP_022312485.1,1,No,0,,No,0,,Yes,1,Cv_Pmarinus_infection,No,0,,No,0,
LOC111117656,C1q-related factor-like,XP_022312525.1,1,Yes,1,fam90_vs_fam84,No,0,,No,0,,No,0,,No,0,
LOC111117662,uncharacterized protein LOC111117662,XP_022312529.1,1,Yes,1,fam90_vs_fam84,No,0,,No,0,,No,0,,No,0,
LOC111117664,uncharacterized protein LOC111117664,XP_022312531.1,1,Yes,1,fam90_vs_fam120,No,0,,No,0,,No,0,,No,0,
LOC111117669,beta-lactamase domain-containing protein 2-like,XP_022312543.1,1,Yes,1,fam90_vs_fam89,No,0,,No,0,,No,0,,No,0,
LOC111117683,uncharacterized protein LOC111117683,XP_022312557.1,1,Yes,1,fam90_vs_fam89,No,0,,No,0,,No,0,,No,0,
LOC111117686,uncharacterized protein LOC111117686,XP_022312562.1,1,Yes,1,fam90_vs_fam89,No,0,,No,0,,No,0,,No,0,
LOC111117696,neuronal acetylcholine receptor subunit non-alpha-2-like,XP_022312569.1,1,Yes,2,fam90_vs_fam120; fam90_vs_fam84,No,0,,No,0,,No,0,,No,0,
LOC111117697,centromere-associated protein E-like,XP_022312573.1,1,No,0,,No,0,,No,0,,Yes,1,28d_fed_vs_inj,No,0,
LOC111117698,uncharacterized protein LOC111117698,XP_022312570.1,1,No,0,,No,0,,No,0,,No,0,,Yes,1,resistant_fam266_36h_7d
LOC111117702,,,1,No,0,,No,0,,Yes,1,Cv_Pmarinus_infection,No,0,,No,0,
LOC111117703,uncharacterized protein LOC111117703,XP_022312577.1,1,Yes,1,fam90_vs_fam89,No,0,,No,0,,No,0,,No,0,
LOC111117704,C-type lectin domain family 4 member F-like,XP_022312578.1,1,No,0,,No,0,,Yes,1,Cv_Pmarinus_infection,No,0,,No,0,
LOC111117711,uncharacterized protein LOC111117711 isoform X4,XP_022312593.1,1,Yes,2,fam90_vs_fam120; fam90_vs_fam89,No,0,,No,0,,No,0,,No,0,
LOC111117712,uncharacterized protein LOC111117712,XP_022312590.1,1,Yes,1,fam90_vs_fam120,No,0,,No,0,,No,0,,No,0,
LOC111117715,CD209 antigen-like protein A,XP_022312594.1,1,Yes,1,fam90_vs_fam120,No,0,,No,0,,No,0,,No,0,
LOC111117740,uncharacterized protein LOC111117740 isoform X4,XP_022312651.1,1,No,0,,No,0,,No,0,,Yes,2,28d_fed_vs_inj; 6h_fed_vs_ctrl,No,0,
LOC111117742,uncharacterized protein LOC111117742,XP_022312661.1,1,Yes,3,fam90_vs_fam120; fam90_vs_fam84; fam90_vs_fam89,No,0,,No,0,,No,0,,No,0,
LOC111117750,uncharacterized protein LOC111117750 isoform X1,XP_022312687.1,1,Yes,1,fam90_vs_fam89,No,0,,No,0,,No,0,,No,0,
LOC111117755,cell death abnormality protein 1-like isoform X3,XP_022312694.1,1,No,0,,No,0,,Yes,1,Cv_Pmarinus_infection,No,0,,No,0,
LOC111117764,protein FAM76B-like isoform X2,XP_022312715.1,1,Yes,2,fam90_vs_fam84; fam90_vs_fam89,No,0,,No,0,,No,0,,No,0,
LOC111117782,uncharacterized protein LOC111117782,XP_022312726.1,1,Yes,1,fam90_vs_fam89,No,0,,No,0,,No,0,,No,0,
LOC111117796,"beta-1,4-N-acetylgalactosaminyltransferase bre-4-like",XP_022312734.1,1,Yes,1,fam90_vs_fam89,No,0,,No,0,,No,0,,No,0,
LOC111117802,low affinity immunoglobulin epsilon Fc receptor-like isoform X1,XP_022312739.1,1,No,0,,No,0,,Yes,1,Cv_Pmarinus_infection,No,0,,No,0,
LOC111117803,transformation/transcription domain-associated protein-like isoform X2,XP_022312742.1,1,Yes,1,fam90_vs_fam84,No,0,,No,0,,No,0,,No,0,
LOC111117820,thromboxane A2 receptor-like,XP_022312761.1,1,No,0,,No,0,,No,0,,Yes,1,28d_fed_vs_inj,No,0,
LOC111117828,collagen alpha-1(XII) chain-like isoform X1,XP_022312804.1,1,Yes,3,fam90_vs_fam120; fam90_vs_fam84; fam90_vs_fam89,No,0,,No,0,,No,0,,No,0,
LOC111117835,LOW QUALITY PROTEIN: uncharacterized protein LOC111117835,XP_022312778.1,1,Yes,1,fam90_vs_fam89,No,0,,No,0,,No,0,,No,0,
LOC111117844,uncharacterized protein LOC111117844,XP_022312782.1,1,Yes,1,fam90_vs_fam89,No,0,,No,0,,No,0,,No,0,
LOC111117847,keratin-associated protein 21-1-like,XP_022312785.1,1,Yes,1,fam90_vs_fam89,No,0,,No,0,,No,0,,No,0,
LOC111117857,uncharacterized protein LOC111117857,XP_022312792.1,1,Yes,1,fam90_vs_fam84,No,0,,No,0,,No,0,,No,0,
LOC111117861,uncharacterized protein LOC111117861 isoform X6,XP_022312796.1,1,Yes,1,fam90_vs_fam89,No,0,,No,0,,No,0,,No,0,
LOC111117870,uncharacterized protein LOC111117870 isoform X1,XP_022312814.1,1,No,0,,No,0,,Yes,1,Cv_Pmarinus_infection,No,0,,No,0,
LOC111117871,von Willebrand factor D and EGF domain-containing protein-like isoform X1,XP_022312816.1,1,No,0,,No,0,,Yes,1,Cv_Pmarinus_infection,No,0,,No,0,
LOC111117877,centrosomal protein POC5-like isoform X2,XP_022312821.1,1,Yes,1,fam90_vs_fam120,No,0,,No,0,,No,0,,No,0,
LOC111117881,prisilkin-39-like,XP_022312829.1,1,Yes,1,fam90_vs_fam89,No,0,,No,0,,No,0,,No,0,
LOC111117895,uncharacterized protein LOC111117895,XP_022312840.1,1,Yes,2,fam90_vs_fam120; fam90_vs_fam89,No,0,,No,0,,No,0,,No,0,
LOC111117915,uncharacterized protein LOC111117915,XP_022312860.1,1,Yes,3,fam90_vs_fam120; fam90_vs_fam84; fam90_vs_fam89,No,0,,No,0,,No,0,,No,0,
LOC111117921,lethal(3)malignant brain tumor-like protein 3 isoform X1,XP_022312863.1,1,No,0,,No,0,,No,0,,Yes,1,6h_fed_vs_ctrl,No,0,
LOC111117933,uncharacterized protein LOC111117933,XP_022312883.1,1,Yes,1,fam90_vs_fam89,No,0,,No,0,,No,0,,No,0,
LOC111117941,uncharacterized protein LOC111117941,XP_022312889.1,1,Yes,2,fam90_vs_fam84; fam90_vs_fam89,No,0,,No,0,,No,0,,No,0,
LOC111117944,peptidylprolyl isomerase domain and WD repeat-containing protein 1-like,XP_022312893.1,1,Yes,1,fam90_vs_fam89,No,0,,No,0,,No,0,,No,0,
LOC111117978,LOW QUALITY PROTEIN: cytochrome P450 10-like,XP_022312941.1,1,Yes,1,fam90_vs_fam89,No,0,,No,0,,No,0,,No,0,
LOC111117987,R-spondin-3-like isoform X2,XP_022312952.1,1,Yes,1,fam90_vs_fam84,No,0,,No,0,,No,0,,No,0,
LOC111117995,dystrophin-like isoform X2,XP_022312962.1,1,Yes,1,fam90_vs_fam84,No,0,,No,0,,No,0,,No,0,
LOC111117997,DNA-directed RNA polymerase III subunit RPC8-like,XP_022312968.1,1,Yes,3,fam90_vs_fam120; fam90_vs_fam84; fam90_vs_fam89,No,0,,No,0,,No,0,,No,0,
LOC111117999,WSC domain-containing protein 2-like,XP_022312973.1,1,Yes,2,fam90_vs_fam84; fam90_vs_fam89,No,0,,No,0,,No,0,,No,0,
LOC111118007,E3 ubiquitin-protein ligase TRIM71-like,XP_022312982.1,1,Yes,1,fam90_vs_fam84,No,0,,No,0,,No,0,,No,0,
LOC111118008,tctex1 domain-containing protein 1-like isoform X1,XP_022312983.1,1,No,0,,No,0,,No,0,,Yes,1,28d_fed_vs_inj,No,0,
LOC111118026,unconventional myosin-XV-like isoform X7,XP_022313000.1,1,No,0,,No,0,,No,0,,Yes,1,28d_fed_vs_inj,No,0,
LOC111118030,uncharacterized protein LOC111118030,XP_022313020.1,1,Yes,1,fam90_vs_fam89,No,0,,No,0,,No,0,,No,0,
LOC111118031,zinc metalloproteinase nas-36-like,XP_022313022.1,1,Yes,1,fam90_vs_fam89,No,0,,No,0,,No,0,,No,0,
LOC111118053,uncharacterized protein LOC111118053,XP_022313048.1,1,Yes,1,fam90_vs_fam120,No,0,,No,0,,No,0,,No,0,
LOC111118057,WSC domain-containing protein ARB_07870-like,XP_022313054.1,1,No,0,,No,0,,Yes,1,Cv_Pmarinus_infection,No,0,,No,0,
LOC111118068,meiotic recombination protein DMC1/LIM15 homolog isoform X1,XP_022313068.1,1,Yes,1,fam90_vs_fam120,No,0,,No,0,,No,0,,No,0,
LOC111118078,spindle assembly abnormal protein 6 homolog,XP_022313082.1,1,No,0,,No,0,,No,0,,Yes,1,7d_fed_vs_inj,No,0,
LOC111118080,uncharacterized protein LOC111118080,XP_022313084.1,1,Yes,1,fam90_vs_fam89,No,0,,No,0,,No,0,,No,0,
LOC111118087,tctex1 domain-containing protein 2-like,XP_022313091.1,1,Yes,3,fam90_vs_fam120; fam90_vs_fam84; fam90_vs_fam89,No,0,,No,0,,No,0,,No,0,
LOC111118088,NKAP family protein CG6066-like,XP_022313095.1,1,Yes,2,fam90_vs_fam84; fam90_vs_fam89,No,0,,No,0,,No,0,,No,0,
LOC111118091,LOW QUALITY PROTEIN: interferon regulatory factor 1-like,XP_022313099.1,1,No,0,,No,0,,Yes,1,Cv_Pmarinus_infection,No,0,,No,0,
LOC111118093,"receptor homology region, transmembrane domain- and RING domain-containing protein 3-like",XP_022313105.1,1,No,0,,No,0,,No,0,,Yes,1,28d_fed_vs_inj,No,0,
LOC111118106,myosin regulatory light polypeptide 9-like,XP_022313124.1,1,Yes,2,fam90_vs_fam120; fam90_vs_fam89,No,0,,No,0,,No,0,,No,0,
LOC111118107,LOW QUALITY PROTEIN: dual adapter for phosphotyrosine and 3-phosphotyrosine and 3-phosphoinositide-like,XP_022313128.1,1,Yes,2,fam90_vs_fam84; fam90_vs_fam89,No,0,,No,0,,No,0,,No,0,
LOC111118111,mucin-5AC-like,XP_022313133.1,1,Yes,1,fam90_vs_fam120,No,0,,No,0,,No,0,,No,0,
LOC111118113,uncharacterized protein LOC111118113,XP_022313139.1,1,Yes,1,fam90_vs_fam89,No,0,,No,0,,No,0,,No,0,
LOC111118124,uncharacterized protein LOC111118124 isoform X2,XP_022313146.1,1,Yes,1,fam90_vs_fam120,No,0,,No,0,,No,0,,No,0,
LOC111118134,LOW QUALITY PROTEIN: pancreatic triacylglycerol lipase-like,XP_022313159.1,1,Yes,1,fam90_vs_fam84,No,0,,No,0,,No,0,,No,0,
LOC111118140,H/ACA ribonucleoprotein complex non-core subunit NAF1-like,XP_022313168.1,1,Yes,3,fam90_vs_fam120; fam90_vs_fam84; fam90_vs_fam89,No,0,,No,0,,No,0,,No,0,
LOC111118142,cartilage matrix protein-like,XP_022313171.1,1,Yes,3,fam90_vs_fam120; fam90_vs_fam84; fam90_vs_fam89,No,0,,No,0,,No,0,,No,0,
LOC111118145,nucleoside diphosphate kinase homolog 5-like,XP_022313174.1,1,No,0,,No,0,,No,0,,Yes,1,28d_fed_vs_inj,No,0,
LOC111118150,ATP-binding cassette sub-family A member 5-like isoform X2,XP_022313178.1,1,Yes,3,fam90_vs_fam120; fam90_vs_fam84; fam90_vs_fam89,No,0,,No,0,,No,0,,No,0,
LOC111118154,enkurin domain-containing protein 1-like,XP_022313187.1,1,No,0,,No,0,,No,0,,Yes,1,6h_fed_vs_ctrl,No,0,
LOC111118205,ADP-ribosylation factor 1-like isoform X2,XP_022313249.1,1,Yes,1,fam90_vs_fam120,No,0,,No,0,,No,0,,No,0,
LOC111118207,uncharacterized protein LOC111118207,XP_022313252.1,1,Yes,3,fam90_vs_fam120; fam90_vs_fam84; fam90_vs_fam89,No,0,,No,0,,No,0,,No,0,
LOC111118209,low-density lipoprotein receptor-like,XP_022313254.1,1,No,0,,No,0,,No,0,,Yes,1,28d_fed_vs_inj,No,0,
LOC111118213,uncharacterized protein LOC111118213,XP_022313259.1,1,No,0,,No,0,,Yes,1,Cv_Pmarinus_infection,No,0,,No,0,
LOC111118218,uncharacterized protein LOC111118218,XP_022313266.1,1,Yes,1,fam90_vs_fam89,No,0,,No,0,,No,0,,No,0,
LOC111118221,uncharacterized protein LOC111118221,XP_022313273.1,1,Yes,1,fam90_vs_fam89,No,0,,No,0,,No,0,,No,0,
LOC111118223,glutathione peroxidase 7-like,XP_022313270.1,1,No,0,,No,0,,Yes,1,Cv_Pmarinus_infection,No,0,,No,0,
LOC111118225,N-acetyltransferase ESCO2-like,XP_022313274.1,1,Yes,1,fam90_vs_fam84,No,0,,No,0,,No,0,,No,0,
LOC111118227,uncharacterized protein LOC111118227,XP_022313277.1,1,Yes,1,fam90_vs_fam89,No,0,,No,0,,No,0,,No,0,
LOC111118229,uncharacterized protein LOC111118229 isoform X1,XP_022313279.1,1,Yes,1,fam90_vs_fam89,No,0,,No,0,,No,0,,No,0,
LOC111118231,FAS-associated death domain protein-like,XP_022313282.1,1,Yes,2,fam90_vs_fam120; fam90_vs_fam89,No,0,,No,0,,No,0,,No,0,
LOC111118245,noggin-2-like isoform X1,XP_022313304.1,1,No,0,,No,0,,Yes,1,Cv_Pmarinus_infection,No,0,,No,0,
LOC111118247,peroxiredoxin-like isoform X2,XP_022313308.1,1,No,0,,No,0,,Yes,1,Cv_Pmarinus_infection,No,0,,No,0,
LOC111118256,uncharacterized protein LOC111118256,XP_022313326.1,1,Yes,1,fam90_vs_fam84,No,0,,No,0,,No,0,,No,0,
LOC111118264,ADP-ribosylation factor-like,XP_022313343.1,1,Yes,1,fam90_vs_fam89,No,0,,No,0,,No,0,,No,0,
LOC111118272,CDK5 and ABL1 enzyme substrate 2-like isoform X1,XP_022313352.1,1,No,0,,No,0,,No,0,,Yes,1,28d_fed_vs_inj,No,0,
LOC111118274,survival of motor neuron-related-splicing factor 30-like isoform X1,XP_022313394.1,1,No,0,,No,0,,No,0,,Yes,1,28d_fed_vs_inj,No,0,
LOC111118279,big defensin-like,XP_022313366.1,1,No,0,,No,0,,Yes,1,Cv_Pmarinus_infection,No,0,,No,0,
LOC111118298,tctex1 domain-containing protein 2-like,XP_022313389.1,1,No,0,,No,0,,No,0,,Yes,1,28d_fed_vs_inj,No,0,
LOC111118300,LOW QUALITY PROTEIN: histone acetyltransferase KAT6B-like,XP_022313391.1,1,Yes,1,fam90_vs_fam84,No,0,,No,0,,No,0,,No,0,
LOC111118301,big defensin-like,XP_022313392.1,1,No,0,,No,0,,Yes,1,Cv_Pmarinus_infection,No,0,,No,0,
LOC111118304,RNA binding protein fox-1 homolog 2-like isoform X9,XP_022313396.1,1,No,0,,No,0,,No,0,,Yes,1,28d_fed_vs_inj,No,0,
LOC111118315,F-BAR domain only protein 2-like isoform X1,XP_022313421.1,1,Yes,1,fam90_vs_fam120,No,0,,No,0,,No,0,,No,0,
LOC111118318,THO complex subunit 4-like,XP_022313432.1,1,No,0,,No,0,,No,0,,Yes,1,7d_fed_vs_inj,No,0,
LOC111118350,coiled-coil domain-containing protein 166-like,XP_022313464.1,1,No,0,,No,0,,No,0,,Yes,1,28d_fed_vs_inj,No,0,
LOC111118362,THUMP domain-containing protein 1-like isoform X1,XP_022313473.1,1,Yes,2,fam90_vs_fam120; fam90_vs_fam89,No,0,,No,0,,No,0,,No,0,
LOC111118369,uncharacterized protein LOC111118369,XP_022313494.1,1,Yes,1,fam90_vs_fam89,No,0,,No,0,,No,0,,No,0,
LOC111118379,contactin-associated protein-like 5 isoform X6,XP_022313511.1,1,No,0,,No,0,,No,0,,Yes,1,6h_fed_vs_ctrl,No,0,
LOC111118384,LOW QUALITY PROTEIN: tryparedoxin-like,XP_022313533.1,1,Yes,1,fam90_vs_fam84,No,0,,No,0,,No,0,,No,0,
LOC111118385,PDZ and LIM domain protein 5-like isoform X3,XP_022313534.1,1,Yes,1,fam90_vs_fam120,No,0,,No,0,,No,0,,No,0,
LOC111118393,tetratricopeptide repeat protein 33-like,XP_022313549.1,1,Yes,1,fam90_vs_fam89,No,0,,No,0,,No,0,,No,0,
LOC111118394,uncharacterized protein LOC111118394,XP_022313550.1,1,Yes,1,fam90_vs_fam89,No,0,,No,0,,No,0,,No,0,
LOC111118401,uncharacterized protein LOC111118401,XP_022313559.1,1,Yes,2,fam90_vs_fam120; fam90_vs_fam89,No,0,,No,0,,No,0,,No,0,
LOC111118408,uncharacterized protein LOC111118408,XP_022313574.1,1,Yes,2,fam90_vs_fam120; fam90_vs_fam89,No,0,,No,0,,No,0,,No,0,
LOC111118417,ganglioside-induced differentiation-associated protein 1-like,XP_022313596.1,1,Yes,1,fam90_vs_fam120,No,0,,No,0,,No,0,,No,0,
LOC111118421,substance-P receptor-like isoform X2,XP_022313601.1,1,Yes,1,fam90_vs_fam89,No,0,,No,0,,No,0,,No,0,
LOC111118431,growth arrest and DNA damage-inducible protein GADD45 alpha-like,XP_022313617.1,1,No,0,,No,0,,No,0,,Yes,1,28d_fed_vs_inj,No,0,
LOC111118439,uncharacterized protein LOC111118439 isoform X3,XP_022313628.1,1,Yes,1,fam90_vs_fam120,No,0,,No,0,,No,0,,No,0,
LOC111118446,dynein regulatory complex subunit 3-like,XP_022313644.1,1,No,0,,No,0,,No,0,,Yes,1,28d_fed_vs_inj,No,0,
LOC111118463,uncharacterized protein LOC111118463 isoform X1,XP_022313664.1,1,No,0,,No,0,,No,0,,Yes,1,6h_fed_vs_ctrl,No,0,
LOC111118500,uncharacterized protein LOC111118500,XP_022313723.1,1,Yes,1,fam90_vs_fam84,No,0,,No,0,,No,0,,No,0,
LOC111118521,uncharacterized protein LOC111118521,XP_022313747.1,1,Yes,1,fam90_vs_fam84,No,0,,No,0,,No,0,,No,0,
LOC111118529,histone H2B,XP_022313753.1,1,Yes,1,fam90_vs_fam84,No,0,,No,0,,No,0,,No,0,
LOC111118530,histone H2B,XP_022313754.1,1,Yes,1,fam90_vs_fam84,No,0,,No,0,,No,0,,No,0,
LOC111118537,histone H3-like,XP_022313759.1,1,Yes,2,fam90_vs_fam120; fam90_vs_fam89,No,0,,No,0,,No,0,,No,0,
LOC111118558,calcium-activated potassium channel slo-1-like isoform X9,XP_022313787.1,1,Yes,2,fam90_vs_fam120; fam90_vs_fam84,No,0,,No,0,,No,0,,No,0,
LOC111118568,LOW QUALITY PROTEIN: polycystin-1-like,XP_022313811.1,1,No,0,,No,0,,Yes,1,Cv_Pmarinus_infection,No,0,,No,0,
LOC111118580,uncharacterized protein LOC111118580 isoform X1,XP_022313827.1,1,No,0,,No,0,,Yes,1,Cv_Pmarinus_infection,No,0,,No,0,
LOC111118584,inorganic pyrophosphatase-like isoform X3,XP_022313835.1,1,Yes,2,fam90_vs_fam120; fam90_vs_fam89,No,0,,No,0,,No,0,,No,0,
LOC111118585,uncharacterized protein LOC111118585,XP_022313838.1,1,Yes,3,fam90_vs_fam120; fam90_vs_fam84; fam90_vs_fam89,No,0,,No,0,,No,0,,No,0,
LOC111118591,glycine N-acyltransferase-like protein 3,XP_022313842.1,1,Yes,2,fam90_vs_fam120; fam90_vs_fam89,No,0,,No,0,,No,0,,No,0,
LOC111118600,"2-oxoglutarate dehydrogenase, mitochondrial-like isoform X1",XP_022313851.1,1,Yes,1,fam90_vs_fam89,No,0,,No,0,,No,0,,No,0,
LOC111118601,uncharacterized protein LOC111118601 isoform X1,XP_022313857.1,1,Yes,1,fam90_vs_fam89,No,0,,No,0,,No,0,,No,0,
LOC111118603,uncharacterized protein LOC111118603,XP_022313862.1,1,No,0,,No,0,,Yes,1,Cv_Pmarinus_infection,No,0,,No,0,
LOC111118613,toll-like receptor 2 type-2,XP_022313873.1,1,Yes,2,fam90_vs_fam120; fam90_vs_fam84,No,0,,No,0,,No,0,,No,0,
LOC111118614,caprin-2-like,XP_022313878.1,1,Yes,1,fam90_vs_fam89,No,0,,No,0,,No,0,,No,0,
LOC111118623,uncharacterized protein LOC111118623,XP_022313888.1,1,Yes,2,fam90_vs_fam120; fam90_vs_fam84,No,0,,No,0,,No,0,,No,0,
LOC111118625,uncharacterized protein LOC111118625,XP_022313890.1,1,Yes,3,fam90_vs_fam120; fam90_vs_fam84; fam90_vs_fam89,No,0,,No,0,,No,0,,No,0,
LOC111118652,"cysteine--tRNA ligase, cytoplasmic-like isoform X1",XP_022313921.1,1,No,0,,No,0,,No,0,,Yes,1,36h_fed_vs_inj,No,0,
LOC111118661,uncharacterized protein LOC111118661,XP_022313935.1,1,Yes,1,fam90_vs_fam89,No,0,,No,0,,No,0,,No,0,
LOC111118674,WSC domain-containing protein ARB_07870-like,XP_022313954.1,1,Yes,2,fam90_vs_fam120; fam90_vs_fam84,No,0,,No,0,,No,0,,No,0,
LOC111118680,uncharacterized protein LOC111118680,XP_022313958.1,1,Yes,1,fam90_vs_fam120,No,0,,No,0,,No,0,,No,0,
LOC111118683,E3 ubiquitin-protein ligase TRIM71-like,XP_022313960.1,1,Yes,1,fam90_vs_fam84,No,0,,No,0,,No,0,,No,0,
LOC111118684,phosphatase and actin regulator 4-like isoform X5,XP_022313961.1,1,No,0,,No,0,,No,0,,Yes,1,28d_fed_vs_inj,No,0,
LOC111118701,nucleosome-remodeling factor subunit BPTF-like isoform X2,XP_022313988.1,1,No,0,,No,0,,No,0,,Yes,1,28d_fed_vs_inj,No,0,
LOC111118705,netrin-1-like isoform X3,XP_022313995.1,1,Yes,3,fam90_vs_fam120; fam90_vs_fam84; fam90_vs_fam89,No,0,,No,0,,No,0,,No,0,
LOC111118706,uncharacterized protein LOC111118706 isoform X1,XP_022313998.1,1,Yes,1,fam90_vs_fam120,No,0,,No,0,,No,0,,No,0,
LOC111118721,zinc finger protein 862-like isoform X2,XP_022314016.1,1,Yes,1,fam90_vs_fam89,No,0,,No,0,,No,0,,No,0,
LOC111118723,E3 ubiquitin-protein ligase TRIM56-like,XP_022314022.1,1,Yes,2,fam90_vs_fam120; fam90_vs_fam84,No,0,,No,0,,No,0,,No,0,
LOC111118733,epididymal secretory glutathione peroxidase-like,XP_022314042.1,1,Yes,1,fam90_vs_fam89,No,0,,No,0,,No,0,,No,0,
LOC111118740,uncharacterized protein LOC111118740,XP_022314056.1,1,No,0,,No,0,,Yes,1,Cv_Pmarinus_infection,No,0,,No,0,
LOC111118744,uncharacterized protein LOC111118744,XP_022314061.1,1,Yes,2,fam90_vs_fam120; fam90_vs_fam89,No,0,,No,0,,No,0,,No,0,
LOC111118753,netrin receptor UNC5C-like isoform X2,XP_022314072.1,1,No,0,,No,0,,No,0,,Yes,1,28d_fed_vs_inj,No,0,
LOC111118756,LOW QUALITY PROTEIN: nuclear apoptosis-inducing factor 1-like,XP_022314077.1,1,Yes,1,fam90_vs_fam84,No,0,,No,0,,No,0,,No,0,
LOC111118778,uncharacterized protein LOC111118778 isoform X1,XP_022314099.1,1,Yes,1,fam90_vs_fam120,No,0,,No,0,,No,0,,No,0,
LOC111118789,uncharacterized protein LOC111118789,XP_022314116.1,1,Yes,1,fam90_vs_fam89,No,0,,No,0,,No,0,,No,0,
LOC111118790,uncharacterized protein LOC111118790 isoform X5,XP_022314118.1,1,No,0,,No,0,,No,0,,Yes,1,36h_fed_vs_inj,No,0,
LOC111118809,scaffold attachment factor B2-like isoform X2,XP_022314148.1,1,Yes,1,fam90_vs_fam84,No,0,,No,0,,No,0,,No,0,
LOC111118818,inositol hexakisphosphate kinase 1-like isoform X1,XP_022314161.1,1,No,0,,No,0,,No,0,,Yes,1,28d_fed_vs_inj,No,0,
LOC111118821,WSC domain-containing protein ARB_07867-like,XP_022314166.1,1,No,0,,No,0,,No,0,,Yes,1,36h_fed_vs_inj,No,0,
LOC111118823,protein FAM149B1-like isoform X9,XP_022314168.1,1,Yes,1,fam90_vs_fam84,No,0,,No,0,,No,0,,No,0,
LOC111118851,transient receptor potential cation channel subfamily V member 3-like,XP_022314244.1,1,Yes,1,fam90_vs_fam89,No,0,,No,0,,No,0,,No,0,
LOC111118857,LOW QUALITY PROTEIN: zinc finger protein 493-like,XP_022314249.1,1,Yes,1,fam90_vs_fam89,No,0,,No,0,,No,0,,No,0,
LOC111118860,uncharacterized protein LOC111118860,XP_022314252.1,1,No,0,,No,0,,Yes,1,Cv_Pmarinus_infection,No,0,,No,0,
LOC111118862,uncharacterized protein LOC111118862,XP_022314254.1,1,Yes,1,fam90_vs_fam120,No,0,,No,0,,No,0,,No,0,
LOC111118864,myoneurin-like isoform X8,XP_022314258.1,1,Yes,1,fam90_vs_fam89,No,0,,No,0,,No,0,,No,0,
LOC111118883,uncharacterized protein LOC111118883 isoform X1,XP_022314282.1,1,No,0,,No,0,,Yes,1,Cv_Pmarinus_infection,No,0,,No,0,
LOC111118887,intraflagellar transport protein 25 homolog,XP_022314289.1,1,No,0,,No,0,,No,0,,Yes,1,28d_fed_vs_inj,No,0,
LOC111118893,uncharacterized GTP-binding protein YGR210C-like isoform X1,XP_022314292.1,1,Yes,1,fam90_vs_fam120,No,0,,No,0,,No,0,,No,0,
LOC111118907,methylated-DNA--protein-cysteine methyltransferase-like,XP_022314322.1,1,No,0,,No,0,,No,0,,Yes,1,6h_fed_vs_ctrl,No,0,
LOC111118915,mitotic spindle assembly checkpoint protein MAD1-like,XP_022314335.1,1,Yes,1,fam90_vs_fam84,No,0,,No,0,,No,0,,No,0,
LOC111118918,probable helicase with zinc finger domain isoform X2,XP_022314339.1,1,No,0,,No,0,,No,0,,Yes,1,7d_fed_vs_inj,No,0,
LOC111118920,structural maintenance of chromosomes protein 6-like isoform X1,XP_022314343.1,1,Yes,1,fam90_vs_fam120,No,0,,No,0,,No,0,,No,0,
LOC111118927,uncharacterized protein LOC111118927,XP_022314354.1,1,Yes,2,fam90_vs_fam120; fam90_vs_fam89,No,0,,No,0,,No,0,,No,0,
LOC111118929,uncharacterized protein LOC111118929,XP_022314356.1,1,Yes,1,fam90_vs_fam89,No,0,,No,0,,No,0,,No,0,
LOC111118934,octopine dehydrogenase-like,XP_022314360.1,1,Yes,1,fam90_vs_fam89,No,0,,No,0,,No,0,,No,0,
LOC111118937,uncharacterized protein LOC111118937,XP_022314366.1,1,Yes,2,fam90_vs_fam120; fam90_vs_fam89,No,0,,No,0,,No,0,,No,0,
LOC111118938,uncharacterized protein LOC111118938 isoform X2,XP_022314367.1,1,Yes,2,fam90_vs_fam120; fam90_vs_fam84,No,0,,No,0,,No,0,,No,0,
LOC111118941,cadherin EGF LAG seven-pass G-type receptor 3-like,XP_022314372.1,1,Yes,1,fam90_vs_fam120,No,0,,No,0,,No,0,,No,0,
LOC111118948,uncharacterized protein LOC111118948,XP_022314387.1,1,Yes,1,fam90_vs_fam89,No,0,,No,0,,No,0,,No,0,
LOC111118955,acyl-CoA desaturase-like isoform X2,XP_022314394.1,1,Yes,1,fam90_vs_fam84,No,0,,No,0,,No,0,,No,0,
LOC111118964,zinc finger FYVE domain-containing protein 16-like isoform X2,XP_022314403.1,1,No,0,,No,0,,No,0,,Yes,1,6h_fed_vs_ctrl,No,0,
LOC111118966,ERI1 exoribonuclease 3-like,XP_022314407.1,1,Yes,1,fam90_vs_fam89,No,0,,No,0,,No,0,,No,0,
LOC111118969,multiple epidermal growth factor-like domains protein 6,XP_022314410.1,1,No,0,,No,0,,Yes,1,Cv_Pmarinus_infection,No,0,,No,0,
LOC111118970,coiled-coil domain-containing protein 78-like isoform X1,XP_022314411.1,1,Yes,1,fam90_vs_fam84,No,0,,No,0,,No,0,,No,0,
LOC111118999,uncharacterized protein LOC111118999,XP_022314459.1,1,Yes,1,fam90_vs_fam89,No,0,,No,0,,No,0,,No,0,
LOC111119008,regulator of G-protein signaling 7-like isoform X8,XP_022314470.1,1,No,0,,No,0,,No,0,,Yes,2,36h_fed_vs_inj; 6h_fed_vs_ctrl,No,0,
LOC111119030,guanine nucleotide exchange C9orf72-like,XP_022314534.1,1,Yes,3,fam90_vs_fam120; fam90_vs_fam84; fam90_vs_fam89,No,0,,No,0,,No,0,,No,0,
LOC111119038,E3 SUMO-protein ligase ZNF451-like,XP_022314554.1,1,Yes,1,fam90_vs_fam89,No,0,,No,0,,No,0,,No,0,
LOC111119043,nuclear polyadenylated RNA-binding protein 3-like,XP_022314562.1,1,No,0,,Yes,1,Pmarinus_infection,No,0,,No,0,,No,0,
LOC111119066,WD repeat-containing protein 76-like,XP_022314589.1,1,No,0,,No,0,,No,0,,Yes,1,6h_fed_vs_ctrl,No,0,
LOC111119083,LOW QUALITY PROTEIN: eukaryotic translation initiation factor 5A-1-like,XP_022314608.1,1,Yes,1,fam90_vs_fam120,No,0,,No,0,,No,0,,No,0,
LOC111119089,uncharacterized protein LOC111119089,XP_022314621.1,1,No,0,,No,0,,Yes,1,Cv_Pmarinus_infection,No,0,,No,0,
LOC111119098,uncharacterized protein LOC111119098 isoform X1,XP_022314630.1,1,No,0,,No,0,,No,0,,Yes,1,7d_fed_vs_inj,No,0,
LOC111119100,uncharacterized protein LOC111119100 isoform X4,XP_022314637.1,1,No,0,,No,0,,No,0,,Yes,1,28d_fed_vs_inj,No,0,
LOC111119105,neurofilament heavy polypeptide-like isoform X1,XP_022314661.1,1,No,0,,No,0,,No,0,,Yes,1,28d_fed_vs_inj,No,0,
LOC111119142,cubilin-like,XP_022314710.1,1,Yes,1,fam90_vs_fam120,No,0,,No,0,,No,0,,No,0,
LOC111119143,uncharacterized protein LOC111119143,XP_022314706.1,1,Yes,1,fam90_vs_fam89,No,0,,No,0,,No,0,,No,0,
LOC111119149,cubilin-like,XP_022314723.1,1,Yes,1,fam90_vs_fam89,No,0,,No,0,,No,0,,No,0,
LOC111119151,general transcription factor IIF subunit 1-like isoform X3,XP_022314726.1,1,Yes,1,fam90_vs_fam89,No,0,,No,0,,No,0,,No,0,
LOC111119162,radial spoke head 10 homolog B-like isoform X2,XP_022314746.1,1,Yes,1,fam90_vs_fam89,No,0,,No,0,,No,0,,No,0,
LOC111119207,uncharacterized protein DDB_G0283357-like isoform X3,XP_022314846.1,1,No,0,,No,0,,No,0,,Yes,1,6h_fed_vs_ctrl,No,0,
LOC111119208,battenin-like isoform X2,XP_022314853.1,1,No,0,,No,0,,No,0,,Yes,1,28d_fed_vs_inj,No,0,
LOC111119212,ribosome biogenesis protein TSR3 homolog isoform X1,XP_022314866.1,1,Yes,1,fam90_vs_fam120,No,0,,No,0,,No,0,,No,0,
LOC111119226,uncharacterized protein LOC111119226 isoform X3,XP_022314894.1,1,Yes,1,fam90_vs_fam89,No,0,,No,0,,No,0,,No,0,
LOC111119231,protein FAM49B-like isoform X2,XP_022314909.1,1,No,0,,No,0,,No,0,,Yes,1,28d_fed_vs_inj,No,0,
LOC111119234,LOW QUALITY PROTEIN: serine/arginine repetitive matrix protein 1-like,XP_022314922.1,1,Yes,2,fam90_vs_fam120; fam90_vs_fam84,No,0,,No,0,,No,0,,No,0,
LOC111119280,LOW QUALITY PROTEIN: coiled-coil domain-containing protein 40-like,XP_022314999.1,1,No,0,,No,0,,No,0,,Yes,1,28d_fed_vs_inj,No,0,
LOC111119290,uncharacterized protein LOC111119290 isoform X2,XP_022315015.1,1,Yes,1,fam90_vs_fam84,No,0,,No,0,,No,0,,No,0,
LOC111119291,ecdysone-induced protein 74EF-like,XP_022315022.1,1,Yes,2,fam90_vs_fam120; fam90_vs_fam89,No,0,,No,0,,No,0,,No,0,
LOC111119292,uncharacterized protein LOC111119292 isoform X3,XP_022315024.1,1,Yes,1,fam90_vs_fam89,No,0,,No,0,,No,0,,No,0,
LOC111119298,apolipoprotein(a)-like isoform X3,XP_022315053.1,1,No,0,,No,0,,Yes,1,Cv_Pmarinus_infection,No,0,,No,0,
LOC111119300,uncharacterized protein LOC111119300,XP_022315060.1,1,No,0,,No,0,,Yes,1,Cv_Pmarinus_infection,No,0,,No,0,
LOC111119309,probable thiopurine S-methyltransferase isoform X1,XP_022315070.1,1,Yes,2,fam90_vs_fam120; fam90_vs_fam89,No,0,,No,0,,No,0,,No,0,
LOC111119310,acyl-coenzyme A thioesterase 13-like,XP_022315074.1,1,Yes,1,fam90_vs_fam84,No,0,,No,0,,No,0,,No,0,
LOC111119321,uncharacterized protein LOC111119321,XP_022315091.1,1,Yes,1,fam90_vs_fam120,No,0,,No,0,,No,0,,No,0,
LOC111119327,calcyphosin-like protein isoform X2,XP_022315099.1,1,Yes,1,fam90_vs_fam84,No,0,,No,0,,No,0,,No,0,
LOC111119339,protein PRY2-like,XP_022315119.1,1,No,0,,No,0,,No,0,,Yes,1,28d_fed_vs_inj,No,0,
LOC111119368,uncharacterized protein LOC111119368,XP_022315164.1,1,Yes,1,fam90_vs_fam89,No,0,,No,0,,No,0,,No,0,
LOC111119371,filamin-A-like isoform X1,XP_022315166.1,1,No,0,,No,0,,No,0,,Yes,1,28d_fed_vs_inj,No,0,
LOC111119374,synaptogenesis protein syg-2-like isoform X1,XP_022315178.1,1,Yes,1,fam90_vs_fam89,No,0,,No,0,,No,0,,No,0,
LOC111119375,extracellular signal-regulated kinase 2-like isoform X4,XP_022315180.1,1,Yes,3,fam90_vs_fam120; fam90_vs_fam84; fam90_vs_fam89,No,0,,No,0,,No,0,,No,0,
LOC111119379,cytochrome P450 3A14-like isoform X2,XP_022315198.1,1,No,0,,No,0,,No,0,,Yes,1,6h_fed_vs_ctrl,No,0,
LOC111119380,cytochrome P450 3A19-like,XP_022315200.1,1,No,0,,No,0,,No,0,,Yes,1,6h_fed_vs_ctrl,No,0,
LOC111119386,E3 ubiquitin-protein ligase TRIM71-like,XP_022315206.1,1,Yes,2,fam90_vs_fam120; fam90_vs_fam84,No,0,,No,0,,No,0,,No,0,
LOC111119389,RING finger protein 207-like,XP_022315211.1,1,Yes,1,fam90_vs_fam120,No,0,,No,0,,No,0,,No,0,
LOC111119397,polycystin-2-like isoform X5,XP_022315229.1,1,No,0,,No,0,,No,0,,Yes,1,6h_fed_vs_ctrl,No,0,
LOC111119398,"dual 3',5'-cyclic-AMP and -GMP phosphodiesterase 11-like isoform X1",XP_022315235.1,1,No,0,,No,0,,No,0,,Yes,1,28d_fed_vs_inj,No,0,
LOC111119399,cell death abnormality protein 1-like,XP_022315241.1,1,No,0,,Yes,1,Pmarinus_infection,No,0,,No,0,,No,0,
LOC111119408,baculoviral IAP repeat-containing protein 5-like,XP_022315256.1,1,No,0,,No,0,,Yes,1,Cv_Pmarinus_infection,No,0,,No,0,
LOC111119414,uncharacterized protein LOC111119414 isoform X1,XP_022315265.1,1,Yes,1,fam90_vs_fam89,No,0,,No,0,,No,0,,No,0,
LOC111119418,receptor-type tyrosine-protein phosphatase kappa-like,XP_022315266.1,1,Yes,1,fam90_vs_fam84,No,0,,No,0,,No,0,,No,0,
LOC111119422,regulator of G-protein signaling 7-like isoform X8,XP_022315281.1,1,No,0,,No,0,,No,0,,Yes,1,28d_fed_vs_inj,No,0,
LOC111119424,cholecystokinin receptor type A-like,XP_022315300.1,1,No,0,,No,0,,No,0,,Yes,1,6h_fed_vs_ctrl,No,0,
LOC111119425,uncharacterized protein LOC111119425 isoform X2,XP_022315306.1,1,No,0,,No,0,,No,0,,Yes,1,28d_fed_vs_inj,No,0,
LOC111119426,collagen alpha-5(IV) chain-like isoform X7,XP_022315308.1,1,No,0,,No,0,,No,0,,Yes,1,36h_fed_vs_inj,No,0,
LOC111119429,phospholipase B-like 1,XP_022315325.1,1,Yes,1,fam90_vs_fam120,No,0,,No,0,,No,0,,No,0,
LOC111119447,uncharacterized protein LOC111119447,XP_022315347.1,1,No,0,,No,0,,No,0,,Yes,1,36h_fed_vs_inj,No,0,
LOC111119466,uncharacterized protein LOC111119466 isoform X1,XP_022315364.1,1,Yes,3,fam90_vs_fam120; fam90_vs_fam84; fam90_vs_fam89,No,0,,No,0,,No,0,,No,0,
LOC111119484,RING finger protein 207-like,XP_022315390.1,1,Yes,2,fam90_vs_fam120; fam90_vs_fam89,No,0,,No,0,,No,0,,No,0,
LOC111119485,ATPase family AAA domain-containing protein 5-like isoform X1,XP_022315391.1,1,Yes,1,fam90_vs_fam89,No,0,,No,0,,No,0,,No,0,
LOC111119486,uncharacterized protein LOC111119486 isoform X2,XP_022315395.1,1,Yes,1,fam90_vs_fam120,No,0,,No,0,,No,0,,No,0,
LOC111119495,uncharacterized protein LOC111119495,XP_022315409.1,1,Yes,1,fam90_vs_fam89,No,0,,No,0,,No,0,,No,0,
LOC111119499,LOW QUALITY PROTEIN: uncharacterized protein LOC111119499,XP_022315412.1,1,Yes,1,fam90_vs_fam89,No,0,,No,0,,No,0,,No,0,
LOC111119500,uncharacterized protein LOC111119500,XP_022315413.1,1,Yes,2,fam90_vs_fam120; fam90_vs_fam89,No,0,,No,0,,No,0,,No,0,
LOC111119504,ubiquitin carboxyl-terminal hydrolase 24-like,XP_022315418.1,1,Yes,1,fam90_vs_fam89,No,0,,No,0,,No,0,,No,0,
LOC111119506,uncharacterized protein LOC111119506,XP_022315420.1,1,Yes,1,fam90_vs_fam89,No,0,,No,0,,No,0,,No,0,
LOC111119507,proline-rich transmembrane protein 1-like,XP_022315425.1,1,No,0,,No,0,,No,0,,Yes,1,7d_fed_vs_inj,No,0,
LOC111119516,uncharacterized protein LOC111119516 isoform X2,XP_022315432.1,1,No,0,,No,0,,Yes,1,Cv_Pmarinus_infection,No,0,,No,0,
LOC111119518,uncharacterized protein LOC111119518,XP_022315435.1,1,No,0,,No,0,,No,0,,Yes,1,36h_fed_vs_inj,No,0,
LOC111119530,uncharacterized protein LOC111119530 isoform X5,XP_022315451.1,1,No,0,,No,0,,No,0,,Yes,1,7d_fed_vs_inj,No,0,
LOC111119532,uncharacterized protein LOC111119532 isoform X1,XP_022315463.1,1,Yes,1,fam90_vs_fam84,No,0,,No,0,,No,0,,No,0,
LOC111119535,spindle pole body component 110-like isoform X1,XP_022315475.1,1,No,0,,No,0,,No,0,,Yes,1,6h_fed_vs_ctrl,No,0,
LOC111119539,hexosaminidase D-like isoform X1,XP_022315492.1,1,Yes,1,fam90_vs_fam89,No,0,,No,0,,No,0,,No,0,
LOC111119543,ADP-ribosylation factor-like,XP_022315496.1,1,Yes,1,fam90_vs_fam89,No,0,,No,0,,No,0,,No,0,
LOC111119558,alpha-mannosidase 2-like,XP_022315524.1,1,No,0,,No,0,,No,0,,Yes,1,28d_fed_vs_inj,No,0,
LOC111119570,LOW QUALITY PROTEIN: fatty acid synthase-like,XP_022315551.1,1,Yes,1,fam90_vs_fam120,No,0,,No,0,,No,0,,No,0,
LOC111119571,collagen alpha-1(V) chain-like isoform X4,XP_022315552.1,1,No,0,,No,0,,No,0,,Yes,1,36h_fed_vs_inj,No,0,
LOC111119575,,,1,No,0,,No,0,,Yes,1,Cv_Pmarinus_infection,No,0,,No,0,
LOC111119586,band 4.1-like protein 3 isoform X1,XP_022315600.1,1,No,0,,No,0,,No,0,,Yes,1,28d_fed_vs_inj,No,0,
LOC111119592,LOW QUALITY PROTEIN: 60 kDa SS-A/Ro ribonucleoprotein-like,XP_022315613.1,1,Yes,1,fam90_vs_fam84,No,0,,No,0,,No,0,,No,0,
LOC111119594,microtubule-associated protein RP/EB family member 1-like isoform X4,XP_022315615.1,1,No,0,,No,0,,No,0,,Yes,1,28d_fed_vs_inj,No,0,
LOC111119600,sodium/calcium exchanger 2-like isoform X1,XP_022315637.1,1,Yes,1,fam90_vs_fam89,No,0,,No,0,,No,0,,No,0,
LOC111119602,acidic mammalian chitinase-like isoform X1,XP_022315646.1,1,Yes,1,fam90_vs_fam120,No,0,,No,0,,No,0,,No,0,
LOC111119609,helicase with zinc finger domain 2-like,XP_022315662.1,1,Yes,1,fam90_vs_fam89,No,0,,No,0,,No,0,,No,0,
LOC111119611,uncharacterized protein LOC111119611 isoform X2,XP_022315665.1,1,Yes,1,fam90_vs_fam84,No,0,,No,0,,No,0,,No,0,
LOC111119614,uncharacterized protein LOC111119614,XP_022315672.1,1,Yes,1,fam90_vs_fam84,No,0,,No,0,,No,0,,No,0,
LOC111119620,uncharacterized protein LOC111119620 isoform X1,XP_022315677.1,1,No,0,,No,0,,No,0,,Yes,1,28d_fed_vs_inj,No,0,
LOC111119624,syntaxin-1A-like,XP_022315698.1,1,Yes,1,fam90_vs_fam89,No,0,,No,0,,No,0,,No,0,
LOC111119630,"probable 3',5'-cyclic phosphodiesterase pde-5 isoform X1",XP_022315701.1,1,Yes,1,fam90_vs_fam89,No,0,,No,0,,No,0,,No,0,
LOC111119640,single-stranded DNA-binding protein 3-like isoform X1,XP_022315728.1,1,No,0,,No,0,,No,0,,Yes,3,28d_fed_vs_inj; 36h_fed_vs_inj; 6h_fed_vs_ctrl,No,0,
LOC111119645,cysteine-rich motor neuron 1 protein-like,XP_022315756.1,1,Yes,2,fam90_vs_fam120; fam90_vs_fam84,No,0,,No,0,,No,0,,No,0,
LOC111119652,28 kDa heat- and acid-stable phosphoprotein-like,XP_022315763.1,1,No,0,,No,0,,Yes,1,Cv_Pmarinus_infection,No,0,,No,0,
LOC111119655,mitochondrial Rho GTPase 1-like isoform X4,XP_022315765.1,1,No,0,,No,0,,No,0,,Yes,1,28d_fed_vs_inj,No,0,
LOC111119656,WD repeat-containing protein 5-like,XP_022315770.1,1,No,0,,No,0,,No,0,,Yes,1,28d_fed_vs_inj,No,0,
LOC111119664,LOW QUALITY PROTEIN: splicing regulatory glutamine/lysine-rich protein 1-like,XP_022315779.1,1,Yes,1,fam90_vs_fam89,No,0,,No,0,,No,0,,No,0,
LOC111119669,rho-associated protein kinase 1-like isoform X1,XP_022315785.1,1,Yes,1,fam90_vs_fam120,No,0,,No,0,,No,0,,No,0,
LOC111119680,transmembrane protein 150B-A-like isoform X2,XP_022315804.1,1,No,0,,No,0,,No,0,,Yes,1,36h_fed_vs_inj,No,0,
LOC111119696,serine/threonine-protein kinase LMTK2-like isoform X2,XP_022315831.1,1,No,0,,No,0,,No,0,,Yes,2,28d_fed_vs_inj; 6h_fed_vs_ctrl,No,0,
LOC111119712,ras-GEF domain-containing family member 1B-like isoform X2,XP_022315850.1,1,No,0,,No,0,,No,0,,Yes,1,36h_fed_vs_inj,No,0,
LOC111119718,uncharacterized protein LOC111119718,XP_022315862.1,1,Yes,1,fam90_vs_fam89,No,0,,No,0,,No,0,,No,0,
LOC111119720,uncharacterized protein LOC111119720 isoform X1,XP_022315865.1,1,Yes,3,fam90_vs_fam120; fam90_vs_fam84; fam90_vs_fam89,No,0,,No,0,,No,0,,No,0,
LOC111119721,cell death abnormality protein 1-like,XP_022315868.1,1,Yes,1,fam90_vs_fam89,No,0,,No,0,,No,0,,No,0,
LOC111119722,multiple epidermal growth factor-like domains protein 6 isoform X1,XP_022315869.1,1,Yes,1,fam90_vs_fam120,No,0,,No,0,,No,0,,No,0,
LOC111119739,LOW QUALITY PROTEIN: uncharacterized protein LOC111119739,XP_022315903.1,1,Yes,1,fam90_vs_fam84,No,0,,No,0,,No,0,,No,0,
LOC111119741,uncharacterized protein LOC111119741 isoform X2,XP_022315907.1,1,Yes,3,fam90_vs_fam120; fam90_vs_fam84; fam90_vs_fam89,No,0,,No,0,,No,0,,No,0,
LOC111119748,uncharacterized protein LOC111119748 isoform X1,XP_022315912.1,1,Yes,1,fam90_vs_fam120,No,0,,No,0,,No,0,,No,0,
LOC111119752,fibrillin-2-like isoform X2,XP_022315918.1,1,No,0,,No,0,,No,0,,Yes,1,36h_fed_vs_inj,No,0,
LOC111119757,uncharacterized protein LOC111119757,XP_022315929.1,1,Yes,1,fam90_vs_fam120,No,0,,No,0,,No,0,,No,0,
LOC111119770,EF-hand calcium-binding domain-containing protein 6-like isoform X2,XP_022315952.1,1,Yes,3,fam90_vs_fam120; fam90_vs_fam84; fam90_vs_fam89,No,0,,No,0,,No,0,,No,0,
LOC111119781,zinc finger Ran-binding domain-containing protein 2-like isoform X3,XP_022315971.1,1,No,0,,No,0,,No,0,,Yes,1,7d_fed_vs_inj,No,0,
LOC111119787,glycine N-acyltransferase-like protein 3,XP_022315988.1,1,Yes,1,fam90_vs_fam120,No,0,,No,0,,No,0,,No,0,
LOC111119794,ankyrin repeat and SOCS box protein 13-like isoform X2,XP_022316000.1,1,Yes,1,fam90_vs_fam120,No,0,,No,0,,No,0,,No,0,
LOC111119801,carbohydrate sulfotransferase 9-like,XP_022316009.1,1,Yes,2,fam90_vs_fam120; fam90_vs_fam84,No,0,,No,0,,No,0,,No,0,
LOC111119817,bifunctional heparan sulfate N-deacetylase/N-sulfotransferase 4-like,XP_022316027.1,1,Yes,1,fam90_vs_fam89,No,0,,No,0,,No,0,,No,0,
LOC111119821,uncharacterized protein LOC111119821,XP_022316040.1,1,No,0,,No,0,,Yes,1,Cv_Pmarinus_infection,No,0,,No,0,
LOC111119837,LOW QUALITY PROTEIN: uncharacterized protein LOC111119837,XP_022316064.1,1,Yes,1,fam90_vs_fam84,No,0,,No,0,,No,0,,No,0,
LOC111119843,uncharacterized protein LOC111119843 isoform X4,XP_022316068.1,1,Yes,1,fam90_vs_fam89,No,0,,No,0,,No,0,,No,0,
LOC111119850,LOW QUALITY PROTEIN: lysosomal alpha-mannosidase-like,XP_022316084.1,1,Yes,1,fam90_vs_fam89,No,0,,No,0,,No,0,,No,0,
LOC111119856,tripartite motif-containing protein 2-like,XP_022316097.1,1,Yes,2,fam90_vs_fam120; fam90_vs_fam84,No,0,,No,0,,No,0,,No,0,
LOC111119859,mucin-17-like isoform X5,XP_022316103.1,1,Yes,1,fam90_vs_fam120,No,0,,No,0,,No,0,,No,0,
LOC111119861,uncharacterized protein LOC111119861,XP_022316113.1,1,Yes,1,fam90_vs_fam120,No,0,,No,0,,No,0,,No,0,
LOC111119864,FAD-dependent oxidoreductase domain-containing protein 2-like,XP_022316117.1,1,No,0,,No,0,,No,0,,Yes,2,28d_fed_vs_inj; 6h_fed_vs_ctrl,No,0,
LOC111119866,monocarboxylate transporter 12-like,XP_022316127.1,1,Yes,1,fam90_vs_fam89,No,0,,No,0,,No,0,,No,0,
LOC111119885,uncharacterized protein LOC111119885,XP_022316161.1,1,Yes,1,fam90_vs_fam120,No,0,,No,0,,No,0,,No,0,
LOC111119896,glyoxalase 3-like,XP_022316176.1,1,No,0,,No,0,,No,0,,Yes,1,6h_fed_vs_ctrl,No,0,
LOC111119898,glyoxalase 3-like,XP_022316181.1,1,Yes,3,fam90_vs_fam120; fam90_vs_fam84; fam90_vs_fam89,No,0,,No,0,,No,0,,No,0,
LOC111119957,uncharacterized protein LOC111119957 isoform X2,XP_022316257.1,1,No,0,,No,0,,No,0,,Yes,1,36h_fed_vs_inj,No,0,
LOC111119958,alcohol dehydrogenase class-3-like,XP_022316259.1,1,No,0,,No,0,,No,0,,Yes,1,28d_fed_vs_inj,No,0,
LOC111119975,protein BUD31 homolog,XP_022316279.1,1,No,0,,No,0,,Yes,1,Cv_Pmarinus_infection,No,0,,No,0,
LOC111120011,uncharacterized protein LOC111120011,XP_022316331.1,1,No,0,,No,0,,No,0,,Yes,2,36h_fed_vs_inj; 6h_fed_vs_ctrl,No,0,
LOC111120015,serine/threonine-protein kinase NIM1-like,XP_022316340.1,1,Yes,3,fam90_vs_fam120; fam90_vs_fam84; fam90_vs_fam89,No,0,,No,0,,No,0,,No,0,
LOC111120019,,,1,No,0,,No,0,,Yes,1,Cv_Pmarinus_infection,No,0,,No,0,
LOC111120025,mediator of DNA damage checkpoint protein 1-like isoform X1,XP_022316364.1,1,Yes,1,fam90_vs_fam84,No,0,,No,0,,No,0,,No,0,
LOC111120031,nucleoside diphosphate kinase homolog 5-like,XP_022316376.1,1,No,0,,No,0,,No,0,,Yes,1,28d_fed_vs_inj,No,0,
LOC111120032,heparan sulfate glucosamine 3-O-sulfotransferase 6-like,XP_022316377.1,1,Yes,1,fam90_vs_fam89,No,0,,No,0,,No,0,,No,0,
LOC111120045,uncharacterized protein LOC111120045 isoform X1,XP_022316394.1,1,No,0,,No,0,,Yes,1,Cv_Pmarinus_infection,No,0,,No,0,
LOC111120056,H/ACA ribonucleoprotein complex subunit 1-like,XP_022316410.1,1,No,0,,No,0,,No,0,,Yes,1,6h_fed_vs_ctrl,No,0,
LOC111120088,protein FAM183B-like,XP_022316459.1,1,No,0,,No,0,,No,0,,Yes,1,28d_fed_vs_inj,No,0,
LOC111120093,UPF0602 protein C4orf47 homolog,XP_022316473.1,1,No,0,,No,0,,No,0,,Yes,1,28d_fed_vs_inj,No,0,
LOC111120094,uncharacterized protein LOC111120094,XP_022316478.1,1,Yes,1,fam90_vs_fam84,No,0,,No,0,,No,0,,No,0,
LOC111120106,PR domain zinc finger protein 10-like,XP_022316493.1,1,No,0,,No,0,,No,0,,Yes,1,6h_fed_vs_ctrl,No,0,
LOC111120118,uncharacterized protein LOC111120118 isoform X5,XP_022316517.1,1,No,0,,No,0,,Yes,1,Cv_Pmarinus_infection,No,0,,No,0,
LOC111120123,helicase with zinc finger domain 2-like,XP_022316532.1,1,Yes,1,fam90_vs_fam89,No,0,,No,0,,No,0,,No,0,
LOC111120134,coiled-coil and C2 domain-containing protein 2A-like isoform X4,XP_022316559.1,1,No,0,,No,0,,No,0,,Yes,1,6h_fed_vs_ctrl,No,0,
LOC111120137,mutS protein homolog 5-like isoform X2,XP_022316566.1,1,No,0,,No,0,,Yes,1,Cv_Pmarinus_infection,No,0,,No,0,
LOC111120159,KICSTOR complex protein SZT2-like,XP_022316594.1,1,Yes,1,fam90_vs_fam89,No,0,,No,0,,No,0,,No,0,
LOC111120175,uncharacterized protein LOC111120175,XP_022316611.1,1,Yes,1,fam90_vs_fam89,No,0,,No,0,,No,0,,No,0,
LOC111120179,high-affinity choline transporter 1-like isoform X1,XP_022316616.1,1,Yes,1,fam90_vs_fam89,No,0,,No,0,,No,0,,No,0,
LOC111120206,deoxyribonuclease-2-alpha-like,XP_022316646.1,1,Yes,1,fam90_vs_fam84,No,0,,No,0,,No,0,,No,0,
LOC111120211,cytochrome P450 3A12-like,XP_022316649.1,1,No,0,,No,0,,No,0,,Yes,1,6h_fed_vs_ctrl,No,0,
LOC111120224,complement C1q-like protein 4,XP_022316662.1,1,No,0,,No,0,,Yes,1,Cv_Pmarinus_infection,No,0,,No,0,
LOC111120232,trichohyalin-like,XP_022316667.1,1,No,0,,No,0,,No,0,,Yes,1,28d_fed_vs_inj,No,0,
LOC111120236,uncharacterized protein LOC111120236,XP_022316670.1,1,Yes,2,fam90_vs_fam120; fam90_vs_fam89,No,0,,No,0,,No,0,,No,0,
LOC111120252,uncharacterized protein LOC111120252,XP_022316685.1,1,Yes,2,fam90_vs_fam84; fam90_vs_fam89,No,0,,No,0,,No,0,,No,0,
LOC111120265,helicase with zinc finger domain 2-like,XP_022316697.1,1,No,0,,No,0,,Yes,1,Cv_Pmarinus_infection,No,0,,No,0,
LOC111120280,uncharacterized protein LOC111120280,XP_022316712.1,1,Yes,1,fam90_vs_fam89,No,0,,No,0,,No,0,,No,0,
LOC111120298,uncharacterized protein LOC111120298,XP_022316733.1,1,Yes,2,fam90_vs_fam84; fam90_vs_fam89,No,0,,No,0,,No,0,,No,0,
LOC111120321,LOW QUALITY PROTEIN: centrosomal protein of 131 kDa-like,XP_022316753.1,1,Yes,1,fam90_vs_fam84,No,0,,No,0,,No,0,,No,0,
LOC111120359,uncharacterized protein LOC111120359,XP_022316788.1,1,Yes,2,fam90_vs_fam84; fam90_vs_fam89,No,0,,No,0,,No,0,,No,0,
LOC111120364,calpain small subunit 1-like,XP_022316792.1,1,Yes,2,fam90_vs_fam84; fam90_vs_fam89,No,0,,No,0,,No,0,,No,0,
LOC111120378,uncharacterized protein LOC111120378,XP_022316803.1,1,Yes,1,fam90_vs_fam84,No,0,,No,0,,No,0,,No,0,
LOC111120396,uncharacterized protein LOC111120396,XP_022316820.1,1,Yes,1,fam90_vs_fam120,No,0,,No,0,,No,0,,No,0,
LOC111120397,uncharacterized protein LOC111120397,XP_022316823.1,1,Yes,1,fam90_vs_fam120,No,0,,No,0,,No,0,,No,0,
LOC111120401,uncharacterized protein LOC111120401,XP_022316824.1,1,Yes,1,fam90_vs_fam89,No,0,,No,0,,No,0,,No,0,
LOC111120407,uncharacterized protein LOC111120407,XP_022316833.1,1,Yes,3,fam90_vs_fam120; fam90_vs_fam84; fam90_vs_fam89,No,0,,No,0,,No,0,,No,0,
LOC111120426,uncharacterized protein K02A2.6-like,XP_022316848.1,1,Yes,3,fam90_vs_fam120; fam90_vs_fam84; fam90_vs_fam89,No,0,,No,0,,No,0,,No,0,
LOC111120438,cholecystokinin receptor type A-like,XP_022316859.1,1,Yes,1,fam90_vs_fam84,No,0,,No,0,,No,0,,No,0,
LOC111120439,melatonin receptor type 1B-B-like,XP_022316860.1,1,Yes,1,fam90_vs_fam84,No,0,,No,0,,No,0,,No,0,
LOC111120458,uncharacterized protein LOC111120458 isoform X2,XP_022316881.1,1,Yes,1,fam90_vs_fam84,No,0,,No,0,,No,0,,No,0,
LOC111120465,uncharacterized protein LOC111120465,XP_022316885.1,1,Yes,2,fam90_vs_fam84; fam90_vs_fam89,No,0,,No,0,,No,0,,No,0,
LOC111120466,uncharacterized protein LOC111120466 isoform X1,XP_022316886.1,1,Yes,1,fam90_vs_fam89,No,0,,No,0,,No,0,,No,0,
LOC111120472,collagen alpha-1(I) chain-like isoform X1,XP_022316899.1,1,No,0,,No,0,,No,0,,Yes,1,6h_fed_vs_ctrl,No,0,
LOC111120475,uncharacterized protein LOC111120475 isoform X2,XP_022316907.1,1,No,0,,No,0,,No,0,,Yes,1,28d_fed_vs_inj,No,0,
LOC111120476,uncharacterized protein LOC111120476 isoform X3,XP_022316909.1,1,Yes,1,fam90_vs_fam84,No,0,,No,0,,No,0,,No,0,
LOC111120479,helicase with zinc finger domain 2-like isoform X2,XP_022316915.1,1,Yes,3,fam90_vs_fam120; fam90_vs_fam84; fam90_vs_fam89,No,0,,No,0,,No,0,,No,0,
LOC111120485,putative ferric-chelate reductase 1 isoform X3,XP_022316926.1,1,No,0,,No,0,,No,0,,Yes,1,28d_fed_vs_inj,No,0,
LOC111120489,LOW QUALITY PROTEIN: HEAT repeat-containing protein 1-like,XP_022316935.1,1,Yes,1,fam90_vs_fam84,No,0,,No,0,,No,0,,No,0,
LOC111120493,speckle targeted PIP5K1A-regulated poly(A) polymerase-like,XP_022316945.1,1,Yes,1,fam90_vs_fam84,No,0,,No,0,,No,0,,No,0,
LOC111120515,serrate RNA effector molecule homolog isoform X2,XP_022316987.1,1,Yes,3,fam90_vs_fam120; fam90_vs_fam84; fam90_vs_fam89,No,0,,No,0,,No,0,,No,0,
LOC111120517,stromal membrane-associated protein 1-like isoform X1,XP_022316991.1,1,No,0,,No,0,,No,0,,Yes,1,28d_fed_vs_inj,No,0,
LOC111120526,uncharacterized protein LOC111120526 isoform X2,XP_022317024.1,1,No,0,,No,0,,No,0,,Yes,1,36h_fed_vs_inj,No,0,
LOC111120538,diacylglycerol kinase epsilon-like,XP_022317043.1,1,Yes,1,fam90_vs_fam120,No,0,,No,0,,No,0,,No,0,
LOC111120539,N-sulphoglucosamine sulphohydrolase-like,XP_022317045.1,1,Yes,2,fam90_vs_fam120; fam90_vs_fam89,No,0,,No,0,,No,0,,No,0,
LOC111120551,testis-expressed protein 47-like isoform X3,XP_022317058.1,1,Yes,1,fam90_vs_fam84,No,0,,No,0,,No,0,,No,0,
LOC111120553,tRNA wybutosine-synthesizing protein 3 homolog,XP_022317062.1,1,Yes,1,fam90_vs_fam89,No,0,,No,0,,No,0,,No,0,
LOC111120561,annexin A4-like,XP_022317073.1,1,Yes,1,fam90_vs_fam89,No,0,,No,0,,No,0,,No,0,
LOC111120571,uncharacterized protein LOC111120571,XP_022317083.1,1,Yes,1,fam90_vs_fam84,No,0,,No,0,,No,0,,No,0,
LOC111120610,receptor-type guanylate cyclase Gyc76C-like,XP_022317162.1,1,No,0,,No,0,,No,0,,Yes,1,6h_fed_vs_ctrl,No,0,
LOC111120617,uncharacterized protein LOC111120617,XP_022317174.1,1,Yes,3,fam90_vs_fam120; fam90_vs_fam84; fam90_vs_fam89,No,0,,No,0,,No,0,,No,0,
LOC111120627,protein FAM167A-like,XP_022317193.1,1,No,0,,No,0,,Yes,1,Cv_Pmarinus_infection,No,0,,No,0,
LOC111120645,protein Hook homolog 3-like isoform X1,XP_022317220.1,1,No,0,,No,0,,No,0,,Yes,1,36h_fed_vs_inj,No,0,
LOC111120649,prefoldin subunit 1-like,XP_022317232.1,1,Yes,1,fam90_vs_fam120,No,0,,No,0,,No,0,,No,0,
LOC111120650,LOW QUALITY PROTEIN: uncharacterized protein LOC111120650,XP_022317233.1,1,No,0,,No,0,,Yes,1,Cv_Pmarinus_infection,No,0,,No,0,
LOC111120652,AP-4 complex accessory subunit Tepsin-like isoform X1,XP_022317234.1,1,Yes,2,fam90_vs_fam120; fam90_vs_fam84,No,0,,No,0,,No,0,,No,0,
LOC111120668,radical S-adenosyl methionine domain-containing protein 2-like isoform X1,XP_022317272.1,1,No,0,,No,0,,No,0,,Yes,1,28d_fed_vs_inj,No,0,
LOC111120679,neuronal acetylcholine receptor subunit alpha-6-like,XP_022317300.1,1,Yes,3,fam90_vs_fam120; fam90_vs_fam84; fam90_vs_fam89,No,0,,No,0,,No,0,,No,0,
LOC111120685,MAM and LDL-receptor class A domain-containing protein 1-like,XP_022317312.1,1,No,0,,No,0,,Yes,1,Cv_Pmarinus_infection,No,0,,No,0,
LOC111120689,uncharacterized protein LOC111120689,XP_022317313.1,1,Yes,2,fam90_vs_fam84; fam90_vs_fam89,No,0,,No,0,,No,0,,No,0,
LOC111120709,uncharacterized protein LOC111120709,XP_022317342.1,1,Yes,2,fam90_vs_fam84; fam90_vs_fam89,No,0,,No,0,,No,0,,No,0,
LOC111120715,uncharacterized protein LOC111120715,XP_022317348.1,1,Yes,1,fam90_vs_fam89,No,0,,No,0,,No,0,,No,0,
LOC111120718,uncharacterized protein PFB0145c-like,XP_022317354.1,1,Yes,2,fam90_vs_fam84; fam90_vs_fam89,No,0,,No,0,,No,0,,No,0,
LOC111120734,ergothioneine biosynthesis protein 1-like isoform X2,XP_022317379.1,1,Yes,2,fam90_vs_fam120; fam90_vs_fam89,No,0,,No,0,,No,0,,No,0,
LOC111120761,uncharacterized protein LOC111120761 isoform X4,XP_022317425.1,1,No,0,,No,0,,No,0,,Yes,2,6h_fed_vs_ctrl; 7d_fed_vs_inj,No,0,
LOC111120786,coiled-coil-helix-coiled-coil-helix domain-containing protein 7-like,XP_022317462.1,1,No,0,,No,0,,Yes,1,Cv_Pmarinus_infection,No,0,,No,0,
LOC111120792,uncharacterized protein LOC111120792,XP_022317470.1,1,No,0,,No,0,,Yes,1,Cv_Pmarinus_infection,No,0,,No,0,
LOC111120793,myosin-G heavy chain-like isoform X2,XP_022317471.1,1,No,0,,No,0,,No,0,,Yes,1,6h_fed_vs_ctrl,No,0,
LOC111120805,uncharacterized protein LOC111120805 isoform X1,XP_022317528.1,1,Yes,2,fam90_vs_fam120; fam90_vs_fam84,No,0,,No,0,,No,0,,No,0,
LOC111120814,uncharacterized protein LOC111120814,XP_022317504.1,1,Yes,2,fam90_vs_fam84; fam90_vs_fam89,No,0,,No,0,,No,0,,No,0,
LOC111120829,serine/arginine-rich splicing factor 7-like,XP_022317525.1,1,Yes,1,fam90_vs_fam89,No,0,,No,0,,No,0,,No,0,
LOC111120854,nectin-4-like,XP_022317565.1,1,Yes,1,fam90_vs_fam89,No,0,,No,0,,No,0,,No,0,
LOC111120855,HBS1-like protein isoform X1,XP_022317562.1,1,No,0,,No,0,,No,0,,Yes,1,36h_fed_vs_inj,No,0,
LOC111120863,LOW QUALITY PROTEIN: nucleolar RNA helicase 2-like,XP_022317577.1,1,Yes,1,fam90_vs_fam84,No,0,,No,0,,No,0,,No,0,
LOC111120871,methyltransferase-like 26,XP_022317586.1,1,Yes,1,fam90_vs_fam120,No,0,,No,0,,No,0,,No,0,
LOC111120884,hairy and enhancer of split-related protein HELT-like,XP_022317611.1,1,No,0,,No,0,,No,0,,Yes,1,28d_fed_vs_inj,No,0,
LOC111120886,LOW QUALITY PROTEIN: midasin-like,XP_022317618.1,1,Yes,1,fam90_vs_fam84,No,0,,No,0,,No,0,,No,0,
LOC111120898,uncharacterized protein LOC111120898 isoform X7,XP_022317626.1,1,Yes,1,fam90_vs_fam84,No,0,,No,0,,No,0,,No,0,
LOC111120904,pancreatic lipase-related protein 2-like,XP_022317640.1,1,Yes,1,fam90_vs_fam84,No,0,,No,0,,No,0,,No,0,
LOC111120917,von Willebrand factor D and EGF domain-containing protein-like,XP_022317672.1,1,Yes,2,fam90_vs_fam84; fam90_vs_fam89,No,0,,No,0,,No,0,,No,0,
LOC111120938,methylmalonic aciduria and homocystinuria type C protein homolog,XP_022317705.1,1,Yes,1,fam90_vs_fam120,No,0,,No,0,,No,0,,No,0,
LOC111120951,oncoprotein-induced transcript 3 protein-like,XP_022317722.1,1,Yes,1,fam90_vs_fam84,No,0,,No,0,,No,0,,No,0,
LOC111120964,"methyltransferase-like protein 12, mitochondrial isoform X3",XP_022317737.1,1,Yes,1,fam90_vs_fam84,No,0,,No,0,,No,0,,No,0,
LOC111120966,hemicentin-2-like,XP_022317747.1,1,No,0,,No,0,,Yes,1,Cv_Pmarinus_infection,No,0,,No,0,
LOC111120979,crossover junction endonuclease EME1-like isoform X1,XP_022317763.1,1,Yes,1,fam90_vs_fam120,No,0,,No,0,,No,0,,No,0,
LOC111120989,histone H2B,XP_022317777.1,1,Yes,2,fam90_vs_fam120; fam90_vs_fam84,No,0,,No,0,,No,0,,No,0,
LOC111120994,60S ribosomal protein L3-like,XP_022317783.1,1,No,0,,No,0,,No,0,,Yes,1,28d_fed_vs_inj,No,0,
LOC111121004,uncharacterized protein LOC111121004,XP_022317794.1,1,Yes,1,fam90_vs_fam89,No,0,,No,0,,No,0,,No,0,
LOC111121011,THO complex subunit 1-like,XP_022317800.1,1,Yes,3,fam90_vs_fam120; fam90_vs_fam84; fam90_vs_fam89,No,0,,No,0,,No,0,,No,0,
LOC111121023,S-adenosylmethionine synthase-like isoform X2,XP_022317820.1,1,No,0,,No,0,,No,0,,Yes,1,36h_fed_vs_inj,No,0,
LOC111121030,TNF receptor-associated factor 6-like isoform X1,XP_022317836.1,1,No,0,,No,0,,Yes,1,Cv_Pmarinus_infection,No,0,,No,0,
LOC111121043,uncharacterized protein LOC111121043,XP_022317852.1,1,Yes,1,fam90_vs_fam120,No,0,,No,0,,No,0,,No,0,
LOC111121053,N-acetylneuraminate lyase-like,XP_022317864.1,1,Yes,1,fam90_vs_fam84,No,0,,No,0,,No,0,,No,0,
LOC111121059,LOW QUALITY PROTEIN: DNA repair endonuclease XPF-like,XP_022317869.1,1,Yes,1,fam90_vs_fam84,No,0,,No,0,,No,0,,No,0,
LOC111121073,SH2 domain-containing protein 4B-like isoform X4,XP_022317896.1,1,No,0,,No,0,,No,0,,Yes,1,28d_fed_vs_inj,No,0,
LOC111121080,"LOW QUALITY PROTEIN: doublesex and mab-3 related transcription factor 3, truncated-like",XP_022317913.1,1,Yes,1,fam90_vs_fam89,No,0,,No,0,,No,0,,No,0,
LOC111121089,zinc finger protein 862-like,XP_022317923.1,1,No,0,,No,0,,No,0,,Yes,1,28d_fed_vs_inj,No,0,
LOC111121098,non-specific lipid-transfer protein-like isoform X1,XP_022317931.1,1,Yes,1,fam90_vs_fam84,No,0,,No,0,,No,0,,No,0,
LOC111121120,digestive cysteine proteinase 1-like,XP_022317957.1,1,No,0,,No,0,,No,0,,Yes,1,28d_fed_vs_inj,No,0,
LOC111121141,integrator complex subunit 3 homolog isoform X3,XP_022317989.1,1,No,0,,No,0,,No,0,,Yes,1,28d_fed_vs_inj,No,0,
LOC111121149,uncharacterized protein LOC111121149,XP_022318003.1,1,No,0,,No,0,,Yes,1,Cv_Pmarinus_infection,No,0,,No,0,
LOC111121160,uncharacterized protein LOC111121160,XP_022318017.1,1,Yes,2,fam90_vs_fam84; fam90_vs_fam89,No,0,,No,0,,No,0,,No,0,
LOC111121162,short-chain collagen C4-like,XP_022318019.1,1,Yes,1,fam90_vs_fam84,No,0,,No,0,,No,0,,No,0,
LOC111121170,coiled-coil domain-containing protein 43-like,XP_022318032.1,1,Yes,1,fam90_vs_fam89,No,0,,No,0,,No,0,,No,0,
LOC111121183,uncharacterized protein LOC111121183,XP_022318452.1,1,Yes,2,fam90_vs_fam120; fam90_vs_fam84,No,0,,No,0,,No,0,,No,0,
LOC111121184,ensconsin-like isoform X9,XP_022318085.1,1,No,0,,No,0,,No,0,,Yes,1,36h_fed_vs_inj,No,0,
LOC111121190,uncharacterized protein LOC111121190,XP_022318054.1,1,Yes,1,fam90_vs_fam120,No,0,,No,0,,No,0,,No,0,
LOC111121202,LOW QUALITY PROTEIN: uncharacterized protein LOC111121202,XP_022318068.1,1,Yes,2,fam90_vs_fam84; fam90_vs_fam89,No,0,,No,0,,No,0,,No,0,
LOC111121218,ADP-ribosylation factor-like,XP_022318091.1,1,Yes,1,fam90_vs_fam89,No,0,,No,0,,No,0,,No,0,
LOC111121229,LOW QUALITY PROTEIN: annexin A4-like,XP_022318108.1,1,No,0,,No,0,,No,0,,Yes,1,28d_fed_vs_inj,No,0,
LOC111121232,LOW QUALITY PROTEIN: G2/M phase-specific E3 ubiquitin-protein ligase-like,XP_022318111.1,1,Yes,2,fam90_vs_fam84; fam90_vs_fam89,No,0,,No,0,,No,0,,No,0,
LOC111121240,uncharacterized protein LOC111121240,XP_022318125.1,1,Yes,1,fam90_vs_fam89,No,0,,No,0,,No,0,,No,0,
LOC111121248,"alpha-ketoglutarate-dependent dioxygenase alkB homolog 7, mitochondrial-like",XP_022318131.1,1,Yes,2,fam90_vs_fam120; fam90_vs_fam89,No,0,,No,0,,No,0,,No,0,
LOC111121267,"N-alpha-acetyltransferase 25, NatB auxiliary subunit-like",XP_022318164.1,1,Yes,1,fam90_vs_fam89,No,0,,No,0,,No,0,,No,0,
LOC111121273,helicase with zinc finger domain 2-like isoform X1,XP_022318171.1,1,Yes,1,fam90_vs_fam84,No,0,,No,0,,No,0,,No,0,
LOC111121296,uncharacterized protein LOC111121296 isoform X1,XP_022318208.1,1,Yes,3,fam90_vs_fam120; fam90_vs_fam84; fam90_vs_fam89,No,0,,No,0,,No,0,,No,0,
LOC111121309,LOW QUALITY PROTEIN: prostaglandin E2 receptor EP4 subtype-like,XP_022318230.1,1,Yes,1,fam90_vs_fam89,No,0,,No,0,,No,0,,No,0,
LOC111121311,cell death-inducing p53-target protein 1 homolog isoform X4,XP_022318232.1,1,Yes,1,fam90_vs_fam89,No,0,,No,0,,No,0,,No,0,
LOC111121321,asparagine synthetase domain-containing protein 1-like isoform X2,XP_022318245.1,1,Yes,1,fam90_vs_fam120,No,0,,No,0,,No,0,,No,0,
LOC111121323,uncharacterized protein LOC111121323 isoform X4,XP_022318251.1,1,Yes,2,fam90_vs_fam84; fam90_vs_fam89,No,0,,No,0,,No,0,,No,0,
LOC111121327,protein Wnt-8b-like,XP_022318263.1,1,Yes,2,fam90_vs_fam120; fam90_vs_fam89,No,0,,No,0,,No,0,,No,0,
LOC111121335,LOW QUALITY PROTEIN: heat shock protein 70 B2-like,XP_022318274.1,1,No,0,,No,0,,Yes,1,Cv_Pmarinus_infection,No,0,,No,0,
LOC111121336,proline-rich receptor-like protein kinase PERK7,XP_022318276.1,1,Yes,1,fam90_vs_fam89,No,0,,No,0,,No,0,,No,0,
LOC111121340,,,1,No,0,,No,0,,Yes,1,Cv_Pmarinus_infection,No,0,,No,0,
LOC111121351,extensin-like,XP_022318294.1,1,Yes,1,fam90_vs_fam84,No,0,,No,0,,No,0,,No,0,
LOC111121352,"peptidyl-tRNA hydrolase ICT1, mitochondrial-like",XP_022318295.1,1,Yes,1,fam90_vs_fam89,No,0,,No,0,,No,0,,No,0,
LOC111121360,LOW QUALITY PROTEIN: von Willebrand factor A domain-containing protein 3A-like,XP_022318321.1,1,No,0,,No,0,,No,0,,Yes,1,28d_fed_vs_inj,No,0,
LOC111121362,prostaglandin E2 receptor EP4 subtype-like,XP_022318323.1,1,Yes,1,fam90_vs_fam89,No,0,,No,0,,No,0,,No,0,
LOC111121368,testis-expressed protein 33-like isoform X2,XP_022318333.1,1,No,0,,No,0,,No,0,,Yes,1,28d_fed_vs_inj,No,0,
LOC111121395,uncharacterized protein LOC111121395 isoform X1,XP_022318372.1,1,Yes,1,fam90_vs_fam89,No,0,,No,0,,No,0,,No,0,
LOC111121419,heavy metal-binding protein HIP-like,XP_022318414.1,1,Yes,2,fam90_vs_fam120; fam90_vs_fam89,No,0,,No,0,,No,0,,No,0,
LOC111121424,uncharacterized protein LOC111121424,XP_022318418.1,1,Yes,1,fam90_vs_fam120,No,0,,No,0,,No,0,,No,0,
LOC111121427,"tRNA dimethylallyltransferase, mitochondrial-like isoform X1",XP_022318421.1,1,Yes,1,fam90_vs_fam89,No,0,,No,0,,No,0,,No,0,
LOC111121463,uncharacterized protein LOC111121463,XP_022318466.1,1,Yes,1,fam90_vs_fam120,No,0,,No,0,,No,0,,No,0,
LOC111121476,uncharacterized protein LOC111121476 isoform X1,XP_022318485.1,1,No,0,,No,0,,No,0,,Yes,2,28d_fed_vs_inj; 7d_fed_vs_inj,No,0,
LOC111121479,uncharacterized protein LOC111121479 isoform X2,XP_022318486.1,1,Yes,1,fam90_vs_fam84,No,0,,No,0,,No,0,,No,0,
LOC111121498,uncharacterized protein LOC111121498,XP_022318510.1,1,Yes,1,fam90_vs_fam89,No,0,,No,0,,No,0,,No,0,
LOC111121501,acid sphingomyelinase-like phosphodiesterase 3a,XP_022318513.1,1,Yes,1,fam90_vs_fam89,No,0,,No,0,,No,0,,No,0,
LOC111121511,uncharacterized protein LOC111121511 isoform X1,XP_022318527.1,1,No,0,,No,0,,No,0,,Yes,1,7d_fed_vs_inj,No,0,
LOC111121517,intraflagellar transport protein 27 homolog,XP_022318530.1,1,No,0,,No,0,,No,0,,Yes,1,28d_fed_vs_inj,No,0,
LOC111121536,uncharacterized protein LOC111121536,XP_022318563.1,1,No,0,,No,0,,Yes,1,Cv_Pmarinus_infection,No,0,,No,0,
LOC111121537,uncharacterized protein LOC111121537 isoform X1,XP_022318568.1,1,No,0,,No,0,,No,0,,Yes,1,7d_fed_vs_inj,No,0,
LOC111121545,helicase with zinc finger domain 2-like,XP_022318573.1,1,No,0,,No,0,,No,0,,Yes,1,6h_fed_vs_ctrl,No,0,
LOC111121546,helicase with zinc finger domain 2-like,XP_022318575.1,1,Yes,1,fam90_vs_fam89,No,0,,No,0,,No,0,,No,0,
LOC111121548,helicase with zinc finger domain 2-like isoform X1,XP_022318578.1,1,Yes,1,fam90_vs_fam89,No,0,,No,0,,No,0,,No,0,
LOC111121566,interleukin 17-like protein,XP_022318598.1,1,Yes,1,fam90_vs_fam89,No,0,,No,0,,No,0,,No,0,
LOC111121567,uncharacterized protein LOC111121567,XP_022318599.1,1,Yes,1,fam90_vs_fam84,No,0,,No,0,,No,0,,No,0,
LOC111121570,CUB and sushi domain-containing protein 3-like,XP_022318603.1,1,Yes,1,fam90_vs_fam120,No,0,,No,0,,No,0,,No,0,
LOC111121573,tektin-4-like,XP_022318607.1,1,No,0,,No,0,,No,0,,Yes,1,28d_fed_vs_inj,No,0,
LOC111121581,pentraxin fusion protein-like,XP_022318627.1,1,Yes,3,fam90_vs_fam120; fam90_vs_fam84; fam90_vs_fam89,No,0,,No,0,,No,0,,No,0,
LOC111121584,uncharacterized protein LOC111121584,XP_022318631.1,1,Yes,1,fam90_vs_fam120,No,0,,No,0,,No,0,,No,0,
LOC111121590,nuclear factor NF-kappa-B p105 subunit-like isoform X1,XP_022318640.1,1,Yes,1,fam90_vs_fam120,No,0,,No,0,,No,0,,No,0,
LOC111121591,chondroitin sulfate N-acetylgalactosaminyltransferase 1-like,XP_022318643.1,1,No,0,,No,0,,No,0,,Yes,1,28d_fed_vs_inj,No,0,
LOC111121595,"rhodopsin, GQ-coupled-like",XP_022318649.1,1,Yes,1,fam90_vs_fam89,No,0,,No,0,,No,0,,No,0,
LOC111121605,uncharacterized protein LOC111121605,XP_022318663.1,1,Yes,2,fam90_vs_fam120; fam90_vs_fam84,No,0,,No,0,,No,0,,No,0,
LOC111121619,somatostatin receptor type 2-like,XP_022318681.1,1,Yes,1,fam90_vs_fam84,No,0,,No,0,,No,0,,No,0,
LOC111121623,peroxisomal membrane protein PMP34-like isoform X1,XP_022318685.1,1,Yes,1,fam90_vs_fam120,No,0,,No,0,,No,0,,No,0,
LOC111121645,ankyrin repeat domain-containing protein 29-like,XP_022318709.1,1,Yes,2,fam90_vs_fam84; fam90_vs_fam89,No,0,,No,0,,No,0,,No,0,
LOC111121686,histone H2B,XP_022318763.1,1,Yes,1,fam90_vs_fam89,No,0,,No,0,,No,0,,No,0,
LOC111121714,unconventional myosin-VIIa-like,XP_022318803.1,1,Yes,1,fam90_vs_fam89,No,0,,No,0,,No,0,,No,0,
LOC111121716,DNA repair and recombination protein RAD54B-like isoform X1,XP_022318806.1,1,Yes,1,fam90_vs_fam89,No,0,,No,0,,No,0,,No,0,
LOC111121736,uncharacterized protein LOC111121736,XP_022318840.1,1,Yes,1,fam90_vs_fam120,No,0,,No,0,,No,0,,No,0,
LOC111121764,uncharacterized protein C16orf52 homolog,XP_022318903.1,1,Yes,1,fam90_vs_fam120,No,0,,No,0,,No,0,,No,0,
LOC111121776,uncharacterized protein LOC111121776,XP_022318913.1,1,Yes,1,fam90_vs_fam89,No,0,,No,0,,No,0,,No,0,
LOC111121787,zinc finger C4H2 domain-containing protein-like,XP_022318925.1,1,Yes,1,fam90_vs_fam120,No,0,,No,0,,No,0,,No,0,
LOC111121812,NFX1-type zinc finger-containing protein 1-like,XP_022318949.1,1,No,0,,No,0,,Yes,1,Cv_Pmarinus_infection,No,0,,No,0,
LOC111121813,NFX1-type zinc finger-containing protein 1-like,XP_022318950.1,1,No,0,,No,0,,Yes,1,Cv_Pmarinus_infection,No,0,,No,0,
LOC111121818,LOW QUALITY PROTEIN: ubiquitin-conjugating enzyme E2 U-like,XP_022318955.1,1,Yes,1,fam90_vs_fam84,No,0,,No,0,,No,0,,No,0,
LOC111121830,sodium/calcium exchanger 3-like isoform X1,XP_022318972.1,1,No,0,,No,0,,No,0,,Yes,1,28d_fed_vs_inj,No,0,
LOC111121839,5'-AMP-activated protein kinase catalytic subunit alpha-2-like isoform X1,XP_022318984.1,1,No,0,,No,0,,No,0,,Yes,1,28d_fed_vs_inj,No,0,
LOC111121846,glucosidase 2 subunit beta-like isoform X1,XP_022319007.1,1,No,0,,No,0,,Yes,1,Cv_Pmarinus_infection,No,0,,No,0,
LOC111121861,WSC domain-containing protein 2-like,XP_022319035.1,1,No,0,,No,0,,Yes,1,Cv_Pmarinus_infection,No,0,,No,0,
LOC111121867,uncharacterized protein LOC111121867 isoform X1,XP_022319039.1,1,No,0,,No,0,,Yes,1,Cv_Pmarinus_infection,No,0,,No,0,
LOC111121888,uncharacterized protein LOC111121888,XP_022319071.1,1,No,0,,No,0,,No,0,,Yes,1,7d_fed_vs_inj,No,0,
LOC111121898,ubiquitin-conjugating enzyme E2 D2B-like,XP_022319086.1,1,Yes,3,fam90_vs_fam120; fam90_vs_fam84; fam90_vs_fam89,No,0,,No,0,,No,0,,No,0,
LOC111121910,LOW QUALITY PROTEIN: IQ domain-containing protein K-like,XP_022319105.1,1,No,0,,No,0,,No,0,,Yes,1,28d_fed_vs_inj,No,0,
LOC111121915,uncharacterized protein LOC111121915,XP_022319111.1,1,Yes,2,fam90_vs_fam120; fam90_vs_fam84,No,0,,No,0,,No,0,,No,0,
LOC111121916,LOW QUALITY PROTEIN: kelch-like protein 3,XP_022319112.1,1,Yes,1,fam90_vs_fam89,No,0,,No,0,,No,0,,No,0,
LOC111121917,pyrokinin-1 receptor-like,XP_022319113.1,1,Yes,2,fam90_vs_fam120; fam90_vs_fam89,No,0,,No,0,,No,0,,No,0,
LOC111121919,phospholipid phosphatase 3-like,XP_022319115.1,1,No,0,,No,0,,No,0,,Yes,1,7d_fed_vs_inj,No,0,
LOC111121940,transmembrane protein 26-like,XP_022319147.1,1,Yes,1,fam90_vs_fam89,No,0,,No,0,,No,0,,No,0,
LOC111121952,uncharacterized protein LOC111121952 isoform X2,XP_022319158.1,1,No,0,,No,0,,No,0,,Yes,1,28d_fed_vs_inj,No,0,
LOC111121955,adhesion G protein-coupled receptor L2-like isoform X1,XP_022319161.1,1,No,0,,No,0,,No,0,,Yes,1,7d_fed_vs_inj,No,0,
LOC111121964,group XIIA secretory phospholipase A2-like,XP_022319172.1,1,Yes,1,fam90_vs_fam84,No,0,,No,0,,No,0,,No,0,
LOC111121972,LOW QUALITY PROTEIN: ran-binding protein 3-like,XP_022319180.1,1,Yes,1,fam90_vs_fam84,No,0,,No,0,,No,0,,No,0,
LOC111121973,forkhead box protein J1-B-like,XP_022319181.1,1,No,0,,No,0,,No,0,,Yes,1,28d_fed_vs_inj,No,0,
LOC111121981,uncharacterized protein LOC111121981 isoform X1,XP_022319191.1,1,Yes,1,fam90_vs_fam120,No,0,,No,0,,No,0,,No,0,
LOC111121983,sodium-coupled neutral amino acid transporter 9-like,XP_022319193.1,1,No,0,,No,0,,No,0,,Yes,1,6h_fed_vs_ctrl,No,0,
LOC111121987,probable splicing factor 3B subunit 5,XP_022319207.1,1,Yes,1,fam90_vs_fam89,No,0,,No,0,,No,0,,No,0,
LOC111121989,"dynein intermediate chain 3, ciliary-like isoform X1",XP_022319208.1,1,No,0,,No,0,,No,0,,Yes,1,28d_fed_vs_inj,No,0,
LOC111122023,LOW QUALITY PROTEIN: uncharacterized protein LOC111122023,XP_022319257.1,1,Yes,1,fam90_vs_fam120,No,0,,No,0,,No,0,,No,0,
LOC111122030,"acyl-coenzyme A synthetase ACSM3, mitochondrial-like",XP_022319265.1,1,Yes,1,fam90_vs_fam84,No,0,,No,0,,No,0,,No,0,
LOC111122033,LOW QUALITY PROTEIN: forkhead box protein J1-B-like,XP_022319268.1,1,No,0,,No,0,,Yes,1,Cv_Pmarinus_infection,No,0,,No,0,
LOC111122037,uncharacterized protein LOC111122037,XP_022319270.1,1,No,0,,No,0,,Yes,1,Cv_Pmarinus_infection,No,0,,No,0,
LOC111122050,uncharacterized protein LOC111122050 isoform X1,XP_022319293.1,1,No,0,,No,0,,Yes,1,Cv_Pmarinus_infection,No,0,,No,0,
LOC111122057,LOW QUALITY PROTEIN: 60 kDa SS-A/Ro ribonucleoprotein-like,XP_022319301.1,1,Yes,1,fam90_vs_fam120,No,0,,No,0,,No,0,,No,0,
LOC111122071,acyl-CoA desaturase-like isoform X1,XP_022319331.1,1,Yes,2,fam90_vs_fam120; fam90_vs_fam89,No,0,,No,0,,No,0,,No,0,
LOC111122073,acyl-CoA desaturase-like,XP_022319334.1,1,Yes,1,fam90_vs_fam89,No,0,,No,0,,No,0,,No,0,
LOC111122101,multiple epidermal growth factor-like domains protein 10,XP_022319369.1,1,Yes,2,fam90_vs_fam120; fam90_vs_fam89,No,0,,No,0,,No,0,,No,0,
LOC111122103,uncharacterized protein LOC111122103 isoform X2,XP_022319372.1,1,Yes,2,fam90_vs_fam120; fam90_vs_fam84,No,0,,No,0,,No,0,,No,0,
LOC111122106,fibrinogen-like protein A,XP_022319378.1,1,No,0,,No,0,,Yes,1,Cv_Pmarinus_infection,No,0,,No,0,
LOC111122120,LOW QUALITY PROTEIN: multiple PDZ domain protein-like,XP_022319411.1,1,Yes,1,fam90_vs_fam84,No,0,,No,0,,No,0,,No,0,
LOC111122121,LOW QUALITY PROTEIN: glutathione S-transferase-like,XP_022319415.1,1,Yes,1,fam90_vs_fam84,No,0,,No,0,,No,0,,No,0,
LOC111122145,protein kinase C-binding protein 1-like isoform X3,XP_022319442.1,1,Yes,1,fam90_vs_fam89,No,0,,No,0,,No,0,,No,0,
LOC111122151,prostaglandin E2 receptor EP4 subtype-like,XP_022319447.1,1,Yes,1,fam90_vs_fam120,No,0,,No,0,,No,0,,No,0,
LOC111122163,LOW QUALITY PROTEIN: DNA (cytosine-5)-methyltransferase 3C-like,XP_022319474.1,1,Yes,1,fam90_vs_fam84,No,0,,No,0,,No,0,,No,0,
LOC111122170,uncharacterized protein LOC111122170 isoform X1,XP_022319487.1,1,Yes,3,fam90_vs_fam120; fam90_vs_fam84; fam90_vs_fam89,No,0,,No,0,,No,0,,No,0,
LOC111122195,E3 ubiquitin-protein ligase RNF14-like,XP_022319528.1,1,Yes,1,fam90_vs_fam120,No,0,,No,0,,No,0,,No,0,
LOC111122197,lymphocyte expansion molecule-like,XP_022319530.1,1,No,0,,No,0,,No,0,,Yes,1,28d_fed_vs_inj,No,0,
LOC111122203,uncharacterized protein LOC111122203,XP_022319536.1,1,Yes,1,fam90_vs_fam89,No,0,,No,0,,No,0,,No,0,
LOC111122204,tyrosine-protein phosphatase Lar-like,XP_022319537.1,1,Yes,1,fam90_vs_fam84,No,0,,No,0,,No,0,,No,0,
LOC111122214,NFX1-type zinc finger-containing protein 1-like,XP_022319552.1,1,No,0,,No,0,,No,0,,Yes,1,36h_fed_vs_inj,No,0,
LOC111122223,uncharacterized protein LOC111122223,XP_022319571.1,1,Yes,1,fam90_vs_fam89,No,0,,No,0,,No,0,,No,0,
LOC111122239,uncharacterized protein LOC111122239,XP_022319593.1,1,Yes,1,fam90_vs_fam89,No,0,,No,0,,No,0,,No,0,
LOC111122285,uncharacterized protein LOC111122285 isoform X1,XP_022319645.1,1,Yes,1,fam90_vs_fam84,No,0,,No,0,,No,0,,No,0,
LOC111122298,uncharacterized protein LOC111122298,XP_022319673.1,1,Yes,1,fam90_vs_fam84,No,0,,No,0,,No,0,,No,0,
LOC111122319,uncharacterized protein LOC111122319,XP_022319739.1,1,Yes,1,fam90_vs_fam120,No,0,,No,0,,No,0,,No,0,
LOC111122334,LOW QUALITY PROTEIN: dystrobrevin beta-like,XP_022319763.1,1,Yes,1,fam90_vs_fam84,No,0,,No,0,,No,0,,No,0,
LOC111122336,ankyrin-3-like isoform X4,XP_022319765.1,1,No,0,,No,0,,Yes,1,Cv_Pmarinus_infection,No,0,,No,0,
LOC111122337,scuwaprin-a-like,XP_022319772.1,1,Yes,2,fam90_vs_fam120; fam90_vs_fam84,No,0,,No,0,,No,0,,No,0,
LOC111122346,"alpha-(1,3)-fucosyltransferase 10-like isoform X1",XP_022319786.1,1,Yes,1,fam90_vs_fam120,No,0,,No,0,,No,0,,No,0,
LOC111122350,laminin subunit alpha-2-like isoform X1,XP_022319794.1,1,No,0,,No,0,,No,0,,Yes,1,7d_fed_vs_inj,No,0,
LOC111122363,uncharacterized protein LOC111122363,XP_022319815.1,1,No,0,,No,0,,No,0,,Yes,1,6h_fed_vs_ctrl,No,0,
LOC111122367,scavenger receptor class A member 3-like,XP_022319823.1,1,Yes,1,fam90_vs_fam120,No,0,,No,0,,No,0,,No,0,
LOC111122371,LOW QUALITY PROTEIN: carbohydrate sulfotransferase 15-like,XP_022319837.1,1,Yes,1,fam90_vs_fam120,No,0,,No,0,,No,0,,No,0,
LOC111122395,uncharacterized protein LOC111122395,XP_022319877.1,1,Yes,2,fam90_vs_fam120; fam90_vs_fam89,No,0,,No,0,,No,0,,No,0,
LOC111122397,schlafen-like protein 1,XP_022319882.1,1,Yes,1,fam90_vs_fam89,No,0,,No,0,,No,0,,No,0,
LOC111122441,octopine dehydrogenase-like,XP_022319947.1,1,Yes,1,fam90_vs_fam89,No,0,,No,0,,No,0,,No,0,
LOC111122446,organic solute transporter subunit alpha-like isoform X2,XP_022319955.1,1,Yes,1,fam90_vs_fam120,No,0,,No,0,,No,0,,No,0,
LOC111122503,anaphase-promoting complex subunit 13-like isoform X1,XP_022319986.1,1,Yes,2,fam90_vs_fam84; fam90_vs_fam89,No,0,,No,0,,No,0,,No,0,
LOC111122519,uncharacterized protein LOC111122519,XP_022320009.1,1,Yes,1,fam90_vs_fam89,No,0,,No,0,,No,0,,No,0,
LOC111122525,outer dense fiber protein 3-like,XP_022320017.1,1,Yes,3,fam90_vs_fam120; fam90_vs_fam84; fam90_vs_fam89,No,0,,No,0,,No,0,,No,0,
LOC111122555,ankyrin-1-like,XP_022320051.1,1,Yes,1,fam90_vs_fam120,No,0,,No,0,,No,0,,No,0,
LOC111122559,protein FAM47A-like,XP_022320059.1,1,No,0,,No,0,,No,0,,Yes,1,28d_fed_vs_inj,No,0,
LOC111122569,uncharacterized protein LOC111122569,XP_022320067.1,1,Yes,1,fam90_vs_fam84,No,0,,No,0,,No,0,,No,0,
LOC111122578,formin-J-like isoform X1,XP_022320074.1,1,No,0,,No,0,,No,0,,Yes,1,28d_fed_vs_inj,No,0,
LOC111122580,uncharacterized protein LOC111122580,XP_022320079.1,1,No,0,,No,0,,No,0,,No,0,,Yes,1,resistant_fam266_36h_7d
LOC111122584,uncharacterized protein LOC111122584 isoform X1,XP_022320081.1,1,No,0,,No,0,,Yes,1,Cv_Pmarinus_infection,No,0,,No,0,
LOC111122588,radial spoke head 1 homolog,XP_022320087.1,1,No,0,,No,0,,No,0,,Yes,1,28d_fed_vs_inj,No,0,
LOC111122591,uncharacterized protein LOC111122591 isoform X2,XP_022320091.1,1,Yes,2,fam90_vs_fam84; fam90_vs_fam89,No,0,,No,0,,No,0,,No,0,
LOC111122604,uncharacterized protein LOC111122604 isoform X3,XP_022320124.1,1,Yes,2,fam90_vs_fam120; fam90_vs_fam84,No,0,,No,0,,No,0,,No,0,
LOC111122616,caprin-2-like isoform X1,XP_022320138.1,1,No,0,,No,0,,Yes,1,Cv_Pmarinus_infection,No,0,,No,0,
LOC111122629,rab GTPase-activating protein 1-like isoform X1,XP_022320159.1,1,No,0,,No,0,,No,0,,Yes,1,28d_fed_vs_inj,No,0,
LOC111122632,uncharacterized protein LOC111122632 isoform X2,XP_022320168.1,1,Yes,1,fam90_vs_fam120,No,0,,No,0,,No,0,,No,0,
LOC111122634,uncharacterized protein LOC111122634,XP_022320167.1,1,Yes,3,fam90_vs_fam120; fam90_vs_fam84; fam90_vs_fam89,No,0,,No,0,,No,0,,No,0,
LOC111122636,"dynein beta chain, flagellar outer arm-like isoform X5",XP_022320170.1,1,No,0,,No,0,,No,0,,Yes,1,28d_fed_vs_inj,No,0,
LOC111122662,uncharacterized protein LOC111122662 isoform X2,XP_022320225.1,1,No,0,,No,0,,Yes,1,Cv_Pmarinus_infection,No,0,,No,0,
LOC111122684,uncharacterized protein LOC111122684,XP_022320260.1,1,Yes,1,fam90_vs_fam84,No,0,,No,0,,No,0,,No,0,
LOC111122685,uncharacterized protein LOC111122685,XP_022320261.1,1,Yes,1,fam90_vs_fam89,No,0,,No,0,,No,0,,No,0,
LOC111122689,centrosome-associated protein 350-like isoform X1,XP_022320267.1,1,No,0,,No,0,,No,0,,Yes,1,28d_fed_vs_inj,No,0,
LOC111122713,uncharacterized protein LOC111122713,XP_022320299.1,1,Yes,1,fam90_vs_fam120,No,0,,No,0,,No,0,,No,0,
LOC111122719,uncharacterized protein LOC111122719 isoform X1,XP_022320306.1,1,Yes,1,fam90_vs_fam120,No,0,,No,0,,No,0,,No,0,
LOC111122752,neuronal membrane glycoprotein M6-b-like isoform X5,XP_022320352.1,1,No,0,,No,0,,No,0,,Yes,1,36h_fed_vs_inj,No,0,
LOC111122775,fibrinogen C domain-containing protein 1-like isoform X1,XP_022320409.1,1,No,0,,No,0,,Yes,1,Cv_Pmarinus_infection,No,0,,No,0,
LOC111122777,uncharacterized protein LOC111122777,XP_022320413.1,1,Yes,1,fam90_vs_fam89,No,0,,No,0,,No,0,,No,0,
LOC111122780,uncharacterized protein LOC111122780,XP_022320417.1,1,Yes,1,fam90_vs_fam120,No,0,,No,0,,No,0,,No,0,
LOC111122805,kinesin-like protein KIF9 isoform X2,XP_022320461.1,1,No,0,,No,0,,No,0,,Yes,1,28d_fed_vs_inj,No,0,
LOC111122809,neuronal acetylcholine receptor subunit alpha-3-like,XP_022320476.1,1,Yes,1,fam90_vs_fam89,No,0,,No,0,,No,0,,No,0,
LOC111122837,uncharacterized protein LOC111122837 isoform X1,XP_022320546.1,1,Yes,3,fam90_vs_fam120; fam90_vs_fam84; fam90_vs_fam89,No,0,,No,0,,No,0,,No,0,
LOC111122859,LOW QUALITY PROTEIN: uncharacterized protein LOC111122859,XP_022320575.1,1,Yes,1,fam90_vs_fam84,No,0,,No,0,,No,0,,No,0,
LOC111122889,cholecystokinin receptor type A-like,XP_022320625.1,1,No,0,,No,0,,No,0,,Yes,1,28d_fed_vs_inj,No,0,
LOC111122905,uncharacterized protein LOC111122905,XP_022320648.1,1,Yes,1,fam90_vs_fam120,No,0,,No,0,,No,0,,No,0,
LOC111122912,uncharacterized protein LOC111122912 isoform X2,XP_022320654.1,1,No,0,,No,0,,No,0,,Yes,1,28d_fed_vs_inj,No,0,
LOC111122917,ETS domain-containing transcription factor ets-5-like,XP_022320660.1,1,Yes,3,fam90_vs_fam120; fam90_vs_fam84; fam90_vs_fam89,No,0,,No,0,,No,0,,No,0,
LOC111122918,uncharacterized protein LOC111122918,XP_022320662.1,1,No,0,,No,0,,No,0,,Yes,1,28d_fed_vs_inj,No,0,
LOC111122929,ubiquitin carboxyl-terminal hydrolase 37-like isoform X3,XP_022320672.1,1,No,0,,No,0,,No,0,,Yes,1,7d_fed_vs_inj,No,0,
LOC111122935,UPF0462 protein C4orf33 homolog,XP_022320680.1,1,No,0,,No,0,,No,0,,Yes,1,36h_fed_vs_inj,No,0,
LOC111122937,lysosomal thioesterase PPT2-like isoform X2,XP_022320682.1,1,Yes,2,fam90_vs_fam84; fam90_vs_fam89,No,0,,No,0,,No,0,,No,0,
LOC111122942,uncharacterized protein LOC111122942,XP_022320687.1,1,Yes,1,fam90_vs_fam120,No,0,,No,0,,No,0,,No,0,
LOC111122960,uncharacterized protein LOC111122960,XP_022320714.1,1,No,0,,No,0,,Yes,1,Cv_Pmarinus_infection,No,0,,No,0,
LOC111122962,fibrillin-1-like,XP_022320717.1,1,Yes,1,fam90_vs_fam120,No,0,,No,0,,No,0,,No,0,
LOC111122966,uncharacterized protein LOC111122966,XP_022320722.1,1,Yes,1,fam90_vs_fam84,No,0,,No,0,,No,0,,No,0,
LOC111122968,LOW QUALITY PROTEIN: tetraspanin-9-like,XP_022320724.1,1,Yes,1,fam90_vs_fam89,No,0,,No,0,,No,0,,No,0,
LOC111122986,spermatogenesis-associated protein 20-like,XP_022320749.1,1,Yes,1,fam90_vs_fam84,No,0,,No,0,,No,0,,No,0,
LOC111122989,uncharacterized protein LOC111122989,XP_022320756.1,1,Yes,3,fam90_vs_fam120; fam90_vs_fam84; fam90_vs_fam89,No,0,,No,0,,No,0,,No,0,
LOC111122990,uncharacterized protein LOC111122990,XP_022320758.1,1,Yes,3,fam90_vs_fam120; fam90_vs_fam84; fam90_vs_fam89,No,0,,No,0,,No,0,,No,0,
LOC111122991,tetraspanin-18-like isoform X3,XP_022320764.1,1,Yes,1,fam90_vs_fam120,No,0,,No,0,,No,0,,No,0,
LOC111122996,LOW QUALITY PROTEIN: nuclear pore complex protein Nup98-Nup96-like,XP_022320774.1,1,Yes,1,fam90_vs_fam84,No,0,,No,0,,No,0,,No,0,
LOC111122999,uncharacterized protein LOC111122999,XP_022320782.1,1,No,0,,No,0,,No,0,,Yes,1,28d_fed_vs_inj,No,0,
LOC111123005,uncharacterized protein LOC111123005,XP_022320790.1,1,Yes,1,fam90_vs_fam89,No,0,,No,0,,No,0,,No,0,
LOC111123007,protein Flattop homolog,XP_022320791.1,1,No,0,,No,0,,No,0,,Yes,1,28d_fed_vs_inj,No,0,
LOC111123018,uncharacterized protein LOC111123018,XP_022320803.1,1,No,0,,No,0,,Yes,1,Cv_Pmarinus_infection,No,0,,No,0,
LOC111123032,leucine-rich repeat-containing protein 74A-like isoform X2,XP_022320823.1,1,Yes,1,fam90_vs_fam84,No,0,,No,0,,No,0,,No,0,
LOC111123036,polygalacturonase 1 beta-like protein 1,XP_022320827.1,1,Yes,1,fam90_vs_fam84,No,0,,No,0,,No,0,,No,0,
LOC111123041,uncharacterized protein LOC111123041 isoform X2,XP_022320834.1,1,No,0,,No,0,,No,0,,Yes,2,28d_fed_vs_inj; 36h_fed_vs_inj,No,0,
LOC111123048,tripartite motif-containing protein 3-like,XP_022320843.1,1,Yes,1,fam90_vs_fam84,No,0,,No,0,,No,0,,No,0,
LOC111123056,UDP-N-acetylglucosamine--peptide N-acetylglucosaminyltransferase 110 kDa subunit-like isoform X1,XP_022320852.1,1,No,0,,No,0,,No,0,,Yes,1,28d_fed_vs_inj,No,0,
LOC111123070,,,1,No,0,,No,0,,Yes,1,Cv_Pmarinus_infection,No,0,,No,0,
LOC111123086,protein ABHD14B-like,XP_022320891.1,1,Yes,1,fam90_vs_fam84,No,0,,No,0,,No,0,,No,0,
LOC111123090,sushi domain-containing protein 2-like isoform X2,XP_022320895.1,1,No,0,,No,0,,No,0,,Yes,1,28d_fed_vs_inj,No,0,
LOC111123112,uncharacterized protein LOC111123112 isoform X1,XP_022320929.1,1,Yes,1,fam90_vs_fam120,No,0,,No,0,,No,0,,No,0,
LOC111123116,uncharacterized protein LOC111123116,XP_022320937.1,1,Yes,1,fam90_vs_fam120,No,0,,No,0,,No,0,,No,0,
LOC111123125,multiple epidermal growth factor-like domains protein 8 isoform X1,XP_022320950.1,1,No,0,,No,0,,No,0,,Yes,3,28d_fed_vs_inj; 36h_fed_vs_inj; 7d_fed_vs_inj,No,0,
LOC111123135,uncharacterized protein LOC111123135,XP_022320983.1,1,Yes,2,fam90_vs_fam84; fam90_vs_fam89,No,0,,No,0,,No,0,,No,0,
LOC111123156,oxidoreductase OpS5-like,XP_022321018.1,1,No,0,,No,0,,Yes,1,Cv_Pmarinus_infection,No,0,,No,0,
LOC111123207,disco-interacting protein 2 homolog C-like isoform X1,XP_022321086.1,1,No,0,,No,0,,No,0,,Yes,1,7d_fed_vs_inj,No,0,
LOC111123221,RAB6-interacting golgin-like isoform X1,XP_022321115.1,1,Yes,1,fam90_vs_fam89,No,0,,No,0,,No,0,,No,0,
LOC111123226,fibrinogen C domain-containing protein 1-like,XP_022321124.1,1,No,0,,No,0,,Yes,1,Cv_Pmarinus_infection,No,0,,No,0,
LOC111123231,spindle pole body component 110-like isoform X1,XP_022321129.1,1,Yes,3,fam90_vs_fam120; fam90_vs_fam84; fam90_vs_fam89,No,0,,No,0,,No,0,,No,0,
LOC111123240,E3 ubiquitin-protein ligase LRSAM1-like,XP_022321142.1,1,No,0,,No,0,,No,0,,Yes,1,36h_fed_vs_inj,No,0,
LOC111123257,sorting nexin-25-like,XP_022321193.1,1,Yes,1,fam90_vs_fam84,No,0,,No,0,,No,0,,No,0,
LOC111123264,ankyrin repeat domain-containing protein 10-like isoform X2,XP_022321203.1,1,Yes,2,fam90_vs_fam120; fam90_vs_fam89,No,0,,No,0,,No,0,,No,0,
LOC111123269,uncharacterized protein LOC111123269 isoform X1,XP_022321216.1,1,Yes,3,fam90_vs_fam120; fam90_vs_fam84; fam90_vs_fam89,No,0,,No,0,,No,0,,No,0,
LOC111123278,signal transducer and activator of transcription 5B-like isoform X3,XP_022321234.1,1,No,0,,No,0,,No,0,,Yes,1,7d_fed_vs_inj,No,0,
LOC111123283,uncharacterized protein LOC111123283,XP_022321233.1,1,Yes,3,fam90_vs_fam120; fam90_vs_fam84; fam90_vs_fam89,No,0,,No,0,,No,0,,No,0,
LOC111123285,LOW QUALITY PROTEIN: heat shock 70 kDa protein 12A-like,XP_022321237.1,1,Yes,2,fam90_vs_fam120; fam90_vs_fam84,No,0,,No,0,,No,0,,No,0,
LOC111123320,prostamide/prostaglandin F synthase-like,XP_022321283.1,1,Yes,1,fam90_vs_fam120,No,0,,No,0,,No,0,,No,0,
LOC111123321,piRNA biogenesis protein EXD1-like,XP_022321284.1,1,No,0,,No,0,,Yes,1,Cv_Pmarinus_infection,No,0,,No,0,
LOC111123324,tetraspanin-18-like isoform X2,XP_022321287.1,1,Yes,1,fam90_vs_fam120,No,0,,No,0,,No,0,,No,0,
LOC111123325,ER membrane protein complex subunit 6-like isoform X2,XP_022321291.1,1,Yes,2,fam90_vs_fam120; fam90_vs_fam89,No,0,,No,0,,No,0,,No,0,
LOC111123335,phytanoyl-CoA dioxygenase domain-containing protein 1-like,XP_022321305.1,1,Yes,1,fam90_vs_fam89,No,0,,No,0,,No,0,,No,0,
LOC111123338,uncharacterized protein LOC111123338,XP_022321311.1,1,No,0,,No,0,,Yes,1,Cv_Pmarinus_infection,No,0,,No,0,
LOC111123339,uncharacterized protein LOC111123339,XP_022321314.1,1,Yes,1,fam90_vs_fam120,No,0,,No,0,,No,0,,No,0,
LOC111123348,arylsulfatase J-like isoform X1,XP_022321341.1,1,Yes,2,fam90_vs_fam120; fam90_vs_fam89,No,0,,No,0,,No,0,,No,0,
LOC111123360,"cAMP and cAMP-inhibited cGMP 3',5'-cyclic phosphodiesterase 10A-like",XP_022321353.1,1,Yes,1,fam90_vs_fam89,No,0,,No,0,,No,0,,No,0,
LOC111123364,uncharacterized protein LOC111123364,XP_022321356.1,1,No,0,,No,0,,Yes,1,Cv_Pmarinus_infection,No,0,,No,0,
LOC111123369,brain-specific homeobox protein homolog,XP_022321364.1,1,Yes,1,fam90_vs_fam89,No,0,,No,0,,No,0,,No,0,
LOC111123371,H(+)/Cl(-) exchange transporter 3-like isoform X2,XP_022321368.1,1,No,0,,No,0,,No,0,,Yes,1,28d_fed_vs_inj,No,0,
LOC111123372,caspase-8-like,XP_022321371.1,1,No,0,,No,0,,No,0,,Yes,1,28d_fed_vs_inj,No,0,
LOC111123415,retrograde protein of 51 kDa-like isoform X4,XP_022321427.1,1,No,0,,No,0,,No,0,,Yes,2,28d_fed_vs_inj; 36h_fed_vs_inj,No,0,
LOC111123418,gem-associated protein 8-like isoform X1,XP_022321433.1,1,Yes,1,fam90_vs_fam89,No,0,,No,0,,No,0,,No,0,
LOC111123422,thioredoxin-like,XP_022321440.1,1,Yes,1,fam90_vs_fam84,No,0,,No,0,,No,0,,No,0,
LOC111123427,neutral and basic amino acid transport protein rBAT-like,XP_022321447.1,1,Yes,1,fam90_vs_fam120,No,0,,No,0,,No,0,,No,0,
LOC111123429,uncharacterized protein LOC111123429 isoform X2,XP_022321449.1,1,No,0,,No,0,,Yes,1,Cv_Pmarinus_infection,No,0,,No,0,
LOC111123435,uncharacterized protein LOC111123435 isoform X1,XP_022321456.1,1,Yes,1,fam90_vs_fam84,No,0,,No,0,,No,0,,No,0,
LOC111123436,uncharacterized protein LOC111123436,XP_022321460.1,1,Yes,2,fam90_vs_fam84; fam90_vs_fam89,No,0,,No,0,,No,0,,No,0,
LOC111123437,uncharacterized protein LOC111123437,XP_022321462.1,1,Yes,1,fam90_vs_fam84,No,0,,No,0,,No,0,,No,0,
LOC111123438,uncharacterized protein LOC111123438,XP_022321463.1,1,Yes,1,fam90_vs_fam89,No,0,,No,0,,No,0,,No,0,
LOC111123443,uncharacterized protein LOC111123443,XP_022321469.1,1,Yes,1,fam90_vs_fam120,No,0,,No,0,,No,0,,No,0,
LOC111123460,leucine-rich repeat-containing protein 24-like,XP_022321482.1,1,No,0,,No,0,,No,0,,Yes,1,7d_fed_vs_inj,No,0,
LOC111123468,uncharacterized protein LOC111123468,XP_022321501.1,1,Yes,1,fam90_vs_fam89,No,0,,No,0,,No,0,,No,0,
LOC111123472,uncharacterized protein LOC111123472 isoform X1,XP_022321507.1,1,Yes,1,fam90_vs_fam89,No,0,,No,0,,No,0,,No,0,
LOC111123478,transmembrane protein 218-like,XP_022321509.1,1,Yes,2,fam90_vs_fam120; fam90_vs_fam84,No,0,,No,0,,No,0,,No,0,
LOC111123483,uncharacterized protein LOC111123483 isoform X4,XP_022321518.1,1,Yes,3,fam90_vs_fam120; fam90_vs_fam84; fam90_vs_fam89,No,0,,No,0,,No,0,,No,0,
LOC111123492,pre-B-cell leukemia transcription factor 1-like isoform X4,XP_022321542.1,1,No,0,,No,0,,No,0,,Yes,1,28d_fed_vs_inj,No,0,
LOC111123515,"acyl-CoA synthetase family member 2, mitochondrial-like",XP_022321615.1,1,Yes,2,fam90_vs_fam84; fam90_vs_fam89,No,0,,No,0,,No,0,,No,0,
LOC111123528,uncharacterized protein LOC111123528,XP_022321665.1,1,Yes,1,fam90_vs_fam89,No,0,,No,0,,No,0,,No,0,
LOC111123529,uncharacterized protein LOC111123529,XP_022321630.1,1,Yes,2,fam90_vs_fam84; fam90_vs_fam89,No,0,,No,0,,No,0,,No,0,
LOC111123552,uncharacterized protein LOC111123552,XP_022321663.1,1,No,0,,No,0,,No,0,,Yes,1,28d_fed_vs_inj,No,0,
LOC111123557,uncharacterized protein LOC111123557 isoform X1,XP_022321667.1,1,No,0,,No,0,,Yes,1,Cv_Pmarinus_infection,No,0,,No,0,
LOC111123564,uncharacterized protein LOC111123564,XP_022321680.1,1,No,0,,No,0,,No,0,,Yes,1,6h_fed_vs_ctrl,No,0,
LOC111123571,uncharacterized protein LOC111123571 isoform X3,XP_022321684.1,1,Yes,1,fam90_vs_fam89,No,0,,No,0,,No,0,,No,0,
LOC111123575,CD109 antigen-like isoform X7,XP_022321693.1,1,Yes,1,fam90_vs_fam89,No,0,,No,0,,No,0,,No,0,
LOC111123583,transient-receptor-potential-like protein,XP_022321713.1,1,Yes,1,fam90_vs_fam89,No,0,,No,0,,No,0,,No,0,
LOC111123608,fatty acid hydroxylase domain-containing protein 2-like isoform X1,XP_022321750.1,1,No,0,,No,0,,No,0,,Yes,1,36h_fed_vs_inj,No,0,
LOC111123633,LOW QUALITY PROTEIN: leucine-rich repeat-containing protein 74A-like,XP_022321800.1,1,No,0,,No,0,,Yes,1,Cv_Pmarinus_infection,No,0,,No,0,
LOC111123637,cathepsin L1-like isoform X1,XP_022321806.1,1,Yes,1,fam90_vs_fam84,No,0,,No,0,,No,0,,No,0,
LOC111123648,pleckstrin homology-like domain family B member 2 isoform X4,XP_022321820.1,1,No,0,,No,0,,No,0,,Yes,1,6h_fed_vs_ctrl,No,0,
LOC111123649,uncharacterized protein LOC111123649,XP_022321829.1,1,No,0,,No,0,,No,0,,No,0,,Yes,1,resistant_fam266_36h_7d
LOC111123657,zinc finger protein 366-like isoform X1,XP_022321846.1,1,No,0,,No,0,,No,0,,Yes,1,28d_fed_vs_inj,No,0,
LOC111123661,cytosolic phospholipase A2-like isoform X1,XP_022321857.1,1,No,0,,No,0,,No,0,,Yes,1,36h_fed_vs_inj,No,0,
LOC111123675,NADH dehydrogenase [ubiquinone] 1 alpha subcomplex subunit 2-like,XP_022321884.1,1,No,0,,No,0,,No,0,,Yes,1,28d_fed_vs_inj,No,0,
LOC111123684,LOW QUALITY PROTEIN: putative hydrolase RBBP9,XP_022321898.1,1,Yes,1,fam90_vs_fam89,No,0,,No,0,,No,0,,No,0,
LOC111123689,uncharacterized protein LOC111123689 isoform X1,XP_022321900.1,1,Yes,2,fam90_vs_fam84; fam90_vs_fam89,No,0,,No,0,,No,0,,No,0,
LOC111123690,uncharacterized protein LOC111123690,XP_022321903.1,1,Yes,1,fam90_vs_fam120,No,0,,No,0,,No,0,,No,0,
LOC111123701,uncharacterized protein LOC111123701,XP_022321935.1,1,Yes,1,fam90_vs_fam89,No,0,,No,0,,No,0,,No,0,
LOC111123702,tetratricopeptide repeat protein 16-like isoform X1,XP_022321936.1,1,No,0,,No,0,,No,0,,Yes,1,28d_fed_vs_inj,No,0,
LOC111123704,uncharacterized protein LOC111123704 isoform X1,XP_022321941.1,1,Yes,2,fam90_vs_fam84; fam90_vs_fam89,No,0,,No,0,,No,0,,No,0,
LOC111123705,4-coumarate--CoA ligase-like 7 isoform X2,XP_022321943.1,1,Yes,3,fam90_vs_fam120; fam90_vs_fam84; fam90_vs_fam89,No,0,,No,0,,No,0,,No,0,
LOC111123710,retinol dehydrogenase 7-like,XP_022321950.1,1,Yes,1,fam90_vs_fam89,No,0,,No,0,,No,0,,No,0,
LOC111123718,uncharacterized protein LOC111123718,XP_022321960.1,1,Yes,1,fam90_vs_fam89,No,0,,No,0,,No,0,,No,0,
LOC111123732,serine protease inhibitor dipetalogastin-like,XP_022321977.1,1,Yes,1,fam90_vs_fam89,No,0,,No,0,,No,0,,No,0,
LOC111123733,uncharacterized protein LOC111123733,XP_022321978.1,1,Yes,1,fam90_vs_fam89,No,0,,No,0,,No,0,,No,0,
LOC111123742,sodium/glucose cotransporter 5-like,XP_022321991.1,1,Yes,1,fam90_vs_fam84,No,0,,No,0,,No,0,,No,0,
LOC111123743,kinesin heavy chain-like isoform X6,XP_022321992.1,1,Yes,1,fam90_vs_fam89,No,0,,No,0,,No,0,,No,0,
LOC111123745,uncharacterized protein LOC111123745,XP_022322013.1,1,No,0,,No,0,,No,0,,Yes,1,28d_fed_vs_inj,No,0,
LOC111123767,acetylcholine receptor subunit beta-type unc-29-like,XP_022322040.1,1,Yes,2,fam90_vs_fam120; fam90_vs_fam84,No,0,,No,0,,No,0,,No,0,
LOC111123780,uncharacterized protein LOC111123780,XP_022322050.1,1,No,0,,No,0,,Yes,1,Cv_Pmarinus_infection,No,0,,No,0,
LOC111123781,F-box/LRR-repeat protein 4-like,XP_022322052.1,1,Yes,1,fam90_vs_fam120,No,0,,No,0,,No,0,,No,0,
LOC111123790,transient receptor potential cation channel subfamily V member 5-like isoform X9,XP_022322058.1,1,No,0,,No,0,,No,0,,Yes,1,28d_fed_vs_inj,No,0,
LOC111123791,protein FAM166B-like,XP_022322069.1,1,No,0,,No,0,,No,0,,Yes,1,28d_fed_vs_inj,No,0,
LOC111123795,uncharacterized protein LOC111123795,XP_022322075.1,1,Yes,1,fam90_vs_fam89,No,0,,No,0,,No,0,,No,0,
LOC111123797,mucin-22-like,XP_022322077.1,1,No,0,,No,0,,No,0,,No,0,,Yes,1,resistant_fam266_36h_7d
LOC111123801,uncharacterized protein LOC111123801 isoform X2,XP_022322081.1,1,Yes,1,fam90_vs_fam120,No,0,,No,0,,No,0,,No,0,
LOC111123819,uncharacterized protein LOC111123819,XP_022322135.1,1,Yes,2,fam90_vs_fam120; fam90_vs_fam84,No,0,,No,0,,No,0,,No,0,
LOC111123827,uncharacterized protein LOC111123827,XP_022322160.1,1,No,0,,No,0,,No,0,,Yes,1,28d_fed_vs_inj,No,0,
LOC111123843,"CDGSH iron-sulfur domain-containing protein 3, mitochondrial-like",XP_022322178.1,1,Yes,3,fam90_vs_fam120; fam90_vs_fam84; fam90_vs_fam89,No,0,,No,0,,No,0,,No,0,
LOC111123852,DNA (cytosine-5)-methyltransferase 1-like,XP_022322197.1,1,Yes,2,fam90_vs_fam84; fam90_vs_fam89,No,0,,No,0,,No,0,,No,0,
LOC111123856,rab3 GTPase-activating protein catalytic subunit-like isoform X1,XP_022322199.1,1,Yes,1,fam90_vs_fam84,No,0,,No,0,,No,0,,No,0,
LOC111123875,PDZ and LIM domain protein 1-like,XP_022322231.1,1,No,0,,No,0,,No,0,,No,0,,Yes,1,susceptible_fam242_36h_28d
LOC111123884,LOW QUALITY PROTEIN: beta-mannosidase-like,XP_022322244.1,1,Yes,1,fam90_vs_fam89,No,0,,No,0,,No,0,,No,0,
LOC111123904,probable phospholipid-transporting ATPase IA isoform X8,XP_022322294.1,1,No,0,,No,0,,No,0,,Yes,1,28d_fed_vs_inj,No,0,
LOC111123906,uncharacterized protein LOC111123906,XP_022322313.1,1,Yes,1,fam90_vs_fam89,No,0,,No,0,,No,0,,No,0,
LOC111123909,LOW QUALITY PROTEIN: uncharacterized protein LOC111123909,XP_022322319.1,1,Yes,1,fam90_vs_fam84,No,0,,No,0,,No,0,,No,0,
LOC111123913,LOW QUALITY PROTEIN: prolyl 4-hydroxylase subunit alpha-1-like,XP_022322338.1,1,Yes,1,fam90_vs_fam120,No,0,,No,0,,No,0,,No,0,
LOC111123923,nuclear receptor subfamily 4 group A member 2-like,XP_022322351.1,1,Yes,1,fam90_vs_fam84,No,0,,No,0,,No,0,,No,0,
LOC111123926,uncharacterized protein LOC111123926,XP_022322355.1,1,Yes,1,fam90_vs_fam84,No,0,,No,0,,No,0,,No,0,
LOC111123933,uncharacterized protein LOC111123933,XP_022322369.1,1,Yes,1,fam90_vs_fam89,No,0,,No,0,,No,0,,No,0,
LOC111123936,transforming growth factor beta receptor type 3-like,XP_022322376.1,1,No,0,,No,0,,Yes,1,Cv_Pmarinus_infection,No,0,,No,0,
LOC111123941,heat shock 70 kDa protein 12B-like,XP_022322387.1,1,Yes,1,fam90_vs_fam89,No,0,,No,0,,No,0,,No,0,
LOC111123951,cyclin-G1-like,XP_022322402.1,1,Yes,1,fam90_vs_fam120,No,0,,No,0,,No,0,,No,0,
LOC111123955,rho guanine nucleotide exchange factor 17-like isoform X1,XP_022322407.1,1,No,0,,No,0,,No,0,,Yes,1,6h_fed_vs_ctrl,No,0,
LOC111123958,LOW QUALITY PROTEIN: supervillin-like,XP_022322414.1,1,Yes,1,fam90_vs_fam84,No,0,,No,0,,No,0,,No,0,
LOC111123959,supervillin-like,XP_022322415.1,1,Yes,3,fam90_vs_fam120; fam90_vs_fam84; fam90_vs_fam89,No,0,,No,0,,No,0,,No,0,
LOC111123960,stress protein DDR48-like isoform X1,XP_022322416.1,1,No,0,,No,0,,No,0,,Yes,1,36h_fed_vs_inj,No,0,
LOC111123962,uncharacterized protein LOC111123962 isoform X3,XP_022322426.1,1,Yes,1,fam90_vs_fam84,No,0,,No,0,,No,0,,No,0,
LOC111123964,kelch-like protein 5 isoform X2,XP_022322430.1,1,No,0,,No,0,,No,0,,Yes,1,6h_fed_vs_ctrl,No,0,
LOC111123966,tyrosine-protein kinase Tec-like isoform X2,XP_022322441.1,1,No,0,,No,0,,No,0,,Yes,1,7d_fed_vs_inj,No,0,
LOC111123967,lectin BRA-3-like isoform X2,XP_022322446.1,1,No,0,,No,0,,Yes,1,Cv_Pmarinus_infection,No,0,,No,0,
LOC111123968,tyrosine-protein kinase BTK-like,XP_022322444.1,1,Yes,1,fam90_vs_fam84,No,0,,No,0,,No,0,,No,0,
LOC111123981,lectin BRA-3-like,XP_022322484.1,1,Yes,2,fam90_vs_fam120; fam90_vs_fam89,No,0,,No,0,,No,0,,No,0,
LOC111123983,rap guanine nucleotide exchange factor 1-like isoform X6,XP_022322485.1,1,No,0,,No,0,,No,0,,Yes,1,28d_fed_vs_inj,No,0,
LOC111123997,LOW QUALITY PROTEIN: protein unc-80 homolog,XP_022322534.1,1,Yes,2,fam90_vs_fam120; fam90_vs_fam84,No,0,,No,0,,No,0,,No,0,
LOC111124004,cilia- and flagella-associated protein 65-like isoform X1,XP_022322549.1,1,No,0,,No,0,,No,0,,Yes,2,6h_fed_vs_ctrl; 7d_fed_vs_inj,No,0,
LOC111124010,uncharacterized protein LOC111124010,XP_022322560.1,1,Yes,1,fam90_vs_fam120,No,0,,No,0,,No,0,,No,0,
LOC111124013,vacuolar protein sorting-associated protein 8 homolog,XP_022322565.1,1,Yes,1,fam90_vs_fam89,No,0,,No,0,,No,0,,No,0,
LOC111124018,myomegalin-like isoform X4,XP_022322572.1,1,No,0,,No,0,,No,0,,Yes,1,7d_fed_vs_inj,No,0,
LOC111124025,sacsin-like,XP_022322582.1,1,No,0,,No,0,,Yes,1,Cv_Pmarinus_infection,No,0,,No,0,
LOC111124050,uncharacterized protein LOC111124050,XP_022322619.1,1,Yes,1,fam90_vs_fam89,No,0,,No,0,,No,0,,No,0,
LOC111124088,collagen alpha-6(VI) chain-like,XP_022322658.1,1,Yes,1,fam90_vs_fam89,No,0,,No,0,,No,0,,No,0,
LOC111124090,cell wall protein DAN4-like,XP_022322662.1,1,Yes,1,fam90_vs_fam89,No,0,,No,0,,No,0,,No,0,
LOC111124100,uncharacterized protein LOC111124100,XP_022322672.1,1,No,0,,No,0,,Yes,1,Cv_Pmarinus_infection,No,0,,No,0,
LOC111124107,LOW QUALITY PROTEIN: uncharacterized protein LOC111124107,XP_022322680.1,1,Yes,1,fam90_vs_fam89,No,0,,No,0,,No,0,,No,0,
LOC111124123,uncharacterized protein LOC111124123,XP_022322695.1,1,No,0,,No,0,,Yes,1,Cv_Pmarinus_infection,No,0,,No,0,
LOC111124132,uncharacterized protein LOC111124132,XP_022322704.1,1,Yes,1,fam90_vs_fam120,No,0,,No,0,,No,0,,No,0,
LOC111124151,uncharacterized protein LOC111124151,XP_022322723.1,1,Yes,1,fam90_vs_fam120,No,0,,No,0,,No,0,,No,0,
LOC111124187,LOW QUALITY PROTEIN: guanine nucleotide-binding protein-like 1,XP_022322756.1,1,Yes,1,fam90_vs_fam120,No,0,,No,0,,No,0,,No,0,
LOC111124201,uncharacterized protein LOC111124201,XP_022322769.1,1,Yes,1,fam90_vs_fam89,No,0,,No,0,,No,0,,No,0,
LOC111124228,protein mesh-like,XP_022322795.1,1,Yes,1,fam90_vs_fam84,No,0,,No,0,,No,0,,No,0,
LOC111124241,LOW QUALITY PROTEIN: tetraspanin-9-like,XP_022322805.1,1,Yes,2,fam90_vs_fam84; fam90_vs_fam89,No,0,,No,0,,No,0,,No,0,
LOC111124248,LOW QUALITY PROTEIN: uncharacterized protein LOC111124248,XP_022322811.1,1,Yes,1,fam90_vs_fam89,No,0,,No,0,,No,0,,No,0,
LOC111124262,kynureninase-like isoform X1,XP_022322857.1,1,Yes,1,fam90_vs_fam84,No,0,,No,0,,No,0,,No,0,
LOC111124263,uncharacterized protein LOC111124263,XP_022322825.1,1,Yes,1,fam90_vs_fam89,No,0,,No,0,,No,0,,No,0,
LOC111124301,uncharacterized protein LOC111124301,XP_022322862.1,1,No,0,,No,0,,Yes,1,Cv_Pmarinus_infection,No,0,,No,0,
LOC111124302,uncharacterized protein LOC111124302,XP_022322863.1,1,Yes,3,fam90_vs_fam120; fam90_vs_fam84; fam90_vs_fam89,No,0,,No,0,,No,0,,No,0,
LOC111124304,uncharacterized protein LOC111124304,XP_022322865.1,1,Yes,1,fam90_vs_fam120,No,0,,No,0,,No,0,,No,0,
LOC111124314,LOW QUALITY PROTEIN: ADP-ribosylation factor-like protein 3,XP_022322874.1,1,No,0,,No,0,,No,0,,Yes,1,28d_fed_vs_inj,No,0,
LOC111124315,voltage-dependent calcium channel type A subunit alpha-1-like,XP_022322875.1,1,No,0,,No,0,,Yes,1,Cv_Pmarinus_infection,No,0,,No,0,
LOC111124319,LOW QUALITY PROTEIN: discoidin domain-containing receptor 2-like,XP_022322878.1,1,Yes,1,fam90_vs_fam89,No,0,,No,0,,No,0,,No,0,
LOC111124326,uncharacterized protein LOC111124326,XP_022322886.1,1,Yes,1,fam90_vs_fam84,No,0,,No,0,,No,0,,No,0,
LOC111124341,uncharacterized protein LOC111124341,XP_022322898.1,1,No,0,,No,0,,Yes,1,Cv_Pmarinus_infection,No,0,,No,0,
LOC111124351,heat shock 70 kDa protein 12A-like,XP_022322908.1,1,Yes,2,fam90_vs_fam84; fam90_vs_fam89,No,0,,No,0,,No,0,,No,0,
LOC111124376,collagen alpha-1(XII) chain-like,XP_022322935.1,1,Yes,3,fam90_vs_fam120; fam90_vs_fam84; fam90_vs_fam89,No,0,,No,0,,No,0,,No,0,
LOC111124400,LOW QUALITY PROTEIN: contactin-2-like,XP_022322959.1,1,Yes,2,fam90_vs_fam84; fam90_vs_fam89,No,0,,No,0,,No,0,,No,0,
LOC111124411,uncharacterized protein K02A2.6-like,XP_022322970.1,1,Yes,1,fam90_vs_fam120,No,0,,No,0,,No,0,,No,0,
LOC111124421,uncharacterized protein LOC111124421,XP_022322984.1,1,Yes,2,fam90_vs_fam120; fam90_vs_fam89,No,0,,No,0,,No,0,,No,0,
LOC111124436,uncharacterized protein LOC111124436,XP_022322996.1,1,Yes,1,fam90_vs_fam84,No,0,,No,0,,No,0,,No,0,
LOC111124439,protein PML-like,XP_022323000.1,1,Yes,1,fam90_vs_fam84,No,0,,No,0,,No,0,,No,0,
LOC111124448,uncharacterized protein LOC111124448,XP_022323009.1,1,No,0,,No,0,,Yes,1,Cv_Pmarinus_infection,No,0,,No,0,
LOC111124457,uncharacterized protein LOC111124457,XP_022323017.1,1,Yes,1,fam90_vs_fam120,No,0,,No,0,,No,0,,No,0,
LOC111124471,uncharacterized protein LOC111124471 isoform X1,XP_022323042.1,1,No,0,,No,0,,Yes,1,Cv_Pmarinus_infection,No,0,,No,0,
LOC111124476,probable serine/threonine-protein kinase nek3 isoform X3,XP_022323049.1,1,Yes,3,fam90_vs_fam120; fam90_vs_fam84; fam90_vs_fam89,No,0,,No,0,,No,0,,No,0,
LOC111124477,RNA-binding protein 26-like isoform X2,XP_022323054.1,1,Yes,1,fam90_vs_fam84,No,0,,No,0,,No,0,,No,0,
LOC111124485,heat shock 70 kDa protein 12A-like,XP_022323065.1,1,No,0,,No,0,,No,0,,Yes,1,28d_fed_vs_inj,No,0,
LOC111124493,uncharacterized protein LOC111124493 isoform X4,XP_022323075.1,1,Yes,3,fam90_vs_fam120; fam90_vs_fam84; fam90_vs_fam89,No,0,,No,0,,No,0,,No,0,
LOC111124494,formin-binding protein 1-like isoform X8,XP_022323097.1,1,No,0,,No,0,,No,0,,Yes,1,36h_fed_vs_inj,No,0,
LOC111124501,alpha-amylase-like isoform X2,XP_022323118.1,1,Yes,1,fam90_vs_fam84,No,0,,No,0,,No,0,,No,0,
LOC111124503,uncharacterized protein LOC111124503,XP_022323126.1,1,Yes,1,fam90_vs_fam84,No,0,,No,0,,No,0,,No,0,
LOC111124519,cyclin-dependent kinase 14-like,XP_022323147.1,1,Yes,2,fam90_vs_fam120; fam90_vs_fam89,No,0,,No,0,,No,0,,No,0,
LOC111124535,UDP-glucose 6-dehydrogenase-like isoform X3,XP_022323179.1,1,Yes,2,fam90_vs_fam84; fam90_vs_fam89,No,0,,No,0,,No,0,,No,0,
LOC111124550,syntaxin-binding protein 4-like,XP_022323200.1,1,Yes,2,fam90_vs_fam84; fam90_vs_fam89,No,0,,No,0,,No,0,,No,0,
LOC111124552,microtubule-associated protein Jupiter-like isoform X3,XP_022323203.1,1,Yes,1,fam90_vs_fam89,No,0,,No,0,,No,0,,No,0,
LOC111124556,proteoglycan 4-like isoform X1,XP_022323226.1,1,No,0,,No,0,,No,0,,Yes,1,36h_fed_vs_inj,No,0,
LOC111124570,"S-acyl fatty acid synthase thioesterase, medium chain-like",XP_022323240.1,1,Yes,1,fam90_vs_fam89,No,0,,No,0,,No,0,,No,0,
LOC111124574,cholecystokinin receptor-like,XP_022323244.1,1,Yes,1,fam90_vs_fam89,No,0,,No,0,,No,0,,No,0,
LOC111124577,kinesin-associated protein 3-like isoform X1,XP_022323254.1,1,Yes,1,fam90_vs_fam84,No,0,,No,0,,No,0,,No,0,
LOC111124583,heat shock 70 kDa protein 12A-like,XP_022323268.1,1,Yes,2,fam90_vs_fam120; fam90_vs_fam89,No,0,,No,0,,No,0,,No,0,
LOC111124630,uncharacterized protein LOC111124630,XP_022323375.1,1,No,0,,No,0,,No,0,,Yes,1,28d_fed_vs_inj,No,0,
LOC111124635,uncharacterized protein LOC111124635 isoform X1,XP_022323390.1,1,Yes,1,fam90_vs_fam84,No,0,,No,0,,No,0,,No,0,
LOC111124636,RNA-binding protein 41-like,XP_022323394.1,1,Yes,1,fam90_vs_fam120,No,0,,No,0,,No,0,,No,0,
LOC111124642,uncharacterized protein LOC111124642 isoform X1,XP_022323416.1,1,Yes,1,fam90_vs_fam89,No,0,,No,0,,No,0,,No,0,
LOC111124643,ubiquinol-cytochrome-c reductase complex assembly factor 1-like,XP_022323421.1,1,Yes,1,fam90_vs_fam84,No,0,,No,0,,No,0,,No,0,
LOC111124644,uncharacterized protein LOC111124644,XP_022323422.1,1,Yes,1,fam90_vs_fam120,No,0,,No,0,,No,0,,No,0,
LOC111124650,titin homolog isoform X7,XP_022323427.1,1,No,0,,No,0,,No,0,,Yes,1,28d_fed_vs_inj,No,0,
LOC111124651,LOW QUALITY PROTEIN: hemicentin-2-like,XP_022323436.1,1,Yes,1,fam90_vs_fam89,No,0,,No,0,,No,0,,No,0,
LOC111124653,lachesin-like isoform X1,XP_022323437.1,1,Yes,1,fam90_vs_fam84,No,0,,No,0,,No,0,,No,0,
LOC111124659,uncharacterized protein LOC111124659 isoform X1,XP_022323446.1,1,Yes,2,fam90_vs_fam84; fam90_vs_fam89,No,0,,No,0,,No,0,,No,0,
LOC111124661,uncharacterized protein LOC111124661,XP_022323449.1,1,No,0,,No,0,,Yes,1,Cv_Pmarinus_infection,No,0,,No,0,
LOC111124667,LOW QUALITY PROTEIN: RNA-binding protein 20-like,XP_022323465.1,1,Yes,1,fam90_vs_fam120,No,0,,No,0,,No,0,,No,0,
LOC111124679,hemicentin-1-like isoform X3,XP_022323483.1,1,No,0,,No,0,,No,0,,Yes,1,36h_fed_vs_inj,No,0,
LOC111124684,kinesin-like protein KIF28P isoform X1,XP_022323498.1,1,No,0,,No,0,,No,0,,Yes,1,28d_fed_vs_inj,No,0,
LOC111124692,kin of IRRE-like protein 1 isoform X4,XP_022323502.1,1,Yes,1,fam90_vs_fam89,No,0,,No,0,,No,0,,No,0,
LOC111124693,uncharacterized protein LOC111124693,XP_022323514.1,1,Yes,1,fam90_vs_fam120,No,0,,No,0,,No,0,,No,0,
LOC111124694,CD109 antigen-like isoform X3,XP_022323515.1,1,No,0,,No,0,,No,0,,Yes,1,28d_fed_vs_inj,No,0,
LOC111124704,LOW QUALITY PROTEIN: carnitine O-acetyltransferase-like,XP_022323537.1,1,Yes,2,fam90_vs_fam84; fam90_vs_fam89,No,0,,No,0,,No,0,,No,0,
LOC111124719,uncharacterized protein LOC111124719 isoform X7,XP_022323555.1,1,Yes,3,fam90_vs_fam120; fam90_vs_fam84; fam90_vs_fam89,No,0,,No,0,,No,0,,No,0,
LOC111124728,uncharacterized protein LOC111124728,XP_022323584.1,1,Yes,1,fam90_vs_fam89,No,0,,No,0,,No,0,,No,0,
LOC111124732,protein ABHD14B-like,XP_022323588.1,1,Yes,1,fam90_vs_fam84,No,0,,No,0,,No,0,,No,0,
LOC111124734,uncharacterized protein LOC111124734,XP_022323593.1,1,Yes,1,fam90_vs_fam120,No,0,,No,0,,No,0,,No,0,
LOC111124746,septin-11-like isoform X1,XP_022323604.1,1,No,0,,No,0,,No,0,,Yes,1,6h_fed_vs_ctrl,No,0,
LOC111124750,uncharacterized protein LOC111124750,XP_022323620.1,1,Yes,1,fam90_vs_fam120,No,0,,No,0,,No,0,,No,0,
LOC111124774,protein mesh-like isoform X1,XP_022323669.1,1,No,0,,No,0,,No,0,,Yes,1,36h_fed_vs_inj,No,0,
LOC111124788,protein mesh-like,XP_022323687.1,1,Yes,3,fam90_vs_fam120; fam90_vs_fam84; fam90_vs_fam89,No,0,,No,0,,No,0,,No,0,
LOC111124806,,,1,No,0,,No,0,,Yes,1,Cv_Pmarinus_infection,No,0,,No,0,
LOC111124809,uncharacterized protein LOC111124809 isoform X1,XP_022323714.1,1,Yes,1,fam90_vs_fam89,No,0,,No,0,,No,0,,No,0,
LOC111124829,LOW QUALITY PROTEIN: formin-binding protein 4-like,XP_022323750.1,1,Yes,1,fam90_vs_fam84,No,0,,No,0,,No,0,,No,0,
LOC111124840,caspase-7-like,XP_022323762.1,1,No,0,,No,0,,Yes,1,Cv_Pmarinus_infection,No,0,,No,0,
LOC111124843,protein C-ets-1-like isoform X2,XP_022323764.1,1,Yes,2,fam90_vs_fam84; fam90_vs_fam89,No,0,,No,0,,No,0,,No,0,
LOC111124847,LOW QUALITY PROTEIN: heat shock 70 kDa protein 12A-like,XP_022323774.1,1,Yes,1,fam90_vs_fam89,No,0,,No,0,,No,0,,No,0,
LOC111124855,fibrinogen C domain-containing protein 1-like,XP_022323789.1,1,No,0,,No,0,,Yes,1,Cv_Pmarinus_infection,No,0,,No,0,
LOC111124859,multidrug resistance-associated protein 1-like isoform X2,XP_022323792.1,1,No,0,,No,0,,No,0,,Yes,2,36h_fed_vs_inj; 7d_fed_vs_inj,No,0,
LOC111124871,uncharacterized protein LOC111124871 isoform X3,XP_022323825.1,1,Yes,1,fam90_vs_fam89,No,0,,No,0,,No,0,,No,0,
LOC111124880,complement C1q tumor necrosis factor-related protein 7-like,XP_022323845.1,1,No,0,,Yes,1,Pmarinus_infection,No,0,,No,0,,No,0,
LOC111124883,uncharacterized protein LOC111124883,XP_022323848.1,1,Yes,2,fam90_vs_fam84; fam90_vs_fam89,No,0,,No,0,,No,0,,No,0,
LOC111124886,uncharacterized protein LOC111124886 isoform X2,XP_022323850.1,1,Yes,2,fam90_vs_fam84; fam90_vs_fam89,No,0,,No,0,,No,0,,No,0,
LOC111124887,armadillo repeat-containing protein 4-like isoform X2,XP_022323852.1,1,No,0,,No,0,,No,0,,Yes,1,28d_fed_vs_inj,No,0,
LOC111124888,uncharacterized protein LOC111124888,XP_022323854.1,1,Yes,1,fam90_vs_fam89,No,0,,No,0,,No,0,,No,0,
LOC111124890,caspase-7-like,XP_022323858.1,1,No,0,,No,0,,Yes,1,Cv_Pmarinus_infection,No,0,,No,0,
LOC111124913,cilia- and flagella-associated protein 45-like isoform X1,XP_022323922.1,1,No,0,,No,0,,No,0,,Yes,1,28d_fed_vs_inj,No,0,
LOC111124915,LOW QUALITY PROTEIN: uncharacterized protein LOC111124915,XP_022323926.1,1,No,0,,Yes,1,Pmarinus_infection,No,0,,No,0,,No,0,
LOC111124921,integumentary mucin C.1-like isoform X1,XP_022323935.1,1,Yes,1,fam90_vs_fam89,No,0,,No,0,,No,0,,No,0,
LOC111124938,"dynein heavy chain 7, axonemal-like isoform X2",XP_022323959.1,1,Yes,2,fam90_vs_fam120; fam90_vs_fam84,No,0,,No,0,,No,0,,No,0,
LOC111124944,thioredoxin domain-containing protein 3 homolog isoform X4,XP_022323989.1,1,Yes,1,fam90_vs_fam89,No,0,,No,0,,No,0,,No,0,
LOC111124955,cullin-1-like isoform X1,XP_022324032.1,1,Yes,3,fam90_vs_fam120; fam90_vs_fam84; fam90_vs_fam89,No,0,,No,0,,No,0,,No,0,
LOC111124985,innexin unc-9-like isoform X3,XP_022324061.1,1,No,0,,No,0,,No,0,,Yes,1,6h_fed_vs_ctrl,No,0,
LOC111125001,cilia- and flagella-associated protein 44-like isoform X3,XP_022324094.1,1,No,0,,No,0,,No,0,,Yes,1,28d_fed_vs_inj,No,0,
LOC111125004,sacsin-like isoform X5,XP_022324100.1,1,No,0,,No,0,,Yes,1,Cv_Pmarinus_infection,No,0,,No,0,
LOC111125009,multimerin-2-like,XP_022324117.1,1,Yes,3,fam90_vs_fam120; fam90_vs_fam84; fam90_vs_fam89,No,0,,No,0,,No,0,,No,0,
LOC111125012,F-box/LRR-repeat protein 21-like,XP_022324120.1,1,Yes,1,fam90_vs_fam120,No,0,,No,0,,No,0,,No,0,
LOC111125013,mitochondria-eating protein-like isoform X1,XP_022324121.1,1,Yes,3,fam90_vs_fam120; fam90_vs_fam84; fam90_vs_fam89,No,0,,No,0,,No,0,,No,0,
LOC111125025,LOW QUALITY PROTEIN: titin-like,XP_022324146.1,1,Yes,1,fam90_vs_fam120,No,0,,No,0,,No,0,,No,0,
LOC111125033,uncharacterized protein LOC111125033,XP_022324172.1,1,No,0,,No,0,,Yes,1,Cv_Pmarinus_infection,No,0,,No,0,
LOC111125034,uncharacterized protein LOC111125034 isoform X2,XP_022324174.1,1,Yes,1,fam90_vs_fam120,No,0,,No,0,,No,0,,No,0,
LOC111125040,solute carrier organic anion transporter family member 4A1-like,XP_022324180.1,1,Yes,1,fam90_vs_fam84,No,0,,No,0,,No,0,,No,0,
LOC111125043,protocadherin-9-like isoform X2,XP_022324186.1,1,Yes,3,fam90_vs_fam120; fam90_vs_fam84; fam90_vs_fam89,No,0,,No,0,,No,0,,No,0,
LOC111125044,uncharacterized protein LOC111125044,XP_022324209.1,1,Yes,1,fam90_vs_fam120,No,0,,No,0,,No,0,,No,0,
LOC111125051,LOW QUALITY PROTEIN: polyprenol reductase-like,XP_022324207.1,1,Yes,1,fam90_vs_fam120,No,0,,No,0,,No,0,,No,0,
LOC111125052,uncharacterized protein LOC111125052,XP_022324208.1,1,Yes,1,fam90_vs_fam120,No,0,,No,0,,No,0,,No,0,
LOC111125055,FTS and Hook-interacting protein-like isoform X4,XP_022324212.1,1,No,0,,No,0,,No,0,,Yes,1,36h_fed_vs_inj,No,0,
LOC111125063,protocadherin Fat 4-like isoform X2,XP_022324227.1,1,Yes,3,fam90_vs_fam120; fam90_vs_fam84; fam90_vs_fam89,No,0,,No,0,,No,0,,No,0,
LOC111125074,adenylate kinase 8-like isoform X2,XP_022324239.1,1,No,0,,No,0,,No,0,,Yes,1,28d_fed_vs_inj,No,0,
LOC111125085,solute carrier family 26 member 10-like,XP_022324256.1,1,No,0,,No,0,,No,0,,Yes,1,6h_fed_vs_ctrl,No,0,
LOC111125088,uncharacterized protein LOC111125088,XP_022324260.1,1,Yes,1,fam90_vs_fam120,No,0,,No,0,,No,0,,No,0,
LOC111125102,peroxidasin homolog isoform X1,XP_022324286.1,1,Yes,1,fam90_vs_fam120,No,0,,No,0,,No,0,,No,0,
LOC111125103,LOW QUALITY PROTEIN: centromere protein J-like,XP_022324283.1,1,No,0,,No,0,,No,0,,Yes,1,28d_fed_vs_inj,No,0,
LOC111125104,LOW QUALITY PROTEIN: large subunit GTPase 1 homolog,XP_022324284.1,1,Yes,1,fam90_vs_fam120,No,0,,No,0,,No,0,,No,0,
LOC111125113,"arginine--tRNA ligase, cytoplasmic-like",XP_022324296.1,1,Yes,1,fam90_vs_fam120,No,0,,No,0,,No,0,,No,0,
LOC111125124,hamartin-like isoform X2,XP_022324323.1,1,No,0,,No,0,,No,0,,Yes,1,6h_fed_vs_ctrl,No,0,
LOC111125130,metallophosphoesterase MPPED2-like,XP_022324332.1,1,Yes,1,fam90_vs_fam89,No,0,,No,0,,No,0,,No,0,
LOC111125137,LOW QUALITY PROTEIN: mothers against decapentaplegic homolog 5-like,XP_022324348.1,1,Yes,2,fam90_vs_fam84; fam90_vs_fam89,No,0,,No,0,,No,0,,No,0,
LOC111125145,innexin unc-9-like,XP_022324355.1,1,No,0,,No,0,,No,0,,No,0,,Yes,1,resistant_fam266_36h_7d
LOC111125149,multidrug resistance-associated protein 7-like,XP_022324361.1,1,No,0,,No,0,,No,0,,Yes,1,28d_fed_vs_inj,No,0,
LOC111125151,kinesin-like protein KIF16B isoform X1,XP_022324364.1,1,No,0,,No,0,,No,0,,Yes,1,6h_fed_vs_ctrl,No,0,
LOC111125158,uncharacterized protein LOC111125158 isoform X2,XP_022324393.1,1,Yes,2,fam90_vs_fam84; fam90_vs_fam89,No,0,,No,0,,No,0,,No,0,
LOC111125164,heat shock 70 kDa protein 12B-like,XP_022324405.1,1,Yes,2,fam90_vs_fam120; fam90_vs_fam89,No,0,,No,0,,No,0,,No,0,
LOC111125227,LOW QUALITY PROTEIN: tetraspanin-9-like,XP_022324508.1,1,Yes,1,fam90_vs_fam84,No,0,,No,0,,No,0,,No,0,
LOC111125238,uncharacterized protein LOC111125238 isoform X6,XP_022324522.1,1,No,0,,No,0,,No,0,,Yes,1,36h_fed_vs_inj,No,0,
LOC111125241,serine/threonine-protein phosphatase 2A 65 kDa regulatory subunit A alpha isoform-like,XP_022324532.1,1,Yes,1,fam90_vs_fam89,No,0,,No,0,,No,0,,No,0,
LOC111125243,protocadherin Fat 4-like isoform X1,XP_022324540.1,1,Yes,3,fam90_vs_fam120; fam90_vs_fam84; fam90_vs_fam89,No,0,,No,0,,No,0,,No,0,
LOC111125256,zinc finger BED domain-containing protein 1-like,XP_022324558.1,1,Yes,2,fam90_vs_fam84; fam90_vs_fam89,No,0,,No,0,,No,0,,No,0,
LOC111125259,LOW QUALITY PROTEIN: protein wech-like,XP_022324561.1,1,No,0,,No,0,,No,0,,Yes,1,7d_fed_vs_inj,No,0,
LOC111125263,cell wall protein DAN4-like isoform X2,XP_022324567.1,1,Yes,1,fam90_vs_fam89,No,0,,No,0,,No,0,,No,0,
LOC111125266,LOW QUALITY PROTEIN: fibrinogen C domain-containing protein 1-like,XP_022324572.1,1,No,0,,No,0,,No,0,,No,0,,Yes,1,susceptible_fam242_36h_28d
LOC111125269,uncharacterized protein LOC111125269,XP_022324573.1,1,Yes,1,fam90_vs_fam120,No,0,,No,0,,No,0,,No,0,
LOC111125276,large neutral amino acids transporter small subunit 2-like isoform X2,XP_022324584.1,1,Yes,1,fam90_vs_fam89,No,0,,No,0,,No,0,,No,0,
LOC111125277,uncharacterized protein LOC111125277,XP_022324587.1,1,Yes,1,fam90_vs_fam89,No,0,,No,0,,No,0,,No,0,
LOC111125284,BTB/POZ domain-containing protein 17-like isoform X1,XP_022324598.1,1,No,0,,No,0,,No,0,,Yes,1,6h_fed_vs_ctrl,No,0,
LOC111125286,uncharacterized protein LOC111125286 isoform X2,XP_022324603.1,1,Yes,1,fam90_vs_fam89,No,0,,No,0,,No,0,,No,0,
LOC111125292,ubiquitin-protein ligase E3A-like,XP_022324617.1,1,No,0,,No,0,,No,0,,Yes,1,6h_fed_vs_ctrl,No,0,
LOC111125315,LOW QUALITY PROTEIN: tyrosine-protein kinase BAZ1B-like,XP_022324661.1,1,Yes,1,fam90_vs_fam84,No,0,,No,0,,No,0,,No,0,
LOC111125328,uncharacterized protein LOC111125328,XP_022324691.1,1,Yes,1,fam90_vs_fam84,No,0,,No,0,,No,0,,No,0,
LOC111125332,sulfotransferase 1A1-like,XP_022324711.1,1,Yes,3,fam90_vs_fam120; fam90_vs_fam84; fam90_vs_fam89,No,0,,No,0,,No,0,,No,0,
LOC111125347,myosin-7-like isoform X5,XP_022324764.1,1,Yes,3,fam90_vs_fam120; fam90_vs_fam84; fam90_vs_fam89,No,0,,No,0,,No,0,,No,0,
LOC111125355,nocturnin-like isoform X1,XP_022324789.1,1,Yes,3,fam90_vs_fam120; fam90_vs_fam84; fam90_vs_fam89,No,0,,No,0,,No,0,,No,0,
LOC111125356,ras-related protein Rab-9A-like,XP_022324796.1,1,Yes,2,fam90_vs_fam120; fam90_vs_fam89,No,0,,No,0,,No,0,,No,0,
LOC111125362,dual specificity mitogen-activated protein kinase kinase 7-like isoform X2,XP_022324804.1,1,No,0,,No,0,,No,0,,Yes,1,28d_fed_vs_inj,No,0,
LOC111125363,centrosomal protein of 135 kDa-like isoform X1,XP_022324806.1,1,Yes,3,fam90_vs_fam120; fam90_vs_fam84; fam90_vs_fam89,No,0,,No,0,,No,0,,No,0,
LOC111125386,selenoprotein S-like,XP_022324853.1,1,Yes,1,fam90_vs_fam89,No,0,,No,0,,No,0,,No,0,
LOC111125407,protocadherin gamma-B4-like,XP_022324893.1,1,No,0,,No,0,,No,0,,Yes,1,6h_fed_vs_ctrl,No,0,
LOC111125421,LOW QUALITY PROTEIN: caltractin-like,XP_022324914.1,1,No,0,,No,0,,No,0,,Yes,1,28d_fed_vs_inj,No,0,
LOC111125429,uncharacterized protein LOC111125429 isoform X1,XP_022324925.1,1,Yes,3,fam90_vs_fam120; fam90_vs_fam84; fam90_vs_fam89,No,0,,No,0,,No,0,,No,0,
LOC111125430,uncharacterized protein LOC111125430,XP_022324933.1,1,Yes,2,fam90_vs_fam120; fam90_vs_fam89,No,0,,No,0,,No,0,,No,0,
LOC111125431,STAGA complex 65 subunit gamma-like,XP_022324930.1,1,Yes,1,fam90_vs_fam89,No,0,,No,0,,No,0,,No,0,
LOC111125432,uncharacterized protein LOC111125432 isoform X1,XP_022324934.1,1,No,0,,No,0,,No,0,,Yes,1,28d_fed_vs_inj,No,0,
LOC111125437,uncharacterized protein LOC111125437 isoform X1,XP_022324946.1,1,Yes,2,fam90_vs_fam84; fam90_vs_fam89,No,0,,No,0,,No,0,,No,0,
LOC111125441,tetratricopeptide repeat protein 28-like isoform X1,XP_022324957.1,1,No,0,,No,0,,No,0,,Yes,1,7d_fed_vs_inj,No,0,
LOC111125444,uncharacterized protein LOC111125444,XP_022324971.1,1,No,0,,No,0,,Yes,1,Cv_Pmarinus_infection,No,0,,No,0,
LOC111125445,sodium/glucose cotransporter 4-like isoform X1,XP_022324969.1,1,No,0,,No,0,,Yes,1,Cv_Pmarinus_infection,No,0,,No,0,
LOC111125448,chitin synthase 1-like isoform X1,XP_022324974.1,1,Yes,2,fam90_vs_fam84; fam90_vs_fam89,No,0,,No,0,,No,0,,No,0,
LOC111125451,uncharacterized protein LOC111125451 isoform X2,XP_022324984.1,1,No,0,,No,0,,Yes,1,Cv_Pmarinus_infection,No,0,,No,0,
LOC111125453,uncharacterized protein LOC111125453 isoform X2,XP_022324992.1,1,Yes,1,fam90_vs_fam120,No,0,,No,0,,No,0,,No,0,
LOC111125458,sushi domain-containing protein 2-like,XP_022324999.1,1,No,0,,No,0,,No,0,,Yes,1,28d_fed_vs_inj,No,0,
LOC111125479,uncharacterized protein LOC111125479,XP_022325073.1,1,No,0,,No,0,,Yes,1,Cv_Pmarinus_infection,No,0,,No,0,
LOC111125480,uncharacterized protein LOC111125480,XP_022325074.1,1,Yes,1,fam90_vs_fam84,No,0,,No,0,,No,0,,No,0,
LOC111125483,hamartin-like isoform X2,XP_022325079.1,1,No,0,,No,0,,No,0,,Yes,1,6h_fed_vs_ctrl,No,0,
LOC111125488,serine/threonine-protein kinase Nek1-like isoform X1,XP_022325090.1,1,Yes,2,fam90_vs_fam120; fam90_vs_fam89,No,0,,No,0,,No,0,,No,0,
LOC111125499,uncharacterized protein LOC111125499,XP_022325109.1,1,Yes,3,fam90_vs_fam120; fam90_vs_fam84; fam90_vs_fam89,No,0,,No,0,,No,0,,No,0,
LOC111125526,glutamate receptor 2-like,XP_022325148.1,1,Yes,3,fam90_vs_fam120; fam90_vs_fam84; fam90_vs_fam89,No,0,,No,0,,No,0,,No,0,
LOC111125537,prolyl 4-hydroxylase subunit alpha-1-like,XP_022325164.1,1,Yes,1,fam90_vs_fam89,No,0,,No,0,,No,0,,No,0,
LOC111125544,sodium-dependent phosphate transporter 1-like isoform X1,XP_022325181.1,1,Yes,1,fam90_vs_fam89,No,0,,No,0,,No,0,,No,0,
LOC111125551,glutathione S-transferase C-terminal domain-containing protein-like isoform X1,XP_022325188.1,1,Yes,1,fam90_vs_fam120,No,0,,No,0,,No,0,,No,0,
LOC111125564,uncharacterized protein LOC111125564,XP_022325211.1,1,No,0,,No,0,,Yes,1,Cv_Pmarinus_infection,No,0,,No,0,
LOC111125565,uncharacterized protein LOC111125565,XP_022325214.1,1,Yes,1,fam90_vs_fam89,No,0,,No,0,,No,0,,No,0,
LOC111125576,hypoxia up-regulated protein 1-like isoform X1,XP_022325239.1,1,Yes,2,fam90_vs_fam120; fam90_vs_fam84,No,0,,No,0,,No,0,,No,0,
LOC111125577,anion exchange protein 2-like isoform X2,XP_022325242.1,1,No,0,,No,0,,No,0,,Yes,2,28d_fed_vs_inj; 36h_fed_vs_inj,No,0,
LOC111125583,uncharacterized protein LOC111125583,XP_022325256.1,1,Yes,1,fam90_vs_fam89,No,0,,No,0,,No,0,,No,0,
LOC111125585,scavenger receptor class F member 1-like,XP_022325258.1,1,Yes,1,fam90_vs_fam89,No,0,,No,0,,No,0,,No,0,
LOC111125599,serine/threonine-protein kinase TNNI3K-like isoform X1,XP_022325283.1,1,Yes,1,fam90_vs_fam120,No,0,,No,0,,No,0,,No,0,
LOC111125618,uncharacterized protein LOC111125618,XP_022325304.1,1,Yes,1,fam90_vs_fam120,No,0,,No,0,,No,0,,No,0,
LOC111125629,innexin unc-9-like isoform X1,XP_022325318.1,1,No,0,,No,0,,No,0,,Yes,1,28d_fed_vs_inj,No,0,
LOC111125634,titin-like isoform X2,XP_022325329.1,1,No,0,,No,0,,No,0,,Yes,1,6h_fed_vs_ctrl,No,0,
LOC111125640,uncharacterized protein LOC111125640 isoform X1,XP_022325348.1,1,Yes,1,fam90_vs_fam120,No,0,,No,0,,No,0,,No,0,
LOC111125646,alpha-glucosidase-like,XP_022325360.1,1,Yes,2,fam90_vs_fam84; fam90_vs_fam89,No,0,,No,0,,No,0,,No,0,
LOC111125651,nuclear factor related to kappa-B-binding protein-like isoform X1,XP_022325369.1,1,No,0,,No,0,,No,0,,Yes,1,36h_fed_vs_inj,No,0,
LOC111125656,cathepsin L1-like isoform X3,XP_022325380.1,1,Yes,3,fam90_vs_fam120; fam90_vs_fam84; fam90_vs_fam89,No,0,,No,0,,No,0,,No,0,
LOC111125658,protein ABHD14B-like,XP_022325386.1,1,Yes,2,fam90_vs_fam120; fam90_vs_fam84,No,0,,No,0,,No,0,,No,0,
LOC111125666,sodium- and chloride-dependent glycine transporter 1-like,XP_022325413.1,1,Yes,1,fam90_vs_fam84,No,0,,No,0,,No,0,,No,0,
LOC111125677,receptor-type tyrosine-protein phosphatase F-like isoform X3,XP_022325433.1,1,Yes,3,fam90_vs_fam120; fam90_vs_fam84; fam90_vs_fam89,No,0,,No,0,,No,0,,No,0,
LOC111125678,low-density lipoprotein receptor-related protein 6-like isoform X1,XP_022325439.1,1,Yes,1,fam90_vs_fam89,No,0,,No,0,,No,0,,No,0,
LOC111125684,low-density lipoprotein receptor-related protein 4-like,XP_022325448.1,1,No,0,,No,0,,Yes,1,Cv_Pmarinus_infection,No,0,,No,0,
LOC111125692,uncharacterized protein LOC111125692,XP_022325458.1,1,Yes,1,fam90_vs_fam84,No,0,,No,0,,No,0,,No,0,
LOC111125698,uncharacterized protein LOC111125698 isoform X2,XP_022325465.1,1,No,0,,No,0,,No,0,,Yes,1,6h_fed_vs_ctrl,No,0,
LOC111125720,von Willebrand factor D and EGF domain-containing protein-like isoform X5,XP_022325492.1,1,No,0,,No,0,,No,0,,Yes,1,28d_fed_vs_inj,No,0,
LOC111125734,uncharacterized protein LOC111125734 isoform X1,XP_022325514.1,1,Yes,1,fam90_vs_fam120,No,0,,No,0,,No,0,,No,0,
LOC111125739,myoneurin-like isoform X1,XP_022325526.1,1,Yes,1,fam90_vs_fam84,No,0,,No,0,,No,0,,No,0,
LOC111125741,uncharacterized protein LOC111125741,XP_022325533.1,1,No,0,,No,0,,Yes,1,Cv_Pmarinus_infection,No,0,,No,0,
LOC111125758,spermatogenesis-associated serine-rich protein 2-like isoform X2,XP_022325552.1,1,Yes,2,fam90_vs_fam84; fam90_vs_fam89,No,0,,No,0,,No,0,,No,0,
LOC111125759,laminin subunit gamma-1-like,XP_022325556.1,1,No,0,,No,0,,No,0,,Yes,1,28d_fed_vs_inj,No,0,
LOC111125761,MOB kinase activator 2-like isoform X4,XP_022325561.1,1,No,0,,No,0,,No,0,,Yes,1,6h_fed_vs_ctrl,No,0,
LOC111125764,thioredoxin domain-containing protein 3 homolog isoform X3,XP_022325563.1,1,No,0,,No,0,,No,0,,Yes,1,28d_fed_vs_inj,No,0,
LOC111125784,glutathione S-transferase C-terminal domain-containing protein-like isoform X2,XP_022325612.1,1,Yes,1,fam90_vs_fam120,No,0,,No,0,,No,0,,No,0,
LOC111125797,trichohyalin-like isoform X1,XP_022325633.1,1,No,0,,No,0,,No,0,,Yes,1,28d_fed_vs_inj,No,0,
LOC111125817,"tryptophan--tRNA ligase, cytoplasmic-like",XP_022325682.1,1,No,0,,No,0,,No,0,,Yes,1,28d_fed_vs_inj,No,0,
LOC111125833,uncharacterized protein LOC111125833 isoform X4,XP_022325705.1,1,Yes,1,fam90_vs_fam120,No,0,,No,0,,No,0,,No,0,
LOC111125837,uncharacterized protein LOC111125837,XP_022325718.1,1,No,0,,No,0,,No,0,,Yes,1,36h_fed_vs_inj,No,0,
LOC111125851,"glycerol-3-phosphate dehydrogenase, mitochondrial-like isoform X2",XP_022325740.1,1,No,0,,No,0,,No,0,,Yes,1,28d_fed_vs_inj,No,0,
LOC111125856,rho GTPase-activating protein 7-like isoform X1,XP_022325757.1,1,Yes,1,fam90_vs_fam89,No,0,,No,0,,No,0,,No,0,
LOC111125873,deoxyribonuclease-1-like,XP_022325792.1,1,Yes,1,fam90_vs_fam84,No,0,,No,0,,No,0,,No,0,
LOC111125898,uncharacterized protein LOC111125898 isoform X1,XP_022325831.1,1,Yes,1,fam90_vs_fam89,No,0,,No,0,,No,0,,No,0,
LOC111125899,uncharacterized protein LOC111125899,XP_022325833.1,1,No,0,,No,0,,Yes,1,Cv_Pmarinus_infection,No,0,,No,0,
LOC111125905,kinesin-like protein KIF13B isoform X2,XP_022325842.1,1,No,0,,No,0,,No,0,,Yes,1,28d_fed_vs_inj,No,0,
LOC111125909,probable RNA-binding protein 18 isoform X1,XP_022325852.1,1,Yes,2,fam90_vs_fam84; fam90_vs_fam89,No,0,,No,0,,No,0,,No,0,
LOC111125914,laccase-like isoform X1,XP_022325861.1,1,Yes,1,fam90_vs_fam84,No,0,,No,0,,No,0,,No,0,
LOC111125922,pinin-like isoform X4,XP_022325873.1,1,Yes,1,fam90_vs_fam120,No,0,,No,0,,No,0,,No,0,
LOC111125923,uncharacterized protein LOC111125923 isoform X2,XP_022325878.1,1,Yes,1,fam90_vs_fam120,No,0,,No,0,,No,0,,No,0,
LOC111125924,multiple epidermal growth factor-like domains protein 10,XP_022325881.1,1,Yes,1,fam90_vs_fam84,No,0,,No,0,,No,0,,No,0,
LOC111125928,uncharacterized protein LOC111125928,XP_022325887.1,1,Yes,1,fam90_vs_fam84,No,0,,No,0,,No,0,,No,0,
LOC111125930,tubulin polyglutamylase TTLL11-like isoform X6,XP_022325889.1,1,No,0,,No,0,,No,0,,Yes,1,36h_fed_vs_inj,No,0,
LOC111125935,uncharacterized protein LOC111125935 isoform X2,XP_022325903.1,1,Yes,1,fam90_vs_fam120,No,0,,No,0,,No,0,,No,0,
LOC111125942,centriolin-like isoform X1,XP_022325911.1,1,No,0,,No,0,,No,0,,Yes,1,7d_fed_vs_inj,No,0,
LOC111125947,receptor-type tyrosine-protein phosphatase kappa-like,XP_022325939.1,1,Yes,1,fam90_vs_fam120,No,0,,No,0,,No,0,,No,0,
LOC111125950,uncharacterized protein LOC111125950 isoform X1,XP_022325946.1,1,Yes,3,fam90_vs_fam120; fam90_vs_fam84; fam90_vs_fam89,No,0,,No,0,,No,0,,No,0,
LOC111125954,ubiquitin carboxyl-terminal hydrolase 20-like isoform X1,XP_022325953.1,1,Yes,1,fam90_vs_fam84,No,0,,No,0,,No,0,,No,0,
LOC111125956,dynamin-1-like isoform X6,XP_022325958.1,1,Yes,1,fam90_vs_fam84,No,0,,No,0,,No,0,,No,0,
LOC111125972,uncharacterized protein LOC111125972,XP_022326002.1,1,Yes,2,fam90_vs_fam120; fam90_vs_fam84,No,0,,No,0,,No,0,,No,0,
LOC111125975,deoxyribonuclease-2-alpha-like isoform X2,XP_022326000.1,1,No,0,,No,0,,No,0,,Yes,1,28d_fed_vs_inj,No,0,
LOC111125976,plancitoxin-1-like isoform X1,XP_022326004.1,1,Yes,1,fam90_vs_fam84,No,0,,No,0,,No,0,,No,0,
LOC111125977,plancitoxin-1-like,XP_022326006.1,1,Yes,1,fam90_vs_fam84,No,0,,No,0,,No,0,,No,0,
LOC111125984,uncharacterized protein LOC111125984,XP_022326016.1,1,Yes,2,fam90_vs_fam84; fam90_vs_fam89,No,0,,No,0,,No,0,,No,0,
LOC111125987,AN1-type zinc finger protein 2A-like isoform X1,XP_022326021.1,1,Yes,1,fam90_vs_fam89,No,0,,No,0,,No,0,,No,0,
LOC111125998,,,1,No,0,,No,0,,Yes,1,Cv_Pmarinus_infection,No,0,,No,0,
LOC111126003,"leucine--tRNA ligase, cytoplasmic-like",XP_022326062.1,1,No,0,,No,0,,No,0,,Yes,2,28d_fed_vs_inj; 36h_fed_vs_inj,No,0,
LOC111126005,failed axon connections homolog,XP_022326065.1,1,No,0,,No,0,,Yes,1,Cv_Pmarinus_infection,No,0,,No,0,
LOC111126006,failed axon connections homolog isoform X2,XP_022326066.1,1,Yes,1,fam90_vs_fam89,No,0,,No,0,,No,0,,No,0,
LOC111126007,extended synaptotagmin-2-like isoform X1,XP_022326072.1,1,No,0,,No,0,,No,0,,Yes,2,6h_fed_vs_ctrl; 7d_fed_vs_inj,No,0,
LOC111126020,uncharacterized protein LOC111126020,XP_022326090.1,1,Yes,1,fam90_vs_fam120,No,0,,No,0,,No,0,,No,0,
LOC111126034,uncharacterized protein LOC111126034,XP_022326116.1,1,Yes,1,fam90_vs_fam120,No,0,,No,0,,No,0,,No,0,
LOC111126043,beta-secretase 1-like,XP_022326131.1,1,Yes,1,fam90_vs_fam120,No,0,,No,0,,No,0,,No,0,
LOC111126045,uncharacterized protein LOC111126045,XP_022326138.1,1,Yes,1,fam90_vs_fam89,No,0,,No,0,,No,0,,No,0,
LOC111126052,inhibitor of growth protein 1-like,XP_022326146.1,1,No,0,,No,0,,No,0,,Yes,1,36h_fed_vs_inj,No,0,
LOC111126054,ELKS/Rab6-interacting/CAST family member 1-like isoform X4,XP_022326149.1,1,No,0,,No,0,,No,0,,Yes,1,7d_fed_vs_inj,No,0,
LOC111126056,LOW QUALITY PROTEIN: malignant fibrous histiocytoma-amplified sequence 1 homolog,XP_022326158.1,1,No,0,,No,0,,No,0,,Yes,1,28d_fed_vs_inj,No,0,
LOC111126064,B-box type zinc finger protein ncl-1-like,XP_022326163.1,1,Yes,1,fam90_vs_fam120,No,0,,No,0,,No,0,,No,0,
LOC111126075,uncharacterized protein LOC111126075 isoform X2,XP_022326176.1,1,Yes,3,fam90_vs_fam120; fam90_vs_fam84; fam90_vs_fam89,No,0,,No,0,,No,0,,No,0,
LOC111126077,putative tyramine receptor 2,XP_022326180.1,1,Yes,1,fam90_vs_fam84,No,0,,No,0,,No,0,,No,0,
LOC111126082,protein N-lysine methyltransferase METTL21A-like isoform X2,XP_022326189.1,1,Yes,1,fam90_vs_fam120,No,0,,No,0,,No,0,,No,0,
LOC111126088,prefoldin subunit 6-like,XP_022326200.1,1,No,0,,No,0,,No,0,,Yes,1,28d_fed_vs_inj,No,0,
LOC111126096,CUB and sushi domain-containing protein 3-like,XP_022326208.1,1,No,0,,No,0,,Yes,1,Cv_Pmarinus_infection,No,0,,No,0,
LOC111126103,chitinase-like protein PB1E7.04c,XP_022326214.1,1,Yes,1,fam90_vs_fam89,No,0,,No,0,,No,0,,No,0,
LOC111126116,ankyrin repeat domain-containing protein 50-like,XP_022326234.1,1,No,0,,No,0,,No,0,,No,0,,Yes,1,resistant_fam266_36h_7d
LOC111126132,temptin-like,XP_022326254.1,1,Yes,1,fam90_vs_fam89,No,0,,No,0,,No,0,,No,0,
LOC111126159,RNA-binding protein MEX3B-like,XP_022326303.1,1,Yes,1,fam90_vs_fam84,No,0,,No,0,,No,0,,No,0,
LOC111126177,rab3 GTPase-activating protein catalytic subunit-like isoform X1,XP_022326336.1,1,Yes,1,fam90_vs_fam84,No,0,,No,0,,No,0,,No,0,
LOC111126178,transient receptor potential cation channel subfamily V member 5-like,XP_022326338.1,1,No,0,,No,0,,No,0,,Yes,1,7d_fed_vs_inj,No,0,
LOC111126185,serine/threonine-protein kinase PLK4-like isoform X3,XP_022326346.1,1,No,0,,No,0,,No,0,,Yes,1,7d_fed_vs_inj,No,0,
LOC111126195,U3 small nucleolar RNA-associated protein 18 homolog,XP_022326362.1,1,Yes,1,fam90_vs_fam84,No,0,,No,0,,No,0,,No,0,
LOC111126224,uncharacterized protein LOC111126224,XP_022326416.1,1,Yes,1,fam90_vs_fam120,No,0,,No,0,,No,0,,No,0,
LOC111126240,fibrocystin-L-like isoform X2,XP_022326438.1,1,No,0,,No,0,,No,0,,Yes,1,36h_fed_vs_inj,No,0,
LOC111126243,low-density lipoprotein receptor-related protein 4-like,XP_022326442.1,1,Yes,1,fam90_vs_fam89,No,0,,No,0,,No,0,,No,0,
LOC111126261,dehydrogenase/reductase SDR family member 9-like,XP_022326480.1,1,Yes,1,fam90_vs_fam89,No,0,,No,0,,No,0,,No,0,
LOC111126265,uncharacterized protein LOC111126265 isoform X1,XP_022326483.1,1,Yes,1,fam90_vs_fam89,No,0,,No,0,,No,0,,No,0,
LOC111126267,BTB/POZ domain-containing protein KCTD4-like,XP_022326490.1,1,Yes,1,fam90_vs_fam89,No,0,,No,0,,No,0,,No,0,
LOC111126269,uncharacterized protein LOC111126269,XP_022326492.1,1,Yes,1,fam90_vs_fam89,No,0,,No,0,,No,0,,No,0,
LOC111126290,uncharacterized protein LOC111126290,XP_022326516.1,1,No,0,,No,0,,Yes,1,Cv_Pmarinus_infection,No,0,,No,0,
LOC111126296,mediator of RNA polymerase II transcription subunit 14-like,XP_022326530.1,1,Yes,1,fam90_vs_fam84,No,0,,No,0,,No,0,,No,0,
LOC111126304,uncharacterized protein LOC111126304 isoform X1,XP_022326547.1,1,No,0,,Yes,1,Pmarinus_infection,No,0,,No,0,,No,0,
LOC111126309,uncharacterized protein LOC111126309 isoform X2,XP_022326553.1,1,No,0,,No,0,,No,0,,Yes,1,6h_fed_vs_ctrl,No,0,
LOC111126319,uncharacterized protein LOC111126319,XP_022326564.1,1,Yes,2,fam90_vs_fam120; fam90_vs_fam84,No,0,,No,0,,No,0,,No,0,
LOC111126330,uncharacterized protein LOC111126330,XP_022326579.1,1,Yes,1,fam90_vs_fam89,No,0,,No,0,,No,0,,No,0,
LOC111126337,uncharacterized protein LOC111126337,XP_022326632.1,1,Yes,1,fam90_vs_fam89,No,0,,No,0,,No,0,,No,0,
LOC111126358,uncharacterized protein LOC111126358,XP_022326631.1,1,Yes,1,fam90_vs_fam89,No,0,,No,0,,No,0,,No,0,
LOC111126370,cell wall protein PRY3-like isoform X1,XP_022326646.1,1,No,0,,No,0,,No,0,,Yes,1,28d_fed_vs_inj,No,0,
LOC111126374,protein FAM166B-like,XP_022326653.1,1,Yes,3,fam90_vs_fam120; fam90_vs_fam84; fam90_vs_fam89,No,0,,No,0,,No,0,,No,0,
LOC111126405,ELMO domain-containing protein 2-like isoform X2,XP_022326719.1,1,Yes,2,fam90_vs_fam84; fam90_vs_fam89,No,0,,No,0,,No,0,,No,0,
LOC111126409,delta-like protein 1 isoform X2,XP_022326735.1,1,No,0,,No,0,,Yes,1,Cv_Pmarinus_infection,No,0,,No,0,
LOC111126412,male-specific lethal 3 homolog isoform X2,XP_022326746.1,1,Yes,1,fam90_vs_fam84,No,0,,No,0,,No,0,,No,0,
LOC111126417,probable ATP-dependent RNA helicase DDX31,XP_022326759.1,1,Yes,1,fam90_vs_fam89,No,0,,No,0,,No,0,,No,0,
LOC111126435,fibrinogen alpha chain-like,XP_022326794.1,1,Yes,1,fam90_vs_fam120,No,0,,No,0,,No,0,,No,0,
LOC111126438,uncharacterized protein LOC111126438,XP_022326799.1,1,Yes,1,fam90_vs_fam89,No,0,,No,0,,No,0,,No,0,
LOC111126444,uncharacterized protein LOC111126444,XP_022326811.1,1,Yes,1,fam90_vs_fam84,No,0,,No,0,,No,0,,No,0,
LOC111126455,"calcium/calmodulin-dependent 3',5'-cyclic nucleotide phosphodiesterase 1A-like isoform X8",XP_022326824.1,1,No,0,,No,0,,No,0,,Yes,1,28d_fed_vs_inj,No,0,
LOC111126457,laminin subunit gamma-3-like isoform X4,XP_022326843.1,1,No,0,,No,0,,Yes,1,Cv_Pmarinus_infection,No,0,,No,0,
LOC111126459,uncharacterized protein LOC111126459,XP_022326848.1,1,Yes,1,fam90_vs_fam120,No,0,,No,0,,No,0,,No,0,
LOC111126479,proton-coupled amino acid transporter 4-like isoform X1,XP_022326871.1,1,Yes,1,fam90_vs_fam89,No,0,,No,0,,No,0,,No,0,
LOC111126488,uncharacterized protein K04H4.2-like,XP_022326880.1,1,Yes,2,fam90_vs_fam120; fam90_vs_fam89,No,0,,No,0,,No,0,,No,0,
LOC111126492,glutamine synthetase-like,XP_022326885.1,1,Yes,1,fam90_vs_fam89,No,0,,No,0,,No,0,,No,0,
LOC111126494,uncharacterized protein LOC111126494,XP_022326889.1,1,No,0,,No,0,,No,0,,Yes,1,28d_fed_vs_inj,No,0,
LOC111126496,cilia- and flagella-associated protein 97-like,XP_022326890.1,1,No,0,,No,0,,No,0,,Yes,1,28d_fed_vs_inj,No,0,
LOC111126507,paired box protein Pax-6-like,XP_022326905.1,1,Yes,1,fam90_vs_fam84,No,0,,No,0,,No,0,,No,0,
LOC111126510,leucine-rich repeat and death domain-containing protein 1-like,XP_022326910.1,1,No,0,,No,0,,No,0,,Yes,1,28d_fed_vs_inj,No,0,
LOC111126512,tripartite motif-containing protein 3-like,XP_022326912.1,1,Yes,2,fam90_vs_fam84; fam90_vs_fam89,No,0,,No,0,,No,0,,No,0,
LOC111126518,low-density lipoprotein receptor-related protein 4-like isoform X2,XP_022326928.1,1,No,0,,No,0,,No,0,,Yes,1,28d_fed_vs_inj,No,0,
LOC111126531,uncharacterized protein LOC111126531,XP_022326946.1,1,No,0,,No,0,,No,0,,Yes,1,36h_fed_vs_inj,No,0,
LOC111126551,uncharacterized protein LOC111126551,XP_022326979.1,1,Yes,1,fam90_vs_fam120,No,0,,No,0,,No,0,,No,0,
LOC111126566,coronin-7-like,XP_022327007.1,1,No,0,,No,0,,No,0,,Yes,1,6h_fed_vs_ctrl,No,0,
LOC111126576,uncharacterized protein LOC111126576 isoform X1,XP_022327024.1,1,No,0,,No,0,,No,0,,Yes,1,28d_fed_vs_inj,No,0,
LOC111126580,annexin A4-like isoform X3,XP_022327030.1,1,No,0,,No,0,,No,0,,Yes,1,28d_fed_vs_inj,No,0,
LOC111126593,neutral and basic amino acid transport protein rBAT-like,XP_022327048.1,1,Yes,2,fam90_vs_fam120; fam90_vs_fam84,No,0,,No,0,,No,0,,No,0,
LOC111126596,coronin-7-like,XP_022327050.1,1,No,0,,No,0,,No,0,,Yes,1,6h_fed_vs_ctrl,No,0,
LOC111126606,uncharacterized protein LOC111126606,XP_022327066.1,1,Yes,2,fam90_vs_fam120; fam90_vs_fam84,No,0,,No,0,,No,0,,No,0,
LOC111126607,uncharacterized protein LOC111126607,XP_022327071.1,1,No,0,,No,0,,No,0,,Yes,2,28d_fed_vs_inj; 36h_fed_vs_inj,No,0,
LOC111126608,LOW QUALITY PROTEIN: protein furry-like,XP_022327073.1,1,Yes,1,fam90_vs_fam84,No,0,,No,0,,No,0,,No,0,
LOC111126616,leucine-rich repeat-containing G-protein coupled receptor 4-like,XP_022327082.1,1,Yes,1,fam90_vs_fam89,No,0,,No,0,,No,0,,No,0,
LOC111126620,CUB and sushi domain-containing protein 3-like isoform X1,XP_022327090.1,1,Yes,1,fam90_vs_fam89,No,0,,No,0,,No,0,,No,0,
LOC111126621,cubilin-like,XP_022327092.1,1,Yes,1,fam90_vs_fam89,No,0,,No,0,,No,0,,No,0,
LOC111126625,uncharacterized protein LOC111126625 isoform X1,XP_022327103.1,1,No,0,,No,0,,No,0,,Yes,1,28d_fed_vs_inj,No,0,
LOC111126660,uncharacterized protein LOC111126660 isoform X1,XP_022327160.1,1,Yes,3,fam90_vs_fam120; fam90_vs_fam84; fam90_vs_fam89,No,0,,No,0,,No,0,,No,0,
LOC111126663,LIM domain-containing protein WLIM2b-like,XP_022327159.1,1,No,0,,No,0,,No,0,,Yes,1,28d_fed_vs_inj,No,0,
LOC111126669,uncharacterized protein LOC111126669 isoform X1,XP_022327165.1,1,Yes,2,fam90_vs_fam84; fam90_vs_fam89,No,0,,No,0,,No,0,,No,0,
LOC111126704,uncharacterized protein LOC111126704,XP_022327235.1,1,Yes,1,fam90_vs_fam89,No,0,,No,0,,No,0,,No,0,
LOC111126711,caspase-8-like,XP_022327245.1,1,No,0,,No,0,,No,0,,Yes,1,28d_fed_vs_inj,No,0,
LOC111126714,uncharacterized protein LOC111126714,XP_022327251.1,1,Yes,1,fam90_vs_fam84,No,0,,No,0,,No,0,,No,0,
LOC111126715,uncharacterized protein LOC111126715,XP_022327254.1,1,Yes,1,fam90_vs_fam89,No,0,,No,0,,No,0,,No,0,
LOC111126717,uncharacterized protein LOC111126717,XP_022327263.1,1,No,0,,No,0,,No,0,,Yes,1,7d_fed_vs_inj,No,0,
LOC111126747,insoluble matrix shell protein 5-like,XP_022327294.1,1,Yes,1,fam90_vs_fam84,No,0,,No,0,,No,0,,No,0,
LOC111126748,,,1,No,0,,No,0,,Yes,1,Cv_Pmarinus_infection,No,0,,No,0,
LOC111126752,von Willebrand factor D and EGF domain-containing protein-like,XP_022327299.1,1,Yes,1,fam90_vs_fam84,No,0,,No,0,,No,0,,No,0,
LOC111126760,"high affinity cGMP-specific 3',5'-cyclic phosphodiesterase 9A-like isoform X1",XP_022327308.1,1,Yes,1,fam90_vs_fam89,No,0,,No,0,,No,0,,No,0,
LOC111126765,LOW QUALITY PROTEIN: alpha-aspartyl dipeptidase-like,XP_022327323.1,1,Yes,1,fam90_vs_fam120,No,0,,No,0,,No,0,,No,0,
LOC111126766,uncharacterized protein LOC111126766,XP_022327325.1,1,No,0,,No,0,,Yes,1,Cv_Pmarinus_infection,No,0,,No,0,
LOC111126767,sodium- and chloride-dependent GABA transporter 1-like,XP_022327327.1,1,Yes,1,fam90_vs_fam120,No,0,,No,0,,No,0,,No,0,
LOC111126772,heparan sulfate 2-O-sulfotransferase 1-like isoform X2,XP_022327336.1,1,No,0,,No,0,,No,0,,Yes,1,28d_fed_vs_inj,No,0,
LOC111126779,uncharacterized protein LOC111126779,XP_022327345.1,1,No,0,,No,0,,Yes,1,Cv_Pmarinus_infection,No,0,,No,0,
LOC111126788,uncharacterized protein LOC111126788 isoform X1,XP_022327356.1,1,Yes,1,fam90_vs_fam84,No,0,,No,0,,No,0,,No,0,
LOC111126800,LOW QUALITY PROTEIN: protocadherin gamma-B1-like,XP_022327382.1,1,Yes,1,fam90_vs_fam84,No,0,,No,0,,No,0,,No,0,
LOC111126802,putative pre-mRNA-splicing factor ATP-dependent RNA helicase DHX16,XP_022327385.1,1,Yes,1,fam90_vs_fam89,No,0,,No,0,,No,0,,No,0,
LOC111126809,glutamine synthetase 2 cytoplasmic-like,XP_022327409.1,1,Yes,1,fam90_vs_fam89,No,0,,No,0,,No,0,,No,0,
LOC111126810,teneurin-m-like isoform X1,XP_022327414.1,1,No,0,,No,0,,No,0,,Yes,1,28d_fed_vs_inj,No,0,
LOC111126817,uncharacterized protein LOC111126817,XP_022327430.1,1,Yes,1,fam90_vs_fam89,No,0,,No,0,,No,0,,No,0,
LOC111126818,nose resistant to fluoxetine protein 6-like,XP_022327431.1,1,Yes,1,fam90_vs_fam84,No,0,,No,0,,No,0,,No,0,
LOC111126819,hemicentin-1-like,XP_022327432.1,1,Yes,2,fam90_vs_fam84; fam90_vs_fam89,No,0,,No,0,,No,0,,No,0,
LOC111126828,cytoplasmic dynein 1 intermediate chain 1-like isoform X4,XP_022327442.1,1,Yes,1,fam90_vs_fam84,No,0,,No,0,,No,0,,No,0,
LOC111126829,ankyrin repeat domain-containing protein 36B-like,XP_022327439.1,1,Yes,1,fam90_vs_fam89,No,0,,No,0,,No,0,,No,0,
LOC111126830,peptidyl-prolyl cis-trans isomerase FKBP2-like,XP_022327440.1,1,Yes,1,fam90_vs_fam120,No,0,,No,0,,No,0,,No,0,
LOC111126856,uncharacterized protein LOC111126856 isoform X1,XP_022327471.1,1,No,0,,No,0,,No,0,,Yes,1,6h_fed_vs_ctrl,No,0,
LOC111126862,complement C1q-like protein 2,XP_022327477.1,1,Yes,1,fam90_vs_fam84,No,0,,No,0,,No,0,,No,0,
LOC111126863,MORN repeat-containing protein 5-like,XP_022327478.1,1,No,0,,No,0,,No,0,,Yes,1,28d_fed_vs_inj,No,0,
LOC111126873,centrosomal protein of 290 kDa-like,XP_022327488.1,1,No,0,,No,0,,No,0,,Yes,1,28d_fed_vs_inj,No,0,
LOC111126875,tyrosine-protein kinase transmembrane receptor Ror-like isoform X2,XP_022327490.1,1,Yes,1,fam90_vs_fam89,No,0,,No,0,,No,0,,No,0,
LOC111126888,trafficking protein particle complex subunit 2-like,XP_022327512.1,1,Yes,2,fam90_vs_fam120; fam90_vs_fam89,No,0,,No,0,,No,0,,No,0,
LOC111126914,heat shock 70 kDa protein 12A-like,XP_022327556.1,1,No,0,,No,0,,No,0,,Yes,1,7d_fed_vs_inj,No,0,
LOC111126920,uncharacterized protein LOC111126920,XP_022327572.1,1,Yes,1,fam90_vs_fam84,No,0,,No,0,,No,0,,No,0,
LOC111126921,,,1,No,0,,No,0,,Yes,1,Cv_Pmarinus_infection,No,0,,No,0,
LOC111126925,LOW QUALITY PROTEIN: cholecystokinin receptor-like,XP_022327578.1,1,Yes,1,fam90_vs_fam120,No,0,,No,0,,No,0,,No,0,
LOC111126950,probable transcription-associated protein 1,XP_022327611.1,1,Yes,2,fam90_vs_fam120; fam90_vs_fam84,No,0,,No,0,,No,0,,No,0,
LOC111126951,uncharacterized protein LOC111126951,XP_022327612.1,1,Yes,2,fam90_vs_fam120; fam90_vs_fam84,No,0,,No,0,,No,0,,No,0,
LOC111127007,sequestosome-1-like,XP_022327687.1,1,Yes,1,fam90_vs_fam89,No,0,,No,0,,No,0,,No,0,
LOC111127012,torsin-1A-like,XP_022327698.1,1,Yes,3,fam90_vs_fam120; fam90_vs_fam84; fam90_vs_fam89,No,0,,No,0,,No,0,,No,0,
LOC111127014,N(4)-(Beta-N-acetylglucosaminyl)-L-asparaginase-like,XP_022327702.1,1,Yes,1,fam90_vs_fam120,No,0,,No,0,,No,0,,No,0,
LOC111127017,toll-like receptor 13,XP_022327705.1,1,No,0,,No,0,,Yes,1,Cv_Pmarinus_infection,No,0,,No,0,
LOC111127032,multivesicular body subunit 12B-like isoform X2,XP_022327720.1,1,Yes,3,fam90_vs_fam120; fam90_vs_fam84; fam90_vs_fam89,No,0,,No,0,,No,0,,No,0,
LOC111127040,uncharacterized protein LOC111127040,XP_022327731.1,1,Yes,1,fam90_vs_fam84,No,0,,No,0,,No,0,,No,0,
LOC111127042,uncharacterized protein LOC111127042,XP_022327737.1,1,Yes,1,fam90_vs_fam120,No,0,,No,0,,No,0,,No,0,
LOC111127043,golgin subfamily A member 6-like protein 22 isoform X4,XP_022327733.1,1,Yes,1,fam90_vs_fam89,No,0,,No,0,,No,0,,No,0,
LOC111127060,LOW QUALITY PROTEIN: negative elongation factor B-like,XP_022327765.1,1,Yes,1,fam90_vs_fam89,No,0,,No,0,,No,0,,No,0,
LOC111127069,cell wall integrity and stress response component 4-like,XP_022327781.1,1,Yes,1,fam90_vs_fam120,No,0,,No,0,,No,0,,No,0,
LOC111127080,uncharacterized protein LOC111127080,XP_022327799.1,1,Yes,2,fam90_vs_fam120; fam90_vs_fam84,No,0,,No,0,,No,0,,No,0,
LOC111127083,uncharacterized protein LOC111127083,XP_022327804.1,1,Yes,1,fam90_vs_fam120,No,0,,No,0,,No,0,,No,0,
LOC111127099,protein FAM166B-like,XP_022327828.1,1,Yes,2,fam90_vs_fam120; fam90_vs_fam84,No,0,,No,0,,No,0,,No,0,
LOC111127118,nuclear receptor ROR-beta-like isoform X2,XP_022327861.1,1,No,0,,No,0,,No,0,,Yes,2,36h_fed_vs_inj; 7d_fed_vs_inj,No,0,
LOC111127119,ankyrin repeat domain-containing protein 7-like,XP_022327859.1,1,Yes,2,fam90_vs_fam120; fam90_vs_fam89,No,0,,No,0,,No,0,,No,0,
LOC111127133,ADAM 17-like protease isoform X2,XP_022327881.1,1,Yes,1,fam90_vs_fam89,No,0,,No,0,,No,0,,No,0,
LOC111127137,retinoic acid receptor alpha-like,XP_022327891.1,1,Yes,1,fam90_vs_fam89,No,0,,No,0,,No,0,,No,0,
LOC111127139,stimulated by retinoic acid gene 6 protein-like isoform X1,XP_022327888.1,1,Yes,1,fam90_vs_fam120,No,0,,No,0,,No,0,,No,0,
LOC111127141,uncharacterized protein LOC111127141,XP_022327895.1,1,No,0,,No,0,,Yes,1,Cv_Pmarinus_infection,No,0,,No,0,
LOC111127150,uncharacterized threonine-rich GPI-anchored glycoprotein PJ4664.02-like,XP_022327920.1,1,No,0,,No,0,,No,0,,Yes,1,28d_fed_vs_inj,No,0,
LOC111127160,TPR and ankyrin repeat-containing protein 1-like isoform X1,XP_022327931.1,1,Yes,3,fam90_vs_fam120; fam90_vs_fam84; fam90_vs_fam89,No,0,,No,0,,No,0,,No,0,
LOC111127164,LOW QUALITY PROTEIN: E3 ubiquitin-protein ligase TRIM38-like,XP_022327932.1,1,Yes,2,fam90_vs_fam84; fam90_vs_fam89,No,0,,No,0,,No,0,,No,0,
LOC111127178,zinc metalloproteinase nas-38-like isoform X2,XP_022327955.1,1,No,0,,No,0,,Yes,1,Cv_Pmarinus_infection,No,0,,No,0,
LOC111127186,uncharacterized protein LOC111127186,XP_022327970.1,1,Yes,2,fam90_vs_fam120; fam90_vs_fam89,No,0,,No,0,,No,0,,No,0,
LOC111127207,fibrinogen C domain-containing protein 1-like,XP_022327994.1,1,No,0,,No,0,,Yes,1,Cv_Pmarinus_infection,No,0,,No,0,
LOC111127238,leucine-rich repeat-containing protein 51-like,XP_022328039.1,1,No,0,,No,0,,No,0,,Yes,1,28d_fed_vs_inj,No,0,
LOC111127258,TBC domain-containing protein kinase-like protein,XP_022328063.1,1,Yes,1,fam90_vs_fam120,No,0,,No,0,,No,0,,No,0,
LOC111127260,DNA repair protein RAD50-like isoform X1,XP_022328065.1,1,No,0,,No,0,,No,0,,Yes,1,6h_fed_vs_ctrl,No,0,
LOC111127263,mitochondrial import inner membrane translocase subunit Tim10 B-like,XP_022328071.1,1,Yes,1,fam90_vs_fam89,No,0,,No,0,,No,0,,No,0,
LOC111127271,uncharacterized protein LOC111127271,XP_022328087.1,1,No,0,,No,0,,Yes,1,Cv_Pmarinus_infection,No,0,,No,0,
LOC111127277,nanos homolog 2-like,XP_022328090.1,1,Yes,2,fam90_vs_fam120; fam90_vs_fam89,No,0,,No,0,,No,0,,No,0,
LOC111127284,uncharacterized protein LOC111127284,XP_022328095.1,1,No,0,,No,0,,No,0,,No,0,,Yes,1,resistant_fam266_36h_7d
LOC111127308,uncharacterized protein LOC111127308,XP_022328126.1,1,Yes,1,fam90_vs_fam120,No,0,,No,0,,No,0,,No,0,
LOC111127318,armadillo repeat-containing protein 8-like isoform X2,XP_022328145.1,1,No,0,,No,0,,No,0,,Yes,1,6h_fed_vs_ctrl,No,0,
LOC111127343,MORN repeat-containing protein 1-like isoform X1,XP_022328185.1,1,Yes,1,fam90_vs_fam89,No,0,,No,0,,No,0,,No,0,
LOC111127370,transient receptor potential cation channel subfamily V member 5-like,XP_022328230.1,1,Yes,1,fam90_vs_fam120,No,0,,No,0,,No,0,,No,0,
LOC111127391,BAG family molecular chaperone regulator 1-like,XP_022328258.1,1,Yes,1,fam90_vs_fam89,No,0,,No,0,,No,0,,No,0,
LOC111127393,uncharacterized protein LOC111127393,XP_022328260.1,1,Yes,1,fam90_vs_fam89,No,0,,No,0,,No,0,,No,0,
LOC111127395,uncharacterized protein LOC111127395,XP_022328262.1,1,No,0,,No,0,,No,0,,Yes,1,7d_fed_vs_inj,No,0,
LOC111127400,ankyrin repeat and SOCS box protein 2-like,XP_022328266.1,1,Yes,2,fam90_vs_fam84; fam90_vs_fam89,No,0,,No,0,,No,0,,No,0,
LOC111127408,uncharacterized protein LOC111127408,XP_022328276.1,1,Yes,1,fam90_vs_fam89,No,0,,No,0,,No,0,,No,0,
LOC111127415,uncharacterized protein LOC111127415 isoform X1,XP_022328293.1,1,Yes,2,fam90_vs_fam120; fam90_vs_fam89,No,0,,No,0,,No,0,,No,0,
LOC111127436,probable Xaa-Pro aminopeptidase P isoform X2,XP_022328319.1,1,Yes,1,fam90_vs_fam120,No,0,,No,0,,No,0,,No,0,
LOC111127461,synaptonemal complex protein ZIP1-like isoform X1,XP_022328349.1,1,Yes,2,fam90_vs_fam84; fam90_vs_fam89,No,0,,No,0,,No,0,,No,0,
LOC111127472,heat shock 70 kDa protein 12A-like,XP_022328366.1,1,Yes,1,fam90_vs_fam84,No,0,,No,0,,No,0,,No,0,
LOC111127479,uncharacterized protein LOC111127479 isoform X1,XP_022328378.1,1,No,0,,Yes,1,Pmarinus_infection,No,0,,No,0,,No,0,
LOC111127491,amidophosphoribosyltransferase-like,XP_022328398.1,1,No,0,,No,0,,No,0,,Yes,1,28d_fed_vs_inj,No,0,
LOC111127513,peroxiredoxin-6-like,XP_022328430.1,1,No,0,,No,0,,Yes,1,Cv_Pmarinus_infection,No,0,,No,0,
LOC111127540,uncharacterized protein LOC111127540,XP_022328461.1,1,Yes,1,fam90_vs_fam89,No,0,,No,0,,No,0,,No,0,
LOC111127559,uncharacterized protein LOC111127559,XP_022328487.1,1,Yes,1,fam90_vs_fam89,No,0,,No,0,,No,0,,No,0,
LOC111127569,hemicentin-1-like isoform X3,XP_022328496.1,1,No,0,,No,0,,No,0,,Yes,1,28d_fed_vs_inj,No,0,
LOC111127570,obscurin-like isoform X1,XP_022328500.1,1,Yes,3,fam90_vs_fam120; fam90_vs_fam84; fam90_vs_fam89,No,0,,No,0,,No,0,,No,0,
LOC111127579,uncharacterized protein LOC111127579,XP_022328512.1,1,Yes,2,fam90_vs_fam120; fam90_vs_fam89,No,0,,No,0,,No,0,,No,0,
LOC111127580,uncharacterized protein LOC111127580,XP_022328513.1,1,Yes,2,fam90_vs_fam120; fam90_vs_fam89,No,0,,No,0,,No,0,,No,0,
LOC111127596,dnaJ homolog subfamily C member 22-like,XP_022328548.1,1,No,0,,No,0,,Yes,1,Cv_Pmarinus_infection,No,0,,No,0,
LOC111127598,uncharacterized protein LOC111127598,XP_022328551.1,1,No,0,,No,0,,No,0,,Yes,1,36h_fed_vs_inj,No,0,
LOC111127601,band 7 protein AGAP004871-like isoform X1,XP_022328556.1,1,Yes,2,fam90_vs_fam120; fam90_vs_fam89,No,0,,No,0,,No,0,,No,0,
LOC111127611,mechanosensory protein 2-like,XP_022328576.1,1,No,0,,No,0,,Yes,1,Cv_Pmarinus_infection,No,0,,No,0,
LOC111127613,mechanosensory protein 2-like,XP_022328577.1,1,Yes,1,fam90_vs_fam89,No,0,,No,0,,No,0,,No,0,
LOC111127614,ankyrin repeat domain-containing protein 54-like,XP_022328579.1,1,No,0,,No,0,,No,0,,Yes,1,28d_fed_vs_inj,No,0,
LOC111127617,dnaJ homolog subfamily C member 27-A-like,XP_022328582.1,1,Yes,1,fam90_vs_fam89,No,0,,No,0,,No,0,,No,0,
LOC111127637,uncharacterized protein LOC111127637,XP_022328605.1,1,Yes,1,fam90_vs_fam120,No,0,,No,0,,No,0,,No,0,
LOC111127643,uncharacterized protein LOC111127643 isoform X2,XP_022328615.1,1,Yes,1,fam90_vs_fam84,No,0,,No,0,,No,0,,No,0,
LOC111127658,cell death-inducing p53-target protein 1 homolog,XP_022328649.1,1,Yes,1,fam90_vs_fam89,No,0,,No,0,,No,0,,No,0,
LOC111127659,transmembrane protein 232-like,XP_022328646.1,1,No,0,,No,0,,No,0,,Yes,1,28d_fed_vs_inj,No,0,
LOC111127665,uncharacterized protein LOC111127665,XP_022328653.1,1,Yes,1,fam90_vs_fam84,No,0,,No,0,,No,0,,No,0,
LOC111127721,uncharacterized protein LOC111127721,XP_022328661.1,1,Yes,1,fam90_vs_fam89,No,0,,No,0,,No,0,,No,0,
LOC111127722,uncharacterized protein LOC111127722,XP_022328662.1,1,Yes,1,fam90_vs_fam89,No,0,,No,0,,No,0,,No,0,
LOC111127728,insulinoma-associated protein 1a-like,XP_022328668.1,1,Yes,1,fam90_vs_fam84,No,0,,No,0,,No,0,,No,0,
LOC111127734,poly [ADP-ribose] polymerase 1-like,XP_022328673.1,1,No,0,,No,0,,No,0,,Yes,1,28d_fed_vs_inj,No,0,
LOC111127746,uncharacterized protein LOC111127746,XP_022328693.1,1,Yes,1,fam90_vs_fam120,No,0,,No,0,,No,0,,No,0,
LOC111127754,spore wall protein 2-like,XP_022328703.1,1,Yes,1,fam90_vs_fam89,No,0,,No,0,,No,0,,No,0,
LOC111127768,calcium/calmodulin-dependent protein kinase type IV-like isoform X1,XP_022328716.1,1,No,0,,No,0,,No,0,,Yes,1,28d_fed_vs_inj,No,0,
LOC111127769,uncharacterized protein LOC111127769,XP_022328718.1,1,Yes,1,fam90_vs_fam89,No,0,,No,0,,No,0,,No,0,
LOC111127799,synaptojanin-1-like isoform X4,XP_022328759.1,1,No,0,,No,0,,No,0,,Yes,1,7d_fed_vs_inj,No,0,
LOC111127803,LOW QUALITY PROTEIN: DBH-like monooxygenase protein 1,XP_022328761.1,1,No,0,,No,0,,No,0,,No,0,,Yes,1,resistant_fam266_36h_7d
LOC111127810,uncharacterized protein LOC111127810 isoform X2,XP_022328775.1,1,Yes,1,fam90_vs_fam89,No,0,,No,0,,No,0,,No,0,
LOC111127811,uncharacterized protein LOC111127811,XP_022328778.1,1,Yes,1,fam90_vs_fam120,No,0,,No,0,,No,0,,No,0,
LOC111127814,dual specificity protein phosphatase 12-like,XP_022328781.1,1,Yes,3,fam90_vs_fam120; fam90_vs_fam84; fam90_vs_fam89,No,0,,No,0,,No,0,,No,0,
LOC111127821,uncharacterized protein LOC111127821,XP_022328786.1,1,No,0,,No,0,,Yes,1,Cv_Pmarinus_infection,No,0,,No,0,
LOC111127822,PIN2/TERF1-interacting telomerase inhibitor 1-like isoform X2,XP_022328793.1,1,Yes,1,fam90_vs_fam84,No,0,,No,0,,No,0,,No,0,
LOC111127825,myosin-2 essential light chain-like,XP_022328832.1,1,No,0,,No,0,,No,0,,Yes,2,28d_fed_vs_inj; 7d_fed_vs_inj,No,0,
LOC111127826,mitochondrial uncoupling protein 2-like,XP_022328794.1,1,Yes,1,fam90_vs_fam84,No,0,,No,0,,No,0,,No,0,
LOC111127829,uncharacterized protein LOC111127829,XP_022328806.1,1,No,0,,No,0,,Yes,1,Cv_Pmarinus_infection,No,0,,No,0,
LOC111127830,"keratin, type I cytoskeletal 9-like isoform X1",XP_022328807.1,1,No,0,,No,0,,No,0,,Yes,1,28d_fed_vs_inj,No,0,
LOC111127835,dnaJ homolog subfamily C member 5B-like,XP_022328815.1,1,Yes,1,fam90_vs_fam120,No,0,,No,0,,No,0,,No,0,
LOC111127841,A disintegrin and metalloproteinase with thrombospondin motifs adt-1-like isoform X2,XP_022328824.1,1,Yes,1,fam90_vs_fam89,No,0,,No,0,,No,0,,No,0,
LOC111127842,uncharacterized protein LOC111127842,XP_022328822.1,1,Yes,1,fam90_vs_fam89,No,0,,No,0,,No,0,,No,0,
LOC111127846,uncharacterized protein LOC111127846 isoform X3,XP_022328826.1,1,Yes,2,fam90_vs_fam84; fam90_vs_fam89,No,0,,No,0,,No,0,,No,0,
LOC111127847,LOW QUALITY PROTEIN: uncharacterized protein LOC111127847,XP_022328829.1,1,Yes,2,fam90_vs_fam120; fam90_vs_fam89,No,0,,No,0,,No,0,,No,0,
LOC111127861,uncharacterized protein LOC111127861,XP_022328857.1,1,No,0,,No,0,,No,0,,Yes,1,28d_fed_vs_inj,No,0,
LOC111127867,glycine-rich protein 23-like,XP_022328865.1,1,Yes,1,fam90_vs_fam89,No,0,,No,0,,No,0,,No,0,
LOC111127871,GTP cyclohydrolase 1-like,XP_022328870.1,1,Yes,1,fam90_vs_fam120,No,0,,No,0,,No,0,,No,0,
LOC111127874,uncharacterized protein LOC111127874,XP_022328872.1,1,Yes,1,fam90_vs_fam89,No,0,,No,0,,No,0,,No,0,
LOC111127877,centrosomal protein of 170 kDa-like isoform X5,XP_022328874.1,1,No,0,,No,0,,No,0,,Yes,1,36h_fed_vs_inj,No,0,
LOC111127894,,,1,No,0,,No,0,,Yes,1,Cv_Pmarinus_infection,No,0,,No,0,
LOC111127902,cytoplasmic dynein 2 light intermediate chain 1-like,XP_022328909.1,1,Yes,1,fam90_vs_fam84,No,0,,No,0,,No,0,,No,0,
LOC111127917,TNF receptor-associated factor 3-like isoform X2,XP_022328952.1,1,No,0,,No,0,,Yes,1,Cv_Pmarinus_infection,No,0,,No,0,
LOC111127934,histone H3.3-like,XP_022328972.1,1,No,0,,No,0,,Yes,1,Cv_Pmarinus_infection,No,0,,No,0,
LOC111127945,protein angel homolog 2-like isoform X1,XP_022328982.1,1,No,0,,No,0,,Yes,1,Cv_Pmarinus_infection,No,0,,No,0,
LOC111127946,cysteine sulfinic acid decarboxylase-like,XP_022328984.1,1,Yes,1,fam90_vs_fam89,No,0,,No,0,,No,0,,No,0,
LOC111127947,"LOW QUALITY PROTEIN: 3-ketoacyl-CoA thiolase, mitochondrial-like",XP_022328988.1,1,Yes,2,fam90_vs_fam120; fam90_vs_fam84,No,0,,No,0,,No,0,,No,0,
LOC111127967,cartilage matrix protein-like isoform X1,XP_022329001.1,1,Yes,1,fam90_vs_fam89,No,0,,No,0,,No,0,,No,0,
LOC111127973,transcriptional repressor protein YY1-like isoform X2,XP_022329009.1,1,No,0,,No,0,,No,0,,Yes,1,36h_fed_vs_inj,No,0,
LOC111127981,serine/threonine-protein phosphatase 2A 56 kDa regulatory subunit gamma isoform-like isoform X2,XP_022329019.1,1,Yes,1,fam90_vs_fam84,No,0,,No,0,,No,0,,No,0,
LOC111127997,arrestin domain-containing protein 3-like,XP_022329069.1,1,Yes,1,fam90_vs_fam89,No,0,,No,0,,No,0,,No,0,
LOC111128033,elastin-like isoform X1,XP_022329123.1,1,No,0,,No,0,,No,0,,Yes,1,28d_fed_vs_inj,No,0,
LOC111128041,potassium channel subfamily T member 2-like isoform X1,XP_022329146.1,1,No,0,,No,0,,No,0,,Yes,1,6h_fed_vs_ctrl,No,0,
LOC111128044,dynactin subunit 3-like isoform X2,XP_022329147.1,1,No,0,,No,0,,No,0,,Yes,1,7d_fed_vs_inj,No,0,
LOC111128054,LOW QUALITY PROTEIN: mortality factor 4-like protein 1,XP_022329159.1,1,Yes,1,fam90_vs_fam84,No,0,,No,0,,No,0,,No,0,
LOC111128065,HEAT repeat-containing protein 5B-like isoform X4,XP_022329174.1,1,No,0,,No,0,,No,0,,Yes,1,28d_fed_vs_inj,No,0,
LOC111128066,uncharacterized protein LOC111128066 isoform X1,XP_022329179.1,1,No,0,,Yes,1,Pmarinus_infection,No,0,,No,0,,No,0,
LOC111128070,LOW QUALITY PROTEIN: di-N-acetylchitobiase-like,XP_022329189.1,1,Yes,1,fam90_vs_fam89,No,0,,No,0,,No,0,,No,0,
LOC111128073,uncharacterized protein LOC111128073,XP_022329193.1,1,Yes,1,fam90_vs_fam89,No,0,,No,0,,No,0,,No,0,
LOC111128082,serine/threonine-protein kinase MRCK alpha-like isoform X2,XP_022329207.1,1,No,0,,No,0,,No,0,,Yes,1,28d_fed_vs_inj,No,0,
LOC111128089,uncharacterized protein LOC111128089,XP_022329237.1,1,Yes,1,fam90_vs_fam89,No,0,,No,0,,No,0,,No,0,
LOC111128091,protein lin-52 homolog,XP_022329241.1,1,No,0,,No,0,,Yes,1,Cv_Pmarinus_infection,No,0,,No,0,
LOC111128092,centrin-3,XP_022329242.1,1,No,0,,No,0,,No,0,,Yes,1,28d_fed_vs_inj,No,0,
LOC111128122,annexin A6-like,XP_022329293.1,1,No,0,,No,0,,No,0,,Yes,1,28d_fed_vs_inj,No,0,
LOC111128131,E3 ubiquitin-protein ligase TRIM31-like,XP_022329304.1,1,Yes,1,fam90_vs_fam89,No,0,,No,0,,No,0,,No,0,
LOC111128133,sacsin-like,XP_022329303.1,1,No,0,,No,0,,No,0,,Yes,1,36h_fed_vs_inj,No,0,
LOC111128142,sacsin-like,XP_022329314.1,1,No,0,,No,0,,No,0,,Yes,1,28d_fed_vs_inj,No,0,
LOC111128146,proline-rich extensin-like protein EPR1 isoform X1,XP_022329319.1,1,No,0,,No,0,,No,0,,No,0,,Yes,1,resistant_fam266_36h_7d
LOC111128150,serine/Arginine-related protein 53-like isoform X5,XP_022329324.1,1,No,0,,No,0,,No,0,,Yes,1,28d_fed_vs_inj,No,0,
LOC111128161,uncharacterized protein LOC111128161,XP_022329345.1,1,No,0,,No,0,,Yes,1,Cv_Pmarinus_infection,No,0,,No,0,
LOC111128172,complement C1q subcomponent subunit A-like,XP_022329358.1,1,Yes,1,fam90_vs_fam89,No,0,,No,0,,No,0,,No,0,
LOC111128177,uncharacterized protein LOC111128177,XP_022329360.1,1,Yes,1,fam90_vs_fam84,No,0,,No,0,,No,0,,No,0,
LOC111128178,DNA ligase 1-like,XP_022329362.1,1,Yes,1,fam90_vs_fam89,No,0,,No,0,,No,0,,No,0,
LOC111128180,uncharacterized protein LOC111128180,XP_022329366.1,1,No,0,,No,0,,Yes,1,Cv_Pmarinus_infection,No,0,,No,0,
LOC111128183,uncharacterized protein LOC111128183 isoform X1,XP_022329374.1,1,Yes,1,fam90_vs_fam120,No,0,,No,0,,No,0,,No,0,
LOC111128188,coiled-coil domain-containing protein 73-like isoform X2,XP_022329384.1,1,Yes,2,fam90_vs_fam84; fam90_vs_fam89,No,0,,No,0,,No,0,,No,0,
LOC111128192,spidroin-1-like,XP_022329385.1,1,Yes,1,fam90_vs_fam89,No,0,,No,0,,No,0,,No,0,
LOC111128193,spidroin-1-like,XP_022329386.1,1,No,0,,No,0,,No,0,,Yes,1,7d_fed_vs_inj,No,0,
LOC111128194,spidroin-1-like,XP_022329387.1,1,Yes,1,fam90_vs_fam89,No,0,,No,0,,No,0,,No,0,
LOC111128213,uncharacterized protein LOC111128213,XP_022329422.1,1,No,0,,No,0,,No,0,,Yes,1,28d_fed_vs_inj,No,0,
LOC111128215,TELO2-interacting protein 2-like,XP_022329424.1,1,Yes,3,fam90_vs_fam120; fam90_vs_fam84; fam90_vs_fam89,No,0,,No,0,,No,0,,No,0,
LOC111128236,"peroxiredoxin-5, mitochondrial-like",XP_022329451.1,1,No,0,,No,0,,Yes,1,Cv_Pmarinus_infection,No,0,,No,0,
LOC111128242,uncharacterized protein LOC111128242 isoform X2,XP_022329460.1,1,Yes,1,fam90_vs_fam120,No,0,,No,0,,No,0,,No,0,
LOC111128252,activated RNA polymerase II transcriptional coactivator p15-like,XP_022329488.1,1,Yes,2,fam90_vs_fam120; fam90_vs_fam89,No,0,,No,0,,No,0,,No,0,
LOC111128256,aquaporin-10-like isoform X2,XP_022329493.1,1,Yes,1,fam90_vs_fam120,No,0,,No,0,,No,0,,No,0,
LOC111128276,"alpha-(1,6)-fucosyltransferase-like",XP_022329527.1,1,No,0,,No,0,,No,0,,Yes,1,28d_fed_vs_inj,No,0,
LOC111128277,arrestin domain-containing protein 3-like isoform X2,XP_022329530.1,1,No,0,,No,0,,Yes,1,Cv_Pmarinus_infection,No,0,,No,0,
LOC111128286,proton-coupled folate transporter-like,XP_022329544.1,1,Yes,1,fam90_vs_fam84,No,0,,No,0,,No,0,,No,0,
LOC111128290,laccase-25-like,XP_022329548.1,1,Yes,1,fam90_vs_fam89,No,0,,No,0,,No,0,,No,0,
LOC111128315,dual oxidase 2-like isoform X4,XP_022329590.1,1,Yes,2,fam90_vs_fam120; fam90_vs_fam89,No,0,,No,0,,No,0,,No,0,
LOC111128317,ubiquitin-like protein FUBI,XP_022329595.1,1,Yes,1,fam90_vs_fam89,No,0,,No,0,,No,0,,No,0,
LOC111128321,"28S ribosomal protein S29, mitochondrial-like isoform X2",XP_022329598.1,1,Yes,2,fam90_vs_fam120; fam90_vs_fam89,No,0,,No,0,,No,0,,No,0,
LOC111128333,uncharacterized protein LOC111128333,XP_022329616.1,1,Yes,2,fam90_vs_fam120; fam90_vs_fam84,No,0,,No,0,,No,0,,No,0,
LOC111128341,uncharacterized protein LOC111128341,XP_022329622.1,1,Yes,1,fam90_vs_fam84,No,0,,No,0,,No,0,,No,0,
LOC111128349,"1-phosphatidylinositol 4,5-bisphosphate phosphodiesterase beta-4-like isoform X1",XP_022329632.1,1,No,0,,No,0,,No,0,,Yes,1,28d_fed_vs_inj,No,0,
LOC111128362,uncharacterized protein LOC111128362,XP_022329654.1,1,Yes,1,fam90_vs_fam89,No,0,,No,0,,No,0,,No,0,
LOC111128385,lachesin-like isoform X1,XP_022329680.1,1,No,0,,No,0,,No,0,,Yes,1,6h_fed_vs_ctrl,No,0,
LOC111128399,fatty acid-binding protein-like,XP_022329701.1,1,Yes,1,fam90_vs_fam84,No,0,,No,0,,No,0,,No,0,
LOC111128410,leucine-rich repeat-containing protein 70-like,XP_022329713.1,1,Yes,3,fam90_vs_fam120; fam90_vs_fam84; fam90_vs_fam89,No,0,,No,0,,No,0,,No,0,
LOC111128415,LOW QUALITY PROTEIN: toll-like receptor 4,XP_022330119.1,1,Yes,1,fam90_vs_fam84,No,0,,No,0,,No,0,,No,0,
LOC111128420,nidogen-1-like,XP_022329723.1,1,No,0,,No,0,,No,0,,Yes,1,28d_fed_vs_inj,No,0,
LOC111128425,tyrosyl-DNA phosphodiesterase 1-like,XP_022329731.1,1,Yes,1,fam90_vs_fam89,No,0,,No,0,,No,0,,No,0,
LOC111128436,uncharacterized protein LOC111128436 isoform X2,XP_022329751.1,1,Yes,1,fam90_vs_fam84,No,0,,No,0,,No,0,,No,0,
LOC111128437,U11/U12 small nuclear ribonucleoprotein 48 kDa protein-like,XP_022329747.1,1,Yes,1,fam90_vs_fam120,No,0,,No,0,,No,0,,No,0,
LOC111128439,elastin-like,XP_022329752.1,1,Yes,1,fam90_vs_fam89,No,0,,No,0,,No,0,,No,0,
LOC111128477,uncharacterized protein LOC111128477 isoform X2,XP_022329793.1,1,Yes,2,fam90_vs_fam120; fam90_vs_fam89,No,0,,No,0,,No,0,,No,0,
LOC111128478,uncharacterized protein LOC111128478,XP_022329795.1,1,Yes,1,fam90_vs_fam89,No,0,,No,0,,No,0,,No,0,
LOC111128481,translin-associated protein X-like isoform X1,XP_022329798.1,1,Yes,1,fam90_vs_fam89,No,0,,No,0,,No,0,,No,0,
LOC111128489,patched domain-containing protein 3-like isoform X1,XP_022329808.1,1,No,0,,No,0,,No,0,,Yes,1,7d_fed_vs_inj,No,0,
LOC111128523,tricalbin-3-like isoform X1,XP_022329859.1,1,No,0,,No,0,,No,0,,Yes,1,7d_fed_vs_inj,No,0,
LOC111128531,leucine-rich repeat serine/threonine-protein kinase 1-like isoform X9,XP_022329875.1,1,No,0,,No,0,,No,0,,Yes,2,36h_fed_vs_inj; 7d_fed_vs_inj,No,0,
LOC111128536,uncharacterized protein LOC111128536 isoform X3,XP_022329895.1,1,No,0,,No,0,,No,0,,Yes,1,6h_fed_vs_ctrl,No,0,
LOC111128548,myocyte-specific enhancer factor 2C-like isoform X2,XP_022329917.1,1,Yes,1,fam90_vs_fam89,No,0,,No,0,,No,0,,No,0,
LOC111128566,uncharacterized protein LOC111128566,XP_022329953.1,1,Yes,1,fam90_vs_fam120,No,0,,No,0,,No,0,,No,0,
LOC111128577,uncharacterized protein LOC111128577,XP_022329963.1,1,Yes,1,fam90_vs_fam120,No,0,,No,0,,No,0,,No,0,
LOC111128581,casein kinase I-like isoform X7,XP_022329967.1,1,No,0,,No,0,,No,0,,Yes,3,28d_fed_vs_inj; 36h_fed_vs_inj; 7d_fed_vs_inj,No,0,
LOC111128584,LOW QUALITY PROTEIN: adenosine deaminase-like protein,XP_022329992.1,1,Yes,1,fam90_vs_fam84,No,0,,No,0,,No,0,,No,0,
LOC111128606,uncharacterized protein LOC111128606,XP_022330039.1,1,Yes,1,fam90_vs_fam89,No,0,,No,0,,No,0,,No,0,
LOC111128623,uncharacterized protein LOC111128623 isoform X2,XP_022330064.1,1,Yes,1,fam90_vs_fam120,No,0,,No,0,,No,0,,No,0,
LOC111128632,peptidyl-prolyl cis-trans isomerase B-like,XP_022330078.1,1,No,0,,No,0,,No,0,,Yes,1,28d_fed_vs_inj,No,0,
LOC111128643,uncharacterized protein LOC111128643,XP_022330091.1,1,Yes,1,fam90_vs_fam84,No,0,,No,0,,No,0,,No,0,
LOC111128647,prostasin-like isoform X1,XP_022330097.1,1,Yes,1,fam90_vs_fam89,No,0,,No,0,,No,0,,No,0,
LOC111128654,LOW QUALITY PROTEIN: transmembrane protein 179B-like,XP_022330108.1,1,Yes,2,fam90_vs_fam120; fam90_vs_fam89,No,0,,No,0,,No,0,,No,0,
LOC111128657,uncharacterized protein LOC111128657 isoform X2,XP_022330114.1,1,Yes,2,fam90_vs_fam84; fam90_vs_fam89,No,0,,No,0,,No,0,,No,0,
LOC111128658,NK-tumor recognition protein-like,XP_022330121.1,1,No,0,,No,0,,No,0,,Yes,1,28d_fed_vs_inj,No,0,
LOC111128660,uncharacterized protein LOC111128660 isoform X3,XP_022330117.1,1,Yes,2,fam90_vs_fam120; fam90_vs_fam84,No,0,,No,0,,No,0,,No,0,
LOC111128664,uncharacterized protein LOC111128664,XP_022330128.1,1,Yes,1,fam90_vs_fam120,No,0,,No,0,,No,0,,No,0,
LOC111128678,uncharacterized protein LOC111128678,XP_022330144.1,1,Yes,1,fam90_vs_fam120,No,0,,No,0,,No,0,,No,0,
LOC111128683,monoacylglycerol lipase ABHD12-like,XP_022330152.1,1,No,0,,No,0,,No,0,,Yes,1,7d_fed_vs_inj,No,0,
LOC111128687,"pyruvate carboxylase, mitochondrial-like isoform X3",XP_022330158.1,1,No,0,,No,0,,No,0,,Yes,2,36h_fed_vs_inj; 7d_fed_vs_inj,No,0,
LOC111128688,TAF6-like RNA polymerase II p300/CBP-associated factor-associated factor 65 kDa subunit 6L,XP_022330162.1,1,Yes,3,fam90_vs_fam120; fam90_vs_fam84; fam90_vs_fam89,No,0,,No,0,,No,0,,No,0,
LOC111128694,60S ribosomal protein L17-like,XP_022330170.1,1,No,0,,No,0,,No,0,,Yes,1,36h_fed_vs_inj,No,0,
LOC111128707,shematrin-like protein 2,XP_022330199.1,1,Yes,1,fam90_vs_fam89,No,0,,No,0,,No,0,,No,0,
LOC111128710,LOW QUALITY PROTEIN: tubulin--tyrosine ligase-like,XP_022330203.1,1,Yes,2,fam90_vs_fam84; fam90_vs_fam89,No,0,,No,0,,No,0,,No,0,
LOC111128727,uncharacterized protein LOC111128727,XP_022330241.1,1,No,0,,No,0,,Yes,1,Cv_Pmarinus_infection,No,0,,No,0,
LOC111128728,uncharacterized protein LOC111128728,XP_022330242.1,1,No,0,,No,0,,Yes,1,Cv_Pmarinus_infection,No,0,,No,0,
LOC111128734,delta-like protein 1,XP_022330248.1,1,No,0,,No,0,,No,0,,Yes,1,36h_fed_vs_inj,No,0,
LOC111128737,ankyrin-3-like isoform X3,XP_022330257.1,1,No,0,,No,0,,Yes,1,Cv_Pmarinus_infection,No,0,,No,0,
LOC111128749,sorting nexin-24-like,XP_022330285.1,1,No,0,,No,0,,Yes,1,Cv_Pmarinus_infection,No,0,,No,0,
LOC111128751,uncharacterized transmembrane protein DDB_G0289901-like,XP_022330288.1,1,Yes,1,fam90_vs_fam84,No,0,,No,0,,No,0,,No,0,
LOC111128757,uncharacterized protein K02A2.6-like,XP_022330297.1,1,Yes,1,fam90_vs_fam120,No,0,,No,0,,No,0,,No,0,
LOC111128768,striatin-3-like isoform X5,XP_022330313.1,1,No,0,,No,0,,No,0,,Yes,1,28d_fed_vs_inj,No,0,
LOC111128774,LOW QUALITY PROTEIN: cell surface hyaluronidase-like,XP_022330330.1,1,No,0,,No,0,,No,0,,Yes,1,6h_fed_vs_ctrl,No,0,
LOC111128792,kelch-like protein 9,XP_022330351.1,1,Yes,1,fam90_vs_fam89,No,0,,No,0,,No,0,,No,0,
LOC111128802,probable gluconokinase,XP_022330372.1,1,Yes,1,fam90_vs_fam89,No,0,,No,0,,No,0,,No,0,
LOC111128817,inter-alpha-trypsin inhibitor heavy chain H3-like isoform X1,XP_022330408.1,1,Yes,1,fam90_vs_fam89,No,0,,No,0,,No,0,,No,0,
LOC111128823,calmodulin-alpha-like,XP_022330420.1,1,Yes,2,fam90_vs_fam84; fam90_vs_fam89,No,0,,No,0,,No,0,,No,0,
LOC111128825,TPR and ankyrin repeat-containing protein 1-like,XP_022330426.1,1,Yes,1,fam90_vs_fam89,No,0,,No,0,,No,0,,No,0,
LOC111128830,uncharacterized protein LOC111128830,XP_022330428.1,1,Yes,2,fam90_vs_fam84; fam90_vs_fam89,No,0,,No,0,,No,0,,No,0,
LOC111128836,LOW QUALITY PROTEIN: crystal protein-like,XP_022330435.1,1,Yes,1,fam90_vs_fam120,No,0,,No,0,,No,0,,No,0,
LOC111128838,tyrosine-protein kinase JAK2-like isoform X3,XP_022330442.1,1,Yes,1,fam90_vs_fam120,No,0,,No,0,,No,0,,No,0,
LOC111128841,uncharacterized protein LOC111128841,XP_022330441.1,1,No,0,,No,0,,Yes,1,Cv_Pmarinus_infection,No,0,,No,0,
LOC111128875,uncharacterized protein LOC111128875,XP_022330504.1,1,Yes,1,fam90_vs_fam89,No,0,,No,0,,No,0,,No,0,
LOC111128878,extracellular tyrosine-protein kinase PKDCC-like,XP_022330509.1,1,No,0,,No,0,,No,0,,Yes,1,28d_fed_vs_inj,No,0,
LOC111128883,casein kinase I-like isoform X1,XP_022330521.1,1,No,0,,No,0,,No,0,,Yes,2,36h_fed_vs_inj; 7d_fed_vs_inj,No,0,
LOC111128898,cytosolic Fe-S cluster assembly factor nbp35-like isoform X2,XP_022330553.1,1,No,0,,No,0,,No,0,,Yes,1,28d_fed_vs_inj,No,0,
LOC111128910,LOW QUALITY PROTEIN: retinal dehydrogenase 2-like,XP_022330571.1,1,No,0,,No,0,,Yes,1,Cv_Pmarinus_infection,No,0,,No,0,
LOC111128911,thyrotropin-releasing hormone receptor-like isoform X1,XP_022330572.1,1,Yes,2,fam90_vs_fam120; fam90_vs_fam89,No,0,,No,0,,No,0,,No,0,
LOC111128936,transmembrane protein 233-like,XP_022330616.1,1,No,0,,No,0,,Yes,1,Cv_Pmarinus_infection,No,0,,No,0,
LOC111128937,A disintegrin and metalloproteinase with thrombospondin motifs 7-like,XP_022330618.1,1,No,0,,No,0,,No,0,,Yes,1,28d_fed_vs_inj,No,0,
LOC111128956,LOW QUALITY PROTEIN: uncharacterized protein LOC111128956,XP_022330638.1,1,Yes,2,fam90_vs_fam84; fam90_vs_fam89,No,0,,No,0,,No,0,,No,0,
LOC111128965,uncharacterized protein LOC111128965,XP_022330650.1,1,No,0,,No,0,,No,0,,Yes,2,6h_fed_vs_ctrl; 7d_fed_vs_inj,No,0,
LOC111128968,uncharacterized protein LOC111128968,XP_022330659.1,1,No,0,,No,0,,Yes,1,Cv_Pmarinus_infection,No,0,,No,0,
LOC111128971,double-stranded RNA-specific editase 1-like isoform X2,XP_022330663.1,1,Yes,2,fam90_vs_fam120; fam90_vs_fam84,No,0,,No,0,,No,0,,No,0,
LOC111128982,macrophage mannose receptor 1-like,XP_022330693.1,1,No,0,,No,0,,Yes,1,Cv_Pmarinus_infection,No,0,,No,0,
LOC111128984,uncharacterized protein LOC111128984,XP_022330696.1,1,No,0,,No,0,,No,0,,No,0,,Yes,1,resistant_fam266_36h_7d
LOC111128985,C-type mannose receptor 2-like,XP_022330697.1,1,No,0,,No,0,,Yes,1,Cv_Pmarinus_infection,No,0,,No,0,
LOC111128986,macrophage mannose receptor 1-like,XP_022330698.1,1,No,0,,No,0,,Yes,1,Cv_Pmarinus_infection,No,0,,No,0,
LOC111128988,poly(A) polymerase beta-like isoform X3,XP_022330700.1,1,No,0,,No,0,,No,0,,Yes,1,28d_fed_vs_inj,No,0,
LOC111128996,cysteine-rich motor neuron 1 protein-like,XP_022330718.1,1,No,0,,No,0,,No,0,,Yes,1,28d_fed_vs_inj,No,0,
LOC111128998,nesprin-1-like isoform X1,XP_022330720.1,1,No,0,,No,0,,No,0,,Yes,1,28d_fed_vs_inj,No,0,
LOC111128999,uncharacterized protein LOC111128999 isoform X1,XP_022330737.1,1,No,0,,No,0,,No,0,,Yes,1,28d_fed_vs_inj,No,0,
LOC111129003,L-asparaginase-like,XP_022330741.1,1,No,0,,No,0,,No,0,,Yes,1,28d_fed_vs_inj,No,0,
LOC111129005,small conductance calcium-activated potassium channel protein 2-like isoform X3,XP_022330743.1,1,Yes,3,fam90_vs_fam120; fam90_vs_fam84; fam90_vs_fam89,No,0,,No,0,,No,0,,No,0,
LOC111129022,calmodulin-A-like isoform X1,XP_022330777.1,1,Yes,1,fam90_vs_fam84,No,0,,No,0,,No,0,,No,0,
LOC111129024,HCLS1-binding protein 3-like,XP_022330785.1,1,Yes,1,fam90_vs_fam84,No,0,,No,0,,No,0,,No,0,
LOC111129034,uncharacterized protein LOC111129034,XP_022330799.1,1,Yes,1,fam90_vs_fam120,No,0,,No,0,,No,0,,No,0,
LOC111129056,MAP/microtubule affinity-regulating kinase 3-like isoform X2,XP_022330833.1,1,No,0,,No,0,,No,0,,Yes,1,28d_fed_vs_inj,No,0,
LOC111129085,uncharacterized protein LOC111129085 isoform X1,XP_022330879.1,1,Yes,3,fam90_vs_fam120; fam90_vs_fam84; fam90_vs_fam89,No,0,,No,0,,No,0,,No,0,
LOC111129087,uncharacterized protein LOC111129087,XP_022330882.1,1,No,0,,No,0,,No,0,,Yes,1,28d_fed_vs_inj,No,0,
LOC111129089,uncharacterized protein LOC111129089,XP_022330900.1,1,Yes,3,fam90_vs_fam120; fam90_vs_fam84; fam90_vs_fam89,No,0,,No,0,,No,0,,No,0,
LOC111129092,myoneurin-like isoform X3,XP_022330903.1,1,Yes,1,fam90_vs_fam89,No,0,,No,0,,No,0,,No,0,
LOC111129106,LOW QUALITY PROTEIN: heme-binding protein 2-like,XP_022330933.1,1,Yes,1,fam90_vs_fam89,No,0,,No,0,,No,0,,No,0,
LOC111129125,protein numb-like isoform X5,XP_022330966.1,1,No,0,,No,0,,No,0,,Yes,1,28d_fed_vs_inj,No,0,
LOC111129126,endoplasmic reticulum aminopeptidase 1-like,XP_022330971.1,1,Yes,1,fam90_vs_fam84,No,0,,No,0,,No,0,,No,0,
LOC111129127,endoplasmic reticulum aminopeptidase 2-like,XP_022330972.1,1,Yes,1,fam90_vs_fam89,No,0,,No,0,,No,0,,No,0,
LOC111129146,FERM domain-containing protein 8-like,XP_022331010.1,1,Yes,1,fam90_vs_fam89,No,0,,No,0,,No,0,,No,0,
LOC111129163,UDP-N-acetylhexosamine pyrophosphorylase-like isoform X1,XP_022331035.1,1,Yes,1,fam90_vs_fam120,No,0,,No,0,,No,0,,No,0,
LOC111129178,uncharacterized protein LOC111129178 isoform X2,XP_022331113.1,1,Yes,1,fam90_vs_fam89,No,0,,No,0,,No,0,,No,0,
LOC111129203,beta-lactamase domain-containing protein 2-like,XP_022331156.1,1,No,0,,No,0,,No,0,,Yes,1,28d_fed_vs_inj,No,0,
LOC111129215,gephyrin-like isoform X2,XP_022331169.1,1,Yes,2,fam90_vs_fam84; fam90_vs_fam89,No,0,,No,0,,No,0,,No,0,
LOC111129222,LOW QUALITY PROTEIN: von Willebrand factor D and EGF domain-containing protein-like,XP_022331186.1,1,Yes,2,fam90_vs_fam84; fam90_vs_fam89,No,0,,No,0,,No,0,,No,0,
LOC111129226,LOW QUALITY PROTEIN: alpha-protein kinase vwkA-like,XP_022331188.1,1,Yes,1,fam90_vs_fam120,No,0,,No,0,,No,0,,No,0,
LOC111129233,uncharacterized protein LOC111129233,XP_022331195.1,1,Yes,2,fam90_vs_fam120; fam90_vs_fam84,No,0,,No,0,,No,0,,No,0,
LOC111129240,fukutin-related protein-like,XP_022331209.1,1,Yes,1,fam90_vs_fam120,No,0,,No,0,,No,0,,No,0,
LOC111129244,U3 small nucleolar ribonucleoprotein protein MPP10-like,XP_022331214.1,1,Yes,3,fam90_vs_fam120; fam90_vs_fam84; fam90_vs_fam89,No,0,,No,0,,No,0,,No,0,
LOC111129249,uncharacterized protein LOC111129249 isoform X2,XP_022331215.1,1,No,0,,No,0,,No,0,,Yes,1,6h_fed_vs_ctrl,No,0,
LOC111129250,radial spoke head protein 4 homolog A-like,XP_022331217.1,1,Yes,1,fam90_vs_fam84,No,0,,No,0,,No,0,,No,0,
LOC111129253,phospholipid phosphatase 1-like,XP_022331226.1,1,Yes,1,fam90_vs_fam120,No,0,,No,0,,No,0,,No,0,
LOC111129263,LOW QUALITY PROTEIN: amiloride-sensitive sodium channel subunit beta-2-like,XP_022331241.1,1,Yes,2,fam90_vs_fam84; fam90_vs_fam89,No,0,,No,0,,No,0,,No,0,
LOC111129271,protein PRRC1-A-like,XP_022331259.1,1,Yes,1,fam90_vs_fam89,No,0,,No,0,,No,0,,No,0,
LOC111129273,uncharacterized protein LOC111129273,XP_022331261.1,1,Yes,1,fam90_vs_fam84,No,0,,No,0,,No,0,,No,0,
LOC111129279,zinc finger protein 687a-like,XP_022331272.1,1,Yes,1,fam90_vs_fam89,No,0,,No,0,,No,0,,No,0,
LOC111129284,LOW QUALITY PROTEIN: deleted in malignant brain tumors 1 protein-like,XP_022331276.1,1,No,0,,No,0,,No,0,,Yes,1,28d_fed_vs_inj,No,0,
LOC111129311,LOW QUALITY PROTEIN: ropporin-1-like protein,XP_022331312.1,1,No,0,,No,0,,No,0,,Yes,1,28d_fed_vs_inj,No,0,
LOC111129320,adipocyte plasma membrane-associated protein-like,XP_022331321.1,1,No,0,,No,0,,No,0,,Yes,1,28d_fed_vs_inj,No,0,
LOC111129321,uncharacterized protein LOC111129321,XP_022331323.1,1,Yes,1,fam90_vs_fam89,No,0,,No,0,,No,0,,No,0,
LOC111129322,patched domain-containing protein 3-like,XP_022331326.1,1,Yes,1,fam90_vs_fam89,No,0,,No,0,,No,0,,No,0,
LOC111129333,long-chain-fatty-acid--CoA ligase ACSBG2-like isoform X2,XP_022331338.1,1,No,0,,No,0,,No,0,,Yes,1,28d_fed_vs_inj,No,0,
LOC111129334,regulator of G-protein signaling 7-like isoform X8,XP_022331344.1,1,No,0,,No,0,,No,0,,Yes,1,6h_fed_vs_ctrl,No,0,
LOC111129346,LOW QUALITY PROTEIN: E2F-associated phosphoprotein-like,XP_022331377.1,1,Yes,1,fam90_vs_fam89,No,0,,No,0,,No,0,,No,0,
LOC111129348,melanoma inhibitory activity protein 2-like isoform X5,XP_022331379.1,1,No,0,,No,0,,No,0,,Yes,2,28d_fed_vs_inj; 6h_fed_vs_ctrl,No,0,
LOC111129372,dynein regulatory complex subunit 7-like isoform X4,XP_022331430.1,1,No,0,,No,0,,No,0,,Yes,1,28d_fed_vs_inj,No,0,
LOC111129374,coiled-coil domain-containing protein 170-like isoform X1,XP_022331434.1,1,No,0,,No,0,,No,0,,Yes,1,28d_fed_vs_inj,No,0,
LOC111129382,double zinc ribbon and ankyrin repeat-containing protein 1-like,XP_022331451.1,1,No,0,,No,0,,No,0,,Yes,1,28d_fed_vs_inj,No,0,
LOC111129384,LOW QUALITY PROTEIN: heat shock 70 kDa protein 12A-like,XP_022331453.1,1,Yes,1,fam90_vs_fam89,No,0,,No,0,,No,0,,No,0,
LOC111129389,dynein regulatory complex protein 1-like,XP_022331461.1,1,No,0,,No,0,,No,0,,Yes,1,28d_fed_vs_inj,No,0,
LOC111129392,PDF receptor-like,XP_022331460.1,1,Yes,1,fam90_vs_fam89,No,0,,No,0,,No,0,,No,0,
LOC111129393,acetylcholine receptor subunit beta-like,XP_022331462.1,1,Yes,1,fam90_vs_fam89,No,0,,No,0,,No,0,,No,0,
LOC111129395,leucine-rich repeat-containing protein 28-like isoform X1,XP_022331465.1,1,Yes,1,fam90_vs_fam89,No,0,,No,0,,No,0,,No,0,
LOC111129405,homeobox protein six1-like,XP_022331483.1,1,Yes,1,fam90_vs_fam84,No,0,,No,0,,No,0,,No,0,
LOC111129406,dnaJ homolog subfamily C member 17-like,XP_022331485.1,1,Yes,1,fam90_vs_fam120,No,0,,No,0,,No,0,,No,0,
LOC111129416,tubulin-folding cofactor B-like isoform X2,XP_022331497.1,1,Yes,1,fam90_vs_fam89,No,0,,No,0,,No,0,,No,0,
LOC111129434,calmodulin-like isoform X2,XP_022331525.1,1,Yes,1,fam90_vs_fam89,No,0,,No,0,,No,0,,No,0,
LOC111129436,LOW QUALITY PROTEIN: uncharacterized protein LOC111129436,XP_022331530.1,1,Yes,1,fam90_vs_fam89,No,0,,No,0,,No,0,,No,0,
LOC111129437,,,1,No,0,,No,0,,Yes,1,Cv_Pmarinus_infection,No,0,,No,0,
LOC111129438,uncharacterized protein LOC111129438,XP_022331531.1,1,Yes,1,fam90_vs_fam84,No,0,,No,0,,No,0,,No,0,
LOC111129461,"glycogen phosphorylase, muscle form-like isoform X1",XP_022331554.1,1,No,0,,No,0,,No,0,,Yes,2,28d_fed_vs_inj; 36h_fed_vs_inj,No,0,
LOC111129466,intraflagellar transport protein 43 homolog A-like isoform X2,XP_022331565.1,1,Yes,1,fam90_vs_fam84,No,0,,No,0,,No,0,,No,0,
LOC111129471,uncharacterized protein LOC111129471 isoform X1,XP_022331570.1,1,Yes,2,fam90_vs_fam84; fam90_vs_fam89,No,0,,No,0,,No,0,,No,0,
LOC111129472,uncharacterized protein LOC111129472,XP_022331572.1,1,Yes,1,fam90_vs_fam89,No,0,,No,0,,No,0,,No,0,
LOC111129473,VWFA and cache domain-containing protein 1-like isoform X1,XP_022331576.1,1,Yes,2,fam90_vs_fam120; fam90_vs_fam89,No,0,,No,0,,No,0,,No,0,
LOC111129477,RAC-beta serine/threonine-protein kinase-like,XP_022331578.1,1,Yes,1,fam90_vs_fam120,No,0,,No,0,,No,0,,No,0,
LOC111129481,uncharacterized protein LOC111129481 isoform X2,XP_022331591.1,1,Yes,1,fam90_vs_fam89,No,0,,No,0,,No,0,,No,0,
LOC111129483,uncharacterized protein LOC111129483 isoform X5,XP_022331595.1,1,No,0,,No,0,,Yes,1,Cv_Pmarinus_infection,No,0,,No,0,
LOC111129500,VWFA and cache domain-containing protein 1-like,XP_022331630.1,1,Yes,1,fam90_vs_fam120,No,0,,No,0,,No,0,,No,0,
LOC111129511,"beta-1,3-galactosyltransferase 1-like isoform X2",XP_022331636.1,1,Yes,1,fam90_vs_fam84,No,0,,No,0,,No,0,,No,0,
LOC111129512,cilia- and flagella-associated protein 70-like isoform X1,XP_022331640.1,1,No,0,,No,0,,No,0,,Yes,1,28d_fed_vs_inj,No,0,
LOC111129513,E3 ubiquitin-protein ligase TRIM9-like isoform X1,XP_022331662.1,1,No,0,,No,0,,No,0,,Yes,1,28d_fed_vs_inj,No,0,
LOC111129526,unconventional myosin-Ie-like isoform X3,XP_022331687.1,1,No,0,,No,0,,No,0,,Yes,1,7d_fed_vs_inj,No,0,
LOC111129534,uncharacterized protein LOC111129534,XP_022331696.1,1,Yes,1,fam90_vs_fam89,No,0,,No,0,,No,0,,No,0,
LOC111129537,TWiK family of potassium channels protein 7-like,XP_022331699.1,1,No,0,,No,0,,No,0,,Yes,1,28d_fed_vs_inj,No,0,
LOC111129539,von Willebrand factor D and EGF domain-containing protein-like isoform X3,XP_022331704.1,1,No,0,,No,0,,No,0,,Yes,1,28d_fed_vs_inj,No,0,
LOC111129554,uncharacterized protein DDB_G0283357-like,XP_022331716.1,1,Yes,1,fam90_vs_fam89,No,0,,No,0,,No,0,,No,0,
LOC111129562,uncharacterized protein LOC111129562 isoform X1,XP_022331727.1,1,Yes,1,fam90_vs_fam89,No,0,,No,0,,No,0,,No,0,
LOC111129573,uncharacterized protein LOC111129573,XP_022331736.1,1,Yes,1,fam90_vs_fam89,No,0,,No,0,,No,0,,No,0,
LOC111129590,LOW QUALITY PROTEIN: hillarin-like,XP_022331752.1,1,Yes,1,fam90_vs_fam84,No,0,,No,0,,No,0,,No,0,
LOC111129591,uncharacterized protein LOC111129591 isoform X2,XP_022331789.1,1,Yes,1,fam90_vs_fam84,No,0,,No,0,,No,0,,No,0,
LOC111129613,uncharacterized protein LOC111129613,XP_022331777.1,1,Yes,2,fam90_vs_fam84; fam90_vs_fam89,No,0,,No,0,,No,0,,No,0,
LOC111129622,LOW QUALITY PROTEIN: uncharacterized protein LOC111129622,XP_022331786.1,1,Yes,1,fam90_vs_fam89,No,0,,No,0,,No,0,,No,0,
LOC111129666,LOW QUALITY PROTEIN: inversin-B-like,XP_022331836.1,1,No,0,,No,0,,No,0,,Yes,1,28d_fed_vs_inj,No,0,
LOC111129681,epididymal secretory protein E1-like,XP_022331852.1,1,Yes,1,fam90_vs_fam84,No,0,,No,0,,No,0,,No,0,
LOC111129723,uncharacterized protein LOC111129723,XP_022331900.1,1,Yes,1,fam90_vs_fam89,No,0,,No,0,,No,0,,No,0,
LOC111129725,uncharacterized protein LOC111129725,XP_022331903.1,1,Yes,1,fam90_vs_fam84,No,0,,No,0,,No,0,,No,0,
LOC111129792,uncharacterized protein LOC111129792,XP_022331958.1,1,Yes,2,fam90_vs_fam84; fam90_vs_fam89,No,0,,No,0,,No,0,,No,0,
LOC111129794,LOW QUALITY PROTEIN: heat shock factor 2-binding protein-like,XP_022331959.1,1,Yes,1,fam90_vs_fam120,No,0,,No,0,,No,0,,No,0,
LOC111129812,sulfotransferase family cytosolic 1B member 1-like,XP_022331976.1,1,Yes,2,fam90_vs_fam120; fam90_vs_fam89,No,0,,No,0,,No,0,,No,0,
LOC111129817,uncharacterized protein LOC111129817 isoform X2,XP_022331982.1,1,No,0,,No,0,,No,0,,Yes,1,6h_fed_vs_ctrl,No,0,
LOC111129818,LOW QUALITY PROTEIN: L-ascorbate oxidase-like,XP_022331986.1,1,No,0,,No,0,,No,0,,Yes,1,7d_fed_vs_inj,No,0,
LOC111129845,uncharacterized protein LOC111129845,XP_022332041.1,1,Yes,2,fam90_vs_fam120; fam90_vs_fam89,No,0,,No,0,,No,0,,No,0,
LOC111129847,uncharacterized protein LOC111129847,XP_022332038.1,1,Yes,1,fam90_vs_fam120,No,0,,No,0,,No,0,,No,0,
LOC111129848,uncharacterized protein LOC111129848 isoform X2,XP_022332039.1,1,No,0,,No,0,,No,0,,Yes,1,36h_fed_vs_inj,No,0,
LOC111129856,LOW QUALITY PROTEIN: adenosine receptor A2b-like,XP_022332051.1,1,Yes,1,fam90_vs_fam89,No,0,,No,0,,No,0,,No,0,
LOC111129857,LOW QUALITY PROTEIN: MFS-type transporter SLC18B1-like,XP_022332052.1,1,No,0,,No,0,,No,0,,Yes,1,28d_fed_vs_inj,No,0,
LOC111129863,E3 ubiquitin-protein ligase TRIM9-like isoform X1,XP_022332057.1,1,No,0,,No,0,,No,0,,Yes,1,6h_fed_vs_ctrl,No,0,
LOC111129867,uncharacterized protein LOC111129867,XP_022332067.1,1,Yes,1,fam90_vs_fam89,No,0,,No,0,,No,0,,No,0,
LOC111129874,thyroid receptor-interacting protein 11-like isoform X5,XP_022332075.1,1,Yes,1,fam90_vs_fam120,No,0,,No,0,,No,0,,No,0,
LOC111129876,rho-associated protein kinase 1-like isoform X2,XP_022332085.1,1,No,0,,No,0,,No,0,,Yes,1,28d_fed_vs_inj,No,0,
LOC111129902,elongation factor 1-gamma-like,XP_022332141.1,1,No,0,,No,0,,No,0,,Yes,1,28d_fed_vs_inj,No,0,
LOC111129906,YLP motif-containing protein 1-like isoform X3,XP_022332145.1,1,No,0,,No,0,,No,0,,Yes,1,7d_fed_vs_inj,No,0,
LOC111129908,LOW QUALITY PROTEIN: uncharacterized protein LOC111129908,XP_022332151.1,1,No,0,,No,0,,No,0,,Yes,1,28d_fed_vs_inj,No,0,
LOC111129912,peptidyl-glycine alpha-amidating monooxygenase-like isoform X3,XP_022332156.1,1,No,0,,No,0,,No,0,,Yes,1,28d_fed_vs_inj,No,0,
LOC111129916,archaemetzincin-2-like,XP_022332167.1,1,Yes,1,fam90_vs_fam84,No,0,,No,0,,No,0,,No,0,
LOC111129917,N(4)-(Beta-N-acetylglucosaminyl)-L-asparaginase-like isoform X1,XP_022332168.1,1,Yes,2,fam90_vs_fam84; fam90_vs_fam89,No,0,,No,0,,No,0,,No,0,
LOC111129936,radial spoke head protein 9 homolog isoform X1,XP_022332195.1,1,No,0,,No,0,,No,0,,Yes,1,28d_fed_vs_inj,No,0,
LOC111129944,uncharacterized protein LOC111129944 isoform X2,XP_022332209.1,1,No,0,,No,0,,No,0,,Yes,2,28d_fed_vs_inj; 7d_fed_vs_inj,No,0,
LOC111129951,neutral alpha-glucosidase AB-like isoform X2,XP_022332214.1,1,Yes,1,fam90_vs_fam84,No,0,,No,0,,No,0,,No,0,
LOC111129952,LOW QUALITY PROTEIN: protein dispatched homolog 1-like,XP_022332216.1,1,Yes,1,fam90_vs_fam84,No,0,,No,0,,No,0,,No,0,
LOC111129975,cytosolic carboxypeptidase 2-like isoform X27,XP_022332252.1,1,Yes,3,fam90_vs_fam120; fam90_vs_fam84; fam90_vs_fam89,No,0,,No,0,,No,0,,No,0,
LOC111130021,Golgi resident protein GCP60-like isoform X1,XP_022332330.1,1,No,0,,No,0,,No,0,,Yes,1,7d_fed_vs_inj,No,0,
LOC111130025,"phenylalanine--tRNA ligase, mitochondrial-like",XP_022332338.1,1,Yes,3,fam90_vs_fam120; fam90_vs_fam84; fam90_vs_fam89,No,0,,No,0,,No,0,,No,0,
LOC111130029,uncharacterized protein LOC111130029 isoform X4,XP_022332343.1,1,Yes,2,fam90_vs_fam120; fam90_vs_fam89,No,0,,No,0,,No,0,,No,0,
LOC111130040,calpain-B-like isoform X3,XP_022332366.1,1,No,0,,No,0,,No,0,,Yes,3,28d_fed_vs_inj; 6h_fed_vs_ctrl; 7d_fed_vs_inj,No,0,
LOC111130041,coiled-coil domain-containing protein 97-like,XP_022332392.1,1,Yes,1,fam90_vs_fam89,No,0,,No,0,,No,0,,No,0,
LOC111130050,fibrocystin-L-like isoform X1,XP_022332409.1,1,Yes,1,fam90_vs_fam89,No,0,,No,0,,No,0,,No,0,
LOC111130052,pleckstrin homology domain-containing family H member 1-like isoform X1,XP_022332416.1,1,Yes,1,fam90_vs_fam120,No,0,,No,0,,No,0,,No,0,
LOC111130053,methyltransferase-like protein 25 isoform X2,XP_022332424.1,1,Yes,1,fam90_vs_fam89,No,0,,No,0,,No,0,,No,0,
LOC111130056,uncharacterized protein LOC111130056,XP_022332437.1,1,Yes,1,fam90_vs_fam120,No,0,,No,0,,No,0,,No,0,
LOC111130076,LOW QUALITY PROTEIN: BRO1 domain-containing protein BROX-like,XP_022332472.1,1,Yes,1,fam90_vs_fam89,No,0,,No,0,,No,0,,No,0,
LOC111130090,transient receptor potential cation channel subfamily M member 2-like,XP_022332494.1,1,Yes,1,fam90_vs_fam89,No,0,,No,0,,No,0,,No,0,
LOC111130098,"probable diaminopimelate decarboxylase, chloroplastic isoform X1",XP_022332500.1,1,Yes,3,fam90_vs_fam120; fam90_vs_fam84; fam90_vs_fam89,No,0,,No,0,,No,0,,No,0,
LOC111130108,CLK4-associating serine/arginine rich protein-like,XP_022332521.1,1,Yes,1,fam90_vs_fam84,No,0,,No,0,,No,0,,No,0,
LOC111130118,"threonine--tRNA ligase, cytoplasmic-like isoform X2",XP_022332547.1,1,No,0,,No,0,,No,0,,Yes,1,28d_fed_vs_inj,No,0,
LOC111130129,fibroin heavy chain-like,XP_022332568.1,1,Yes,1,fam90_vs_fam89,No,0,,No,0,,No,0,,No,0,
LOC111130130,spidroin-1-like,XP_022332569.1,1,Yes,1,fam90_vs_fam89,No,0,,No,0,,No,0,,No,0,
LOC111130131,spidroin-1-like,XP_022332570.1,1,Yes,1,fam90_vs_fam89,No,0,,No,0,,No,0,,No,0,
LOC111130132,spidroin-1-like,XP_022332572.1,1,Yes,1,fam90_vs_fam89,No,0,,No,0,,No,0,,No,0,
LOC111130145,uncharacterized protein LOC111130145,XP_022332586.1,1,Yes,1,fam90_vs_fam120,No,0,,No,0,,No,0,,No,0,
LOC111130155,GTPase IMAP family member 4-like,XP_022332605.1,1,Yes,1,fam90_vs_fam120,No,0,,No,0,,No,0,,No,0,
LOC111130158,G-protein coupled receptor Mth-like isoform X3,XP_022332613.1,1,No,0,,No,0,,No,0,,Yes,1,28d_fed_vs_inj,No,0,
LOC111130169,uncharacterized protein LOC111130169,XP_022332636.1,1,No,0,,No,0,,No,0,,No,0,,Yes,1,resistant_fam266_36h_7d
LOC111130171,coiled-coil domain-containing protein 170-like isoform X1,XP_022332634.1,1,No,0,,No,0,,No,0,,Yes,1,28d_fed_vs_inj,No,0,
LOC111130173,uncharacterized protein LOC111130173,XP_022332638.1,1,Yes,2,fam90_vs_fam84; fam90_vs_fam89,No,0,,No,0,,No,0,,No,0,
LOC111130174,uncharacterized protein LOC111130174,XP_022332639.1,1,Yes,2,fam90_vs_fam84; fam90_vs_fam89,No,0,,No,0,,No,0,,No,0,
LOC111130175,estrogen sulfotransferase-like isoform X1,XP_022332640.1,1,No,0,,No,0,,No,0,,Yes,1,6h_fed_vs_ctrl,No,0,
LOC111130178,uncharacterized protein LOC111130178 isoform X3,XP_022332645.1,1,No,0,,No,0,,No,0,,Yes,1,7d_fed_vs_inj,No,0,
LOC111130194,receptor-type tyrosine-protein phosphatase mu-like isoform X4,XP_022332674.1,1,No,0,,No,0,,No,0,,Yes,1,36h_fed_vs_inj,No,0,
LOC111130211,uncharacterized protein LOC111130211,XP_022332703.1,1,No,0,,No,0,,No,0,,Yes,1,36h_fed_vs_inj,No,0,
LOC111130218,40S ribosomal protein S6-like,XP_022332709.1,1,No,0,,No,0,,No,0,,Yes,2,28d_fed_vs_inj; 36h_fed_vs_inj,No,0,
LOC111130219,dipeptidyl peptidase 3-like isoform X1,XP_022332710.1,1,No,0,,No,0,,No,0,,Yes,1,28d_fed_vs_inj,No,0,
LOC111130229,putative amine oxidase [copper-containing] isoform X2,XP_022332722.1,1,No,0,,No,0,,No,0,,Yes,1,7d_fed_vs_inj,No,0,
LOC111130232,rab3 GTPase-activating protein non-catalytic subunit-like isoform X2,XP_022332726.1,1,No,0,,No,0,,No,0,,Yes,1,28d_fed_vs_inj,No,0,
LOC111130245,phospholipid scramblase 1-like isoform X3,XP_022332743.1,1,Yes,1,fam90_vs_fam89,No,0,,No,0,,No,0,,No,0,
LOC111130248,uncharacterized protein LOC111130248 isoform X2,XP_022332750.1,1,Yes,1,fam90_vs_fam89,No,0,,No,0,,No,0,,No,0,
LOC111130255,rho-related GTP-binding protein RhoJ-like,XP_022332765.1,1,Yes,2,fam90_vs_fam120; fam90_vs_fam84,No,0,,No,0,,No,0,,No,0,
LOC111130257,tropomyosin isoform X1,XP_022332772.1,1,No,0,,No,0,,No,0,,Yes,3,28d_fed_vs_inj; 6h_fed_vs_ctrl; 7d_fed_vs_inj,No,0,
LOC111130264,deleted in malignant brain tumors 1 protein-like isoform X2,XP_022332797.1,1,No,0,,No,0,,Yes,1,Cv_Pmarinus_infection,No,0,,No,0,
LOC111130265,uncharacterized protein LOC111130265 isoform X1,XP_022332800.1,1,Yes,1,fam90_vs_fam120,No,0,,No,0,,No,0,,No,0,
LOC111130266,RAC-alpha serine/threonine-protein kinase-like isoform X2,XP_022332802.1,1,No,0,,No,0,,No,0,,Yes,1,7d_fed_vs_inj,No,0,
LOC111130267,uncharacterized protein LOC111130267 isoform X1,XP_022332808.1,1,No,0,,No,0,,No,0,,Yes,1,28d_fed_vs_inj,No,0,
LOC111130269,uncharacterized protein LOC111130269 isoform X2,XP_022332807.1,1,Yes,1,fam90_vs_fam120,No,0,,No,0,,No,0,,No,0,
LOC111130277,carboxylesterase NlhH-like isoform X2,XP_022332822.1,1,No,0,,No,0,,No,0,,Yes,1,7d_fed_vs_inj,No,0,
LOC111130284,toll-like receptor 2,XP_022332842.1,1,No,0,,No,0,,Yes,1,Cv_Pmarinus_infection,No,0,,No,0,
LOC111130285,toll-like receptor 6,XP_022332843.1,1,No,0,,No,0,,No,0,,Yes,1,7d_fed_vs_inj,No,0,
LOC111130297,A-kinase anchor protein 13-like isoform X8,XP_022332859.1,1,No,0,,No,0,,No,0,,Yes,2,28d_fed_vs_inj; 7d_fed_vs_inj,No,0,
LOC111130301,adenylate kinase 7-like,XP_022332900.1,1,No,0,,No,0,,No,0,,Yes,1,28d_fed_vs_inj,No,0,
LOC111130314,macrophage mannose receptor 1-like isoform X1,XP_022332921.1,1,No,0,,No,0,,Yes,1,Cv_Pmarinus_infection,No,0,,No,0,
LOC111130320,uncharacterized protein LOC111130320,XP_022332933.1,1,No,0,,No,0,,No,0,,No,0,,Yes,1,resistant_fam266_36h_7d
LOC111130328,uncharacterized protein LOC111130328,XP_022332947.1,1,No,0,,No,0,,No,0,,No,0,,Yes,1,resistant_fam266_36h_7d
LOC111130340,uncharacterized protein LOC111130340 isoform X4,XP_022332995.1,1,No,0,,No,0,,No,0,,Yes,1,28d_fed_vs_inj,No,0,
LOC111130345,uncharacterized protein LOC111130345 isoform X3,XP_022333011.1,1,No,0,,No,0,,Yes,1,Cv_Pmarinus_infection,No,0,,No,0,
LOC111130352,uncharacterized protein LOC111130352,XP_022333036.1,1,No,0,,No,0,,No,0,,Yes,1,36h_fed_vs_inj,No,0,
LOC111130366,putative elongator complex protein 1,XP_022333081.1,1,Yes,1,fam90_vs_fam89,No,0,,No,0,,No,0,,No,0,
LOC111130367,testis-expressed protein 43-like,XP_022333082.1,1,Yes,2,fam90_vs_fam84; fam90_vs_fam89,No,0,,No,0,,No,0,,No,0,
LOC111130370,filaggrin-like isoform X2,XP_022333092.1,1,No,0,,No,0,,No,0,,Yes,1,28d_fed_vs_inj,No,0,
LOC111130374,LOW QUALITY PROTEIN: deleted in malignant brain tumors 1 protein-like,XP_022333100.1,1,No,0,,No,0,,Yes,1,Cv_Pmarinus_infection,No,0,,No,0,
LOC111130375,TNF receptor-associated factor 3-like isoform X1,XP_022333101.1,1,Yes,1,fam90_vs_fam120,No,0,,No,0,,No,0,,No,0,
LOC111130379,uncharacterized protein LOC111130379,XP_022333108.1,1,No,0,,No,0,,No,0,,Yes,1,28d_fed_vs_inj,No,0,
LOC111130380,hillarin-like,XP_022333112.1,1,Yes,1,fam90_vs_fam84,No,0,,No,0,,No,0,,No,0,
LOC111130383,LOW QUALITY PROTEIN: guanine nucleotide-binding protein subunit beta-5a-like,XP_022333116.1,1,No,0,,No,0,,No,0,,Yes,1,28d_fed_vs_inj,No,0,
LOC111130384,zwei Ig domain protein zig-8-like isoform X4,XP_022333117.1,1,No,0,,No,0,,No,0,,Yes,1,28d_fed_vs_inj,No,0,
LOC111130395,LOW QUALITY PROTEIN: transmembrane protein 62-like,XP_022333141.1,1,Yes,1,fam90_vs_fam84,No,0,,No,0,,No,0,,No,0,
LOC111130401,uncharacterized protein LOC111130401 isoform X1,XP_022333159.1,1,No,0,,No,0,,No,0,,Yes,1,28d_fed_vs_inj,No,0,
LOC111130406,uncharacterized protein LOC111130406,XP_022333168.1,1,Yes,1,fam90_vs_fam89,No,0,,No,0,,No,0,,No,0,
LOC111130412,zinc finger protein 474-like isoform X1,XP_022333187.1,1,No,0,,No,0,,No,0,,Yes,1,28d_fed_vs_inj,No,0,
LOC111130428,peptide-N(4)-(N-acetyl-beta-glucosaminyl)asparagine amidase-like,XP_022333208.1,1,No,0,,No,0,,No,0,,Yes,1,36h_fed_vs_inj,No,0,
LOC111130435,uncharacterized protein C1orf131 homolog isoform X1,XP_022333215.1,1,Yes,1,fam90_vs_fam89,No,0,,No,0,,No,0,,No,0,
LOC111130436,LOW QUALITY PROTEIN: glutathione peroxidase 2-like,XP_022333217.1,1,No,0,,No,0,,Yes,1,Cv_Pmarinus_infection,No,0,,No,0,
LOC111130438,"dynein light chain 1, axonemal-like",XP_022333220.1,1,No,0,,No,0,,No,0,,Yes,1,28d_fed_vs_inj,No,0,
LOC111130441,P2X purinoceptor 7-like,XP_022333224.1,1,Yes,1,fam90_vs_fam120,No,0,,No,0,,No,0,,No,0,
LOC111130443,uncharacterized protein LOC111130443,XP_022333229.1,1,Yes,1,fam90_vs_fam120,No,0,,No,0,,No,0,,No,0,
LOC111130454,uncharacterized protein LOC111130454,XP_022333239.1,1,Yes,1,fam90_vs_fam84,No,0,,No,0,,No,0,,No,0,
LOC111130455,cytochrome P450 2C8-like isoform X1,XP_022333240.1,1,No,0,,No,0,,No,0,,Yes,1,36h_fed_vs_inj,No,0,
LOC111130470,galectin-8-like,XP_022333277.1,1,No,0,,No,0,,Yes,1,Cv_Pmarinus_infection,No,0,,No,0,
LOC111130479,carboxylesterase NlhH-like isoform X3,XP_022333292.1,1,No,0,,No,0,,No,0,,Yes,1,36h_fed_vs_inj,No,0,
LOC111130493,metalloprotease mig-17-like,XP_022333334.1,1,Yes,1,fam90_vs_fam89,No,0,,No,0,,No,0,,No,0,
LOC111130495,tubulin polymerization-promoting protein family member 3-like,XP_022333337.1,1,No,0,,No,0,,No,0,,Yes,1,28d_fed_vs_inj,No,0,
LOC111130498,uncharacterized protein LOC111130498 isoform X7,XP_022333340.1,1,No,0,,No,0,,No,0,,Yes,1,36h_fed_vs_inj,No,0,
LOC111130511,flavin reductase (NADPH)-like,XP_022333365.1,1,Yes,1,fam90_vs_fam84,No,0,,No,0,,No,0,,No,0,
LOC111130518,uncharacterized protein LOC111130518,XP_022333370.1,1,No,0,,No,0,,No,0,,Yes,1,28d_fed_vs_inj,No,0,
LOC111130520,60S ribosomal export protein NMD3-like,XP_022333378.1,1,Yes,1,fam90_vs_fam120,No,0,,No,0,,No,0,,No,0,
LOC111130528,proteasome subunit alpha type-4-like,XP_022333384.1,1,No,0,,No,0,,No,0,,Yes,1,36h_fed_vs_inj,No,0,
LOC111130560,ATP-binding cassette sub-family D member 4-like isoform X1,XP_022333420.1,1,No,0,,No,0,,No,0,,Yes,2,28d_fed_vs_inj; 6h_fed_vs_ctrl,No,0,
LOC111130566,LOW QUALITY PROTEIN: NACHT and WD repeat domain-containing protein 2-like,XP_022333434.1,1,No,0,,No,0,,No,0,,Yes,1,28d_fed_vs_inj,No,0,
LOC111130568,chromosome-associated kinesin KIF4-like,XP_022333435.1,1,Yes,1,fam90_vs_fam89,No,0,,No,0,,No,0,,No,0,
LOC111130576,LOW QUALITY PROTEIN: leucine-rich repeat protein 1-like,XP_022333442.1,1,Yes,1,fam90_vs_fam89,No,0,,No,0,,No,0,,No,0,
LOC111130579,proteoglycan 4-like isoform X3,XP_022333446.1,1,No,0,,No,0,,No,0,,Yes,1,28d_fed_vs_inj,No,0,
LOC111130580,DNA repair protein REV1-like isoform X2,XP_022333451.1,1,Yes,3,fam90_vs_fam120; fam90_vs_fam84; fam90_vs_fam89,No,0,,No,0,,No,0,,No,0,
LOC111130582,cyclin-dependent kinase-like 1 isoform X2,XP_022333454.1,1,No,0,,No,0,,No,0,,Yes,1,28d_fed_vs_inj,No,0,
LOC111130586,uncharacterized protein LOC111130586,XP_022333460.1,1,Yes,1,fam90_vs_fam89,No,0,,No,0,,No,0,,No,0,
LOC111130598,uncharacterized protein LOC111130598,XP_022333472.1,1,Yes,1,fam90_vs_fam89,No,0,,No,0,,No,0,,No,0,
LOC111130610,ceroid-lipofuscinosis neuronal protein 6 homolog isoform X2,XP_022333483.1,1,Yes,1,fam90_vs_fam84,No,0,,No,0,,No,0,,No,0,
LOC111130628,uncharacterized protein LOC111130628,XP_022333501.1,1,No,0,,No,0,,No,0,,No,0,,Yes,1,resistant_fam266_36h_7d
LOC111130633,guanine nucleotide exchange protein SMCR8-like,XP_022333505.1,1,Yes,1,fam90_vs_fam89,No,0,,No,0,,No,0,,No,0,
LOC111130634,"probable L-cysteine desulfhydrase, chloroplastic",XP_022333506.1,1,Yes,1,fam90_vs_fam84,No,0,,No,0,,No,0,,No,0,
LOC111130635,uncharacterized protein LOC111130635 isoform X1,XP_022333507.1,1,Yes,1,fam90_vs_fam89,No,0,,No,0,,No,0,,No,0,
LOC111130640,Werner syndrome ATP-dependent helicase homolog,XP_022333515.1,1,Yes,1,fam90_vs_fam89,No,0,,No,0,,No,0,,No,0,
LOC111130649,"3-hydroxyanthranilate 3,4-dioxygenase-like",XP_022333527.1,1,No,0,,No,0,,No,0,,Yes,1,28d_fed_vs_inj,No,0,
LOC111130667,"fumarate hydratase, mitochondrial-like",XP_022333554.1,1,Yes,1,fam90_vs_fam89,No,0,,No,0,,No,0,,No,0,
LOC111130675,glycine-rich cell wall structural protein-like isoform X2,XP_022333568.1,1,Yes,1,fam90_vs_fam120,No,0,,No,0,,No,0,,No,0,
LOC111130678,receptor expression-enhancing protein 5-like isoform X1,XP_022333575.1,1,No,0,,No,0,,No,0,,Yes,1,28d_fed_vs_inj,No,0,
LOC111130682,galectin-4-like isoform X2,XP_022333581.1,1,No,0,,No,0,,No,0,,Yes,1,28d_fed_vs_inj,No,0,
LOC111130691,cyclin-dependent kinase 2-interacting protein-like,XP_022333595.1,1,Yes,1,fam90_vs_fam89,No,0,,No,0,,No,0,,No,0,
LOC111130704,"spectrin alpha chain, non-erythrocytic 1-like isoform X5",XP_022333612.1,1,No,0,,No,0,,No,0,,Yes,1,36h_fed_vs_inj,No,0,
LOC111130709,"serine--tRNA ligase, mitochondrial-like",XP_022333624.1,1,Yes,1,fam90_vs_fam120,No,0,,No,0,,No,0,,No,0,
LOC111130714,spidroin-1-like isoform X1,XP_022333631.1,1,Yes,1,fam90_vs_fam89,No,0,,No,0,,No,0,,No,0,
LOC111130715,spidroin-1-like,XP_022333633.1,1,Yes,1,fam90_vs_fam89,No,0,,No,0,,No,0,,No,0,
LOC111130716,antifreeze protein Maxi-like,XP_022333634.1,1,Yes,1,fam90_vs_fam89,No,0,,No,0,,No,0,,No,0,
LOC111130730,short-chain collagen C4-like,XP_022333648.1,1,Yes,1,fam90_vs_fam84,No,0,,No,0,,No,0,,No,0,
LOC111130739,patched domain-containing protein 3-like isoform X1,XP_022333660.1,1,Yes,3,fam90_vs_fam120; fam90_vs_fam84; fam90_vs_fam89,No,0,,No,0,,No,0,,No,0,
LOC111130742,uncharacterized protein LOC111130742,XP_022333668.1,1,Yes,1,fam90_vs_fam89,No,0,,No,0,,No,0,,No,0,
LOC111130756,uncharacterized protein LOC111130756,XP_022333691.1,1,Yes,1,fam90_vs_fam89,No,0,,No,0,,No,0,,No,0,
LOC111130762,PTB domain-containing engulfment adapter protein 1-like isoform X3,XP_022333703.1,1,No,0,,No,0,,No,0,,Yes,1,28d_fed_vs_inj,No,0,
LOC111130774,ras GTPase-activating protein 1-like isoform X2,XP_022333714.1,1,No,0,,No,0,,No,0,,Yes,1,6h_fed_vs_ctrl,No,0,
LOC111130777,glycine-rich cell wall structural protein 1.0-like,XP_022333720.1,1,Yes,2,fam90_vs_fam120; fam90_vs_fam89,No,0,,No,0,,No,0,,No,0,
LOC111130778,"glycine, alanine and asparagine-rich protein-like",XP_022333721.1,1,Yes,1,fam90_vs_fam89,No,0,,No,0,,No,0,,No,0,
LOC111130779,glycine-rich cell wall structural protein 1.0-like,XP_022333722.1,1,Yes,1,fam90_vs_fam89,No,0,,No,0,,No,0,,No,0,
LOC111130791,protein FAM136A-like isoform X3,XP_022333737.1,1,Yes,1,fam90_vs_fam84,No,0,,No,0,,No,0,,No,0,
LOC111130793,ctenidin-3-like,XP_022333741.1,1,Yes,1,fam90_vs_fam89,No,0,,No,0,,No,0,,No,0,
LOC111130825,uncharacterized protein LOC111130825 isoform X1,XP_022333775.1,1,No,0,,No,0,,No,0,,Yes,1,7d_fed_vs_inj,No,0,
LOC111130840,LOW QUALITY PROTEIN: sodium- and chloride-dependent GABA transporter 2-like,XP_022333799.1,1,Yes,2,fam90_vs_fam84; fam90_vs_fam89,No,0,,No,0,,No,0,,No,0,
LOC111130858,uncharacterized protein LOC111130858,XP_022333822.1,1,Yes,1,fam90_vs_fam89,No,0,,No,0,,No,0,,No,0,
LOC111130859,L-ascorbate oxidase-like,XP_022333824.1,1,Yes,2,fam90_vs_fam120; fam90_vs_fam89,No,0,,No,0,,No,0,,No,0,
LOC111130871,uncharacterized protein LOC111130871 isoform X2,XP_022333840.1,1,Yes,2,fam90_vs_fam120; fam90_vs_fam89,No,0,,No,0,,No,0,,No,0,
LOC111130878,uncharacterized protein LOC111130878,XP_022333853.1,1,Yes,1,fam90_vs_fam120,No,0,,No,0,,No,0,,No,0,
LOC111130882,neutral and basic amino acid transport protein rBAT-like,XP_022333858.1,1,No,0,,No,0,,No,0,,Yes,2,28d_fed_vs_inj; 36h_fed_vs_inj,No,0,
LOC111130893,uncharacterized protein LOC111130893,XP_022333873.1,1,Yes,1,fam90_vs_fam120,No,0,,No,0,,No,0,,No,0,
LOC111130895,uncharacterized protein LOC111130895,XP_022333874.1,1,Yes,2,fam90_vs_fam120; fam90_vs_fam89,No,0,,No,0,,No,0,,No,0,
LOC111130899,glutamate-gated chloride channel alpha-like,XP_022333880.1,1,Yes,1,fam90_vs_fam89,No,0,,No,0,,No,0,,No,0,
LOC111130912,caspase-3-like,XP_022333891.1,1,No,0,,No,0,,No,0,,Yes,1,28d_fed_vs_inj,No,0,
LOC111130924,basic leucine zipper transcriptional factor ATF-like 3,XP_022333917.1,1,No,0,,No,0,,No,0,,Yes,1,28d_fed_vs_inj,No,0,
LOC111130939,"28S ribosomal protein S16, mitochondrial-like",XP_022333937.1,1,Yes,2,fam90_vs_fam120; fam90_vs_fam89,No,0,,No,0,,No,0,,No,0,
LOC111130943,TATA element modulatory factor-like,XP_022333946.1,1,Yes,1,fam90_vs_fam84,No,0,,No,0,,No,0,,No,0,
LOC111130945,mitochondrial substrate carrier family protein ucpB-like,XP_022333952.1,1,Yes,1,fam90_vs_fam120,No,0,,No,0,,No,0,,No,0,
LOC111130951,"spectrin alpha chain, non-erythrocytic 1-like isoform X8",XP_022333956.1,1,Yes,1,fam90_vs_fam84,No,0,,No,0,,No,0,,No,0,
LOC111130956,"NADH dehydrogenase [ubiquinone] flavoprotein 3, mitochondrial-like isoform X2",XP_022333974.1,1,Yes,1,fam90_vs_fam89,No,0,,No,0,,No,0,,No,0,
LOC111130970,mitochondrial amidoxime reducing component 2-like,XP_022333986.1,1,No,0,,No,0,,No,0,,Yes,1,28d_fed_vs_inj,No,0,
LOC111130979,"arginase, hepatic-like isoform X1",XP_022333997.1,1,Yes,1,fam90_vs_fam120,No,0,,No,0,,No,0,,No,0,
LOC111130982,shematrin-like protein 2,XP_022334000.1,1,Yes,1,fam90_vs_fam89,No,0,,No,0,,No,0,,No,0,
LOC111130984,uncharacterized protein LOC111130984,XP_022334002.1,1,No,0,,No,0,,No,0,,Yes,1,28d_fed_vs_inj,No,0,
LOC111130993,acanthoscurrin-2-like isoform X1,XP_022334011.1,1,Yes,1,fam90_vs_fam89,No,0,,No,0,,No,0,,No,0,
LOC111130996,muscarinic acetylcholine receptor M3-like,XP_022334018.1,1,No,0,,No,0,,No,0,,Yes,1,7d_fed_vs_inj,No,0,
LOC111131024,uncharacterized protein LOC111131024,XP_022334053.1,1,Yes,1,fam90_vs_fam89,No,0,,No,0,,No,0,,No,0,
LOC111131031,protein yippee-like 5 isoform X1,XP_022334064.1,1,Yes,1,fam90_vs_fam89,No,0,,No,0,,No,0,,No,0,
LOC111131034,uncharacterized protein LOC111131034,XP_022334073.1,1,Yes,1,fam90_vs_fam120,No,0,,No,0,,No,0,,No,0,
LOC111131037,uncharacterized protein LOC111131037,XP_022334074.1,1,Yes,1,fam90_vs_fam89,No,0,,No,0,,No,0,,No,0,
LOC111131052,"probable L-cysteine desulfhydrase, chloroplastic",XP_022334095.1,1,Yes,1,fam90_vs_fam89,No,0,,No,0,,No,0,,No,0,
LOC111131053,"sushi, von Willebrand factor type A, EGF and pentraxin domain-containing protein 1-like",XP_022334092.1,1,Yes,1,fam90_vs_fam84,No,0,,No,0,,No,0,,No,0,
LOC111131068,uncharacterized protein LOC111131068,XP_022334112.1,1,Yes,1,fam90_vs_fam89,No,0,,No,0,,No,0,,No,0,
LOC111131069,uncharacterized protein LOC111131069,XP_022334113.1,1,No,0,,No,0,,No,0,,Yes,1,28d_fed_vs_inj,No,0,
LOC111131074,hercynylcysteine sulfoxide lyase-like isoform X2,XP_022334127.1,1,Yes,1,fam90_vs_fam120,No,0,,No,0,,No,0,,No,0,
LOC111131080,uncharacterized protein LOC111131080,XP_022334130.1,1,No,0,,No,0,,No,0,,Yes,1,28d_fed_vs_inj,No,0,
LOC111131082,protein lin-52 homolog,XP_022334138.1,1,No,0,,No,0,,No,0,,Yes,1,28d_fed_vs_inj,No,0,
LOC111131093,uncharacterized protein LOC111131093,XP_022334148.1,1,No,0,,No,0,,No,0,,Yes,1,28d_fed_vs_inj,No,0,
LOC111131099,protein unc-13 homolog A-like isoform X5,XP_022334156.1,1,Yes,3,fam90_vs_fam120; fam90_vs_fam84; fam90_vs_fam89,No,0,,No,0,,No,0,,No,0,
LOC111131114,sorting nexin-24-like,XP_022334197.1,1,No,0,,No,0,,Yes,1,Cv_Pmarinus_infection,No,0,,No,0,
LOC111131137,uncharacterized protein LOC111131137,XP_022334223.1,1,Yes,2,fam90_vs_fam120; fam90_vs_fam89,No,0,,No,0,,No,0,,No,0,
LOC111131147,"1-phosphatidylinositol 4,5-bisphosphate phosphodiesterase beta-1-like isoform X1",XP_022334235.1,1,No,0,,No,0,,No,0,,Yes,1,7d_fed_vs_inj,No,0,
LOC111131151,uncharacterized protein LOC111131151,XP_022334259.1,1,No,0,,No,0,,No,0,,No,0,,Yes,1,resistant_fam266_36h_7d
LOC111131154,LOW QUALITY PROTEIN: cyclin-dependent kinase inhibitor 3-like,XP_022334262.1,1,No,0,,No,0,,Yes,1,Cv_Pmarinus_infection,No,0,,No,0,
LOC111131162,uncharacterized protein LOC111131162,XP_022334271.1,1,Yes,1,fam90_vs_fam84,No,0,,No,0,,No,0,,No,0,
LOC111131172,,,1,No,0,,No,0,,Yes,1,Cv_Pmarinus_infection,No,0,,No,0,
LOC111131174,uncharacterized protein LOC111131174 isoform X3,XP_022334288.1,1,Yes,1,fam90_vs_fam89,No,0,,No,0,,No,0,,No,0,
LOC111131175,organic cation transporter protein-like,XP_022334294.1,1,Yes,3,fam90_vs_fam120; fam90_vs_fam84; fam90_vs_fam89,No,0,,No,0,,No,0,,No,0,
LOC111131176,ensconsin-like,XP_022334295.1,1,No,0,,No,0,,No,0,,Yes,1,28d_fed_vs_inj,No,0,
LOC111131177,uncharacterized protein LOC111131177,XP_022334296.1,1,No,0,,Yes,1,Pmarinus_infection,No,0,,No,0,,No,0,
LOC111131190,polycystic kidney disease protein 1-like 2 isoform X2,XP_022334314.1,1,No,0,,No,0,,No,0,,Yes,1,28d_fed_vs_inj,No,0,
LOC111131196,SAYSvFN domain-containing protein 1-like,XP_022334323.1,1,Yes,1,fam90_vs_fam120,No,0,,No,0,,No,0,,No,0,
LOC111131209,LOW QUALITY PROTEIN: acyl-coenzyme A thioesterase 4-like,XP_022334337.1,1,Yes,1,fam90_vs_fam89,No,0,,No,0,,No,0,,No,0,
LOC111131213,leucine-rich repeat-containing protein 74B-like,XP_022334341.1,1,Yes,1,fam90_vs_fam84,No,0,,No,0,,No,0,,No,0,
LOC111131218,LOW QUALITY PROTEIN: EF-hand calcium-binding domain-containing protein 2-like,XP_022334350.1,1,No,0,,No,0,,No,0,,Yes,1,28d_fed_vs_inj,No,0,
LOC111131223,uncharacterized protein LOC111131223,XP_022334358.1,1,Yes,1,fam90_vs_fam120,No,0,,No,0,,No,0,,No,0,
LOC111131235,uncharacterized protein LOC111131235,XP_022334380.1,1,Yes,1,fam90_vs_fam84,No,0,,No,0,,No,0,,No,0,
LOC111131236,uncharacterized protein LOC111131236,XP_022334381.1,1,Yes,1,fam90_vs_fam89,No,0,,No,0,,No,0,,No,0,
LOC111131240,tctex1 domain-containing protein 1-like,XP_022334385.1,1,No,0,,No,0,,No,0,,Yes,1,28d_fed_vs_inj,No,0,
LOC111131250,uncharacterized protein LOC111131250,XP_022334393.1,1,No,0,,No,0,,Yes,1,Cv_Pmarinus_infection,No,0,,No,0,
LOC111131261,uncharacterized protein LOC111131261,XP_022334402.1,1,Yes,3,fam90_vs_fam120; fam90_vs_fam84; fam90_vs_fam89,No,0,,No,0,,No,0,,No,0,
LOC111131269,xanthine dehydrogenase/oxidase-like isoform X1,XP_022334415.1,1,No,0,,No,0,,No,0,,Yes,1,28d_fed_vs_inj,No,0,
LOC111131283,uncharacterized protein LOC111131283,XP_022334437.1,1,Yes,1,fam90_vs_fam120,No,0,,No,0,,No,0,,No,0,
LOC111131301,synaptosomal-associated protein 25-like isoform X4,XP_022334461.1,1,Yes,1,fam90_vs_fam89,No,0,,No,0,,No,0,,No,0,
LOC111131303,fos-related antigen 2-like,XP_022334476.1,1,No,0,,No,0,,No,0,,Yes,1,28d_fed_vs_inj,No,0,
LOC111131309,sodium/nucleoside cotransporter 1-like,XP_022334486.1,1,Yes,3,fam90_vs_fam120; fam90_vs_fam84; fam90_vs_fam89,No,0,,No,0,,No,0,,No,0,
LOC111131329,MAM and LDL-receptor class A domain-containing protein 1-like,XP_022334513.1,1,Yes,2,fam90_vs_fam120; fam90_vs_fam89,No,0,,No,0,,No,0,,No,0,
LOC111131331,uncharacterized protein LOC111131331,XP_022334511.1,1,Yes,1,fam90_vs_fam84,No,0,,No,0,,No,0,,No,0,
LOC111131357,uncharacterized protein LOC111131357 isoform X2,XP_022334546.1,1,Yes,1,fam90_vs_fam89,No,0,,No,0,,No,0,,No,0,
LOC111131384,beta-hexosaminidase subunit beta-like isoform X3,XP_022334575.1,1,Yes,1,fam90_vs_fam84,No,0,,No,0,,No,0,,No,0,
LOC111131386,mesenchyme-specific cell surface glycoprotein-like,XP_022334579.1,1,Yes,1,fam90_vs_fam84,No,0,,No,0,,No,0,,No,0,
LOC111131406,RNA-binding protein Nova-1-like isoform X7,XP_022334615.1,1,Yes,1,fam90_vs_fam84,No,0,,No,0,,No,0,,No,0,
LOC111131409,sodium/glucose cotransporter 4-like,XP_022334626.1,1,Yes,1,fam90_vs_fam84,No,0,,No,0,,No,0,,No,0,
LOC111131410,E3 ubiquitin-protein ligase TRIM71-like,XP_022334629.1,1,Yes,1,fam90_vs_fam120,No,0,,No,0,,No,0,,No,0,
LOC111131420,uncharacterized protein LOC111131420,XP_022334647.1,1,Yes,2,fam90_vs_fam84; fam90_vs_fam89,No,0,,No,0,,No,0,,No,0,
LOC111131431,uncharacterized protein LOC111131431,XP_022334659.1,1,No,0,,No,0,,No,0,,Yes,1,28d_fed_vs_inj,No,0,
LOC111131437,ribosome-binding protein 1-like isoform X1,XP_022334665.1,1,No,0,,No,0,,No,0,,Yes,1,36h_fed_vs_inj,No,0,
LOC111131440,microfibril-associated glycoprotein 4-like,XP_022334685.1,1,No,0,,No,0,,Yes,1,Cv_Pmarinus_infection,No,0,,No,0,
LOC111131442,LOW QUALITY PROTEIN: uncharacterized protein LOC111131442,XP_022334687.1,1,Yes,1,fam90_vs_fam89,No,0,,No,0,,No,0,,No,0,
LOC111131443,LOW QUALITY PROTEIN: uncharacterized protein LOC111131443,XP_022334688.1,1,Yes,1,fam90_vs_fam89,No,0,,No,0,,No,0,,No,0,
LOC111131473,TM2 domain-containing protein CG10795-like,XP_022334720.1,1,No,0,,No,0,,No,0,,Yes,2,28d_fed_vs_inj; 7d_fed_vs_inj,No,0,
LOC111131485,uncharacterized protein LOC111131485,XP_022334741.1,1,Yes,1,fam90_vs_fam89,No,0,,No,0,,No,0,,No,0,
LOC111131486,barrier-to-autointegration factor-like,XP_022334742.1,1,Yes,3,fam90_vs_fam120; fam90_vs_fam84; fam90_vs_fam89,No,0,,No,0,,No,0,,No,0,
LOC111131488,uncharacterized protein LOC111131488 isoform X3,XP_022334746.1,1,No,0,,No,0,,No,0,,Yes,1,7d_fed_vs_inj,No,0,
LOC111131489,uncharacterized protein LOC111131489 isoform X1,XP_022334756.1,1,Yes,1,fam90_vs_fam89,No,0,,No,0,,No,0,,No,0,
LOC111131490,uncharacterized protein LOC111131490 isoform X1,XP_022334760.1,1,No,0,,No,0,,No,0,,Yes,1,28d_fed_vs_inj,No,0,
LOC111131494,tctex1 domain-containing protein 1-like,XP_022334768.1,1,No,0,,No,0,,No,0,,Yes,1,7d_fed_vs_inj,No,0,
LOC111131495,tctex1 domain-containing protein 2-like,XP_022334769.1,1,No,0,,No,0,,No,0,,Yes,1,28d_fed_vs_inj,No,0,
LOC111131505,centrosomal protein of 170 kDa-like isoform X5,XP_022334783.1,1,No,0,,No,0,,No,0,,Yes,1,7d_fed_vs_inj,No,0,
LOC111131528,protein fem-1 homolog CG6966-like,XP_022334825.1,1,Yes,1,fam90_vs_fam89,No,0,,No,0,,No,0,,No,0,
LOC111131532,uncharacterized protein LOC111131532,XP_022334829.1,1,Yes,2,fam90_vs_fam84; fam90_vs_fam89,No,0,,No,0,,No,0,,No,0,
LOC111131540,uncharacterized protein LOC111131540,XP_022334841.1,1,Yes,1,fam90_vs_fam89,No,0,,No,0,,No,0,,No,0,
LOC111131559,uncharacterized protein LOC111131559 isoform X1,XP_022334861.1,1,Yes,1,fam90_vs_fam120,No,0,,No,0,,No,0,,No,0,
LOC111131561,LOW QUALITY PROTEIN: visual system homeobox 2-like,XP_022334865.1,1,No,0,,Yes,1,Pmarinus_infection,No,0,,No,0,,No,0,
LOC111131580,T-complex-associated testis-expressed protein 1-like,XP_022334889.1,1,No,0,,No,0,,No,0,,Yes,1,28d_fed_vs_inj,No,0,
LOC111131589,ankyrin-3-like isoform X2,XP_022334901.1,1,Yes,1,fam90_vs_fam89,No,0,,No,0,,No,0,,No,0,
LOC111131591,protein bark beetle-like isoform X2,XP_022334904.1,1,No,0,,No,0,,Yes,1,Cv_Pmarinus_infection,No,0,,No,0,
LOC111131602,uncharacterized protein LOC111131602,XP_022334921.1,1,No,0,,No,0,,No,0,,Yes,1,28d_fed_vs_inj,No,0,
LOC111131608,,,1,No,0,,No,0,,Yes,1,Cv_Pmarinus_infection,No,0,,No,0,
LOC111131611,uncharacterized protein LOC111131611,XP_022334930.1,1,Yes,1,fam90_vs_fam89,No,0,,No,0,,No,0,,No,0,
LOC111131623,uncharacterized protein LOC111131623 isoform X1,XP_022334944.1,1,No,0,,No,0,,No,0,,Yes,1,28d_fed_vs_inj,No,0,
LOC111131645,cell wall protein DAN4-like isoform X1,XP_022334978.1,1,Yes,2,fam90_vs_fam84; fam90_vs_fam89,No,0,,No,0,,No,0,,No,0,
LOC111131650,LOW QUALITY PROTEIN: sex peptide receptor-like,XP_022334981.1,1,Yes,1,fam90_vs_fam84,No,0,,No,0,,No,0,,No,0,
LOC111131654,46 kDa FK506-binding nuclear protein-like isoform X2,XP_022334988.1,1,Yes,1,fam90_vs_fam89,No,0,,No,0,,No,0,,No,0,
LOC111131659,uncharacterized protein LOC111131659 isoform X2,XP_022334993.1,1,Yes,1,fam90_vs_fam89,No,0,,No,0,,No,0,,No,0,
LOC111131664,PDF receptor-like,XP_022335011.1,1,Yes,1,fam90_vs_fam89,No,0,,No,0,,No,0,,No,0,
LOC111131665,uncharacterized protein LOC111131665,XP_022335008.1,1,Yes,1,fam90_vs_fam84,No,0,,No,0,,No,0,,No,0,
LOC111131682,oxysterol-binding protein-related protein 8-like isoform X1,XP_022335030.1,1,No,0,,No,0,,No,0,,Yes,1,28d_fed_vs_inj,No,0,
LOC111131690,ESF1 homolog isoform X2,XP_022335034.1,1,Yes,1,fam90_vs_fam84,No,0,,No,0,,No,0,,No,0,
LOC111131697,TNF receptor-associated factor 5-like,XP_022335050.1,1,No,0,,No,0,,Yes,1,Cv_Pmarinus_infection,No,0,,No,0,
LOC111131718,proto-oncogene c-Fos-like isoform X1,XP_022335081.1,1,Yes,1,fam90_vs_fam89,No,0,,No,0,,No,0,,No,0,
LOC111131720,ubiquitin-like modifier-activating enzyme 6,XP_022335086.1,1,Yes,1,fam90_vs_fam89,No,0,,No,0,,No,0,,No,0,
LOC111131726,laccase domain-containing protein 1-like isoform X1,XP_022335093.1,1,Yes,2,fam90_vs_fam120; fam90_vs_fam84,No,0,,No,0,,No,0,,No,0,
LOC111131727,uncharacterized protein LOC111131727 isoform X1,XP_022335099.1,1,Yes,1,fam90_vs_fam89,No,0,,No,0,,No,0,,No,0,
LOC111131739,transmembrane protein 179B-like,XP_022335118.1,1,Yes,1,fam90_vs_fam84,No,0,,No,0,,No,0,,No,0,
LOC111131741,tyrosinase-like protein 2,XP_022335120.1,1,Yes,1,fam90_vs_fam89,No,0,,No,0,,No,0,,No,0,
LOC111131745,uncharacterized protein LOC111131745 isoform X2,XP_022335124.1,1,No,0,,No,0,,No,0,,Yes,1,28d_fed_vs_inj,No,0,
LOC111131748,cAMP-regulated D2 protein-like,XP_022335127.1,1,Yes,1,fam90_vs_fam84,No,0,,No,0,,No,0,,No,0,
LOC111131763,ubiquitin-associated protein 2-like isoform X4,XP_022335150.1,1,Yes,1,fam90_vs_fam84,No,0,,No,0,,No,0,,No,0,
LOC111131776,,,1,No,0,,No,0,,Yes,1,Cv_Pmarinus_infection,No,0,,No,0,
LOC111131784,caprin-1-like isoform X2,XP_022335198.1,1,No,0,,No,0,,No,0,,Yes,1,28d_fed_vs_inj,No,0,
LOC111131786,LOW QUALITY PROTEIN: integrator complex subunit 14-like,XP_022335197.1,1,Yes,1,fam90_vs_fam89,No,0,,No,0,,No,0,,No,0,
LOC111131789,uncharacterized protein LOC111131789 isoform X1,XP_022335201.1,1,Yes,3,fam90_vs_fam120; fam90_vs_fam84; fam90_vs_fam89,No,0,,No,0,,No,0,,No,0,
LOC111131797,solute carrier family 46 member 3-like,XP_022335212.1,1,No,0,,No,0,,No,0,,Yes,1,28d_fed_vs_inj,No,0,
LOC111131799,putative malate dehydrogenase 1B,XP_022335218.1,1,No,0,,No,0,,No,0,,Yes,1,28d_fed_vs_inj,No,0,
LOC111131805,serine/threonine-protein kinase D1-like isoform X6,XP_022335223.1,1,No,0,,No,0,,No,0,,Yes,1,28d_fed_vs_inj,No,0,
LOC111131807,sterile alpha motif domain-containing protein 15-like,XP_022335230.1,1,Yes,1,fam90_vs_fam89,No,0,,No,0,,No,0,,No,0,
LOC111131819,neural cell adhesion molecule 2-like,XP_022335245.1,1,No,0,,Yes,1,Pmarinus_infection,No,0,,No,0,,No,0,
LOC111131824,solute carrier organic anion transporter family member 4A1-like isoform X2,XP_022335251.1,1,Yes,1,fam90_vs_fam89,No,0,,No,0,,No,0,,No,0,
LOC111131828,retinol dehydrogenase 13-like,XP_022335260.1,1,Yes,1,fam90_vs_fam84,No,0,,No,0,,No,0,,No,0,
LOC111131835,DNA polymerase eta-like,XP_022335270.1,1,Yes,1,fam90_vs_fam89,No,0,,No,0,,No,0,,No,0,
LOC111131843,lysosomal-trafficking regulator-like isoform X3,XP_022335280.1,1,No,0,,No,0,,No,0,,Yes,1,36h_fed_vs_inj,No,0,
LOC111131845,uncharacterized protein LOC111131845,XP_022335285.1,1,No,0,,No,0,,Yes,1,Cv_Pmarinus_infection,No,0,,No,0,
LOC111131853,uncharacterized protein LOC111131853 isoform X1,XP_022335298.1,1,No,0,,No,0,,No,0,,Yes,1,28d_fed_vs_inj,No,0,
LOC111131855,uncharacterized protein LOC111131855 isoform X2,XP_022335302.1,1,Yes,2,fam90_vs_fam84; fam90_vs_fam89,No,0,,No,0,,No,0,,No,0,
LOC111131858,glycine-rich cell wall structural protein-like,XP_022335307.1,1,Yes,1,fam90_vs_fam89,No,0,,No,0,,No,0,,No,0,
LOC111131871,serine/threonine-protein phosphatase 4 regulatory subunit 4-like isoform X7,XP_022335320.1,1,Yes,1,fam90_vs_fam84,No,0,,No,0,,No,0,,No,0,
LOC111131917,serine/threonine-protein kinase 38-like isoform X2,XP_022335352.1,1,Yes,3,fam90_vs_fam120; fam90_vs_fam84; fam90_vs_fam89,No,0,,No,0,,No,0,,No,0,
LOC111131963,rho guanine nucleotide exchange factor 39-like isoform X1,XP_022335356.1,1,No,0,,No,0,,No,0,,Yes,1,7d_fed_vs_inj,No,0,
LOC111132038,thrombospondin-1-like,XP_022335380.1,1,Yes,1,fam90_vs_fam89,No,0,,No,0,,No,0,,No,0,
LOC111132040,thrombospondin-1-like,XP_022335382.1,1,Yes,3,fam90_vs_fam120; fam90_vs_fam84; fam90_vs_fam89,No,0,,No,0,,No,0,,No,0,
LOC111132052,UPF0705 protein C11orf49 homolog isoform X1,XP_022335401.1,1,Yes,1,fam90_vs_fam89,No,0,,No,0,,No,0,,No,0,
LOC111132069,uncharacterized protein LOC111132069 isoform X2,XP_022335430.1,1,Yes,2,fam90_vs_fam120; fam90_vs_fam89,No,0,,No,0,,No,0,,No,0,
LOC111132077,probable transporter MCH1,XP_022335436.1,1,Yes,1,fam90_vs_fam89,No,0,,No,0,,No,0,,No,0,
LOC111132082,uncharacterized protein LOC111132082,XP_022335447.1,1,Yes,1,fam90_vs_fam84,No,0,,No,0,,No,0,,No,0,
LOC111132087,uncharacterized protein LOC111132087,XP_022335452.1,1,No,0,,No,0,,Yes,1,Cv_Pmarinus_infection,No,0,,No,0,
LOC111132088,mitochondrial ribonuclease P protein 3-like,XP_022335454.1,1,Yes,1,fam90_vs_fam120,No,0,,No,0,,No,0,,No,0,
LOC111132094,WSCD family member CG9164-like,XP_022335466.1,1,Yes,1,fam90_vs_fam84,No,0,,No,0,,No,0,,No,0,
LOC111132096,uncharacterized protein LOC111132096,XP_022335517.1,1,Yes,1,fam90_vs_fam84,No,0,,No,0,,No,0,,No,0,
LOC111132106,uncharacterized protein LOC111132106,XP_022335498.1,1,Yes,3,fam90_vs_fam120; fam90_vs_fam84; fam90_vs_fam89,No,0,,No,0,,No,0,,No,0,
LOC111132108,uncharacterized protein LOC111132108,XP_022335507.1,1,Yes,3,fam90_vs_fam120; fam90_vs_fam84; fam90_vs_fam89,No,0,,No,0,,No,0,,No,0,
LOC111132118,exosome component 10-like,XP_022335537.1,1,Yes,1,fam90_vs_fam84,No,0,,No,0,,No,0,,No,0,
LOC111132126,LOW QUALITY PROTEIN: hemicentin-1-like,XP_022335560.1,1,Yes,1,fam90_vs_fam120,No,0,,No,0,,No,0,,No,0,
LOC111132133,uncharacterized protein C3orf38 homolog isoform X1,XP_022335568.1,1,Yes,2,fam90_vs_fam84; fam90_vs_fam89,No,0,,No,0,,No,0,,No,0,
LOC111132135,BPTI/Kunitz domain-containing protein 4-like,XP_022335570.1,1,No,0,,No,0,,No,0,,No,0,,Yes,1,resistant_fam266_36h_7d
LOC111132142,uncharacterized protein LOC111132142,XP_022335581.1,1,Yes,2,fam90_vs_fam84; fam90_vs_fam89,No,0,,No,0,,No,0,,No,0,
LOC111132151,uncharacterized protein LOC111132151 isoform X2,XP_022335600.1,1,Yes,1,fam90_vs_fam84,No,0,,No,0,,No,0,,No,0,
LOC111132152,uncharacterized protein LOC111132152 isoform X1,XP_022335602.1,1,Yes,2,fam90_vs_fam120; fam90_vs_fam89,No,0,,No,0,,No,0,,No,0,
LOC111132156,protein Wnt-4-like,XP_022335608.1,1,Yes,1,fam90_vs_fam89,No,0,,No,0,,No,0,,No,0,
LOC111132197,uncharacterized protein LOC111132197,XP_022335681.1,1,Yes,1,fam90_vs_fam89,No,0,,No,0,,No,0,,No,0,
LOC111132202,LOW QUALITY PROTEIN: retinal guanylyl cyclase 2-like,XP_022335688.1,1,Yes,1,fam90_vs_fam89,No,0,,No,0,,No,0,,No,0,
LOC111132227,proton-coupled folate transporter-like,XP_022335724.1,1,Yes,1,fam90_vs_fam120,No,0,,No,0,,No,0,,No,0,
LOC111132237,sphingomyelin phosphodiesterase 4-like isoform X2,XP_022335735.1,1,No,0,,No,0,,No,0,,Yes,1,36h_fed_vs_inj,No,0,
LOC111132239,LOW QUALITY PROTEIN: uncharacterized protein LOC111132239,XP_022335738.1,1,No,0,,No,0,,No,0,,Yes,1,28d_fed_vs_inj,No,0,
LOC111132241,LOW QUALITY PROTEIN: uncharacterized protein LOC111132241,XP_022335740.1,1,Yes,2,fam90_vs_fam120; fam90_vs_fam84,No,0,,No,0,,No,0,,No,0,
LOC111132248,salivary glue protein Sgs-3-like,XP_022335747.1,1,No,0,,No,0,,Yes,1,Cv_Pmarinus_infection,No,0,,No,0,
LOC111132269,UPF0676 protein C1494.01-like,XP_022335771.1,1,Yes,1,fam90_vs_fam120,No,0,,No,0,,No,0,,No,0,
LOC111132280,perlucin-like protein,XP_022335781.1,1,Yes,3,fam90_vs_fam120; fam90_vs_fam84; fam90_vs_fam89,No,0,,No,0,,No,0,,No,0,
LOC111132283,uncharacterized protein LOC111132283,XP_022335784.1,1,Yes,2,fam90_vs_fam84; fam90_vs_fam89,No,0,,No,0,,No,0,,No,0,
LOC111132291,uncharacterized protein LOC111132291,XP_022335793.1,1,No,0,,No,0,,No,0,,Yes,1,28d_fed_vs_inj,No,0,
LOC111132296,protein draper-like isoform X2,XP_022335799.1,1,Yes,1,fam90_vs_fam84,No,0,,No,0,,No,0,,No,0,
LOC111132314,golgin subfamily A member 6-like protein 22,XP_022335820.1,1,Yes,1,fam90_vs_fam89,No,0,,No,0,,No,0,,No,0,
LOC111132316,uncharacterized protein LOC111132316,XP_022335822.1,1,Yes,1,fam90_vs_fam84,No,0,,No,0,,No,0,,No,0,
LOC111132317,prostamide/prostaglandin F synthase-like,XP_022335823.1,1,Yes,1,fam90_vs_fam89,No,0,,No,0,,No,0,,No,0,
LOC111132319,poly [ADP-ribose] polymerase 14-like isoform X3,XP_022335825.1,1,Yes,1,fam90_vs_fam84,No,0,,No,0,,No,0,,No,0,
LOC111132352,uncharacterized protein LOC111132352,XP_022335862.1,1,Yes,1,fam90_vs_fam84,No,0,,No,0,,No,0,,No,0,
LOC111132382,uncharacterized protein LOC111132382,XP_022335893.1,1,Yes,3,fam90_vs_fam120; fam90_vs_fam84; fam90_vs_fam89,No,0,,No,0,,No,0,,No,0,
LOC111132399,deoxynucleoside triphosphate triphosphohydrolase SAMHD1-like,XP_022335909.1,1,No,0,,No,0,,Yes,1,Cv_Pmarinus_infection,No,0,,No,0,
LOC111132400,uncharacterized protein LOC111132400,XP_022335910.1,1,Yes,1,fam90_vs_fam89,No,0,,No,0,,No,0,,No,0,
LOC111132405,tankyrase-like,XP_022335915.1,1,Yes,1,fam90_vs_fam120,No,0,,No,0,,No,0,,No,0,
LOC111132414,protein pxr1-like,XP_022335924.1,1,Yes,2,fam90_vs_fam84; fam90_vs_fam89,No,0,,No,0,,No,0,,No,0,
LOC111132430,uncharacterized protein LOC111132430,XP_022335944.1,1,Yes,1,fam90_vs_fam84,No,0,,No,0,,No,0,,No,0,
LOC111132439,uncharacterized protein LOC111132439,XP_022335954.1,1,No,0,,No,0,,Yes,1,Cv_Pmarinus_infection,No,0,,No,0,
LOC111132448,TLD domain-containing protein 1-like,XP_022335964.1,1,Yes,1,fam90_vs_fam84,No,0,,No,0,,No,0,,No,0,
LOC111132456,uncharacterized protein LOC111132456,XP_022335975.1,1,Yes,1,fam90_vs_fam89,No,0,,No,0,,No,0,,No,0,
LOC111132492,dimethylaniline monooxygenase [N-oxide-forming] 5-like,XP_022336048.1,1,No,0,,No,0,,No,0,,Yes,1,28d_fed_vs_inj,No,0,
LOC111132497,LOW QUALITY PROTEIN: serine/threonine-protein kinase Chk2-like,XP_022336021.1,1,Yes,1,fam90_vs_fam89,No,0,,No,0,,No,0,,No,0,
LOC111132500,uncharacterized protein LOC111132500,XP_022336024.1,1,Yes,1,fam90_vs_fam89,No,0,,No,0,,No,0,,No,0,
LOC111132506,uncharacterized protein LOC111132506,XP_022336031.1,1,Yes,1,fam90_vs_fam89,No,0,,No,0,,No,0,,No,0,
LOC111132510,uncharacterized protein LOC111132510,XP_022336036.1,1,Yes,1,fam90_vs_fam84,No,0,,No,0,,No,0,,No,0,
LOC111132513,uncharacterized protein LOC111132513,XP_022336039.1,1,Yes,2,fam90_vs_fam84; fam90_vs_fam89,No,0,,No,0,,No,0,,No,0,
LOC111132520,uncharacterized protein LOC111132520,XP_022336050.1,1,Yes,2,fam90_vs_fam84; fam90_vs_fam89,No,0,,No,0,,No,0,,No,0,
LOC111132548,M-phase inducer phosphatase 3-like,XP_022336078.1,1,Yes,2,fam90_vs_fam120; fam90_vs_fam84,No,0,,No,0,,No,0,,No,0,
LOC111132549,M-phase inducer phosphatase 1-like,XP_022336080.1,1,Yes,3,fam90_vs_fam120; fam90_vs_fam84; fam90_vs_fam89,No,0,,No,0,,No,0,,No,0,
LOC111132550,M-phase inducer phosphatase-like,XP_022336081.1,1,Yes,1,fam90_vs_fam120,No,0,,No,0,,No,0,,No,0,
LOC111132559,uncharacterized protein K02A2.6-like,XP_022336091.1,1,Yes,1,fam90_vs_fam89,No,0,,No,0,,No,0,,No,0,
LOC111132570,uncharacterized protein LOC111132570 isoform X1,XP_022336106.1,1,No,0,,No,0,,No,0,,Yes,1,7d_fed_vs_inj,No,0,
LOC111132574,papilin-like,XP_022336107.1,1,Yes,1,fam90_vs_fam89,No,0,,No,0,,No,0,,No,0,
LOC111132592,uncharacterized protein LOC111132592,XP_022336133.1,1,Yes,1,fam90_vs_fam89,No,0,,No,0,,No,0,,No,0,
LOC111132598,uncharacterized protein LOC111132598,XP_022336136.1,1,Yes,1,fam90_vs_fam89,No,0,,No,0,,No,0,,No,0,
LOC111132601,LOW QUALITY PROTEIN: ryncolin-1-like,XP_022336139.1,1,Yes,3,fam90_vs_fam120; fam90_vs_fam84; fam90_vs_fam89,No,0,,No,0,,No,0,,No,0,
LOC111132602,uncharacterized protein LOC111132602,XP_022336140.1,1,No,0,,No,0,,Yes,1,Cv_Pmarinus_infection,No,0,,No,0,
LOC111132604,angiopoietin-related protein 7-like,XP_022336141.1,1,Yes,2,fam90_vs_fam84; fam90_vs_fam89,No,0,,No,0,,No,0,,No,0,
LOC111132605,enolase-phosphatase E1-like,XP_022336142.1,1,Yes,2,fam90_vs_fam84; fam90_vs_fam89,No,0,,No,0,,No,0,,No,0,
LOC111132644,LOW QUALITY PROTEIN: uncharacterized protein LOC111132644,XP_022336178.1,1,Yes,1,fam90_vs_fam89,No,0,,No,0,,No,0,,No,0,
LOC111132656,uncharacterized protein LOC111132656 isoform X1,XP_022336223.1,1,Yes,1,fam90_vs_fam84,No,0,,No,0,,No,0,,No,0,
LOC111132666,uncharacterized protein LOC111132666,XP_022336203.1,1,Yes,2,fam90_vs_fam120; fam90_vs_fam89,No,0,,No,0,,No,0,,No,0,
LOC111132676,uncharacterized protein LOC111132676,XP_022336213.1,1,Yes,1,fam90_vs_fam120,No,0,,No,0,,No,0,,No,0,
LOC111132688,alpha-2Db adrenergic receptor-like,XP_022336221.1,1,Yes,1,fam90_vs_fam120,No,0,,No,0,,No,0,,No,0,
LOC111132698,uncharacterized protein LOC111132698,XP_022336231.1,1,Yes,1,fam90_vs_fam89,No,0,,No,0,,No,0,,No,0,
LOC111132704,,,1,No,0,,No,0,,Yes,1,Cv_Pmarinus_infection,No,0,,No,0,
LOC111132715,uncharacterized protein LOC111132715,XP_022336246.1,1,Yes,1,fam90_vs_fam89,No,0,,No,0,,No,0,,No,0,
LOC111132721,uncharacterized protein LOC111132721,XP_022336253.1,1,Yes,1,fam90_vs_fam89,No,0,,No,0,,No,0,,No,0,
LOC111132723,uncharacterized protein LOC111132723,XP_022336255.1,1,Yes,1,fam90_vs_fam89,No,0,,No,0,,No,0,,No,0,
LOC111132726,uncharacterized protein LOC111132726,XP_022336260.1,1,No,0,,No,0,,No,0,,Yes,1,28d_fed_vs_inj,No,0,
LOC111132727,B-box type zinc finger protein ncl-1-like,XP_022336258.1,1,Yes,2,fam90_vs_fam84; fam90_vs_fam89,No,0,,No,0,,No,0,,No,0,
LOC111132732,uncharacterized protein LOC111132732,XP_022336263.1,1,Yes,2,fam90_vs_fam84; fam90_vs_fam89,No,0,,No,0,,No,0,,No,0,
LOC111132736,uncharacterized protein LOC111132736,XP_022336267.1,1,Yes,1,fam90_vs_fam84,No,0,,No,0,,No,0,,No,0,
LOC111132742,tripartite motif-containing protein 5-like,XP_022336271.1,1,Yes,1,fam90_vs_fam84,No,0,,No,0,,No,0,,No,0,
LOC111132763,uncharacterized protein LOC111132763,XP_022336289.1,1,Yes,2,fam90_vs_fam84; fam90_vs_fam89,No,0,,No,0,,No,0,,No,0,
LOC111132772,LOW QUALITY PROTEIN: uncharacterized protein LOC111132772,XP_022336298.1,1,Yes,1,fam90_vs_fam89,No,0,,No,0,,No,0,,No,0,
LOC111132774,uncharacterized protein LOC111132774,XP_022336300.1,1,Yes,1,fam90_vs_fam89,No,0,,No,0,,No,0,,No,0,
LOC111132787,engulfment and cell motility protein 1-like isoform X5,XP_022336312.1,1,Yes,1,fam90_vs_fam89,No,0,,No,0,,No,0,,No,0,
LOC111132791,uncharacterized protein LOC111132791,XP_022336322.1,1,Yes,1,fam90_vs_fam84,No,0,,No,0,,No,0,,No,0,
LOC111132798,serine/threonine-protein kinase mig-15-like isoform X1,XP_022336328.1,1,Yes,1,fam90_vs_fam84,No,0,,No,0,,No,0,,No,0,
LOC111132801,uncharacterized protein LOC111132801 isoform X1,XP_022336340.1,1,Yes,1,fam90_vs_fam89,No,0,,No,0,,No,0,,No,0,
LOC111132807,cytochrome P450 2B4-like,XP_022336356.1,1,No,0,,No,0,,No,0,,No,0,,Yes,1,resistant_fam266_36h_7d
LOC111132813,protein serrate-like,XP_022336366.1,1,Yes,2,fam90_vs_fam120; fam90_vs_fam89,No,0,,No,0,,No,0,,No,0,
LOC111132821,sepiapterin reductase-like isoform X1,XP_022336378.1,1,Yes,1,fam90_vs_fam84,No,0,,No,0,,No,0,,No,0,
LOC111132830,uncharacterized protein LOC111132830,XP_022336398.1,1,Yes,1,fam90_vs_fam84,No,0,,No,0,,No,0,,No,0,
LOC111132832,uncharacterized protein LOC111132832,XP_022336402.1,1,Yes,1,fam90_vs_fam89,No,0,,No,0,,No,0,,No,0,
LOC111132840,uncharacterized protein LOC111132840,XP_022336415.1,1,No,0,,No,0,,Yes,1,Cv_Pmarinus_infection,No,0,,No,0,
LOC111132844,uncharacterized protein LOC111132844,XP_022336418.1,1,No,0,,Yes,1,Pmarinus_infection,No,0,,No,0,,No,0,
LOC111132861,zinc transporter ZIP12-like,XP_022336469.1,1,No,0,,No,0,,No,0,,No,0,,Yes,1,resistant_fam266_36h_7d
LOC111132865,fibronectin type-III domain-containing protein 3A-like isoform X3,XP_022336476.1,1,No,0,,No,0,,No,0,,Yes,1,28d_fed_vs_inj,No,0,
LOC111132867,uncharacterized protein LOC111132867 isoform X2,XP_022336487.1,1,No,0,,No,0,,Yes,1,Cv_Pmarinus_infection,No,0,,No,0,
LOC111132881,uncharacterized protein LOC111132881,XP_022336511.1,1,Yes,1,fam90_vs_fam89,No,0,,No,0,,No,0,,No,0,
LOC111132890,synapse differentiation-inducing gene protein 1-like isoform X2,XP_022336519.1,1,No,0,,No,0,,No,0,,Yes,1,28d_fed_vs_inj,No,0,
LOC111132893,sphingomyelin phosphodiesterase-like,XP_022336528.1,1,Yes,1,fam90_vs_fam89,No,0,,No,0,,No,0,,No,0,
LOC111132902,uncharacterized protein LOC111132902,XP_022336540.1,1,Yes,1,fam90_vs_fam89,No,0,,No,0,,No,0,,No,0,
LOC111132923,membrane progestin receptor alpha-B-like,XP_022336566.1,1,Yes,1,fam90_vs_fam84,No,0,,No,0,,No,0,,No,0,
LOC111132934,uncharacterized protein LOC111132934,XP_022336591.1,1,Yes,3,fam90_vs_fam120; fam90_vs_fam84; fam90_vs_fam89,No,0,,No,0,,No,0,,No,0,
LOC111132939,agrin-like isoform X1,XP_022336599.1,1,Yes,1,fam90_vs_fam89,No,0,,No,0,,No,0,,No,0,
LOC111132940,uncharacterized protein LOC111132940,XP_022336607.1,1,Yes,2,fam90_vs_fam120; fam90_vs_fam89,No,0,,No,0,,No,0,,No,0,
LOC111132960,uncharacterized protein LOC111132960,XP_022336630.1,1,Yes,2,fam90_vs_fam120; fam90_vs_fam84,No,0,,No,0,,No,0,,No,0,
LOC111132961,uncharacterized protein LOC111132961 isoform X1,XP_022336632.1,1,Yes,1,fam90_vs_fam89,No,0,,No,0,,No,0,,No,0,
LOC111132968,LOW QUALITY PROTEIN: uncharacterized protein LOC111132968,XP_022336663.1,1,No,0,,No,0,,No,0,,Yes,1,28d_fed_vs_inj,No,0,
LOC111132977,thiopurine S-methyltransferase-like isoform X1,XP_022336675.1,1,Yes,1,fam90_vs_fam84,No,0,,No,0,,No,0,,No,0,
LOC111132982,neprilysin-like,XP_022336683.1,1,No,0,,No,0,,No,0,,Yes,1,28d_fed_vs_inj,No,0,
LOC111132985,gastrula zinc finger protein XlCGF57.1-like,XP_022336688.1,1,Yes,2,fam90_vs_fam120; fam90_vs_fam89,No,0,,No,0,,No,0,,No,0,
LOC111132988,uncharacterized protein LOC111132988 isoform X1,XP_022336698.1,1,Yes,2,fam90_vs_fam84; fam90_vs_fam89,No,0,,No,0,,No,0,,No,0,
LOC111132992,uncharacterized protein LOC111132992 isoform X1,XP_022336711.1,1,No,0,,No,0,,No,0,,Yes,1,28d_fed_vs_inj,No,0,
LOC111133002,semaphorin-5A-like,XP_022336732.1,1,Yes,1,fam90_vs_fam89,No,0,,No,0,,No,0,,No,0,
LOC111133004,tumor necrosis factor ligand superfamily member 10-like,XP_022336734.1,1,No,0,,No,0,,Yes,1,Cv_Pmarinus_infection,No,0,,No,0,
LOC111133023,lysosomal amino acid transporter 1 homolog isoform X1,XP_022336763.1,1,No,0,,No,0,,No,0,,Yes,1,6h_fed_vs_ctrl,No,0,
LOC111133025,phosphoethanolamine N-methyltransferase 1-like isoform X1,XP_022336770.1,1,No,0,,No,0,,Yes,1,Cv_Pmarinus_infection,No,0,,No,0,
LOC111133036,carbonic anhydrase-related protein-like,XP_022336789.1,1,Yes,3,fam90_vs_fam120; fam90_vs_fam84; fam90_vs_fam89,No,0,,No,0,,No,0,,No,0,
LOC111133042,uncharacterized protein LOC111133042,XP_022336801.1,1,Yes,1,fam90_vs_fam89,No,0,,No,0,,No,0,,No,0,
LOC111133045,eukaryotic translation initiation factor 3 subunit C-like,XP_022336804.1,1,Yes,1,fam90_vs_fam120,No,0,,No,0,,No,0,,No,0,
LOC111133049,mitofusin-2-like isoform X1,XP_022336814.1,1,No,0,,No,0,,No,0,,Yes,1,6h_fed_vs_ctrl,No,0,
LOC111133050,mitofusin-2-like isoform X1,XP_022336818.1,1,No,0,,No,0,,No,0,,Yes,1,28d_fed_vs_inj,No,0,
LOC111133061,uncharacterized protein LOC111133061,XP_022336834.1,1,Yes,3,fam90_vs_fam120; fam90_vs_fam84; fam90_vs_fam89,No,0,,No,0,,No,0,,No,0,
LOC111133062,huntingtin-interacting protein 1-like isoform X1,XP_022336835.1,1,Yes,1,fam90_vs_fam84,No,0,,No,0,,No,0,,No,0,
LOC111133066,uncharacterized protein LOC111133066,XP_022336847.1,1,Yes,2,fam90_vs_fam120; fam90_vs_fam84,No,0,,No,0,,No,0,,No,0,
LOC111133067,uncharacterized protein LOC111133067,XP_022336851.1,1,Yes,1,fam90_vs_fam89,No,0,,No,0,,No,0,,No,0,
LOC111133069,BTB/POZ domain-containing protein 6-like,XP_022336852.1,1,Yes,3,fam90_vs_fam120; fam90_vs_fam84; fam90_vs_fam89,No,0,,No,0,,No,0,,No,0,
LOC111133082,uncharacterized protein LOC111133082,XP_022336868.1,1,Yes,1,fam90_vs_fam84,No,0,,No,0,,No,0,,No,0,
LOC111133086,,,1,No,0,,No,0,,Yes,1,Cv_Pmarinus_infection,No,0,,No,0,
LOC111133091,metabotropic glutamate receptor 8-like isoform X3,XP_022336890.1,1,Yes,1,fam90_vs_fam84,No,0,,No,0,,No,0,,No,0,
LOC111133092,metabotropic glutamate receptor 6-like,XP_022336894.1,1,Yes,1,fam90_vs_fam89,No,0,,No,0,,No,0,,No,0,
LOC111133098,cell death abnormality protein 1-like,XP_022336902.1,1,Yes,2,fam90_vs_fam84; fam90_vs_fam89,No,0,,No,0,,No,0,,No,0,
LOC111133104,uncharacterized protein LOC111133104,XP_022336910.1,1,Yes,2,fam90_vs_fam84; fam90_vs_fam89,No,0,,No,0,,No,0,,No,0,
LOC111133123,LOW QUALITY PROTEIN: transcription intermediary factor 1-beta-like,XP_022336926.1,1,Yes,3,fam90_vs_fam120; fam90_vs_fam84; fam90_vs_fam89,No,0,,No,0,,No,0,,No,0,
LOC111133140,cytochrome P450 2C14-like,XP_022336950.1,1,No,0,,No,0,,Yes,1,Cv_Pmarinus_infection,No,0,,No,0,
LOC111133171,uncharacterized protein LOC111133171,XP_022337003.1,1,No,0,,No,0,,Yes,1,Cv_Pmarinus_infection,No,0,,No,0,
LOC111133172,uncharacterized protein LOC111133172,XP_022337004.1,1,Yes,1,fam90_vs_fam120,No,0,,No,0,,No,0,,No,0,
LOC111133188,cubilin-like,XP_022337028.1,1,Yes,1,fam90_vs_fam120,No,0,,No,0,,No,0,,No,0,
LOC111133197,cytochrome P450 2U1-like,XP_022337038.1,1,Yes,1,fam90_vs_fam89,No,0,,No,0,,No,0,,No,0,
LOC111133199,paired mesoderm homeobox protein 2-like,XP_022337040.1,1,Yes,1,fam90_vs_fam120,No,0,,No,0,,No,0,,No,0,
LOC111133206,LOW QUALITY PROTEIN: syndetin-like,XP_022337065.1,1,Yes,2,fam90_vs_fam84; fam90_vs_fam89,No,0,,No,0,,No,0,,No,0,
LOC111133210,uncharacterized protein LOC111133210 isoform X1,XP_022337071.1,1,Yes,1,fam90_vs_fam120,No,0,,No,0,,No,0,,No,0,
LOC111133212,uncharacterized protein LOC111133212,XP_022337077.1,1,No,0,,No,0,,No,0,,Yes,1,28d_fed_vs_inj,No,0,
LOC111133229,kinesin-like protein KIF2C isoform X8,XP_022337111.1,1,Yes,2,fam90_vs_fam84; fam90_vs_fam89,No,0,,No,0,,No,0,,No,0,
LOC111133231,uncharacterized protein LOC111133231,XP_022337126.1,1,Yes,2,fam90_vs_fam120; fam90_vs_fam89,No,0,,No,0,,No,0,,No,0,
LOC111133239,calcium/calmodulin-dependent protein kinase kinase 1-like isoform X1,XP_022337138.1,1,Yes,1,fam90_vs_fam89,No,0,,No,0,,No,0,,No,0,
LOC111133243,uncharacterized protein LOC111133243,XP_022337150.1,1,Yes,1,fam90_vs_fam120,No,0,,No,0,,No,0,,No,0,
LOC111133247,carbonic anhydrase 2-like,XP_022337157.1,1,No,0,,No,0,,Yes,1,Cv_Pmarinus_infection,No,0,,No,0,
LOC111133261,AP-1 complex subunit gamma-1-like isoform X1,XP_022337175.1,1,No,0,,No,0,,No,0,,Yes,1,36h_fed_vs_inj,No,0,
LOC111133268,solute carrier family 45 member 3-like isoform X2,XP_022337190.1,1,Yes,1,fam90_vs_fam120,No,0,,No,0,,No,0,,No,0,
LOC111133276,LOW QUALITY PROTEIN: uncharacterized protein LOC111133276,XP_022337196.1,1,Yes,1,fam90_vs_fam89,No,0,,No,0,,No,0,,No,0,
LOC111133277,uncharacterized protein LOC111133277 isoform X2,XP_022337197.1,1,Yes,1,fam90_vs_fam89,No,0,,No,0,,No,0,,No,0,
LOC111133279,uncharacterized protein LOC111133279 isoform X2,XP_022337211.1,1,Yes,1,fam90_vs_fam84,No,0,,No,0,,No,0,,No,0,
LOC111133281,uncharacterized protein LOC111133281 isoform X2,XP_022337217.1,1,Yes,2,fam90_vs_fam84; fam90_vs_fam89,No,0,,No,0,,No,0,,No,0,
LOC111133282,uncharacterized protein LOC111133282 isoform X2,XP_022337229.1,1,Yes,1,fam90_vs_fam89,No,0,,No,0,,No,0,,No,0,
LOC111133286,uncharacterized protein LOC111133286 isoform X2,XP_022337240.1,1,Yes,1,fam90_vs_fam89,No,0,,No,0,,No,0,,No,0,
LOC111133288,uncharacterized protein LOC111133288 isoform X1,XP_022337245.1,1,Yes,1,fam90_vs_fam84,No,0,,No,0,,No,0,,No,0,
LOC111133292,uncharacterized protein LOC111133292,XP_022337256.1,1,Yes,2,fam90_vs_fam120; fam90_vs_fam89,No,0,,No,0,,No,0,,No,0,
LOC111133295,uncharacterized protein LOC111133295,XP_022337263.1,1,Yes,1,fam90_vs_fam84,No,0,,No,0,,No,0,,No,0,
LOC111133296,uncharacterized protein LOC111133296 isoform X1,XP_022337264.1,1,Yes,1,fam90_vs_fam89,No,0,,No,0,,No,0,,No,0,
LOC111133298,uncharacterized protein LOC111133298,XP_022337268.1,1,Yes,1,fam90_vs_fam84,No,0,,No,0,,No,0,,No,0,
LOC111133302,uncharacterized protein LOC111133302 isoform X1,XP_022337276.1,1,Yes,1,fam90_vs_fam89,No,0,,No,0,,No,0,,No,0,
LOC111133307,uncharacterized protein LOC111133307,XP_022337284.1,1,Yes,1,fam90_vs_fam84,No,0,,No,0,,No,0,,No,0,
LOC111133309,uncharacterized protein LOC111133309,XP_022337287.1,1,Yes,1,fam90_vs_fam84,No,0,,No,0,,No,0,,No,0,
LOC111133310,uncharacterized protein LOC111133310,XP_022337289.1,1,Yes,1,fam90_vs_fam84,No,0,,No,0,,No,0,,No,0,
LOC111133324,uncharacterized protein LOC111133324,XP_022337297.1,1,Yes,1,fam90_vs_fam89,No,0,,No,0,,No,0,,No,0,
LOC111133327,CUGBP Elav-like family member 2 isoform X4,XP_022337302.1,1,No,0,,No,0,,No,0,,Yes,1,7d_fed_vs_inj,No,0,
LOC111133336,uncharacterized protein C1orf50 homolog isoform X1,XP_022337346.1,1,Yes,2,fam90_vs_fam84; fam90_vs_fam89,No,0,,No,0,,No,0,,No,0,
LOC111133342,CD209 antigen-like,XP_022337359.1,1,No,0,,No,0,,Yes,1,Cv_Pmarinus_infection,No,0,,No,0,
LOC111133355,neo-calmodulin-like,XP_022337392.1,1,Yes,1,fam90_vs_fam120,No,0,,No,0,,No,0,,No,0,
LOC111133357,neurochondrin-like,XP_022337397.1,1,Yes,1,fam90_vs_fam89,No,0,,No,0,,No,0,,No,0,
LOC111133358,coiled-coil domain-containing protein 42 homolog isoform X2,XP_022337398.1,1,Yes,1,fam90_vs_fam89,No,0,,No,0,,No,0,,No,0,
LOC111133364,uncharacterized protein LOC111133364 isoform X2,XP_022337407.1,1,No,0,,No,0,,No,0,,Yes,1,7d_fed_vs_inj,No,0,
LOC111133368,transforming growth factor beta regulator 1-like isoform X2,XP_022337414.1,1,Yes,1,fam90_vs_fam89,No,0,,No,0,,No,0,,No,0,
LOC111133381,ceramide kinase-like isoform X1,XP_022337440.1,1,Yes,2,fam90_vs_fam120; fam90_vs_fam84,No,0,,No,0,,No,0,,No,0,
LOC111133386,putative methyltransferase DDB_G0268948,XP_022337451.1,1,Yes,1,fam90_vs_fam84,No,0,,No,0,,No,0,,No,0,
LOC111133392,uncharacterized protein LOC111133392,XP_022337454.1,1,Yes,2,fam90_vs_fam84; fam90_vs_fam89,No,0,,No,0,,No,0,,No,0,
LOC111133393,uncharacterized protein LOC111133393,XP_022337458.1,1,Yes,1,fam90_vs_fam89,No,0,,No,0,,No,0,,No,0,
LOC111133398,beta-hexosaminidase subunit alpha-like isoform X2,XP_022337469.1,1,Yes,3,fam90_vs_fam120; fam90_vs_fam84; fam90_vs_fam89,No,0,,No,0,,No,0,,No,0,
LOC111133403,rap1 GTPase-activating protein 1-like isoform X1,XP_022337499.1,1,No,0,,No,0,,No,0,,Yes,1,36h_fed_vs_inj,No,0,
LOC111133407,tctex1 domain-containing protein 1-B-like,XP_022337519.1,1,Yes,1,fam90_vs_fam84,No,0,,No,0,,No,0,,No,0,
LOC111133430,monocarboxylate transporter 13-like,XP_022337562.1,1,Yes,1,fam90_vs_fam84,No,0,,No,0,,No,0,,No,0,
LOC111133432,GTP-binding protein GEM-like,XP_022337565.1,1,No,0,,Yes,1,Pmarinus_infection,No,0,,No,0,,No,0,
LOC111133436,zinc finger CCCH-type antiviral protein 1-like,XP_022337575.1,1,No,0,,Yes,1,Pmarinus_infection,No,0,,No,0,,No,0,
LOC111133452,"39S ribosomal protein L10, mitochondrial-like",XP_022337592.1,1,Yes,1,fam90_vs_fam84,No,0,,No,0,,No,0,,No,0,
LOC111133456,macrophage mannose receptor 1-like,XP_022337595.1,1,No,0,,No,0,,Yes,1,Cv_Pmarinus_infection,No,0,,No,0,
LOC111133465,interferon-induced transmembrane protein 1-like,XP_022337607.1,1,Yes,3,fam90_vs_fam120; fam90_vs_fam84; fam90_vs_fam89,No,0,,No,0,,No,0,,No,0,
LOC111133470,uncharacterized protein LOC111133470 isoform X1,XP_022337616.1,1,Yes,3,fam90_vs_fam120; fam90_vs_fam84; fam90_vs_fam89,No,0,,No,0,,No,0,,No,0,
LOC111133481,uncharacterized protein LOC111133481,XP_022337633.1,1,No,0,,No,0,,Yes,1,Cv_Pmarinus_infection,No,0,,No,0,
LOC111133482,tripartite motif-containing protein 45-like,XP_022337634.1,1,Yes,1,fam90_vs_fam84,No,0,,No,0,,No,0,,No,0,
LOC111133485,uncharacterized protein LOC111133485,XP_022337637.1,1,Yes,3,fam90_vs_fam120; fam90_vs_fam84; fam90_vs_fam89,No,0,,No,0,,No,0,,No,0,
LOC111133488,RING-box protein 2-like,XP_022337647.1,1,Yes,2,fam90_vs_fam84; fam90_vs_fam89,No,0,,No,0,,No,0,,No,0,
LOC111133498,uncharacterized protein LOC111133498,XP_022337658.1,1,Yes,1,fam90_vs_fam84,No,0,,No,0,,No,0,,No,0,
LOC111133500,DNA topoisomerase 2-binding protein 1-like isoform X2,XP_022337664.1,1,Yes,1,fam90_vs_fam89,No,0,,No,0,,No,0,,No,0,
LOC111133508,uncharacterized protein LOC111133508 isoform X1,XP_022337677.1,1,Yes,1,fam90_vs_fam120,No,0,,No,0,,No,0,,No,0,
LOC111133512,uncharacterized protein LOC111133512 isoform X1,XP_022337681.1,1,Yes,2,fam90_vs_fam84; fam90_vs_fam89,No,0,,No,0,,No,0,,No,0,
LOC111133534,carbonyl reductase [NADPH] 1-like,XP_022337710.1,1,Yes,2,fam90_vs_fam84; fam90_vs_fam89,No,0,,No,0,,No,0,,No,0,
LOC111133536,uncharacterized protein LOC111133536,XP_022337713.1,1,Yes,1,fam90_vs_fam120,No,0,,No,0,,No,0,,No,0,
LOC111133545,neural cell adhesion molecule L1-like,XP_022337728.1,1,Yes,2,fam90_vs_fam120; fam90_vs_fam84,No,0,,No,0,,No,0,,No,0,
LOC111133548,uncharacterized protein LOC111133548,XP_022337729.1,1,No,0,,No,0,,No,0,,Yes,1,28d_fed_vs_inj,No,0,
LOC111133550,uncharacterized protein LOC111133550,XP_022337731.1,1,Yes,1,fam90_vs_fam84,No,0,,No,0,,No,0,,No,0,
LOC111133551,laccase-4-like,XP_022337732.1,1,No,0,,No,0,,No,0,,Yes,1,7d_fed_vs_inj,No,0,
LOC111133568,neural-cadherin-like,XP_022337755.1,1,Yes,2,fam90_vs_fam120; fam90_vs_fam84,No,0,,No,0,,No,0,,No,0,
LOC111133572,A disintegrin and metalloproteinase with thrombospondin motifs 5-like isoform X2,XP_022337760.1,1,Yes,2,fam90_vs_fam120; fam90_vs_fam89,No,0,,No,0,,No,0,,No,0,
LOC111133574,protein moonraker-like isoform X4,XP_022337771.1,1,No,0,,No,0,,No,0,,Yes,1,28d_fed_vs_inj,No,0,
LOC111133580,uncharacterized protein LOC111133580 isoform X1,XP_022337790.1,1,Yes,2,fam90_vs_fam84; fam90_vs_fam89,No,0,,No,0,,No,0,,No,0,
LOC111133617,macrophage migration inhibitory factor-like,XP_022337849.1,1,No,0,,No,0,,Yes,1,Cv_Pmarinus_infection,No,0,,No,0,
LOC111133620,macrophage migration inhibitory factor homolog,XP_022337851.1,1,No,0,,No,0,,Yes,1,Cv_Pmarinus_infection,No,0,,No,0,
LOC111133628,uncharacterized protein LOC111133628,XP_022337858.1,1,Yes,2,fam90_vs_fam120; fam90_vs_fam84,No,0,,No,0,,No,0,,No,0,
LOC111133633,uncharacterized protein LOC111133633,XP_022337865.1,1,Yes,1,fam90_vs_fam84,No,0,,No,0,,No,0,,No,0,
LOC111133637,uncharacterized protein LOC111133637 isoform X2,XP_022337870.1,1,Yes,1,fam90_vs_fam84,No,0,,No,0,,No,0,,No,0,
LOC111133649,uncharacterized protein LOC111133649 isoform X2,XP_022337889.1,1,Yes,1,fam90_vs_fam89,No,0,,No,0,,No,0,,No,0,
LOC111133653,,,1,No,0,,No,0,,Yes,1,Cv_Pmarinus_infection,No,0,,No,0,
LOC111133656,galactose-specific lectin nattectin-like isoform X2,XP_022337895.1,1,No,0,,No,0,,Yes,1,Cv_Pmarinus_infection,No,0,,No,0,
LOC111133669,uncharacterized protein LOC111133669 isoform X2,XP_022337972.1,1,Yes,3,fam90_vs_fam120; fam90_vs_fam84; fam90_vs_fam89,No,0,,No,0,,No,0,,No,0,
LOC111133683,uncharacterized protein LOC111133683,XP_022337994.1,1,Yes,1,fam90_vs_fam120,No,0,,No,0,,No,0,,No,0,
LOC111133686,uncharacterized protein LOC111133686,XP_022337997.1,1,Yes,2,fam90_vs_fam84; fam90_vs_fam89,No,0,,No,0,,No,0,,No,0,
LOC111133689,uncharacterized protein LOC111133689,XP_022338006.1,1,No,0,,No,0,,No,0,,No,0,,Yes,1,resistant_fam266_36h_7d
LOC111133721,uncharacterized protein LOC111133721,XP_022338047.1,1,No,0,,No,0,,No,0,,No,0,,Yes,1,resistant_fam266_36h_7d
LOC111133725,xaa-Pro dipeptidase-like,XP_022338052.1,1,No,0,,No,0,,No,0,,Yes,1,28d_fed_vs_inj,No,0,
LOC111133727,dnaJ homolog subfamily A member 2-like,XP_022338055.1,1,No,0,,No,0,,No,0,,Yes,1,36h_fed_vs_inj,No,0,
LOC111133735,perlucin-like isoform X2,XP_022338065.1,1,No,0,,No,0,,Yes,1,Cv_Pmarinus_infection,No,0,,No,0,
LOC111133750,uncharacterized protein LOC111133750,XP_022338091.1,1,Yes,1,fam90_vs_fam84,No,0,,No,0,,No,0,,No,0,
LOC111133752,uncharacterized protein LOC111133752 isoform X1,XP_022338094.1,1,Yes,1,fam90_vs_fam120,No,0,,No,0,,No,0,,No,0,
LOC111133768,WD repeat-containing protein 88-like isoform X1,XP_022338117.1,1,Yes,1,fam90_vs_fam84,No,0,,No,0,,No,0,,No,0,
LOC111133787,uncharacterized protein LOC111133787 isoform X1,XP_022338160.1,1,No,0,,No,0,,Yes,1,Cv_Pmarinus_infection,No,0,,No,0,
LOC111133788,uncharacterized protein LOC111133788,XP_022338162.1,1,Yes,1,fam90_vs_fam120,No,0,,No,0,,No,0,,No,0,
LOC111133793,"methyltransferase-like protein 17, mitochondrial",XP_022338165.1,1,Yes,1,fam90_vs_fam89,No,0,,No,0,,No,0,,No,0,
LOC111133795,uncharacterized protein LOC111133795 isoform X1,XP_022338166.1,1,Yes,1,fam90_vs_fam84,No,0,,No,0,,No,0,,No,0,
LOC111133796,solute carrier family 23 member 1-like,XP_022338169.1,1,No,0,,No,0,,No,0,,Yes,1,28d_fed_vs_inj,No,0,
LOC111133797,DNA damage-binding protein 2-like isoform X2,XP_022338170.1,1,Yes,1,fam90_vs_fam84,No,0,,No,0,,No,0,,No,0,
LOC111133801,CD109 antigen-like,XP_022338178.1,1,No,0,,No,0,,Yes,1,Cv_Pmarinus_infection,No,0,,No,0,
LOC111133817,cell death protein 3-like,XP_022338210.1,1,No,0,,No,0,,Yes,1,Cv_Pmarinus_infection,No,0,,No,0,
LOC111133821,uncharacterized protein LOC111133821,XP_022338214.1,1,Yes,1,fam90_vs_fam89,No,0,,No,0,,No,0,,No,0,
LOC111133823,tripartite motif-containing protein 2-like,XP_022338219.1,1,Yes,1,fam90_vs_fam120,No,0,,No,0,,No,0,,No,0,
LOC111133828,glycine-rich cell wall structural protein-like isoform X1,XP_022338225.1,1,No,0,,No,0,,No,0,,Yes,1,28d_fed_vs_inj,No,0,
LOC111133831,uncharacterized protein LOC111133831,XP_022338230.1,1,Yes,1,fam90_vs_fam84,No,0,,No,0,,No,0,,No,0,
LOC111133833,uncharacterized protein LOC111133833 isoform X2,XP_022338231.1,1,Yes,2,fam90_vs_fam120; fam90_vs_fam84,No,0,,No,0,,No,0,,No,0,
LOC111133835,contactin-4-like,XP_022338275.1,1,Yes,1,fam90_vs_fam84,No,0,,No,0,,No,0,,No,0,
LOC111133837,ionotropic receptor 25a-like isoform X1,XP_022338236.1,1,Yes,2,fam90_vs_fam84; fam90_vs_fam89,No,0,,No,0,,No,0,,No,0,
LOC111133850,lipopolysaccharide-induced tumor necrosis factor-alpha factor homolog,XP_022338255.1,1,Yes,1,fam90_vs_fam84,No,0,,No,0,,No,0,,No,0,
LOC111133856,thioredoxin-related transmembrane protein 2 homolog,XP_022338269.1,1,Yes,1,fam90_vs_fam84,No,0,,No,0,,No,0,,No,0,
LOC111133865,uncharacterized protein LOC111133865,XP_022338280.1,1,No,0,,No,0,,No,0,,Yes,1,28d_fed_vs_inj,No,0,
LOC111133876,scavenger receptor class F member 1-like,XP_022338291.1,1,Yes,1,fam90_vs_fam89,No,0,,No,0,,No,0,,No,0,
LOC111133883,uncharacterized protein LOC111133883 isoform X2,XP_022338299.1,1,No,0,,No,0,,Yes,1,Cv_Pmarinus_infection,No,0,,No,0,
LOC111133888,uncharacterized protein LOC111133888,XP_022338307.1,1,Yes,1,fam90_vs_fam89,No,0,,No,0,,No,0,,No,0,
LOC111133895,neuropeptide Y receptor type 1-like,XP_022338326.1,1,Yes,3,fam90_vs_fam120; fam90_vs_fam84; fam90_vs_fam89,No,0,,No,0,,No,0,,No,0,
LOC111133896,heat shock 70 kDa protein 12A-like,XP_022338330.1,1,Yes,1,fam90_vs_fam89,No,0,,No,0,,No,0,,No,0,
LOC111133910,uncharacterized protein LOC111133910,XP_022338351.1,1,No,0,,No,0,,Yes,1,Cv_Pmarinus_infection,No,0,,No,0,
LOC111133958,SCO-spondin-like isoform X1,XP_022338411.1,1,No,0,,No,0,,No,0,,Yes,1,28d_fed_vs_inj,No,0,
LOC111133967,deleted in malignant brain tumors 1 protein-like isoform X1,XP_022338420.1,1,No,0,,No,0,,Yes,1,Cv_Pmarinus_infection,No,0,,No,0,
LOC111133968,receptor-interacting serine/threonine-protein kinase 4-like isoform X3,XP_022338425.1,1,Yes,1,fam90_vs_fam120,No,0,,No,0,,No,0,,No,0,
LOC111133969,LOW QUALITY PROTEIN: mediator of RNA polymerase II transcription subunit 31-A-like,XP_022338423.1,1,Yes,1,fam90_vs_fam84,No,0,,No,0,,No,0,,No,0,
LOC111133993,uncharacterized protein LOC111133993,XP_022338449.1,1,Yes,1,fam90_vs_fam89,No,0,,No,0,,No,0,,No,0,
LOC111133997,fibronectin type III domain-containing protein 1-like,XP_022338456.1,1,Yes,1,fam90_vs_fam120,No,0,,No,0,,No,0,,No,0,
LOC111133999,uncharacterized protein LOC111133999,XP_022338462.1,1,Yes,3,fam90_vs_fam120; fam90_vs_fam84; fam90_vs_fam89,No,0,,No,0,,No,0,,No,0,
LOC111134000,cytoplasmic dynein 1 light intermediate chain 2-like isoform X8,XP_022338461.1,1,Yes,2,fam90_vs_fam120; fam90_vs_fam89,No,0,,No,0,,No,0,,No,0,
LOC111134001,uncharacterized protein LOC111134001,XP_022338504.1,1,Yes,1,fam90_vs_fam84,No,0,,No,0,,No,0,,No,0,
LOC111134017,sonic hedgehog protein-like,XP_022338493.1,1,Yes,2,fam90_vs_fam120; fam90_vs_fam84,No,0,,No,0,,No,0,,No,0,
LOC111134029,uncharacterized protein LOC111134029,XP_022338503.1,1,Yes,1,fam90_vs_fam84,No,0,,No,0,,No,0,,No,0,
LOC111134031,RUN domain-containing protein 1-like isoform X1,XP_022338513.1,1,Yes,1,fam90_vs_fam84,No,0,,No,0,,No,0,,No,0,
LOC111134033,uncharacterized protein LOC111134033,XP_022338511.1,1,Yes,3,fam90_vs_fam120; fam90_vs_fam84; fam90_vs_fam89,No,0,,No,0,,No,0,,No,0,
LOC111134037,altered inheritance of mitochondria protein 3-like,XP_022338515.1,1,Yes,1,fam90_vs_fam89,No,0,,No,0,,No,0,,No,0,
LOC111134038,uncharacterized protein LOC111134038 isoform X1,XP_022338516.1,1,Yes,1,fam90_vs_fam120,No,0,,No,0,,No,0,,No,0,
LOC111134043,ephrin type-B receptor 1-B-like isoform X1,XP_022338528.1,1,No,0,,No,0,,No,0,,Yes,2,28d_fed_vs_inj; 6h_fed_vs_ctrl,No,0,
LOC111134047,deoxynucleoside triphosphate triphosphohydrolase SAMHD1-like isoform X1,XP_022338538.1,1,No,0,,No,0,,Yes,1,Cv_Pmarinus_infection,No,0,,No,0,
LOC111134048,uncharacterized protein LOC111134048 isoform X1,XP_022338544.1,1,No,0,,No,0,,No,0,,Yes,1,6h_fed_vs_ctrl,No,0,
LOC111134053,uncharacterized protein LOC111134053 isoform X2,XP_022338551.1,1,Yes,1,fam90_vs_fam89,No,0,,No,0,,No,0,,No,0,
LOC111134065,peptide methionine sulfoxide reductase-like,XP_022338571.1,1,Yes,1,fam90_vs_fam89,No,0,,No,0,,No,0,,No,0,
LOC111134071,"beta-1,3-galactosyl-O-glycosyl-glycoprotein beta-1,6-N-acetylglucosaminyltransferase 3-like",XP_022338576.1,1,Yes,1,fam90_vs_fam89,No,0,,No,0,,No,0,,No,0,
LOC111134103,coatomer subunit beta'-like,XP_022338617.1,1,No,0,,No,0,,No,0,,Yes,1,36h_fed_vs_inj,No,0,
LOC111134104,carbonic anhydrase 2-like,XP_022338619.1,1,No,0,,No,0,,No,0,,Yes,1,28d_fed_vs_inj,No,0,
LOC111134106,transmembrane protein 107-like isoform X2,XP_022338621.1,1,Yes,1,fam90_vs_fam84,No,0,,No,0,,No,0,,No,0,
LOC111134128,LOW QUALITY PROTEIN: actin-like protein 6A,XP_022338696.1,1,Yes,1,fam90_vs_fam84,No,0,,No,0,,No,0,,No,0,
LOC111134131,uncharacterized protein LOC111134131,XP_022338661.1,1,Yes,1,fam90_vs_fam89,No,0,,No,0,,No,0,,No,0,
LOC111134132,uncharacterized protein LOC111134132 isoform X1,XP_022338662.1,1,Yes,1,fam90_vs_fam84,No,0,,No,0,,No,0,,No,0,
LOC111134140,uncharacterized protein LOC111134140,XP_022338677.1,1,No,0,,No,0,,No,0,,Yes,1,7d_fed_vs_inj,No,0,
LOC111134159,uncharacterized protein LOC111134159 isoform X1,XP_022338702.1,1,Yes,1,fam90_vs_fam84,No,0,,No,0,,No,0,,No,0,
LOC111134177,tripartite motif-containing protein 3-like,XP_022338724.1,1,Yes,2,fam90_vs_fam84; fam90_vs_fam89,No,0,,No,0,,No,0,,No,0,
LOC111134181,cytochrome P450 27C1-like,XP_022338731.1,1,No,0,,No,0,,No,0,,Yes,1,28d_fed_vs_inj,No,0,
LOC111134185,uncharacterized protein LOC111134185,XP_022338732.1,1,No,0,,No,0,,No,0,,Yes,1,28d_fed_vs_inj,No,0,
LOC111134202,E3 ubiquitin-protein ligase TRIM56-like,XP_022338760.1,1,Yes,1,fam90_vs_fam89,No,0,,No,0,,No,0,,No,0,
LOC111134208,glutathione S-transferase-like,XP_022338768.1,1,Yes,2,fam90_vs_fam84; fam90_vs_fam89,No,0,,No,0,,No,0,,No,0,
LOC111134211,laccase-4-like,XP_022338770.1,1,Yes,1,fam90_vs_fam89,No,0,,No,0,,No,0,,No,0,
LOC111134222,tripartite motif-containing protein 55-like,XP_022338786.1,1,Yes,2,fam90_vs_fam84; fam90_vs_fam89,No,0,,No,0,,No,0,,No,0,
LOC111134224,uncharacterized protein LOC111134224,XP_022338788.1,1,Yes,1,fam90_vs_fam89,No,0,,No,0,,No,0,,No,0,
LOC111134230,uncharacterized protein LOC111134230 isoform X2,XP_022338801.1,1,No,0,,No,0,,No,0,,Yes,1,36h_fed_vs_inj,No,0,
LOC111134241,uncharacterized protein LOC111134241 isoform X1,XP_022338829.1,1,Yes,2,fam90_vs_fam84; fam90_vs_fam89,No,0,,No,0,,No,0,,No,0,
LOC111134249,LOW QUALITY PROTEIN: catalase-like,XP_022338846.1,1,No,0,,No,0,,Yes,1,Cv_Pmarinus_infection,No,0,,No,0,
LOC111134262,uncharacterized protein LOC111134262 isoform X1,XP_022338861.1,1,Yes,1,fam90_vs_fam84,No,0,,No,0,,No,0,,No,0,
LOC111134264,uncharacterized protein LOC111134264,XP_022338863.1,1,No,0,,No,0,,Yes,1,Cv_Pmarinus_infection,No,0,,No,0,
LOC111134265,uncharacterized protein LOC111134265 isoform X2,XP_022338864.1,1,No,0,,No,0,,No,0,,Yes,1,28d_fed_vs_inj,No,0,
LOC111134288,uncharacterized protein LOC111134288 isoform X1,XP_022338896.1,1,Yes,1,fam90_vs_fam84,No,0,,No,0,,No,0,,No,0,
LOC111134289,"acyl-CoA synthetase family member 2, mitochondrial-like",XP_022338899.1,1,Yes,1,fam90_vs_fam120,No,0,,No,0,,No,0,,No,0,
LOC111134301,LOW QUALITY PROTEIN: sulfotransferase family cytosolic 1B member 1-like,XP_022338916.1,1,Yes,2,fam90_vs_fam84; fam90_vs_fam89,No,0,,No,0,,No,0,,No,0,
LOC111134307,LOW QUALITY PROTEIN: sulfotransferase family cytosolic 1B member 1-like,XP_022338928.1,1,Yes,1,fam90_vs_fam89,No,0,,No,0,,No,0,,No,0,
LOC111134313,uncharacterized protein LOC111134313 isoform X1,XP_022338940.1,1,No,0,,No,0,,No,0,,Yes,1,6h_fed_vs_ctrl,No,0,
LOC111134314,leucine-rich repeat-containing protein 23-like isoform X1,XP_022338938.1,1,No,0,,No,0,,No,0,,Yes,1,28d_fed_vs_inj,No,0,
LOC111134324,"beta-1,3-galactosyltransferase brn-like isoform X3",XP_022338954.1,1,No,0,,No,0,,No,0,,Yes,2,36h_fed_vs_inj; 6h_fed_vs_ctrl,No,0,
LOC111134325,apolipoprotein D-like,XP_022338963.1,1,Yes,2,fam90_vs_fam120; fam90_vs_fam89,No,0,,No,0,,No,0,,No,0,
LOC111134327,G-protein coupled receptor 157-like isoform X1,XP_022338965.1,1,Yes,1,fam90_vs_fam89,No,0,,No,0,,No,0,,No,0,
LOC111134336,tctex1 domain-containing protein 2-like,XP_022338983.1,1,No,0,,No,0,,No,0,,Yes,1,28d_fed_vs_inj,No,0,
LOC111134338,uncharacterized protein LOC111134338 isoform X1,XP_022338984.1,1,Yes,1,fam90_vs_fam84,No,0,,No,0,,No,0,,No,0,
LOC111134348,uncharacterized protein LOC111134348,XP_022338998.1,1,Yes,1,fam90_vs_fam120,No,0,,No,0,,No,0,,No,0,
LOC111134351,uncharacterized protein LOC111134351 isoform X1,XP_022339007.1,1,Yes,3,fam90_vs_fam120; fam90_vs_fam84; fam90_vs_fam89,No,0,,No,0,,No,0,,No,0,
LOC111134357,GRIP and coiled-coil domain-containing protein 2-like isoform X3,XP_022339012.1,1,No,0,,No,0,,No,0,,Yes,1,28d_fed_vs_inj,No,0,
LOC111134359,uncharacterized protein LOC111134359,XP_022339019.1,1,No,0,,No,0,,No,0,,Yes,1,28d_fed_vs_inj,No,0,
LOC111134364,zinc finger protein 226-like,XP_022339025.1,1,Yes,1,fam90_vs_fam89,No,0,,No,0,,No,0,,No,0,
LOC111134382,biogenesis of lysosome-related organelles complex 1 subunit 4-like,XP_022339055.1,1,Yes,1,fam90_vs_fam84,No,0,,No,0,,No,0,,No,0,
LOC111134389,LOW QUALITY PROTEIN: guanine nucleotide-binding protein G(s) subunit alpha-like,XP_022339062.1,1,No,0,,No,0,,Yes,1,Cv_Pmarinus_infection,No,0,,No,0,
LOC111134394,protein tiptop-like isoform X3,XP_022339063.1,1,No,0,,No,0,,No,0,,Yes,1,36h_fed_vs_inj,No,0,
LOC111134399,meiotic recombination protein SPO11-like,XP_022339078.1,1,Yes,1,fam90_vs_fam89,No,0,,No,0,,No,0,,No,0,
LOC111134409,uncharacterized protein LOC111134409 isoform X1,XP_022339089.1,1,No,0,,No,0,,No,0,,Yes,1,36h_fed_vs_inj,No,0,
LOC111134414,monocarboxylate transporter 12-like isoform X1,XP_022339098.1,1,No,0,,No,0,,No,0,,Yes,1,28d_fed_vs_inj,No,0,
LOC111134417,tumor necrosis factor alpha-induced protein 3-like isoform X3,XP_022339102.1,1,No,0,,No,0,,No,0,,Yes,1,28d_fed_vs_inj,No,0,
LOC111134418,fatty-acid amide hydrolase 2-like,XP_022339113.1,1,Yes,1,fam90_vs_fam89,No,0,,No,0,,No,0,,No,0,
LOC111134449,eukaryotic translation initiation factor 4E transporter-like isoform X2,XP_022339167.1,1,Yes,1,fam90_vs_fam120,No,0,,No,0,,No,0,,No,0,
LOC111134457,matrix metalloproteinase-2-like,XP_022339183.1,1,No,0,,No,0,,No,0,,Yes,2,28d_fed_vs_inj; 36h_fed_vs_inj,No,0,
LOC111134458,"short-chain specific acyl-CoA dehydrogenase, mitochondrial-like",XP_022339184.1,1,No,0,,No,0,,No,0,,Yes,1,36h_fed_vs_inj,No,0,
LOC111134463,uncharacterized protein LOC111134463 isoform X2,XP_022339191.1,1,Yes,1,fam90_vs_fam89,No,0,,No,0,,No,0,,No,0,
LOC111134466,uncharacterized protein LOC111134466,XP_022339205.1,1,Yes,1,fam90_vs_fam120,No,0,,No,0,,No,0,,No,0,
LOC111134474,elongation of very long chain fatty acids protein 4-like isoform X1,XP_022339230.1,1,No,0,,No,0,,No,0,,Yes,1,28d_fed_vs_inj,No,0,
LOC111134479,multidrug resistance protein 1-like isoform X1,XP_022339240.1,1,Yes,3,fam90_vs_fam120; fam90_vs_fam84; fam90_vs_fam89,No,0,,No,0,,No,0,,No,0,
LOC111134480,uncharacterized protein LOC111134480,XP_022339242.1,1,Yes,2,fam90_vs_fam120; fam90_vs_fam84,No,0,,No,0,,No,0,,No,0,
LOC111134481,macrophage mannose receptor 1-like,XP_022339244.1,1,Yes,2,fam90_vs_fam84; fam90_vs_fam89,No,0,,No,0,,No,0,,No,0,
LOC111134482,eukaryotic translation initiation factor 3 subunit C-like isoform X1,XP_022339245.1,1,No,0,,No,0,,No,0,,Yes,1,28d_fed_vs_inj,No,0,
LOC111134483,2-(3-amino-3-carboxypropyl)histidine synthase subunit 1-like,XP_022339249.1,1,Yes,1,fam90_vs_fam89,No,0,,No,0,,No,0,,No,0,
LOC111134490,E3 ubiquitin protein ligase RIE1-like,XP_022339303.1,1,No,0,,No,0,,No,0,,Yes,1,28d_fed_vs_inj,No,0,
LOC111134497,uncharacterized protein LOC111134497 isoform X1,XP_022339278.1,1,No,0,,No,0,,No,0,,Yes,1,36h_fed_vs_inj,No,0,
LOC111134502,uncharacterized protein LOC111134502,XP_022339292.1,1,Yes,1,fam90_vs_fam120,No,0,,No,0,,No,0,,No,0,
LOC111134504,uncharacterized protein LOC111134504 isoform X1,XP_022339295.1,1,Yes,2,fam90_vs_fam120; fam90_vs_fam84,No,0,,No,0,,No,0,,No,0,
LOC111134509,adenylate cyclase type 2-like,XP_022339310.1,1,No,0,,No,0,,No,0,,Yes,1,7d_fed_vs_inj,No,0,
LOC111134527,uncharacterized protein LOC111134527 isoform X1,XP_022339348.1,1,No,0,,No,0,,No,0,,Yes,1,28d_fed_vs_inj,No,0,
LOC111134528,meprin A subunit beta-like,XP_022339355.1,1,Yes,2,fam90_vs_fam84; fam90_vs_fam89,No,0,,No,0,,No,0,,No,0,
LOC111134534,uncharacterized protein LOC111134534 isoform X3,XP_022339362.1,1,Yes,1,fam90_vs_fam84,No,0,,No,0,,No,0,,No,0,
LOC111134538,uncharacterized protein LOC111134538,XP_022339371.1,1,No,0,,No,0,,No,0,,Yes,1,28d_fed_vs_inj,No,0,
LOC111134550,P2X purinoceptor 7-like,XP_022339385.1,1,Yes,2,fam90_vs_fam120; fam90_vs_fam84,No,0,,No,0,,No,0,,No,0,
LOC111134551,AP-1 complex subunit sigma-2 isoform X1,XP_022339386.1,1,No,0,,No,0,,No,0,,Yes,1,28d_fed_vs_inj,No,0,
LOC111134561,msx2-interacting protein-like isoform X2,XP_022339398.1,1,No,0,,No,0,,No,0,,Yes,1,36h_fed_vs_inj,No,0,
LOC111134566,interferon-induced protein 44-like isoform X1,XP_022339409.1,1,Yes,1,fam90_vs_fam120,No,0,,No,0,,No,0,,No,0,
LOC111134572,kinesin-like protein KIF28P isoform X8,XP_022339414.1,1,No,0,,No,0,,No,0,,Yes,1,28d_fed_vs_inj,No,0,
LOC111134577,FYVE and coiled-coil domain-containing protein 1-like isoform X1,XP_022339435.1,1,Yes,1,fam90_vs_fam89,No,0,,No,0,,No,0,,No,0,
LOC111134583,uncharacterized protein LOC111134583 isoform X2,XP_022339446.1,1,Yes,1,fam90_vs_fam89,No,0,,No,0,,No,0,,No,0,
LOC111134588,sodium- and chloride-dependent glycine transporter 1-like isoform X1,XP_022339454.1,1,Yes,1,fam90_vs_fam120,No,0,,No,0,,No,0,,No,0,
LOC111134592,ribonuclease H2 subunit B-like,XP_022339461.1,1,Yes,1,fam90_vs_fam89,No,0,,No,0,,No,0,,No,0,
LOC111134599,ARF GTPase-activating protein GIT2-like isoform X3,XP_022339472.1,1,No,0,,No,0,,No,0,,Yes,1,7d_fed_vs_inj,No,0,
LOC111134604,uncharacterized protein LOC111134604 isoform X1,XP_022339480.1,1,No,0,,No,0,,No,0,,Yes,1,6h_fed_vs_ctrl,No,0,
LOC111134609,dynactin subunit 1-like isoform X2,XP_022339489.1,1,Yes,3,fam90_vs_fam120; fam90_vs_fam84; fam90_vs_fam89,No,0,,No,0,,No,0,,No,0,
LOC111134615,integral membrane protein 2A-like isoform X2,XP_022339499.1,1,Yes,1,fam90_vs_fam120,No,0,,No,0,,No,0,,No,0,
LOC111134631,contactin-5-like,XP_022339536.1,1,Yes,3,fam90_vs_fam120; fam90_vs_fam84; fam90_vs_fam89,No,0,,No,0,,No,0,,No,0,
LOC111134634,GATOR complex protein DEPDC5-like isoform X1,XP_022339561.1,1,No,0,,No,0,,No,0,,Yes,1,28d_fed_vs_inj,No,0,
LOC111134638,nudC domain-containing protein 1-like isoform X1,XP_022339573.1,1,Yes,2,fam90_vs_fam84; fam90_vs_fam89,No,0,,No,0,,No,0,,No,0,
LOC111134643,uncharacterized protein LOC111134643 isoform X2,XP_022339579.1,1,Yes,1,fam90_vs_fam89,No,0,,No,0,,No,0,,No,0,
LOC111134647,coronin-1B-like isoform X4,XP_022339587.1,1,No,0,,Yes,1,Pmarinus_infection,No,0,,No,0,,No,0,
LOC111134651,cytoplasmic dynein 1 light intermediate chain 2-like isoform X9,XP_022339597.1,1,No,0,,No,0,,No,0,,Yes,1,28d_fed_vs_inj,No,0,
LOC111134659,poly(U)-binding-splicing factor PUF60-like isoform X1,XP_022339616.1,1,Yes,1,fam90_vs_fam84,No,0,,No,0,,No,0,,No,0,
LOC111134664,MORN repeat-containing protein 3-like,XP_022339623.1,1,No,0,,No,0,,No,0,,Yes,1,28d_fed_vs_inj,No,0,
LOC111134678,inversin-like isoform X5,XP_022339643.1,1,Yes,3,fam90_vs_fam120; fam90_vs_fam84; fam90_vs_fam89,No,0,,No,0,,No,0,,No,0,
LOC111134686,leupaxin-like isoform X6,XP_022339664.1,1,No,0,,No,0,,No,0,,Yes,1,28d_fed_vs_inj,No,0,
LOC111134687,uncharacterized protein LOC111134687,XP_022339671.1,1,Yes,1,fam90_vs_fam84,No,0,,No,0,,No,0,,No,0,
LOC111134695,uncharacterized protein LOC111134695,XP_022339688.1,1,Yes,1,fam90_vs_fam84,No,0,,No,0,,No,0,,No,0,
LOC111134697,uncharacterized protein LOC111134697 isoform X2,XP_022339693.1,1,No,0,,No,0,,No,0,,Yes,1,6h_fed_vs_ctrl,No,0,
LOC111134699,carbonic anhydrase 14-like isoform X3,XP_022339695.1,1,Yes,1,fam90_vs_fam84,No,0,,No,0,,No,0,,No,0,
LOC111134717,uncharacterized protein LOC111134717,XP_022339737.1,1,Yes,1,fam90_vs_fam120,No,0,,No,0,,No,0,,No,0,
LOC111134722,collagen alpha-2(IV) chain-like,XP_022339743.1,1,No,0,,No,0,,No,0,,Yes,1,28d_fed_vs_inj,No,0,
LOC111134724,PQ-loop repeat-containing protein 1-like isoform X4,XP_022339745.1,1,No,0,,No,0,,No,0,,Yes,1,28d_fed_vs_inj,No,0,
LOC111134725,protein retinal degeneration B-like isoform X3,XP_022339751.1,1,No,0,,No,0,,No,0,,Yes,1,7d_fed_vs_inj,No,0,
LOC111134740,"myosin heavy chain, skeletal muscle-like",XP_022339785.1,1,No,0,,No,0,,Yes,1,Cv_Pmarinus_infection,No,0,,No,0,
LOC111134741,kinesin-related protein 4-like,XP_022339787.1,1,No,0,,No,0,,Yes,1,Cv_Pmarinus_infection,No,0,,No,0,
LOC111134742,intracellular protein transport protein uso1-like,XP_022339788.1,1,No,0,,No,0,,Yes,1,Cv_Pmarinus_infection,No,0,,No,0,
LOC111134743,T-cell differentiation antigen CD6-like,XP_022339789.1,1,No,0,,No,0,,Yes,1,Cv_Pmarinus_infection,No,0,,No,0,
LOC111134760,RING finger protein 145-like,XP_022339810.1,1,No,0,,No,0,,No,0,,Yes,1,28d_fed_vs_inj,No,0,
LOC111134782,uncharacterized protein LOC111134782,XP_022339852.1,1,Yes,1,fam90_vs_fam89,No,0,,No,0,,No,0,,No,0,
LOC111134784,contactin-3-like isoform X1,XP_022339903.1,1,Yes,2,fam90_vs_fam120; fam90_vs_fam89,No,0,,No,0,,No,0,,No,0,
LOC111134793,uncharacterized protein LOC111134793 isoform X3,XP_022339894.1,1,No,0,,No,0,,No,0,,Yes,1,6h_fed_vs_ctrl,No,0,
LOC111134794,WASH complex subunit 2-like isoform X6,XP_022339899.1,1,Yes,3,fam90_vs_fam120; fam90_vs_fam84; fam90_vs_fam89,No,0,,No,0,,No,0,,No,0,
LOC111134797,uncharacterized protein LOC111134797,XP_022339902.1,1,Yes,1,fam90_vs_fam89,No,0,,No,0,,No,0,,No,0,
LOC111134800,uncharacterized protein LOC111134800 isoform X1,XP_022339906.1,1,Yes,1,fam90_vs_fam89,No,0,,No,0,,No,0,,No,0,
LOC111134801,uncharacterized protein LOC111134801,XP_022339912.1,1,Yes,1,fam90_vs_fam120,No,0,,No,0,,No,0,,No,0,
LOC111134803,condensin complex subunit 2-like,XP_022339917.1,1,Yes,1,fam90_vs_fam89,No,0,,No,0,,No,0,,No,0,
LOC111134804,monocarboxylate transporter 12-like isoform X3,XP_022339919.1,1,Yes,1,fam90_vs_fam89,No,0,,No,0,,No,0,,No,0,
LOC111134805,monocarboxylate transporter 12-like,XP_022339925.1,1,Yes,1,fam90_vs_fam89,No,0,,No,0,,No,0,,No,0,
LOC111134806,monocarboxylate transporter 12-like isoform X2,XP_022339926.1,1,Yes,1,fam90_vs_fam89,No,0,,No,0,,No,0,,No,0,
LOC111134808,condensin complex subunit 2-like,XP_022339931.1,1,Yes,1,fam90_vs_fam89,No,0,,No,0,,No,0,,No,0,
LOC111134815,von Hippel-Lindau disease tumor suppressor-like,XP_022339945.1,1,Yes,1,fam90_vs_fam120,No,0,,No,0,,No,0,,No,0,
LOC111134826,von Willebrand factor D and EGF domain-containing protein-like,XP_022339964.1,1,Yes,3,fam90_vs_fam120; fam90_vs_fam84; fam90_vs_fam89,No,0,,No,0,,No,0,,No,0,
LOC111134829,von Willebrand factor D and EGF domain-containing protein-like,XP_022339978.1,1,Yes,2,fam90_vs_fam84; fam90_vs_fam89,No,0,,No,0,,No,0,,No,0,
LOC111134830,E3 ubiquitin-protein ligase Bre1-like isoform X1,XP_022339976.1,1,Yes,1,fam90_vs_fam84,No,0,,No,0,,No,0,,No,0,
LOC111134843,"dynein heavy chain 5, axonemal-like isoform X7",XP_022340002.1,1,No,0,,No,0,,No,0,,Yes,1,28d_fed_vs_inj,No,0,
LOC111134846,methyltransferase-like protein 27,XP_022340015.1,1,Yes,1,fam90_vs_fam89,No,0,,No,0,,No,0,,No,0,
LOC111134858,PH domain leucine-rich repeat-containing protein phosphatase 2-like isoform X2,XP_022340037.1,1,Yes,1,fam90_vs_fam84,No,0,,No,0,,No,0,,No,0,
LOC111134864,tektin-3-like isoform X1,XP_022340059.1,1,Yes,3,fam90_vs_fam120; fam90_vs_fam84; fam90_vs_fam89,No,0,,No,0,,No,0,,No,0,
LOC111134869,protein slit-like isoform X2,XP_022340060.1,1,No,0,,No,0,,No,0,,Yes,1,28d_fed_vs_inj,No,0,
LOC111134872,tRNA-specific adenosine deaminase 1-like isoform X3,XP_022340066.1,1,Yes,1,fam90_vs_fam120,No,0,,No,0,,No,0,,No,0,
LOC111134874,uncharacterized protein LOC111134874 isoform X1,XP_022340075.1,1,Yes,1,fam90_vs_fam89,No,0,,No,0,,No,0,,No,0,
LOC111134876,uncharacterized protein LOC111134876 isoform X2,XP_022340080.1,1,Yes,2,fam90_vs_fam84; fam90_vs_fam89,No,0,,No,0,,No,0,,No,0,
LOC111134878,uncharacterized protein LOC111134878,XP_022340085.1,1,Yes,1,fam90_vs_fam89,No,0,,No,0,,No,0,,No,0,
LOC111134882,endothelin-converting enzyme homolog isoform X2,XP_022340095.1,1,No,0,,No,0,,No,0,,Yes,1,28d_fed_vs_inj,No,0,
LOC111134886,LIM and senescent cell antigen-like-containing domain protein 1 isoform X5,XP_022340104.1,1,No,0,,No,0,,No,0,,Yes,1,28d_fed_vs_inj,No,0,
LOC111134888,"dynein heavy chain 10, axonemal-like isoform X4",XP_022340119.1,1,No,0,,No,0,,No,0,,Yes,1,6h_fed_vs_ctrl,No,0,
LOC111134910,uncharacterized protein LOC111134910,XP_022340169.1,1,No,0,,No,0,,No,0,,Yes,1,6h_fed_vs_ctrl,No,0,
LOC111134916,ryncolin-1-like,XP_022340180.1,1,No,0,,No,0,,Yes,1,Cv_Pmarinus_infection,No,0,,No,0,
LOC111134921,fibrinogen beta chain-like,XP_022340184.1,1,Yes,2,fam90_vs_fam84; fam90_vs_fam89,No,0,,No,0,,No,0,,No,0,
LOC111134925,"myosin regulatory light chain A, smooth adductor muscle-like isoform X2",XP_022340188.1,1,No,0,,No,0,,No,0,,No,0,,Yes,1,susceptible_fam242_36h_28d
LOC111134926,huntingtin-like isoform X2,XP_022340192.1,1,No,0,,No,0,,No,0,,Yes,1,6h_fed_vs_ctrl,No,0,
LOC111134950,protein spire homolog 1-like isoform X4,XP_022340257.1,1,No,0,,No,0,,No,0,,Yes,1,36h_fed_vs_inj,No,0,
LOC111134953,dentin sialophosphoprotein-like isoform X3,XP_022340268.1,1,Yes,2,fam90_vs_fam84; fam90_vs_fam89,No,0,,No,0,,No,0,,No,0,
LOC111134955,mucolipin-3-like,XP_022340272.1,1,Yes,2,fam90_vs_fam84; fam90_vs_fam89,No,0,,No,0,,No,0,,No,0,
LOC111134957,uncharacterized protein LOC111134957 isoform X1,XP_022340276.1,1,No,0,,No,0,,Yes,1,Cv_Pmarinus_infection,No,0,,No,0,
LOC111134972,cilia- and flagella-associated protein 43-like isoform X4,XP_022340306.1,1,Yes,1,fam90_vs_fam120,No,0,,No,0,,No,0,,No,0,
LOC111134976,hydroxylysine kinase-like isoform X1,XP_022340319.1,1,No,0,,No,0,,No,0,,Yes,1,6h_fed_vs_ctrl,No,0,
LOC111134979,uncharacterized protein LOC111134979 isoform X2,XP_022340324.1,1,No,0,,No,0,,Yes,1,Cv_Pmarinus_infection,No,0,,No,0,
LOC111134997,aldehyde dehydrogenase family 3 member B1-like isoform X1,XP_022340352.1,1,Yes,1,fam90_vs_fam89,No,0,,No,0,,No,0,,No,0,
LOC111134998,malignant fibrous histiocytoma-amplified sequence 1 homolog isoform X1,XP_022340353.1,1,Yes,3,fam90_vs_fam120; fam90_vs_fam84; fam90_vs_fam89,No,0,,No,0,,No,0,,No,0,
LOC111135002,NF-kappa-B inhibitor-interacting Ras-like protein 1 isoform X7,XP_022340366.1,1,Yes,1,fam90_vs_fam89,No,0,,No,0,,No,0,,No,0,
LOC111135015,nuclear receptor coactivator 2-like isoform X2,XP_022340403.1,1,No,0,,No,0,,No,0,,Yes,1,28d_fed_vs_inj,No,0,
LOC111135017,uncharacterized protein LOC111135017,XP_022340401.1,1,Yes,2,fam90_vs_fam120; fam90_vs_fam89,No,0,,No,0,,No,0,,No,0,
LOC111135019,uncharacterized protein LOC111135019 isoform X2,XP_022340404.1,1,Yes,1,fam90_vs_fam84,No,0,,No,0,,No,0,,No,0,
LOC111135022,tripartite motif-containing protein 5-like isoform X1,XP_022340411.1,1,Yes,1,fam90_vs_fam89,No,0,,No,0,,No,0,,No,0,
LOC111135025,uncharacterized protein LOC111135025,XP_022340417.1,1,Yes,1,fam90_vs_fam89,No,0,,No,0,,No,0,,No,0,
LOC111135029,arsenite methyltransferase-like isoform X2,XP_022340422.1,1,Yes,1,fam90_vs_fam89,No,0,,No,0,,No,0,,No,0,
LOC111135030,eukaryotic translation initiation factor 5B-like isoform X1,XP_022340428.1,1,Yes,1,fam90_vs_fam89,No,0,,No,0,,No,0,,No,0,
LOC111135040,sphingomyelin phosphodiesterase 4-like isoform X2,XP_022340436.1,1,No,0,,No,0,,Yes,1,Cv_Pmarinus_infection,No,0,,No,0,
LOC111135043,uncharacterized protein LOC111135043,XP_022340440.1,1,No,0,,No,0,,Yes,1,Cv_Pmarinus_infection,No,0,,No,0,
LOC111135047,"dTDP-glucose 4,6-dehydratase-like isoform X1",XP_022340442.1,1,No,0,,No,0,,No,0,,Yes,1,28d_fed_vs_inj,No,0,
LOC111135056,uncharacterized protein LOC111135056,XP_022340470.1,1,Yes,1,fam90_vs_fam120,No,0,,No,0,,No,0,,No,0,
LOC111135060,probable RNA-binding protein 19,XP_022340473.1,1,Yes,2,fam90_vs_fam84; fam90_vs_fam89,No,0,,No,0,,No,0,,No,0,
LOC111135072,uncharacterized protein LOC111135072,XP_022340488.1,1,Yes,1,fam90_vs_fam89,No,0,,No,0,,No,0,,No,0,
LOC111135074,protein polyglycylase TTLL10-like isoform X5,XP_022340489.1,1,Yes,1,fam90_vs_fam89,No,0,,No,0,,No,0,,No,0,
LOC111135079,phosphoinositide 3-kinase regulatory subunit 4-like,XP_022340499.1,1,Yes,1,fam90_vs_fam84,No,0,,No,0,,No,0,,No,0,
LOC111135084,programmed cell death 6-interacting protein-like isoform X3,XP_022340515.1,1,No,0,,No,0,,No,0,,Yes,1,28d_fed_vs_inj,No,0,
LOC111135087,arylsulfatase B-like,XP_022340527.1,1,Yes,1,fam90_vs_fam84,No,0,,No,0,,No,0,,No,0,
LOC111135089,tektin-1-like,XP_022340530.1,1,No,0,,No,0,,No,0,,Yes,1,28d_fed_vs_inj,No,0,
LOC111135091,proline-rich transmembrane protein 3-like,XP_022340532.1,1,No,0,,No,0,,No,0,,Yes,1,28d_fed_vs_inj,No,0,
LOC111135093,jmjC domain-containing protein 7-like isoform X2,XP_022340536.1,1,Yes,1,fam90_vs_fam84,No,0,,No,0,,No,0,,No,0,
LOC111135112,peroxisomal membrane protein 2-like,XP_022340560.1,1,Yes,1,fam90_vs_fam84,No,0,,No,0,,No,0,,No,0,
LOC111135115,triple functional domain protein-like isoform X1,XP_022340564.1,1,Yes,1,fam90_vs_fam84,No,0,,No,0,,No,0,,No,0,
LOC111135117,serine/arginine repetitive matrix protein 2-like isoform X5,XP_022340569.1,1,Yes,1,fam90_vs_fam84,No,0,,No,0,,No,0,,No,0,
LOC111135120,uncharacterized protein LOC111135120 isoform X1,XP_022340579.1,1,No,0,,No,0,,No,0,,Yes,1,28d_fed_vs_inj,No,0,
LOC111135146,uncharacterized protein LOC111135146,XP_022340629.1,1,Yes,1,fam90_vs_fam120,No,0,,No,0,,No,0,,No,0,
LOC111135150,Fanconi anemia core complex-associated protein 20-like isoform X3,XP_022340635.1,1,Yes,1,fam90_vs_fam89,No,0,,No,0,,No,0,,No,0,
LOC111135159,aldose 1-epimerase-like isoform X1,XP_022340662.1,1,Yes,2,fam90_vs_fam84; fam90_vs_fam89,No,0,,No,0,,No,0,,No,0,
LOC111135165,LOW QUALITY PROTEIN: mediator of RNA polymerase II transcription subunit 15-like,XP_022340671.1,1,No,0,,No,0,,No,0,,Yes,1,28d_fed_vs_inj,No,0,
LOC111135168,forkhead-associated domain-containing protein 1-like isoform X2,XP_022340674.1,1,No,0,,No,0,,No,0,,Yes,1,7d_fed_vs_inj,No,0,
LOC111135177,slit homolog 3 protein-like isoform X2,XP_022340715.1,1,Yes,1,fam90_vs_fam120,No,0,,No,0,,No,0,,No,0,
LOC111135185,E3 ubiquitin-protein ligase TRIM56-like,XP_022340727.1,1,Yes,1,fam90_vs_fam84,No,0,,No,0,,No,0,,No,0,
LOC111135189,uncharacterized protein LOC111135189 isoform X1,XP_022340730.1,1,No,0,,No,0,,Yes,1,Cv_Pmarinus_infection,No,0,,No,0,
LOC111135208,C-terminal-binding protein-like isoform X1,XP_022340763.1,1,Yes,1,fam90_vs_fam89,No,0,,No,0,,No,0,,No,0,
LOC111135216,sterile alpha motif domain-containing protein 9-like,XP_022340785.1,1,No,0,,No,0,,No,0,,Yes,1,6h_fed_vs_ctrl,No,0,
LOC111135221,cysteine and histidine-rich protein 1-like,XP_022340793.1,1,Yes,1,fam90_vs_fam84,No,0,,No,0,,No,0,,No,0,
LOC111135222,protein fem-1 homolog C-like,XP_022340794.1,1,No,0,,No,0,,No,0,,Yes,1,28d_fed_vs_inj,No,0,
LOC111135227,OTU domain-containing protein 6B-like,XP_022340800.1,1,Yes,3,fam90_vs_fam120; fam90_vs_fam84; fam90_vs_fam89,No,0,,No,0,,No,0,,No,0,
LOC111135231,serine/threonine-protein kinase NLK-like isoform X1,XP_022340806.1,1,No,0,,No,0,,No,0,,Yes,1,7d_fed_vs_inj,No,0,
LOC111135249,"pyruvate dehydrogenase (acetyl-transferring) kinase isozyme 2, mitochondrial-like isoform X2",XP_022340852.1,1,Yes,1,fam90_vs_fam120,No,0,,No,0,,No,0,,No,0,
LOC111135251,uncharacterized protein LOC111135251,XP_022340851.1,1,No,0,,No,0,,Yes,1,Cv_Pmarinus_infection,No,0,,No,0,
LOC111135252,Na(+)/H(+) exchanger beta-like,XP_022340853.1,1,No,0,,No,0,,No,0,,Yes,1,28d_fed_vs_inj,No,0,
LOC111135255,uncharacterized protein LOC111135255,XP_022340870.1,1,Yes,2,fam90_vs_fam84; fam90_vs_fam89,No,0,,No,0,,No,0,,No,0,
LOC111135259,uncharacterized protein LOC111135259 isoform X1,XP_022340878.1,1,Yes,1,fam90_vs_fam120,No,0,,No,0,,No,0,,No,0,
LOC111135260,von Willebrand factor A domain-containing protein 7-like,XP_022340887.1,1,Yes,1,fam90_vs_fam120,No,0,,No,0,,No,0,,No,0,
LOC111135261,uncharacterized protein LOC111135261,XP_022340884.1,1,Yes,3,fam90_vs_fam120; fam90_vs_fam84; fam90_vs_fam89,No,0,,No,0,,No,0,,No,0,
LOC111135265,uncharacterized protein LOC111135265,XP_022340890.1,1,Yes,2,fam90_vs_fam84; fam90_vs_fam89,No,0,,No,0,,No,0,,No,0,
LOC111135271,uncharacterized protein LOC111135271,XP_022340900.1,1,Yes,1,fam90_vs_fam84,No,0,,No,0,,No,0,,No,0,
LOC111135273,uncharacterized protein LOC111135273,XP_022340902.1,1,Yes,3,fam90_vs_fam120; fam90_vs_fam84; fam90_vs_fam89,No,0,,No,0,,No,0,,No,0,
LOC111135275,angiomotin-like isoform X1,XP_022340904.1,1,Yes,3,fam90_vs_fam120; fam90_vs_fam84; fam90_vs_fam89,No,0,,No,0,,No,0,,No,0,
LOC111135280,uncharacterized protein LOC111135280,XP_022340918.1,1,Yes,1,fam90_vs_fam84,No,0,,No,0,,No,0,,No,0,
LOC111135281,RE1-silencing transcription factor-like,XP_022340919.1,1,Yes,1,fam90_vs_fam120,No,0,,No,0,,No,0,,No,0,
LOC111135287,xaa-Pro dipeptidase-like,XP_022340927.1,1,No,0,,No,0,,No,0,,Yes,1,28d_fed_vs_inj,No,0,
LOC111135290,glycogen [starch] synthase-like isoform X1,XP_022340936.1,1,Yes,1,fam90_vs_fam120,No,0,,No,0,,No,0,,No,0,
LOC111135297,signal recognition particle subunit SRP72-like,XP_022340941.1,1,Yes,1,fam90_vs_fam120,No,0,,No,0,,No,0,,No,0,
LOC111135299,uncharacterized protein LOC111135299,XP_022340943.1,1,Yes,1,fam90_vs_fam89,No,0,,No,0,,No,0,,No,0,
LOC111135305,uncharacterized protein LOC111135305,XP_022340954.1,1,Yes,2,fam90_vs_fam120; fam90_vs_fam89,No,0,,No,0,,No,0,,No,0,
LOC111135317,"acyl-coenzyme A thioesterase 9, mitochondrial-like isoform X2",XP_022340975.1,1,No,0,,No,0,,No,0,,Yes,1,28d_fed_vs_inj,No,0,
LOC111135324,uncharacterized protein LOC111135324,XP_022340990.1,1,No,0,,No,0,,No,0,,Yes,1,6h_fed_vs_ctrl,No,0,
LOC111135333,integrator complex subunit 4-like,XP_022341005.1,1,No,0,,No,0,,No,0,,Yes,1,28d_fed_vs_inj,No,0,
LOC111135363,5-hydroxytryptamine receptor 4-like,XP_022341057.1,1,Yes,1,fam90_vs_fam89,No,0,,No,0,,No,0,,No,0,
LOC111135365,LOW QUALITY PROTEIN: nuclear receptor subfamily 0 group B member 1-like,XP_022341068.1,1,Yes,1,fam90_vs_fam84,No,0,,No,0,,No,0,,No,0,
LOC111135366,uncharacterized protein LOC111135366 isoform X1,XP_022341070.1,1,Yes,1,fam90_vs_fam120,No,0,,No,0,,No,0,,No,0,
LOC111135381,NGFI-A-binding protein 1-like isoform X1,XP_022341106.1,1,No,0,,No,0,,No,0,,Yes,1,28d_fed_vs_inj,No,0,
LOC111135406,piggyBac transposable element-derived protein 4-like,XP_022341151.1,1,Yes,1,fam90_vs_fam84,No,0,,No,0,,No,0,,No,0,
LOC111135410,RING finger protein 24-like,XP_022341159.1,1,Yes,1,fam90_vs_fam89,No,0,,No,0,,No,0,,No,0,
LOC111135422,uncharacterized protein LOC111135422,XP_022341182.1,1,Yes,3,fam90_vs_fam120; fam90_vs_fam84; fam90_vs_fam89,No,0,,No,0,,No,0,,No,0,
LOC111135427,uncharacterized protein LOC111135427,XP_022341193.1,1,Yes,1,fam90_vs_fam84,No,0,,No,0,,No,0,,No,0,
LOC111135428,RING finger protein 10-like isoform X2,XP_022341194.1,1,No,0,,No,0,,No,0,,Yes,1,28d_fed_vs_inj,No,0,
LOC111135431,uncharacterized protein LOC111135431 isoform X2,XP_022341198.1,1,No,0,,No,0,,No,0,,Yes,1,6h_fed_vs_ctrl,No,0,
LOC111135435,loricrin-like isoform X3,XP_022341210.1,1,Yes,2,fam90_vs_fam120; fam90_vs_fam89,No,0,,No,0,,No,0,,No,0,
LOC111135437,monocarboxylate transporter 12-like,XP_022341214.1,1,Yes,1,fam90_vs_fam89,No,0,,No,0,,No,0,,No,0,
LOC111135445,polyhomeotic-like protein 1 isoform X3,XP_022341238.1,1,Yes,1,fam90_vs_fam89,No,0,,No,0,,No,0,,No,0,
LOC111135449,uncharacterized protein LOC111135449,XP_022341245.1,1,Yes,1,fam90_vs_fam84,No,0,,No,0,,No,0,,No,0,
LOC111135451,coiled-coil domain-containing protein 157-like isoform X1,XP_022341248.1,1,No,0,,No,0,,No,0,,Yes,1,6h_fed_vs_ctrl,No,0,
LOC111135463,fibropellin-1-like isoform X8,XP_022341267.1,1,Yes,3,fam90_vs_fam120; fam90_vs_fam84; fam90_vs_fam89,No,0,,No,0,,No,0,,No,0,
LOC111135464,"beta-1,3-glucan-binding protein-like",XP_022341273.1,1,No,0,,No,0,,Yes,1,Cv_Pmarinus_infection,No,0,,No,0,
LOC111135472,uncharacterized protein LOC111135472,XP_022341285.1,1,Yes,1,fam90_vs_fam89,No,0,,No,0,,No,0,,No,0,
LOC111135475,14-3-3 protein epsilon-like,XP_022341288.1,1,No,0,,No,0,,No,0,,Yes,1,36h_fed_vs_inj,No,0,
LOC111135477,small G protein signaling modulator 1-like isoform X6,XP_022341291.1,1,No,0,,No,0,,No,0,,Yes,1,28d_fed_vs_inj,No,0,
LOC111135486,uncharacterized protein LOC111135486 isoform X1,XP_022341308.1,1,Yes,2,fam90_vs_fam84; fam90_vs_fam89,No,0,,No,0,,No,0,,No,0,
LOC111135493,"steroid 17-alpha-hydroxylase/17,20 lyase-like",XP_022341319.1,1,No,0,,No,0,,No,0,,Yes,1,36h_fed_vs_inj,No,0,
LOC111135495,E3 ubiquitin-protein ligase TRIM71-like,XP_022341324.1,1,Yes,1,fam90_vs_fam89,No,0,,No,0,,No,0,,No,0,
LOC111135501,uncharacterized protein LOC111135501 isoform X1,XP_022341338.1,1,Yes,2,fam90_vs_fam84; fam90_vs_fam89,No,0,,No,0,,No,0,,No,0,
LOC111135504,extracellular sulfatase Sulf-1-like,XP_022341348.1,1,No,0,,No,0,,No,0,,Yes,1,6h_fed_vs_ctrl,No,0,
LOC111135510,uncharacterized protein LOC111135510 isoform X1,XP_022341352.1,1,Yes,1,fam90_vs_fam89,No,0,,No,0,,No,0,,No,0,
LOC111135512,uncharacterized protein LOC111135512,XP_022341359.1,1,Yes,1,fam90_vs_fam89,No,0,,No,0,,No,0,,No,0,
LOC111135516,heat shock 70 kDa protein 12B-like,XP_022341363.1,1,Yes,1,fam90_vs_fam120,No,0,,No,0,,No,0,,No,0,
LOC111135518,uncharacterized protein LOC111135518 isoform X3,XP_022341367.1,1,No,0,,No,0,,Yes,1,Cv_Pmarinus_infection,No,0,,No,0,
LOC111135528,uncharacterized protein LOC111135528,XP_022341386.1,1,No,0,,No,0,,No,0,,No,0,,Yes,1,resistant_fam266_36h_7d
LOC111135543,"aspartate--tRNA ligase, mitochondrial-like",XP_022341402.1,1,Yes,1,fam90_vs_fam89,No,0,,No,0,,No,0,,No,0,
LOC111135553,long-chain-fatty-acid--CoA ligase 4-like,XP_022341416.1,1,Yes,2,fam90_vs_fam84; fam90_vs_fam89,No,0,,No,0,,No,0,,No,0,
LOC111135554,HRAS-like suppressor 3,XP_022341419.1,1,Yes,2,fam90_vs_fam120; fam90_vs_fam84,No,0,,No,0,,No,0,,No,0,
LOC111135557,"phosphatidylinositol 4,5-bisphosphate 3-kinase catalytic subunit alpha isoform-like",XP_022341421.1,1,Yes,1,fam90_vs_fam84,No,0,,No,0,,No,0,,No,0,
LOC111135563,testicular haploid expressed gene protein-like isoform X7,XP_022341433.1,1,Yes,1,fam90_vs_fam84,No,0,,No,0,,No,0,,No,0,
LOC111135569,centrosomal protein of 104 kDa-like isoform X4,XP_022341453.1,1,Yes,3,fam90_vs_fam120; fam90_vs_fam84; fam90_vs_fam89,No,0,,No,0,,No,0,,No,0,
LOC111135571,piwi-like protein 1 isoform X2,XP_022341463.1,1,No,0,,No,0,,No,0,,Yes,1,36h_fed_vs_inj,No,0,
LOC111135579,uncharacterized protein LOC111135579 isoform X1,XP_022341482.1,1,Yes,1,fam90_vs_fam84,No,0,,No,0,,No,0,,No,0,
LOC111135589,serine incorporator 1-like isoform X1,XP_022341502.1,1,No,0,,No,0,,No,0,,Yes,1,28d_fed_vs_inj,No,0,
LOC111135591,UV-stimulated scaffold protein A-like,XP_022341509.1,1,Yes,1,fam90_vs_fam89,No,0,,No,0,,No,0,,No,0,
LOC111135603,uncharacterized protein LOC111135603,XP_022341535.1,1,Yes,2,fam90_vs_fam84; fam90_vs_fam89,No,0,,No,0,,No,0,,No,0,
LOC111135608,uncharacterized protein LOC111135608,XP_022341542.1,1,Yes,3,fam90_vs_fam120; fam90_vs_fam84; fam90_vs_fam89,No,0,,No,0,,No,0,,No,0,
LOC111135615,coadhesin-like,XP_022341552.1,1,Yes,1,fam90_vs_fam89,No,0,,No,0,,No,0,,No,0,
LOC111135624,uncharacterized protein LOC111135624,XP_022341562.1,1,Yes,1,fam90_vs_fam89,No,0,,No,0,,No,0,,No,0,
LOC111135633,uncharacterized protein LOC111135633 isoform X1,XP_022341572.1,1,No,0,,No,0,,No,0,,Yes,1,28d_fed_vs_inj,No,0,
LOC111135637,RILP-like protein 1 isoform X8,XP_022341587.1,1,Yes,1,fam90_vs_fam84,No,0,,No,0,,No,0,,No,0,
LOC111135641,zinc finger protein 236-like isoform X1,XP_022341598.1,1,Yes,1,fam90_vs_fam89,No,0,,No,0,,No,0,,No,0,
LOC111135642,zinc finger protein 83-like isoform X1,XP_022341603.1,1,Yes,1,fam90_vs_fam89,No,0,,No,0,,No,0,,No,0,
LOC111135647,uncharacterized protein LOC111135647,XP_022341617.1,1,Yes,1,fam90_vs_fam120,No,0,,No,0,,No,0,,No,0,
LOC111135648,uncharacterized protein LOC111135648,XP_022341621.1,1,Yes,1,fam90_vs_fam120,No,0,,No,0,,No,0,,No,0,
LOC111135652,,,1,No,0,,No,0,,Yes,1,Cv_Pmarinus_infection,No,0,,No,0,
LOC111135655,MMS19 nucleotide excision repair protein homolog,XP_022341629.1,1,Yes,2,fam90_vs_fam84; fam90_vs_fam89,No,0,,No,0,,No,0,,No,0,
LOC111135656,MMS19 nucleotide excision repair protein homolog isoform X1,XP_022341630.1,1,Yes,1,fam90_vs_fam89,No,0,,No,0,,No,0,,No,0,
LOC111135673,uncharacterized protein LOC111135673 isoform X1,XP_022341650.1,1,Yes,3,fam90_vs_fam120; fam90_vs_fam84; fam90_vs_fam89,No,0,,No,0,,No,0,,No,0,
LOC111135677,beta-arrestin-1-like isoform X1,XP_022341657.1,1,Yes,1,fam90_vs_fam89,No,0,,No,0,,No,0,,No,0,
LOC111135680,cell death-inducing p53-target protein 1 homolog,XP_022341661.1,1,Yes,1,fam90_vs_fam84,No,0,,No,0,,No,0,,No,0,
LOC111135682,importin subunit alpha-4-like isoform X1,XP_022341663.1,1,Yes,3,fam90_vs_fam120; fam90_vs_fam84; fam90_vs_fam89,No,0,,No,0,,No,0,,No,0,
LOC111135684,vicilin-like seed storage protein At2g18540,XP_022341665.1,1,Yes,1,fam90_vs_fam120,No,0,,No,0,,No,0,,No,0,
LOC111135687,uncharacterized protein LOC111135687 isoform X1,XP_022341669.1,1,No,0,,No,0,,Yes,1,Cv_Pmarinus_infection,No,0,,No,0,
LOC111135689,uncharacterized protein LOC111135689 isoform X4,XP_022341672.1,1,Yes,1,fam90_vs_fam89,No,0,,No,0,,No,0,,No,0,
LOC111135699,attractin-like protein 1 isoform X2,XP_022341693.1,1,No,0,,No,0,,No,0,,Yes,1,28d_fed_vs_inj,No,0,
LOC111135709,uncharacterized protein LOC111135709 isoform X1,XP_022341710.1,1,Yes,1,fam90_vs_fam84,No,0,,No,0,,No,0,,No,0,
LOC111135710,uncharacterized protein LOC111135710,XP_022341713.1,1,Yes,1,fam90_vs_fam84,No,0,,No,0,,No,0,,No,0,
LOC111135711,"steroid 17-alpha-hydroxylase/17,20 lyase-like isoform X2",XP_022341716.1,1,Yes,1,fam90_vs_fam89,No,0,,No,0,,No,0,,No,0,
LOC111135714,integrin beta-1-like isoform X1,XP_022341721.1,1,Yes,1,fam90_vs_fam84,No,0,,No,0,,No,0,,No,0,
LOC111135723,DNA-directed RNA polymerase II subunit RPB2-like,XP_022341735.1,1,Yes,1,fam90_vs_fam89,No,0,,No,0,,No,0,,No,0,
LOC111135727,GATOR complex protein WDR24-like,XP_022341740.1,1,No,0,,No,0,,No,0,,Yes,1,28d_fed_vs_inj,No,0,
LOC111135735,golgin subfamily A member 3-like isoform X1,XP_022341754.1,1,Yes,2,fam90_vs_fam120; fam90_vs_fam84,No,0,,No,0,,No,0,,No,0,
LOC111135748,solute carrier family 12 member 9-like,XP_022341782.1,1,Yes,1,fam90_vs_fam89,No,0,,No,0,,No,0,,No,0,
LOC111135761,LOW QUALITY PROTEIN: group XV phospholipase A2-like,XP_022341795.1,1,Yes,2,fam90_vs_fam84; fam90_vs_fam89,No,0,,No,0,,No,0,,No,0,
LOC111135764,importin subunit alpha-2-like,XP_022341798.1,1,Yes,1,fam90_vs_fam120,No,0,,No,0,,No,0,,No,0,
LOC111135765,meiotic nuclear division protein 1 homolog,XP_022341799.1,1,Yes,1,fam90_vs_fam84,No,0,,No,0,,No,0,,No,0,
LOC111135768,uncharacterized protein LOC111135768 isoform X4,XP_022341802.1,1,No,0,,No,0,,Yes,1,Cv_Pmarinus_infection,No,0,,No,0,
LOC111135777,mitotic checkpoint protein BUB3-like,XP_022341821.1,1,Yes,3,fam90_vs_fam120; fam90_vs_fam84; fam90_vs_fam89,No,0,,No,0,,No,0,,No,0,
LOC111135779,uncharacterized protein LOC111135779 isoform X2,XP_022341823.1,1,No,0,,No,0,,Yes,1,Cv_Pmarinus_infection,No,0,,No,0,
LOC111135790,myb/SANT-like DNA-binding domain-containing protein 4 isoform X6,XP_022341863.1,1,Yes,1,fam90_vs_fam89,No,0,,No,0,,No,0,,No,0,
LOC111135795,helicase with zinc finger domain 2-like isoform X1,XP_022341880.1,1,No,0,,No,0,,No,0,,Yes,1,7d_fed_vs_inj,No,0,
LOC111135807,uncharacterized protein LOC111135807 isoform X1,XP_022341895.1,1,Yes,1,fam90_vs_fam120,No,0,,No,0,,No,0,,No,0,
LOC111135810,ganglioside-induced differentiation-associated protein 1-like,XP_022341900.1,1,No,0,,No,0,,No,0,,Yes,1,28d_fed_vs_inj,No,0,
LOC111135822,uncharacterized protein LOC111135822,XP_022341907.1,1,No,0,,No,0,,No,0,,Yes,1,28d_fed_vs_inj,No,0,
LOC111135825,D-glucuronyl C5-epimerase-like isoform X1,XP_022341916.1,1,No,0,,No,0,,No,0,,Yes,1,28d_fed_vs_inj,No,0,
LOC111135827,uncharacterized protein LOC111135827 isoform X2,XP_022341926.1,1,Yes,2,fam90_vs_fam84; fam90_vs_fam89,No,0,,No,0,,No,0,,No,0,
LOC111135839,probable delta-1-pyrroline-5-carboxylate synthase isoform X1,XP_022341942.1,1,No,0,,No,0,,Yes,1,Cv_Pmarinus_infection,No,0,,No,0,
LOC111135841,L-fucose kinase-like isoform X1,XP_022341949.1,1,Yes,2,fam90_vs_fam84; fam90_vs_fam89,No,0,,No,0,,No,0,,No,0,
LOC111135843,neuronal acetylcholine receptor subunit alpha-9-like,XP_022341954.1,1,Yes,1,fam90_vs_fam84,No,0,,No,0,,No,0,,No,0,
LOC111135850,LOW QUALITY PROTEIN: ATP-dependent RNA helicase A-like,XP_022341971.1,1,Yes,2,fam90_vs_fam84; fam90_vs_fam89,No,0,,No,0,,No,0,,No,0,
LOC111135852,"beta-1,4-galactosyltransferase galt-1-like",XP_022341974.1,1,Yes,1,fam90_vs_fam120,No,0,,No,0,,No,0,,No,0,
LOC111135864,uncharacterized protein LOC111135864,XP_022341998.1,1,No,0,,No,0,,No,0,,Yes,2,36h_fed_vs_inj; 7d_fed_vs_inj,No,0,
LOC111135868,ribonuclease P protein subunit p29-like isoform X1,XP_022342004.1,1,Yes,2,fam90_vs_fam120; fam90_vs_fam84,No,0,,No,0,,No,0,,No,0,
LOC111135870,"protein preY, mitochondrial-like isoform X1",XP_022342008.1,1,Yes,3,fam90_vs_fam120; fam90_vs_fam84; fam90_vs_fam89,No,0,,No,0,,No,0,,No,0,
LOC111135878,ras and EF-hand domain-containing protein homolog isoform X3,XP_022342027.1,1,No,0,,No,0,,No,0,,Yes,1,28d_fed_vs_inj,No,0,
LOC111135890,rootletin-like isoform X1,XP_022342040.1,1,No,0,,No,0,,No,0,,Yes,2,6h_fed_vs_ctrl; 7d_fed_vs_inj,No,0,
LOC111135904,neurogenic locus notch homolog protein 1-like isoform X1,XP_022342074.1,1,Yes,1,fam90_vs_fam89,No,0,,No,0,,No,0,,No,0,
LOC111135909,uncharacterized protein LOC111135909,XP_022342075.1,1,No,0,,No,0,,Yes,1,Cv_Pmarinus_infection,No,0,,No,0,
LOC111135917,"actin, cytoplasmic type 5-like",XP_022342106.1,1,Yes,1,fam90_vs_fam89,No,0,,No,0,,No,0,,No,0,
LOC111135921,uncharacterized protein LOC111135921 isoform X1,XP_022342109.1,1,No,0,,No,0,,No,0,,Yes,1,28d_fed_vs_inj,No,0,
LOC111135929,acyloxyacyl hydrolase-like,XP_022342123.1,1,Yes,1,fam90_vs_fam89,No,0,,No,0,,No,0,,No,0,
LOC111135931,protein-glutamine gamma-glutamyltransferase 4-like,XP_022342125.1,1,Yes,1,fam90_vs_fam120,No,0,,No,0,,No,0,,No,0,
LOC111135941,serine/threonine-protein kinase PAK 3-like isoform X2,XP_022342137.1,1,Yes,1,fam90_vs_fam84,No,0,,No,0,,No,0,,No,0,
LOC111135946,"cytochrome b-c1 complex subunit Rieske, mitochondrial-like",XP_022342144.1,1,No,0,,No,0,,No,0,,Yes,1,28d_fed_vs_inj,No,0,
LOC111135947,transient receptor potential cation channel subfamily M member 1-like isoform X1,XP_022342149.1,1,Yes,1,fam90_vs_fam120,No,0,,No,0,,No,0,,No,0,
LOC111135952,uncharacterized protein LOC111135952,XP_022342151.1,1,Yes,1,fam90_vs_fam120,No,0,,No,0,,No,0,,No,0,
LOC111135955,uncharacterized protein LOC111135955 isoform X1,XP_022342154.1,1,Yes,1,fam90_vs_fam120,No,0,,No,0,,No,0,,No,0,
LOC111135979,uncharacterized protein LOC111135979,XP_022342206.1,1,Yes,1,fam90_vs_fam84,No,0,,No,0,,No,0,,No,0,
LOC111135987,monocarboxylate transporter 12-like isoform X1,XP_022342227.1,1,No,0,,No,0,,Yes,1,Cv_Pmarinus_infection,No,0,,No,0,
LOC111136004,uncharacterized protein LOC111136004,XP_022342256.1,1,No,0,,No,0,,No,0,,Yes,1,28d_fed_vs_inj,No,0,
LOC111136013,LOW QUALITY PROTEIN: caltractin-like,XP_022342272.1,1,Yes,1,fam90_vs_fam84,No,0,,No,0,,No,0,,No,0,
LOC111136014,stromal cell-derived factor 2-like,XP_022342276.1,1,Yes,1,fam90_vs_fam89,No,0,,No,0,,No,0,,No,0,
LOC111136022,uncharacterized protein LOC111136022,XP_022342298.1,1,Yes,1,fam90_vs_fam84,No,0,,No,0,,No,0,,No,0,
LOC111136024,uncharacterized protein DDB_G0279979-like,XP_022342303.1,1,Yes,2,fam90_vs_fam120; fam90_vs_fam89,No,0,,No,0,,No,0,,No,0,
LOC111136028,,,1,No,0,,No,0,,Yes,1,Cv_Pmarinus_infection,No,0,,No,0,
LOC111136030,uncharacterized protein LOC111136030,XP_022342306.1,1,Yes,2,fam90_vs_fam84; fam90_vs_fam89,No,0,,No,0,,No,0,,No,0,
LOC111136034,"UDP-D-xylose:L-fucose alpha-1,3-D-xylosyltransferase-like",XP_022342314.1,1,Yes,1,fam90_vs_fam120,No,0,,No,0,,No,0,,No,0,
LOC111136038,uncharacterized protein K02A2.6-like,XP_022342321.1,1,Yes,1,fam90_vs_fam89,No,0,,No,0,,No,0,,No,0,
LOC111136051,LOW QUALITY PROTEIN: phosphatidylinositol 4-kinase alpha-like,XP_022342335.1,1,Yes,1,fam90_vs_fam84,No,0,,No,0,,No,0,,No,0,
LOC111136053,uncharacterized protein LOC111136053,XP_022342342.1,1,Yes,1,fam90_vs_fam89,No,0,,No,0,,No,0,,No,0,
LOC111136057,nucleoside diphosphate kinase 7-like,XP_022342349.1,1,No,0,,No,0,,No,0,,Yes,1,28d_fed_vs_inj,No,0,
LOC111136058,coiled-coil domain-containing protein 74A-like isoform X1,XP_022342350.1,1,Yes,3,fam90_vs_fam120; fam90_vs_fam84; fam90_vs_fam89,No,0,,No,0,,No,0,,No,0,
LOC111136059,uncharacterized protein LOC111136059,XP_022342392.1,1,Yes,1,fam90_vs_fam89,No,0,,No,0,,No,0,,No,0,
LOC111136061,uncharacterized protein LOC111136061 isoform X1,XP_022342355.1,1,Yes,1,fam90_vs_fam84,No,0,,No,0,,No,0,,No,0,
LOC111136064,hydroxyproline dehydrogenase-like,XP_022342360.1,1,No,0,,No,0,,No,0,,Yes,1,28d_fed_vs_inj,No,0,
LOC111136075,NACHT and WD repeat domain-containing protein 2-like,XP_022342374.1,1,No,0,,No,0,,No,0,,Yes,1,28d_fed_vs_inj,No,0,
LOC111136100,uncharacterized protein LOC111136100,XP_022342414.1,1,No,0,,No,0,,No,0,,No,0,,Yes,1,resistant_fam266_36h_7d
LOC111136105,acetylcholinesterase-like,XP_022342419.1,1,Yes,2,fam90_vs_fam84; fam90_vs_fam89,No,0,,No,0,,No,0,,No,0,
LOC111136106,rho GTPase-activating protein 39-like isoform X4,XP_022342423.1,1,No,0,,No,0,,No,0,,Yes,1,36h_fed_vs_inj,No,0,
LOC111136118,protein LSM14 homolog B-like isoform X5,XP_022342447.1,1,No,0,,No,0,,No,0,,Yes,1,28d_fed_vs_inj,No,0,
LOC111136121,retinal-binding protein-like isoform X1,XP_022342458.1,1,Yes,1,fam90_vs_fam84,No,0,,No,0,,No,0,,No,0,
LOC111136123,SEC14-like protein 2 isoform X1,XP_022342462.1,1,No,0,,No,0,,No,0,,Yes,1,28d_fed_vs_inj,No,0,
LOC111136130,uncharacterized protein LOC111136130 isoform X1,XP_022342473.1,1,No,0,,No,0,,No,0,,Yes,1,28d_fed_vs_inj,No,0,
LOC111136133,nuclear receptor subfamily 1 group D member 2-like,XP_022342513.1,1,No,0,,No,0,,No,0,,Yes,1,28d_fed_vs_inj,No,0,
LOC111136134,"coiled-coil-helix-coiled-coil-helix domain-containing protein 10, mitochondrial-like",XP_022342478.1,1,No,0,,No,0,,No,0,,Yes,1,28d_fed_vs_inj,No,0,
LOC111136142,LOW QUALITY PROTEIN: fragile X mental retardation syndrome-related protein 1-like,XP_022342487.1,1,Yes,1,fam90_vs_fam84,No,0,,No,0,,No,0,,No,0,
LOC111136147,LIM domain-binding protein 2-like isoform X2,XP_022342492.1,1,Yes,3,fam90_vs_fam120; fam90_vs_fam84; fam90_vs_fam89,No,0,,No,0,,No,0,,No,0,
LOC111136152,glucose-induced degradation protein 8 homolog,XP_022342510.1,1,Yes,1,fam90_vs_fam89,No,0,,No,0,,No,0,,No,0,
LOC111136156,LOW QUALITY PROTEIN: EF-hand calcium-binding domain-containing protein 5-like,XP_022342512.1,1,No,0,,No,0,,No,0,,Yes,1,28d_fed_vs_inj,No,0,
LOC111136160,"LOW QUALITY PROTEIN: A-kinase anchor protein 10, mitochondrial-like",XP_022342519.1,1,Yes,1,fam90_vs_fam89,No,0,,No,0,,No,0,,No,0,
LOC111136168,uncharacterized protein LOC111136168,XP_022342526.1,1,No,0,,No,0,,Yes,1,Cv_Pmarinus_infection,No,0,,No,0,
LOC111136172,probable ATP-dependent RNA helicase DDX56 isoform X2,XP_022342530.1,1,No,0,,No,0,,No,0,,Yes,1,6h_fed_vs_ctrl,No,0,
LOC111136190,uncharacterized protein LOC111136190,XP_022342559.1,1,Yes,1,fam90_vs_fam84,No,0,,No,0,,No,0,,No,0,
LOC111136195,uncharacterized protein LOC111136195,XP_022342564.1,1,Yes,1,fam90_vs_fam89,No,0,,No,0,,No,0,,No,0,
LOC111136197,trichohyalin-like isoform X2,XP_022342566.1,1,Yes,1,fam90_vs_fam84,No,0,,No,0,,No,0,,No,0,
LOC111136198,deleted in malignant brain tumors 1 protein-like isoform X1,XP_022342569.1,1,Yes,1,fam90_vs_fam89,No,0,,No,0,,No,0,,No,0,
LOC111136207,myb-like protein J isoform X5,XP_022342590.1,1,Yes,3,fam90_vs_fam120; fam90_vs_fam84; fam90_vs_fam89,No,0,,No,0,,No,0,,No,0,
LOC111136219,kinesin-like protein KIFC3 isoform X2,XP_022342618.1,1,No,0,,No,0,,No,0,,Yes,1,28d_fed_vs_inj,No,0,
LOC111136256,alkyl/aryl-sulfatase BDS1-like,XP_022342674.1,1,Yes,1,fam90_vs_fam89,No,0,,No,0,,No,0,,No,0,
LOC111136258,extensin-like isoform X7,XP_022342678.1,1,No,0,,No,0,,No,0,,Yes,1,28d_fed_vs_inj,No,0,
LOC111136273,uncharacterized protein LOC111136273,XP_022342723.1,1,Yes,2,fam90_vs_fam84; fam90_vs_fam89,No,0,,No,0,,No,0,,No,0,
LOC111136275,uncharacterized protein LOC111136275,XP_022342726.1,1,Yes,1,fam90_vs_fam84,No,0,,No,0,,No,0,,No,0,
LOC111136276,uncharacterized protein LOC111136276,XP_022342728.1,1,Yes,2,fam90_vs_fam84; fam90_vs_fam89,No,0,,No,0,,No,0,,No,0,
LOC111136279,uncharacterized protein LOC111136279,XP_022342732.1,1,Yes,1,fam90_vs_fam89,No,0,,No,0,,No,0,,No,0,
LOC111136282,uncharacterized protein LOC111136282 isoform X1,XP_022342735.1,1,Yes,1,fam90_vs_fam89,No,0,,No,0,,No,0,,No,0,
LOC111136285,uncharacterized protein LOC111136285,XP_022342740.1,1,No,0,,No,0,,Yes,1,Cv_Pmarinus_infection,No,0,,No,0,
LOC111136286,uncharacterized protein LOC111136286,XP_022342741.1,1,Yes,1,fam90_vs_fam89,No,0,,No,0,,No,0,,No,0,
LOC111136288,uncharacterized protein LOC111136288,XP_022342744.1,1,Yes,1,fam90_vs_fam89,No,0,,No,0,,No,0,,No,0,
LOC111136293,uncharacterized protein LOC111136293,XP_022342750.1,1,Yes,2,fam90_vs_fam84; fam90_vs_fam89,No,0,,No,0,,No,0,,No,0,
LOC111136296,major vault protein-like,XP_022342755.1,1,Yes,1,fam90_vs_fam89,No,0,,No,0,,No,0,,No,0,
LOC111136298,tetratricopeptide repeat protein 38-like isoform X4,XP_022342758.1,1,Yes,1,fam90_vs_fam120,No,0,,No,0,,No,0,,No,0,
LOC111136307,uncharacterized protein LOC111136307,XP_022342771.1,1,Yes,3,fam90_vs_fam120; fam90_vs_fam84; fam90_vs_fam89,No,0,,No,0,,No,0,,No,0,
LOC111136310,LOW QUALITY PROTEIN: glutathione S-transferase omega-1-like,XP_022342777.1,1,Yes,1,fam90_vs_fam89,No,0,,No,0,,No,0,,No,0,
LOC111136312,uncharacterized shell protein 1-like,XP_022342781.1,1,Yes,1,fam90_vs_fam89,No,0,,No,0,,No,0,,No,0,
LOC111136315,uncharacterized protein LOC111136315 isoform X2,XP_022342785.1,1,No,0,,No,0,,No,0,,Yes,1,6h_fed_vs_ctrl,No,0,
LOC111136319,caspase-7-like,XP_022342791.1,1,No,0,,No,0,,Yes,1,Cv_Pmarinus_infection,No,0,,No,0,
LOC111136332,uncharacterized protein LOC111136332,XP_022342811.1,1,Yes,3,fam90_vs_fam120; fam90_vs_fam84; fam90_vs_fam89,No,0,,No,0,,No,0,,No,0,
LOC111136340,protein piccolo-like isoform X1,XP_022342817.1,1,Yes,3,fam90_vs_fam120; fam90_vs_fam84; fam90_vs_fam89,No,0,,No,0,,No,0,,No,0,
LOC111136343,complement C1q-like protein 4,XP_022342850.1,1,Yes,2,fam90_vs_fam120; fam90_vs_fam84,No,0,,No,0,,No,0,,No,0,
LOC111136352,neuropilin and tolloid-like protein 1,XP_022342862.1,1,Yes,1,fam90_vs_fam120,No,0,,No,0,,No,0,,No,0,
LOC111136359,uncharacterized protein LOC111136359,XP_022342877.1,1,No,0,,No,0,,No,0,,Yes,2,36h_fed_vs_inj; 7d_fed_vs_inj,No,0,
LOC111136379,transient receptor potential cation channel subfamily M member 2-like isoform X1,XP_022342892.1,1,No,0,,No,0,,Yes,1,Cv_Pmarinus_infection,No,0,,No,0,
LOC111136382,uncharacterized protein LOC111136382 isoform X10,XP_022342895.1,1,Yes,2,fam90_vs_fam84; fam90_vs_fam89,No,0,,No,0,,No,0,,No,0,
LOC111136394,lactase-phlorizin hydrolase-like,XP_022342921.1,1,Yes,1,fam90_vs_fam120,No,0,,No,0,,No,0,,No,0,
LOC111136396,uncharacterized protein LOC111136396 isoform X2,XP_022342923.1,1,Yes,1,fam90_vs_fam89,No,0,,No,0,,No,0,,No,0,
LOC111136398,AN1-type zinc finger protein 1-like isoform X2,XP_022342925.1,1,No,0,,No,0,,No,0,,Yes,1,28d_fed_vs_inj,No,0,
LOC111136403,uncharacterized protein C01G6.5-like isoform X1,XP_022342935.1,1,No,0,,No,0,,No,0,,Yes,1,28d_fed_vs_inj,No,0,
LOC111136411,"28S ribosomal protein S23, mitochondrial-like",XP_022342951.1,1,No,0,,No,0,,No,0,,Yes,1,36h_fed_vs_inj,No,0,
LOC111136414,E3 ubiquitin-protein ligase TRAF7-like isoform X3,XP_022342955.1,1,No,0,,No,0,,No,0,,Yes,1,28d_fed_vs_inj,No,0,
LOC111136419,serine dehydratase-like,XP_022342965.1,1,Yes,1,fam90_vs_fam84,No,0,,No,0,,No,0,,No,0,
LOC111136422,uncharacterized protein LOC111136422 isoform X2,XP_022342969.1,1,No,0,,No,0,,Yes,1,Cv_Pmarinus_infection,No,0,,No,0,
LOC111136426,uncharacterized protein LOC111136426,XP_022342975.1,1,Yes,3,fam90_vs_fam120; fam90_vs_fam84; fam90_vs_fam89,No,0,,No,0,,No,0,,No,0,
LOC111136437,cytochrome P450 4F22-like,XP_022342994.1,1,Yes,1,fam90_vs_fam89,No,0,,No,0,,No,0,,No,0,
LOC111136438,peroxisomal acyl-coenzyme A oxidase 3-like,XP_022342995.1,1,Yes,1,fam90_vs_fam120,No,0,,No,0,,No,0,,No,0,
LOC111136443,uncharacterized protein LOC111136443,XP_022343007.1,1,Yes,1,fam90_vs_fam120,No,0,,No,0,,No,0,,No,0,
LOC111136449,membrane-bound transcription factor site-1 protease-like isoform X1,XP_022343015.1,1,No,0,,No,0,,No,0,,Yes,1,7d_fed_vs_inj,No,0,
LOC111136458,bridging integrator 3-like,XP_022343027.1,1,Yes,1,fam90_vs_fam120,No,0,,No,0,,No,0,,No,0,
LOC111136471,cell division control protein 45 homolog,XP_022343055.1,1,Yes,1,fam90_vs_fam84,No,0,,No,0,,No,0,,No,0,
LOC111136479,calpain-5-like,XP_022343064.1,1,No,0,,No,0,,No,0,,Yes,1,6h_fed_vs_ctrl,No,0,
LOC111136490,cell wall protein DAN4-like isoform X1,XP_022343080.1,1,Yes,2,fam90_vs_fam84; fam90_vs_fam89,No,0,,No,0,,No,0,,No,0,
LOC111136493,tonsoku-like protein isoform X1,XP_022343084.1,1,Yes,1,fam90_vs_fam89,No,0,,No,0,,No,0,,No,0,
LOC111136497,ribose-phosphate pyrophosphokinase 4-like,XP_022343091.1,1,No,0,,No,0,,No,0,,Yes,1,36h_fed_vs_inj,No,0,
LOC111136499,deoxynucleoside triphosphate triphosphohydrolase SAMHD1-like,XP_022343094.1,1,Yes,1,fam90_vs_fam84,No,0,,No,0,,No,0,,No,0,
LOC111136509,"proline-, glutamic acid- and leucine-rich protein 1-like",XP_022343110.1,1,Yes,2,fam90_vs_fam120; fam90_vs_fam84,No,0,,No,0,,No,0,,No,0,
LOC111136519,vesicle-associated membrane protein/synaptobrevin-binding protein-like isoform X2,XP_022343127.1,1,No,0,,No,0,,No,0,,Yes,1,6h_fed_vs_ctrl,No,0,
LOC111136524,unconventional myosin-XVIIIa-like isoform X2,XP_022343135.1,1,No,0,,No,0,,No,0,,Yes,1,36h_fed_vs_inj,No,0,
LOC111136530,poly(A)-specific ribonuclease PNLDC1-like,XP_022343153.1,1,Yes,1,fam90_vs_fam89,No,0,,No,0,,No,0,,No,0,
LOC111136540,uncharacterized protein LOC111136540,XP_022343166.1,1,Yes,1,fam90_vs_fam89,No,0,,No,0,,No,0,,No,0,
LOC111136556,"b(0,+)-type amino acid transporter 1-like isoform X2",XP_022343202.1,1,Yes,2,fam90_vs_fam84; fam90_vs_fam89,No,0,,No,0,,No,0,,No,0,
LOC111136558,von Willebrand factor A domain-containing protein 2-like,XP_022343207.1,1,Yes,1,fam90_vs_fam89,No,0,,No,0,,No,0,,No,0,
LOC111136561,von Willebrand factor A domain-containing protein 2-like,XP_022343210.1,1,Yes,2,fam90_vs_fam84; fam90_vs_fam89,No,0,,No,0,,No,0,,No,0,
LOC111136590,sarcoplasmic calcium-binding protein-like,XP_022343247.1,1,No,0,,No,0,,Yes,1,Cv_Pmarinus_infection,No,0,,No,0,
LOC111136591,FH1/FH2 domain-containing protein 3-like isoform X1,XP_022343248.1,1,No,0,,No,0,,No,0,,Yes,1,6h_fed_vs_ctrl,No,0,
LOC111136609,platelet glycoprotein 4-like isoform X3,XP_022343287.1,1,No,0,,Yes,1,Pmarinus_infection,No,0,,No,0,,No,0,
LOC111136613,thioredoxin-related transmembrane protein 2 homolog,XP_022343297.1,1,Yes,1,fam90_vs_fam84,No,0,,No,0,,No,0,,No,0,
LOC111136616,cilia- and flagella-associated protein 99-like isoform X3,XP_022343301.1,1,No,0,,No,0,,No,0,,Yes,1,28d_fed_vs_inj,No,0,
LOC111136617,probable transporter MCH1,XP_022343305.1,1,Yes,1,fam90_vs_fam84,No,0,,No,0,,No,0,,No,0,
LOC111136618,uncharacterized protein LOC111136618,XP_022343309.1,1,Yes,2,fam90_vs_fam120; fam90_vs_fam89,No,0,,No,0,,No,0,,No,0,
LOC111136619,uncharacterized protein LOC111136619,XP_022343306.1,1,No,0,,No,0,,No,0,,Yes,1,7d_fed_vs_inj,No,0,
LOC111136620,collagen alpha-1(XII) chain-like,XP_022343307.1,1,No,0,,No,0,,No,0,,Yes,1,6h_fed_vs_ctrl,No,0,
LOC111136622,serine/threonine/tyrosine-interacting-like protein 1,XP_022343310.1,1,No,0,,No,0,,No,0,,Yes,1,28d_fed_vs_inj,No,0,
LOC111136632,uncharacterized protein LOC111136632,XP_022343330.1,1,No,0,,Yes,1,Pmarinus_infection,No,0,,No,0,,No,0,
LOC111136635,LOW QUALITY PROTEIN: exosome complex exonuclease RRP44-like,XP_022343333.1,1,Yes,2,fam90_vs_fam84; fam90_vs_fam89,No,0,,No,0,,No,0,,No,0,
LOC111136641,EF-hand calcium-binding domain-containing protein 6-like isoform X5,XP_022343344.1,1,No,0,,No,0,,No,0,,Yes,1,6h_fed_vs_ctrl,No,0,
LOC111136647,uncharacterized protein LOC111136647 isoform X1,XP_022343359.1,1,Yes,2,fam90_vs_fam84; fam90_vs_fam89,No,0,,No,0,,No,0,,No,0,
LOC111136648,TBC1 domain family member 10A-like,XP_022343363.1,1,No,0,,No,0,,Yes,1,Cv_Pmarinus_infection,No,0,,No,0,
LOC111136650,uncharacterized protein LOC111136650 isoform X2,XP_022343364.1,1,Yes,1,fam90_vs_fam120,No,0,,No,0,,No,0,,No,0,
LOC111136653,mucin-2-like,XP_022343370.1,1,Yes,2,fam90_vs_fam84; fam90_vs_fam89,No,0,,No,0,,No,0,,No,0,
LOC111136660,INO80 complex subunit B-like,XP_022343381.1,1,Yes,2,fam90_vs_fam84; fam90_vs_fam89,No,0,,No,0,,No,0,,No,0,
LOC111136661,caspase-2-like,XP_022343382.1,1,Yes,2,fam90_vs_fam120; fam90_vs_fam89,No,0,,No,0,,No,0,,No,0,
LOC111136663,TPR and ankyrin repeat-containing protein 1-like isoform X1,XP_022343429.1,1,Yes,2,fam90_vs_fam120; fam90_vs_fam89,No,0,,No,0,,No,0,,No,0,
LOC111136669,myosin-IIIb-like isoform X9,XP_022343393.1,1,Yes,1,fam90_vs_fam120,No,0,,No,0,,No,0,,No,0,
LOC111136672,LOW QUALITY PROTEIN: cleavage and polyadenylation specificity factor subunit 1-like,XP_022343408.1,1,Yes,1,fam90_vs_fam84,No,0,,No,0,,No,0,,No,0,
LOC111136682,DNA fragmentation factor subunit alpha-like,XP_022343428.1,1,Yes,1,fam90_vs_fam89,No,0,,No,0,,No,0,,No,0,
LOC111136688,uncharacterized protein LOC111136688,XP_022343441.1,1,Yes,1,fam90_vs_fam84,No,0,,No,0,,No,0,,No,0,
LOC111136698,uncharacterized protein LOC111136698,XP_022343466.1,1,No,0,,No,0,,No,0,,Yes,1,28d_fed_vs_inj,No,0,
LOC111136700,hydroxysteroid dehydrogenase-like protein 2,XP_022343474.1,1,Yes,1,fam90_vs_fam84,No,0,,No,0,,No,0,,No,0,
LOC111136704,aprataxin-like isoform X1,XP_022343482.1,1,Yes,1,fam90_vs_fam120,No,0,,No,0,,No,0,,No,0,
LOC111136706,tetraspanin-7-like,XP_022343486.1,1,Yes,1,fam90_vs_fam120,No,0,,No,0,,No,0,,No,0,
LOC111136715,uncharacterized protein LOC111136715,XP_022343498.1,1,Yes,1,fam90_vs_fam84,No,0,,No,0,,No,0,,No,0,
LOC111136716,LOW QUALITY PROTEIN: G-protein coupled receptor 157-like,XP_022343501.1,1,Yes,2,fam90_vs_fam84; fam90_vs_fam89,No,0,,No,0,,No,0,,No,0,
LOC111136722,katanin p80 WD40 repeat-containing subunit B1-like isoform X4,XP_022343507.1,1,No,0,,No,0,,No,0,,Yes,1,7d_fed_vs_inj,No,0,
LOC111136724,TLC domain-containing protein 2-like isoform X2,XP_022343513.1,1,Yes,1,fam90_vs_fam89,No,0,,No,0,,No,0,,No,0,
LOC111136730,uncharacterized protein LOC111136730,XP_022343523.1,1,No,0,,No,0,,No,0,,Yes,1,6h_fed_vs_ctrl,No,0,
LOC111136737,uncharacterized protein LOC111136737,XP_022343534.1,1,No,0,,No,0,,Yes,1,Cv_Pmarinus_infection,No,0,,No,0,
LOC111136740,uncharacterized protein LOC111136740,XP_022343539.1,1,Yes,3,fam90_vs_fam120; fam90_vs_fam84; fam90_vs_fam89,No,0,,No,0,,No,0,,No,0,
LOC111136747,transmembrane protein 170B-like,XP_022343546.1,1,Yes,1,fam90_vs_fam84,No,0,,No,0,,No,0,,No,0,
LOC111136763,uncharacterized protein LOC111136763,XP_022343568.1,1,Yes,1,fam90_vs_fam89,No,0,,No,0,,No,0,,No,0,
LOC111136772,jacalin-related lectin 5-like isoform X1,XP_022343580.1,1,Yes,1,fam90_vs_fam84,No,0,,No,0,,No,0,,No,0,
LOC111136777,uncharacterized protein LOC111136777,XP_022343587.1,1,No,0,,No,0,,No,0,,Yes,1,28d_fed_vs_inj,No,0,
LOC111136780,gamma-tubulin complex component 6-like isoform X1,XP_022343594.1,1,Yes,2,fam90_vs_fam84; fam90_vs_fam89,No,0,,No,0,,No,0,,No,0,
LOC111136793,zinc transporter ZIP1-like,XP_022343610.1,1,Yes,1,fam90_vs_fam120,No,0,,No,0,,No,0,,No,0,
LOC111136800,uncharacterized protein LOC111136800 isoform X5,XP_022343618.1,1,Yes,3,fam90_vs_fam120; fam90_vs_fam84; fam90_vs_fam89,No,0,,No,0,,No,0,,No,0,
LOC111136806,uncharacterized protein LOC111136806,XP_022343632.1,1,Yes,2,fam90_vs_fam120; fam90_vs_fam84,No,0,,No,0,,No,0,,No,0,
LOC111136807,protein VAC14 homolog isoform X2,XP_022343633.1,1,No,0,,No,0,,No,0,,Yes,1,28d_fed_vs_inj,No,0,
LOC111136817,uncharacterized protein LOC111136817,XP_022343650.1,1,Yes,1,fam90_vs_fam120,No,0,,No,0,,No,0,,No,0,
LOC111136827,C-type lectin domain family 6 member A-like,XP_022343659.1,1,No,0,,No,0,,Yes,1,Cv_Pmarinus_infection,No,0,,No,0,
LOC111136837,uncharacterized protein LOC111136837 isoform X1,XP_022343672.1,1,No,0,,No,0,,No,0,,Yes,1,6h_fed_vs_ctrl,No,0,
LOC111136850,fumarylacetoacetate hydrolase domain-containing protein 1-like,XP_022343691.1,1,No,0,,No,0,,No,0,,Yes,1,36h_fed_vs_inj,No,0,
LOC111136852,uncharacterized protein LOC111136852,XP_022343693.1,1,No,0,,No,0,,Yes,1,Cv_Pmarinus_infection,No,0,,No,0,
LOC111136853,microfibril-associated glycoprotein 4-like,XP_022343697.1,1,No,0,,No,0,,Yes,1,Cv_Pmarinus_infection,No,0,,No,0,
LOC111136855,uncharacterized protein LOC111136855,XP_022343696.1,1,No,0,,No,0,,Yes,1,Cv_Pmarinus_infection,No,0,,No,0,
LOC111136861,uncharacterized protein LOC111136861 isoform X2,XP_022343707.1,1,No,0,,No,0,,No,0,,Yes,1,28d_fed_vs_inj,No,0,
LOC111136874,transmembrane protein 254-like isoform X2,XP_022343728.1,1,Yes,1,fam90_vs_fam89,No,0,,No,0,,No,0,,No,0,
LOC111136875,protein RRP5 homolog,XP_022343730.1,1,No,0,,No,0,,No,0,,Yes,1,28d_fed_vs_inj,No,0,
LOC111136881,cytochrome b5 domain-containing protein 1-like,XP_022343739.1,1,No,0,,No,0,,No,0,,Yes,1,28d_fed_vs_inj,No,0,
LOC111136895,uncharacterized protein LOC111136895,XP_022343764.1,1,Yes,2,fam90_vs_fam120; fam90_vs_fam84,No,0,,No,0,,No,0,,No,0,
LOC111136898,GPI mannosyltransferase 1-like,XP_022343767.1,1,Yes,1,fam90_vs_fam84,No,0,,No,0,,No,0,,No,0,
LOC111136904,G-protein coupled receptor 157-like,XP_022343780.1,1,Yes,2,fam90_vs_fam84; fam90_vs_fam89,No,0,,No,0,,No,0,,No,0,
LOC111136910,,,1,No,0,,No,0,,Yes,1,Cv_Pmarinus_infection,No,0,,No,0,
LOC111136926,uncharacterized protein LOC111136926,XP_022343816.1,1,Yes,2,fam90_vs_fam120; fam90_vs_fam84,No,0,,No,0,,No,0,,No,0,
LOC111136930,mucin-2-like isoform X1,XP_022343818.1,1,Yes,1,fam90_vs_fam84,No,0,,No,0,,No,0,,No,0,
LOC111136943,LOW QUALITY PROTEIN: interferon regulatory factor 8-like,XP_022343833.1,1,No,0,,No,0,,Yes,1,Cv_Pmarinus_infection,No,0,,No,0,
LOC111136945,trichohyalin-like,XP_022343837.1,1,No,0,,No,0,,No,0,,Yes,1,28d_fed_vs_inj,No,0,
LOC111136947,"neuroligin-4, X-linked-like isoform X1",XP_022343839.1,1,Yes,2,fam90_vs_fam120; fam90_vs_fam89,No,0,,No,0,,No,0,,No,0,
LOC111136948,zinc finger protein 227-like isoform X1,XP_022343847.1,1,Yes,1,fam90_vs_fam89,No,0,,No,0,,No,0,,No,0,
LOC111136956,sporozoite surface protein 2-like,XP_022343854.1,1,No,0,,No,0,,Yes,1,Cv_Pmarinus_infection,No,0,,No,0,
LOC111136963,deoxynucleoside triphosphate triphosphohydrolase SAMHD1-like,XP_022343874.1,1,Yes,2,fam90_vs_fam84; fam90_vs_fam89,No,0,,No,0,,No,0,,No,0,
LOC111136974,cytochrome P450 2B5-like,XP_022343885.1,1,Yes,1,fam90_vs_fam89,No,0,,No,0,,No,0,,No,0,
LOC111136979,uncharacterized protein LOC111136979,XP_022343890.1,1,Yes,1,fam90_vs_fam120,No,0,,No,0,,No,0,,No,0,
LOC111136981,mucin-5AC-like isoform X2,XP_022343892.1,1,Yes,3,fam90_vs_fam120; fam90_vs_fam84; fam90_vs_fam89,No,0,,No,0,,No,0,,No,0,
LOC111136982,dual oxidase-like,XP_022343900.1,1,No,0,,No,0,,No,0,,Yes,1,7d_fed_vs_inj,No,0,
LOC111136987,DNA-directed RNA polymerase II subunit RPB2,XP_022343903.1,1,Yes,2,fam90_vs_fam84; fam90_vs_fam89,No,0,,No,0,,No,0,,No,0,
LOC111136993,dual oxidase maturation factor 1-like,XP_022343917.1,1,Yes,1,fam90_vs_fam120,No,0,,No,0,,No,0,,No,0,
LOC111137000,uncharacterized protein LOC111137000 isoform X4,XP_022343925.1,1,Yes,3,fam90_vs_fam120; fam90_vs_fam84; fam90_vs_fam89,No,0,,No,0,,No,0,,No,0,
LOC111137027,sphingoid long chain base kinase 4-like,XP_022343961.1,1,Yes,1,fam90_vs_fam89,No,0,,No,0,,No,0,,No,0,
LOC111137032,cyclin-dependent kinase 11B-like,XP_022343967.1,1,No,0,,No,0,,No,0,,Yes,1,28d_fed_vs_inj,No,0,
LOC111137039,uncharacterized protein LOC111137039,XP_022343975.1,1,Yes,1,fam90_vs_fam84,No,0,,No,0,,No,0,,No,0,
LOC111137043,LOW QUALITY PROTEIN: slit homolog 3 protein-like,XP_022343979.1,1,Yes,2,fam90_vs_fam84; fam90_vs_fam89,No,0,,No,0,,No,0,,No,0,
LOC111137051,uncharacterized protein LOC111137051,XP_022343987.1,1,Yes,1,fam90_vs_fam84,No,0,,No,0,,No,0,,No,0,
LOC111137057,lipoxygenase homology domain-containing protein 1-like,XP_022344000.1,1,No,0,,No,0,,No,0,,Yes,1,28d_fed_vs_inj,No,0,
LOC111137063,LOW QUALITY PROTEIN: endothelin-converting enzyme homolog,XP_022344014.1,1,No,0,,No,0,,Yes,1,Cv_Pmarinus_infection,No,0,,No,0,
LOC111137064,perlucin-like,XP_022344015.1,1,Yes,2,fam90_vs_fam120; fam90_vs_fam84,No,0,,No,0,,No,0,,No,0,
LOC111137074,uncharacterized protein LOC111137074 isoform X2,XP_022344031.1,1,Yes,2,fam90_vs_fam84; fam90_vs_fam89,No,0,,No,0,,No,0,,No,0,
LOC111137077,pyridine nucleotide-disulfide oxidoreductase domain-containing protein 2-like,XP_022344034.1,1,Yes,1,fam90_vs_fam84,No,0,,No,0,,No,0,,No,0,
LOC111137084,uncharacterized protein LOC111137084,XP_022344043.1,1,Yes,2,fam90_vs_fam120; fam90_vs_fam84,No,0,,No,0,,No,0,,No,0,
LOC111137085,ribonuclease P protein subunit p40-like,XP_022344044.1,1,Yes,1,fam90_vs_fam89,No,0,,No,0,,No,0,,No,0,
LOC111137087,uncharacterized protein LOC111137087,XP_022344050.1,1,Yes,1,fam90_vs_fam84,No,0,,No,0,,No,0,,No,0,
LOC111137089,60S ribosomal protein L8-like,XP_022344048.1,1,No,0,,No,0,,No,0,,Yes,1,28d_fed_vs_inj,No,0,
LOC111137098,uncharacterized protein LOC111137098,XP_022344064.1,1,Yes,1,fam90_vs_fam84,No,0,,No,0,,No,0,,No,0,
LOC111137101,protein Spindly-A-like,XP_022344066.1,1,Yes,1,fam90_vs_fam89,No,0,,No,0,,No,0,,No,0,
LOC111137102,uncharacterized protein LOC111137102,XP_022344067.1,1,Yes,2,fam90_vs_fam120; fam90_vs_fam89,No,0,,No,0,,No,0,,No,0,
LOC111137109,solute carrier family 23 member 1-like isoform X2,XP_022344081.1,1,Yes,1,fam90_vs_fam89,No,0,,No,0,,No,0,,No,0,
LOC111137111,solute carrier family 23 member 1-like isoform X2,XP_022344084.1,1,Yes,1,fam90_vs_fam89,No,0,,No,0,,No,0,,No,0,
LOC111137128,uncharacterized protein LOC111137128,XP_022344143.1,1,No,0,,No,0,,No,0,,Yes,1,6h_fed_vs_ctrl,No,0,
LOC111137133,enolase 4-like isoform X1,XP_022344148.1,1,No,0,,No,0,,No,0,,Yes,1,28d_fed_vs_inj,No,0,
LOC111137134,uncharacterized protein LOC111137134,XP_022344157.1,1,No,0,,No,0,,No,0,,Yes,1,6h_fed_vs_ctrl,No,0,
LOC111137135,uncharacterized protein LOC111137135,XP_022344153.1,1,Yes,2,fam90_vs_fam84; fam90_vs_fam89,No,0,,No,0,,No,0,,No,0,
LOC111137137,uncharacterized protein LOC111137137,XP_022344158.1,1,Yes,2,fam90_vs_fam84; fam90_vs_fam89,No,0,,No,0,,No,0,,No,0,
LOC111137146,perlucin-like protein,XP_022344168.1,1,No,0,,No,0,,Yes,1,Cv_Pmarinus_infection,No,0,,No,0,
LOC111137161,uncharacterized protein LOC111137161 isoform X1,XP_022344188.1,1,Yes,1,fam90_vs_fam120,No,0,,No,0,,No,0,,No,0,
LOC111137164,uncharacterized protein LOC111137164,XP_022344192.1,1,No,0,,No,0,,No,0,,Yes,1,6h_fed_vs_ctrl,No,0,
LOC111137169,cilia- and flagella-associated protein 251-like,XP_022344198.1,1,No,0,,No,0,,No,0,,Yes,1,28d_fed_vs_inj,No,0,
LOC111137198,uncharacterized protein LOC111137198 isoform X1,XP_022344256.1,1,Yes,2,fam90_vs_fam120; fam90_vs_fam89,No,0,,No,0,,No,0,,No,0,
LOC111137204,"39S ribosomal protein L3, mitochondrial-like",XP_022344266.1,1,No,0,,No,0,,No,0,,Yes,1,28d_fed_vs_inj,No,0,
LOC111137205,uncharacterized protein LOC111137205,XP_022344267.1,1,No,0,,No,0,,No,0,,Yes,1,7d_fed_vs_inj,No,0,
LOC111137207,LOW QUALITY PROTEIN: potassium voltage-gated channel subfamily C member 3-like,XP_022344269.1,1,Yes,1,fam90_vs_fam89,No,0,,No,0,,No,0,,No,0,
LOC111137208,LOW QUALITY PROTEIN: poly [ADP-ribose] polymerase 14-like,XP_022344270.1,1,Yes,1,fam90_vs_fam120,No,0,,No,0,,No,0,,No,0,
LOC111137214,uncharacterized protein LOC111137214 isoform X2,XP_022344275.1,1,No,0,,No,0,,No,0,,Yes,1,36h_fed_vs_inj,No,0,
LOC111137215,nuclear fragile X mental retardation-interacting protein 1-like,XP_022344286.1,1,Yes,2,fam90_vs_fam120; fam90_vs_fam84,No,0,,No,0,,No,0,,No,0,
LOC111137227,uncharacterized protein LOC111137227 isoform X1,XP_022344299.1,1,Yes,3,fam90_vs_fam120; fam90_vs_fam84; fam90_vs_fam89,No,0,,No,0,,No,0,,No,0,
LOC111137242,shootin-1-like isoform X1,XP_022344329.1,1,Yes,1,fam90_vs_fam89,No,0,,No,0,,No,0,,No,0,
LOC111137249,asparagine-rich protein-like isoform X3,XP_022344341.1,1,Yes,3,fam90_vs_fam120; fam90_vs_fam84; fam90_vs_fam89,No,0,,No,0,,No,0,,No,0,
LOC111137250,titin-like,XP_022344348.1,1,Yes,1,fam90_vs_fam89,No,0,,No,0,,No,0,,No,0,
LOC111137251,uncharacterized protein LOC111137251 isoform X3,XP_022344344.1,1,Yes,2,fam90_vs_fam84; fam90_vs_fam89,No,0,,No,0,,No,0,,No,0,
LOC111137257,glycine-rich cell wall structural protein-like,XP_022344355.1,1,No,0,,No,0,,No,0,,Yes,1,7d_fed_vs_inj,No,0,
LOC111137259,phosphatidylcholine transfer protein-like,XP_022344360.1,1,Yes,1,fam90_vs_fam84,No,0,,No,0,,No,0,,No,0,
LOC111137262,uncharacterized protein LOC111137262 isoform X2,XP_022344361.1,1,Yes,2,fam90_vs_fam84; fam90_vs_fam89,No,0,,No,0,,No,0,,No,0,
LOC111137271,protein lin-7 homolog C-like,XP_022344378.1,1,Yes,1,fam90_vs_fam89,No,0,,No,0,,No,0,,No,0,
LOC111137274,interferon-induced very large GTPase 1-like,XP_022344379.1,1,No,0,,No,0,,No,0,,Yes,1,28d_fed_vs_inj,No,0,
LOC111137283,uncharacterized protein LOC111137283,XP_022344392.1,1,Yes,3,fam90_vs_fam120; fam90_vs_fam84; fam90_vs_fam89,No,0,,No,0,,No,0,,No,0,
LOC111137290,E3 ubiquitin-protein ligase E3D-like,XP_022344401.1,1,Yes,1,fam90_vs_fam89,No,0,,No,0,,No,0,,No,0,
LOC111137291,interleukin 17-like protein,XP_022344402.1,1,No,0,,No,0,,Yes,1,Cv_Pmarinus_infection,No,0,,No,0,
LOC111137292,interleukin 17-like protein isoform X1,XP_022344403.1,1,No,0,,No,0,,Yes,1,Cv_Pmarinus_infection,No,0,,No,0,
LOC111137302,methyltransferase-like protein 27 isoform X1,XP_022344425.1,1,Yes,1,fam90_vs_fam84,No,0,,No,0,,No,0,,No,0,
LOC111137321,uncharacterized protein LOC111137321,XP_022344461.1,1,Yes,1,fam90_vs_fam89,No,0,,No,0,,No,0,,No,0,
LOC111137325,uncharacterized protein LOC111137325 isoform X2,XP_022344467.1,1,Yes,1,fam90_vs_fam84,No,0,,No,0,,No,0,,No,0,
LOC111137339,uncharacterized protein LOC111137339,XP_022344483.1,1,Yes,2,fam90_vs_fam84; fam90_vs_fam89,No,0,,No,0,,No,0,,No,0,
LOC111137347,serine racemase-like isoform X2,XP_022344492.1,1,Yes,2,fam90_vs_fam84; fam90_vs_fam89,No,0,,No,0,,No,0,,No,0,
LOC111137351,E3 ubiquitin-protein ligase NEURL1-like isoform X1,XP_022344498.1,1,Yes,2,fam90_vs_fam84; fam90_vs_fam89,No,0,,No,0,,No,0,,No,0,
LOC111137366,temptin-like,XP_022344512.1,1,No,0,,No,0,,No,0,,Yes,1,28d_fed_vs_inj,No,0,
LOC111137380,uncharacterized protein LOC111137380 isoform X1,XP_022344526.1,1,Yes,1,fam90_vs_fam89,No,0,,No,0,,No,0,,No,0,
LOC111137398,"cytochrome c1-2, heme protein, mitochondrial-like",XP_022344553.1,1,No,0,,No,0,,No,0,,Yes,1,28d_fed_vs_inj,No,0,
LOC111137411,ganglioside-induced differentiation-associated protein 1-like,XP_022344571.1,1,Yes,1,fam90_vs_fam89,No,0,,No,0,,No,0,,No,0,
LOC111137416,uncharacterized protein LOC111137416,XP_022344575.1,1,Yes,2,fam90_vs_fam84; fam90_vs_fam89,No,0,,No,0,,No,0,,No,0,
LOC111137422,cytochrome P450 2C14-like,XP_022344581.1,1,No,0,,No,0,,Yes,1,Cv_Pmarinus_infection,No,0,,No,0,
LOC111137435,complement C1q-like protein 2,XP_022344594.1,1,Yes,1,fam90_vs_fam89,No,0,,No,0,,No,0,,No,0,
LOC111137436,cyclic nucleotide-binding domain-containing protein 1-like,XP_022344596.1,1,No,0,,No,0,,No,0,,Yes,1,28d_fed_vs_inj,No,0,
LOC111137438,uncharacterized protein LOC111137438,XP_022344606.1,1,No,0,,No,0,,No,0,,No,0,,Yes,1,resistant_fam266_36h_7d
LOC111137447,ubiquitin-like domain-containing CTD phosphatase 1,XP_022344616.1,1,Yes,1,fam90_vs_fam89,No,0,,No,0,,No,0,,No,0,
LOC111137459,uncharacterized protein LOC111137459,XP_022344631.1,1,No,0,,No,0,,Yes,1,Cv_Pmarinus_infection,No,0,,No,0,
LOC111137463,LOW QUALITY PROTEIN: angiotensin-converting enzyme-like,XP_022344635.1,1,Yes,1,fam90_vs_fam89,No,0,,No,0,,No,0,,No,0,
LOC111137505,protein giant-like,XP_022344681.1,1,Yes,1,fam90_vs_fam89,No,0,,No,0,,No,0,,No,0,
LOC111137512,testis-expressed protein 49-like,XP_022344698.1,1,No,0,,No,0,,No,0,,Yes,1,28d_fed_vs_inj,No,0,
LOC111137513,uncharacterized protein LOC111137513,XP_022344697.1,1,Yes,1,fam90_vs_fam84,No,0,,No,0,,No,0,,No,0,
LOC111137522,ras association domain-containing protein 9-like isoform X1,XP_022344707.1,1,Yes,2,fam90_vs_fam120; fam90_vs_fam89,No,0,,No,0,,No,0,,No,0,
LOC111137554,uncharacterized protein LOC111137554 isoform X2,XP_022344754.1,1,Yes,1,fam90_vs_fam84,No,0,,No,0,,No,0,,No,0,
LOC111137568,uncharacterized protein LOC111137568 isoform X4,XP_022344775.1,1,Yes,2,fam90_vs_fam120; fam90_vs_fam89,No,0,,No,0,,No,0,,No,0,
LOC111137569,ninjurin-1-like,XP_022344780.1,1,No,0,,Yes,1,Pmarinus_infection,No,0,,No,0,,No,0,
LOC111137574,BLOC-1-related complex subunit 7-like isoform X3,XP_022344786.1,1,Yes,1,fam90_vs_fam89,No,0,,No,0,,No,0,,No,0,
LOC111137575,uncharacterized protein LOC111137575 isoform X1,XP_022344791.1,1,Yes,1,fam90_vs_fam89,No,0,,No,0,,No,0,,No,0,
LOC111137576,BTB/POZ domain-containing protein 16-like isoform X1,XP_022344789.1,1,No,0,,No,0,,No,0,,Yes,1,28d_fed_vs_inj,No,0,
LOC111137587,uncharacterized protein LOC111137587 isoform X1,XP_022344808.1,1,No,0,,No,0,,Yes,1,Cv_Pmarinus_infection,No,0,,No,0,
LOC111137592,UPF0598 protein CG30010-like,XP_022344819.1,1,Yes,3,fam90_vs_fam120; fam90_vs_fam84; fam90_vs_fam89,No,0,,No,0,,No,0,,No,0,
LOC111137596,"aspartate aminotransferase, mitochondrial-like",XP_022344823.1,1,Yes,2,fam90_vs_fam84; fam90_vs_fam89,No,0,,No,0,,No,0,,No,0,
LOC111137600,tyrosinase-like protein 1,XP_022344830.1,1,Yes,2,fam90_vs_fam84; fam90_vs_fam89,No,0,,No,0,,No,0,,No,0,
LOC111137612,myosin-10-like isoform X4,XP_022344850.1,1,Yes,1,fam90_vs_fam120,No,0,,No,0,,No,0,,No,0,
LOC111137620,uncharacterized protein LOC111137620,XP_022344867.1,1,Yes,1,fam90_vs_fam84,No,0,,No,0,,No,0,,No,0,
LOC111137629,disrupted in renal carcinoma protein 2 homolog,XP_022344882.1,1,Yes,2,fam90_vs_fam120; fam90_vs_fam89,No,0,,No,0,,No,0,,No,0,
LOC111137631,alpha-1B adrenergic receptor-like isoform X1,XP_022344879.1,1,No,0,,No,0,,No,0,,Yes,1,28d_fed_vs_inj,No,0,
LOC111137633,uncharacterized protein LOC111137633 isoform X1,XP_022344889.1,1,Yes,1,fam90_vs_fam89,No,0,,No,0,,No,0,,No,0,
LOC111137635,disrupted in renal carcinoma protein 2 homolog isoform X1,XP_022344894.1,1,Yes,2,fam90_vs_fam120; fam90_vs_fam89,No,0,,No,0,,No,0,,No,0,
LOC111137650,myeloid differentiation primary response protein MyD88-like,XP_022344918.1,1,Yes,2,fam90_vs_fam84; fam90_vs_fam89,No,0,,No,0,,No,0,,No,0,
LOC111137665,uncharacterized protein LOC111137665,XP_022344978.1,1,Yes,1,fam90_vs_fam84,No,0,,No,0,,No,0,,No,0,
LOC111137667,uncharacterized protein LOC111137667 isoform X1,XP_022344941.1,1,Yes,1,fam90_vs_fam120,No,0,,No,0,,No,0,,No,0,
LOC111137668,P2X purinoceptor 7-like,XP_022344951.1,1,Yes,1,fam90_vs_fam89,No,0,,No,0,,No,0,,No,0,
LOC111137674,mucin-5AC-like,XP_022344956.1,1,Yes,1,fam90_vs_fam120,No,0,,No,0,,No,0,,No,0,
LOC111137675,zinc finger protein 91-like isoform X1,XP_022344961.1,1,Yes,1,fam90_vs_fam89,No,0,,No,0,,No,0,,No,0,
LOC111137682,phylloquinone omega-hydroxylase CYP4F2-like,XP_022344972.1,1,Yes,1,fam90_vs_fam89,No,0,,No,0,,No,0,,No,0,
LOC111137689,stress response protein NST1-like isoform X1,XP_022344982.1,1,Yes,3,fam90_vs_fam120; fam90_vs_fam84; fam90_vs_fam89,No,0,,No,0,,No,0,,No,0,
LOC111137697,cell death abnormality protein 1-like,XP_022344998.1,1,Yes,1,fam90_vs_fam120,No,0,,No,0,,No,0,,No,0,
LOC111137702,filamin-A-like isoform X3,XP_022345003.1,1,No,0,,No,0,,No,0,,Yes,1,28d_fed_vs_inj,No,0,
LOC111137704,coagulation factor XII-like isoform X1,XP_022345009.1,1,Yes,3,fam90_vs_fam120; fam90_vs_fam84; fam90_vs_fam89,No,0,,No,0,,No,0,,No,0,
LOC111137705,uncharacterized protein LOC111137705 isoform X1,XP_022345013.1,1,No,0,,No,0,,Yes,1,Cv_Pmarinus_infection,No,0,,No,0,
LOC111137713,matrix metalloproteinase-14-like isoform X2,XP_022345030.1,1,No,0,,No,0,,No,0,,Yes,1,28d_fed_vs_inj,No,0,
LOC111137738,connector enhancer of kinase suppressor of ras 2-like isoform X1,XP_022345077.1,1,Yes,1,fam90_vs_fam89,No,0,,No,0,,No,0,,No,0,
LOC111137740,low-density lipoprotein receptor class A domain-containing protein 3-like,XP_022345075.1,1,No,0,,No,0,,Yes,1,Cv_Pmarinus_infection,No,0,,No,0,
LOC111137741,ketohexokinase-like,XP_022345076.1,1,Yes,1,fam90_vs_fam120,No,0,,No,0,,No,0,,No,0,
LOC111137744,,,1,No,0,,No,0,,Yes,1,Cv_Pmarinus_infection,No,0,,No,0,
LOC111137766,227 kDa spindle- and centromere-associated protein-like,XP_022345112.1,1,Yes,1,fam90_vs_fam89,No,0,,No,0,,No,0,,No,0,
LOC111137773,uncharacterized protein LOC111137773 isoform X1,XP_022345125.1,1,Yes,1,fam90_vs_fam89,No,0,,No,0,,No,0,,No,0,
LOC111137774,uncharacterized protein LOC111137774,XP_022345127.1,1,Yes,1,fam90_vs_fam84,No,0,,No,0,,No,0,,No,0,
LOC111137786,pyridoxal phosphate homeostasis protein-like,XP_022345143.1,1,Yes,3,fam90_vs_fam120; fam90_vs_fam84; fam90_vs_fam89,No,0,,No,0,,No,0,,No,0,
LOC111137788,uncharacterized protein LOC111137788 isoform X1,XP_022345146.1,1,Yes,1,fam90_vs_fam89,No,0,,No,0,,No,0,,No,0,
LOC111137797,dynein light chain roadblock-type 2 isoform X2,XP_022345155.1,1,No,0,,No,0,,No,0,,Yes,1,28d_fed_vs_inj,No,0,
LOC111137828,uncharacterized protein LOC111137828,XP_022345219.1,1,No,0,,No,0,,Yes,1,Cv_Pmarinus_infection,No,0,,No,0,
LOC111137832,muscle M-line assembly protein unc-89-like isoform X1,XP_022345230.1,1,Yes,1,fam90_vs_fam89,No,0,,No,0,,No,0,,No,0,
LOC111137848,uncharacterized protein LOC111137848,XP_022345250.1,1,Yes,1,fam90_vs_fam120,No,0,,No,0,,No,0,,No,0,
LOC111137857,monocarboxylate transporter 6-like isoform X2,XP_022345261.1,1,Yes,3,fam90_vs_fam120; fam90_vs_fam84; fam90_vs_fam89,No,0,,No,0,,No,0,,No,0,
LOC111137858,protein D7-like,XP_022345296.1,1,Yes,1,fam90_vs_fam89,No,0,,No,0,,No,0,,No,0,
LOC111137859,uncharacterized protein LOC111137859,XP_022345263.1,1,Yes,2,fam90_vs_fam84; fam90_vs_fam89,No,0,,No,0,,No,0,,No,0,
LOC111137868,myeloid leukemia factor 1-like,XP_022345270.1,1,Yes,1,fam90_vs_fam89,No,0,,No,0,,No,0,,No,0,
LOC111137870,uncharacterized protein LOC111137870,XP_022345272.1,1,Yes,2,fam90_vs_fam84; fam90_vs_fam89,No,0,,No,0,,No,0,,No,0,
LOC111137879,uncharacterized protein LOC111137879,XP_022345283.1,1,Yes,3,fam90_vs_fam120; fam90_vs_fam84; fam90_vs_fam89,No,0,,No,0,,No,0,,No,0,
LOC111137900,clathrin heavy chain 1 isoform X3,XP_022345310.1,1,No,0,,No,0,,No,0,,Yes,1,28d_fed_vs_inj,No,0,
LOC111137923,uncharacterized protein LOC111137923,XP_022345333.1,1,Yes,1,fam90_vs_fam89,No,0,,No,0,,No,0,,No,0,
LOC111137931,SRR1-like protein,XP_022345343.1,1,Yes,1,fam90_vs_fam89,No,0,,No,0,,No,0,,No,0,
LOC111137936,sperm flagellar protein 1-like isoform X2,XP_022345348.1,1,No,0,,No,0,,No,0,,Yes,1,28d_fed_vs_inj,No,0,
LOC111137940,probable cytochrome P450 49a1,XP_022345360.1,1,Yes,1,fam90_vs_fam89,No,0,,No,0,,No,0,,No,0,
LOC111137946,telomerase protein component 1-like,XP_022345371.1,1,No,0,,No,0,,No,0,,Yes,1,28d_fed_vs_inj,No,0,
LOC111137950,uncharacterized protein LOC111137950,XP_022345389.1,1,Yes,1,fam90_vs_fam89,No,0,,No,0,,No,0,,No,0,
LOC111137958,WD repeat-containing protein 5-like,XP_022345395.1,1,No,0,,No,0,,No,0,,Yes,1,28d_fed_vs_inj,No,0,
LOC111137960,proteoglycan 4-like isoform X1,XP_022345398.1,1,Yes,2,fam90_vs_fam120; fam90_vs_fam89,No,0,,No,0,,No,0,,No,0,
LOC111137967,coiled-coil domain-containing protein 189-like,XP_022345406.1,1,No,0,,No,0,,No,0,,Yes,1,28d_fed_vs_inj,No,0,
LOC111137981,uncharacterized protein LOC111137981,XP_022345426.1,1,Yes,1,fam90_vs_fam89,No,0,,No,0,,No,0,,No,0,
LOC111137987,uncharacterized protein LOC111137987,XP_022345434.1,1,No,0,,No,0,,No,0,,Yes,1,28d_fed_vs_inj,No,0,
LOC111137988,uncharacterized protein LOC111137988,XP_022345438.1,1,Yes,3,fam90_vs_fam120; fam90_vs_fam84; fam90_vs_fam89,No,0,,No,0,,No,0,,No,0,
LOC111137998,P2X purinoceptor 4-like isoform X2,XP_022345450.1,1,No,0,,No,0,,No,0,,Yes,1,28d_fed_vs_inj,No,0,
LOC111138007,uncharacterized protein LOC111138007,XP_022345461.1,1,No,0,,No,0,,Yes,1,Cv_Pmarinus_infection,No,0,,No,0,
LOC111138008,uncharacterized protein LOC111138008,XP_022345462.1,1,Yes,1,fam90_vs_fam89,No,0,,No,0,,No,0,,No,0,
LOC111138011,XK-related protein 6-like isoform X2,XP_022345465.1,1,Yes,2,fam90_vs_fam84; fam90_vs_fam89,No,0,,No,0,,No,0,,No,0,
LOC111138015,F-box only protein 36-like,XP_022345477.1,1,No,0,,No,0,,No,0,,Yes,1,28d_fed_vs_inj,No,0,
LOC111138041,uncharacterized protein LOC111138041,XP_022345526.1,1,Yes,1,fam90_vs_fam89,No,0,,No,0,,No,0,,No,0,
LOC111138043,uncharacterized protein LOC111138043,XP_022345532.1,1,Yes,1,fam90_vs_fam84,No,0,,No,0,,No,0,,No,0,
LOC111138046,remodeling and spacing factor 1-like isoform X2,XP_022345537.1,1,No,0,,No,0,,No,0,,Yes,1,7d_fed_vs_inj,No,0,
LOC111138052,uncharacterized protein LOC111138052,XP_022345547.1,1,Yes,1,fam90_vs_fam84,No,0,,No,0,,No,0,,No,0,
LOC111138059,LOW QUALITY PROTEIN: cilia- and flagella-associated protein 20-like,XP_022345557.1,1,No,0,,No,0,,No,0,,Yes,1,28d_fed_vs_inj,No,0,
LOC111138062,uncharacterized protein LOC111138062,XP_022345559.1,1,Yes,2,fam90_vs_fam84; fam90_vs_fam89,No,0,,No,0,,No,0,,No,0,
LOC111138065,cathepsin L-like isoform X1,XP_022345564.1,1,Yes,1,fam90_vs_fam89,No,0,,No,0,,No,0,,No,0,
LOC111138087,uncharacterized protein LOC111138087,XP_022345601.1,1,Yes,1,fam90_vs_fam84,No,0,,No,0,,No,0,,No,0,
LOC111138094,uncharacterized protein LOC111138094,XP_022345609.1,1,Yes,1,fam90_vs_fam89,No,0,,No,0,,No,0,,No,0,
LOC111138111,solute carrier family 25 member 35-like,XP_022345629.1,1,Yes,1,fam90_vs_fam120,No,0,,No,0,,No,0,,No,0,
LOC111138125,unconventional myosin-Ic-like isoform X2,XP_022345659.1,1,No,0,,No,0,,No,0,,Yes,1,7d_fed_vs_inj,No,0,
LOC111138144,uncharacterized protein LOC111138144,XP_022345688.1,1,Yes,1,fam90_vs_fam89,No,0,,No,0,,No,0,,No,0,
LOC111138174,uncharacterized protein LOC111138174,XP_022345730.1,1,Yes,1,fam90_vs_fam89,No,0,,No,0,,No,0,,No,0,
LOC111138188,uncharacterized protein LOC111138188,XP_022345751.1,1,Yes,1,fam90_vs_fam120,No,0,,No,0,,No,0,,No,0,
LOC111138192,translin-associated factor X-interacting protein 1-like,XP_022345756.1,1,No,0,,No,0,,No,0,,Yes,1,28d_fed_vs_inj,No,0,
LOC111138208,matrix metalloproteinase-19-like,XP_022345774.1,1,Yes,1,fam90_vs_fam120,No,0,,No,0,,No,0,,No,0,
LOC111138209,alpha-protein kinase vwkA-like,XP_022345776.1,1,Yes,3,fam90_vs_fam120; fam90_vs_fam84; fam90_vs_fam89,No,0,,No,0,,No,0,,No,0,
LOC111138212,uncharacterized protein LOC111138212 isoform X2,XP_022345783.1,1,Yes,1,fam90_vs_fam89,No,0,,No,0,,No,0,,No,0,
LOC111138220,uncharacterized protein LOC111138220,XP_022345793.1,1,No,0,,No,0,,Yes,1,Cv_Pmarinus_infection,No,0,,No,0,
LOC111138221,uncharacterized protein LOC111138221,XP_022345794.1,1,Yes,2,fam90_vs_fam84; fam90_vs_fam89,No,0,,No,0,,No,0,,No,0,
LOC111138232,kelch-like protein 40a,XP_022345805.1,1,Yes,2,fam90_vs_fam120; fam90_vs_fam84,No,0,,No,0,,No,0,,No,0,
LOC111138257,LOW QUALITY PROTEIN: tripartite motif-containing protein 55-like,XP_022345839.1,1,Yes,2,fam90_vs_fam120; fam90_vs_fam89,No,0,,No,0,,No,0,,No,0,
LOC111138264,protein FAM204A-like isoform X2,XP_022345847.1,1,Yes,1,fam90_vs_fam89,No,0,,No,0,,No,0,,No,0,
LOC111138265,protein FAM204A-like isoform X4,XP_022345850.1,1,Yes,2,fam90_vs_fam120; fam90_vs_fam89,No,0,,No,0,,No,0,,No,0,
LOC111138267,"LOW QUALITY PROTEIN: beta-1,3-glucan-binding protein-like",XP_022345855.1,1,Yes,1,fam90_vs_fam84,No,0,,No,0,,No,0,,No,0,
LOC111138272,uncharacterized protein LOC111138272,XP_022345858.1,1,Yes,1,fam90_vs_fam89,No,0,,No,0,,No,0,,No,0,
LOC111138274,zinc finger MYND domain-containing protein 12-like,XP_022345859.1,1,No,0,,No,0,,No,0,,Yes,1,28d_fed_vs_inj,No,0,
LOC111138285,matrix metalloproteinase-14-like,XP_022345871.1,1,No,0,,No,0,,Yes,1,Cv_Pmarinus_infection,No,0,,No,0,
LOC111138286,E3 ubiquitin-protein ligase TRIM33-like isoform X2,XP_022345874.1,1,Yes,1,fam90_vs_fam84,No,0,,No,0,,No,0,,No,0,
LOC111138297,cytidine deaminase-like,XP_022345883.1,1,Yes,1,fam90_vs_fam89,No,0,,No,0,,No,0,,No,0,
LOC111138309,uncharacterized protein LOC111138309,XP_022345897.1,1,Yes,1,fam90_vs_fam89,No,0,,No,0,,No,0,,No,0,
LOC111138321,dual specificity tyrosine-phosphorylation-regulated kinase 4-like isoform X4,XP_022345932.1,1,Yes,1,fam90_vs_fam89,No,0,,No,0,,No,0,,No,0,
LOC111138333,coiled-coil domain-containing protein 65-like,XP_022345956.1,1,No,0,,No,0,,No,0,,Yes,1,28d_fed_vs_inj,No,0,
LOC111138334,growth arrest-specific protein 8-like,XP_022345957.1,1,No,0,,No,0,,No,0,,Yes,1,28d_fed_vs_inj,No,0,
LOC111138348,tetratricopeptide repeat protein 1-like,XP_022345982.1,1,Yes,1,fam90_vs_fam84,No,0,,No,0,,No,0,,No,0,
LOC111138357,sodium- and chloride-dependent taurine transporter-like isoform X1,XP_022345992.1,1,No,0,,No,0,,No,0,,Yes,1,28d_fed_vs_inj,No,0,
LOC111138370,myosin-VIIa-like,XP_022346008.1,1,Yes,2,fam90_vs_fam84; fam90_vs_fam89,No,0,,No,0,,No,0,,No,0,
LOC111138392,"LOW QUALITY PROTEIN: inositol 1,4,5-trisphosphate receptor type 2-like",XP_022346035.1,1,Yes,1,fam90_vs_fam89,No,0,,No,0,,No,0,,No,0,
LOC111138399,uncharacterized protein LOC111138399,XP_022346087.1,1,No,0,,No,0,,Yes,1,Cv_Pmarinus_infection,No,0,,No,0,
LOC111138414,glutathione S-transferase omega-1-like,XP_022346075.1,1,No,0,,No,0,,No,0,,Yes,1,6h_fed_vs_ctrl,No,0,
LOC111138415,atrial natriuretic peptide receptor 2-like,XP_022346077.1,1,Yes,2,fam90_vs_fam120; fam90_vs_fam89,No,0,,No,0,,No,0,,No,0,
LOC111138432,leucine-rich repeat-containing protein 74B-like isoform X4,XP_022346099.1,1,Yes,3,fam90_vs_fam120; fam90_vs_fam84; fam90_vs_fam89,No,0,,No,0,,No,0,,No,0,
LOC111138434,uncharacterized protein LOC111138434 isoform X1,XP_022346106.1,1,Yes,1,fam90_vs_fam84,No,0,,No,0,,No,0,,No,0,
LOC111138437,,,1,No,0,,No,0,,Yes,1,Cv_Pmarinus_infection,No,0,,No,0,
LOC111138439,microfibril-associated glycoprotein 4-like,XP_022346112.1,1,Yes,2,fam90_vs_fam84; fam90_vs_fam89,No,0,,No,0,,No,0,,No,0,
LOC111138443,carboxypeptidase D-like,XP_022346116.1,1,No,0,,No,0,,No,0,,Yes,1,28d_fed_vs_inj,No,0,
LOC111138447,uncharacterized protein LOC111138447,XP_022346128.1,1,Yes,2,fam90_vs_fam84; fam90_vs_fam89,No,0,,No,0,,No,0,,No,0,
LOC111138454,uncharacterized protein LOC111138454,XP_022346136.1,1,Yes,1,fam90_vs_fam84,No,0,,No,0,,No,0,,No,0,
LOC111138463,thioredoxin-like protein 4A,XP_022346152.1,1,No,0,,No,0,,No,0,,Yes,1,7d_fed_vs_inj,No,0,
LOC111138475,uncharacterized protein YER152C-like isoform X1,XP_022346171.1,1,Yes,1,fam90_vs_fam84,No,0,,No,0,,No,0,,No,0,
LOC111138490,elongator complex protein 5-like isoform X1,XP_022346192.1,1,Yes,3,fam90_vs_fam120; fam90_vs_fam84; fam90_vs_fam89,No,0,,No,0,,No,0,,No,0,
LOC111138492,uncharacterized protein LOC111138492 isoform X1,XP_022346199.1,1,No,0,,No,0,,No,0,,Yes,1,28d_fed_vs_inj,No,0,
LOC111138493,uncharacterized protein LOC111138493 isoform X4,XP_022346201.1,1,Yes,2,fam90_vs_fam84; fam90_vs_fam89,No,0,,No,0,,No,0,,No,0,
LOC111138495,uncharacterized protein LOC111138495,XP_022346209.1,1,No,0,,No,0,,Yes,1,Cv_Pmarinus_infection,No,0,,No,0,
LOC111138496,uncharacterized protein LOC111138496 isoform X1,XP_022346210.1,1,Yes,1,fam90_vs_fam84,No,0,,No,0,,No,0,,No,0,
LOC111138502,bromodomain-containing protein 7-like isoform X1,XP_022346222.1,1,Yes,3,fam90_vs_fam120; fam90_vs_fam84; fam90_vs_fam89,No,0,,No,0,,No,0,,No,0,
LOC111138504,uncharacterized protein LOC111138504 isoform X1,XP_022346226.1,1,Yes,1,fam90_vs_fam120,No,0,,No,0,,No,0,,No,0,
LOC111138507,uncharacterized protein LOC111138507,XP_022346229.1,1,Yes,1,fam90_vs_fam89,No,0,,No,0,,No,0,,No,0,
LOC111138509,uncharacterized protein LOC111138509,XP_022346231.1,1,Yes,1,fam90_vs_fam89,No,0,,No,0,,No,0,,No,0,
