gene_id,ds1_baseMean,ds1_log2FoldChange,ds1_lfcSE,ds1_pvalue,ds1_padj,ds2_baseMean,ds2_log2FoldChange,ds2_lfcSE,ds2_pvalue,ds2_padj,ds3_baseMean,ds3_log2FoldChange,ds3_lfcSE,ds3_pvalue,ds3_padj,ds4_baseMean,ds4_log2FoldChange,ds4_lfcSE,ds4_pvalue,ds4_padj,ds5_baseMean,ds5_log2FoldChange,ds5_lfcSE,ds5_pvalue,ds5_padj,studies_detected_in
LOC111100506,191.24145109,1.156466,0.35818824,1.308903e-05,0.0002980673,NA,NA,NA,NA,NA,276.72828748,1.3719223838,0.45208261,0.0007437488,0.001687405,NA,NA,NA,NA,NA,55.44643553,1.574861,0.18532436,1.747778e-19,1.404767e-17,3
LOC111103150,3250.90879365,1.023607,0.24575218,8.027446e-07,2.846656e-05,NA,NA,NA,NA,NA,6009.77303428,4.1787700806,0.43676646,1.612279e-23,2.579646e-22,NA,NA,NA,NA,NA,377.20708193,-1.889234,0.24920547,1.394115e-16,7.668504e-15,3
LOC111119286,99.73310097,-1.008261,0.21765226,1.168717e-07,5.620844e-06,NA,NA,NA,NA,NA,104.34756291,-2.1881261072,0.28616557,1.926055e-15,1.601808e-14,NA,NA,NA,NA,NA,125.53185367,1.260258,0.16466974,6.898641e-16,3.43994e-14,3
LOC111123166,179.40573382,-1.349735,0.30460572,9.755099e-08,4.78912e-06,NA,NA,NA,NA,NA,188.83088792,2.2156192795,0.36095046,7.358982e-11,4.047629e-10,NA,NA,NA,NA,NA,92.00553745,1.718357,0.25249142,5.691167e-14,2.192033e-12,3
LOC111123295,138.78993551,-1.090998,0.19651742,8.836217e-10,8.931195e-08,NA,NA,NA,NA,NA,143.68459194,-1.7253137294,0.29105594,5.685578e-10,2.838817e-09,NA,NA,NA,NA,NA,68.03755127,-1.952597,0.20499278,6.355663e-24,9.021966e-22,3
LOC111128702,5870.90519845,1.266255,0.38436752,7.7298e-06,0.0001938803,NA,NA,NA,NA,NA,NA,NA,NA,NA,NA,190.51382065,1.395171,0.35641206,6.775133e-09,1.661485e-06,218.76457407,-1.133646,0.30537424,6.210856e-06,5.312123e-05,3
LOC111131151,446.77589432,2.230719,0.38072121,7.784104e-12,1.501299e-09,NA,NA,NA,NA,NA,35.39030104,1.2161582275,0.36298131,0.0003190187,0.0007707641,182.45084908,-1.378358,0.56640856,2.038268e-06,9.080677e-05,NA,NA,NA,NA,NA,3
LOC111132066,4720.28284769,1.315169,0.14500659,1.951333e-21,2.45881e-18,NA,NA,NA,NA,NA,504.72571264,1.3119626015,0.29177703,2.419392e-06,7.94361e-06,NA,NA,NA,NA,NA,984.02428311,1.283647,0.20392615,9.13232e-12,2.609531e-10,3
LOC111134797,42.04499096,1.513739,0.32307336,1.874049e-08,1.172894e-06,NA,NA,NA,NA,NA,138.90482134,2.5597364074,0.29837175,5.603071e-19,6.269825e-18,NA,NA,NA,NA,NA,93.21045237,-1.31634,0.2675617,1.950214e-08,3.003296e-07,3
LOC111135134,113.16577155,-1.343011,0.32809187,4.022021e-07,1.603802e-05,NA,NA,NA,NA,NA,494.59640369,-2.1294121202,0.27362224,7.212875e-16,6.210604e-15,NA,NA,NA,NA,NA,114.35748394,1.339175,0.21453814,1.016102e-11,2.889407e-10,3
LOC111135301,258.35913068,-1.816099,0.28093068,4.007985e-13,9.967752e-11,NA,NA,NA,NA,NA,328.46536229,-4.2223161831,0.42012446,1.332931e-25,2.438399e-24,NA,NA,NA,NA,NA,106.81862409,-1.091528,0.21297679,1.528141e-08,2.418915e-07,3
LOC111135501,237.9640298,2.705708,0.30469199,7.615577e-22,1.028157e-18,NA,NA,NA,NA,NA,195.78293782,1.6110249944,0.22256346,1.015622e-13,7.307028e-13,NA,NA,NA,NA,NA,73.10147343,-1.981973,0.17936706,8.502605e-31,2.267619e-28,3
LOC111136256,112.30961028,-2.035513,0.37841575,1.638413e-10,2.037345e-08,NA,NA,NA,NA,NA,34.54474545,1.1831620256,0.33506822,0.0001724243,0.0004352222,NA,NA,NA,NA,NA,81.58339367,-1.126119,0.3024759,6.125467e-06,5.252633e-05,3
LOC111120910,NA,NA,NA,NA,NA,NA,NA,NA,NA,NA,114.21888563,1.0800615481,0.35114386,0.0009989784,0.002212613,107.49698623,-1.017132,0.470416,1.464699e-05,0.0003789167,99.78156307,-1.975759,0.26423712,2.951674e-16,1.541702e-14,3
LOC111099056,174.47571456,1.00673,0.17161906,1.936537e-10,2.316613e-08,NA,NA,NA,NA,NA,NA,NA,NA,NA,NA,NA,NA,NA,NA,NA,29.25130838,1.345897,0.21351601,6.688522e-12,1.936371e-10,2
LOC111099122,97.53009785,1.190672,0.27464319,2.444234e-07,1.049965e-05,NA,NA,NA,NA,NA,64.12408081,1.1213928035,0.25447836,4.837749e-06,1.536157e-05,NA,NA,NA,NA,NA,NA,NA,NA,NA,NA,2
LOC111099711,42.4719459,1.204526,0.301509,9.058876e-07,3.176657e-05,NA,NA,NA,NA,NA,NA,NA,NA,NA,NA,NA,NA,NA,NA,NA,43.81109188,-1.890716,0.25616227,6.405653e-16,3.212316e-14,2
LOC111100257,150.08505116,1.186205,0.19256874,1.722781e-11,2.933539e-09,NA,NA,NA,NA,NA,541.80309703,3.5308424106,0.39782353,1.614659e-20,2.063068e-19,NA,NA,NA,NA,NA,NA,NA,NA,NA,NA,2
LOC111100531,64.73928933,1.565692,0.19790616,1.929848e-17,1.350965e-14,NA,NA,NA,NA,NA,214.52408146,2.6648164335,0.2056489,1.138574e-39,4.805322e-38,NA,NA,NA,NA,NA,NA,NA,NA,NA,NA,2
LOC111100552,54.25142398,1.042176,0.20625019,1.444543e-08,9.35045e-07,NA,NA,NA,NA,NA,NA,NA,NA,NA,NA,NA,NA,NA,NA,NA,28.12745459,1.055909,0.19900103,6.564786e-09,1.101557e-07,2
LOC111100633,320.89258623,-3.979067,0.41424016,4.596453e-26,2.895918e-22,NA,NA,NA,NA,NA,506.67831764,-2.5070062425,0.37180433,9.423144e-13,6.231715e-12,NA,NA,NA,NA,NA,NA,NA,NA,NA,NA,2
LOC111100995,65.66764018,1.051536,0.2579547,1.050112e-06,3.602208e-05,NA,NA,NA,NA,NA,63.88850501,-1.1526612226,0.46690447,0.005681739,0.01079359,NA,NA,NA,NA,NA,NA,NA,NA,NA,NA,2
LOC111101010,54.96818796,1.391458,0.34028554,3.519798e-07,1.427633e-05,NA,NA,NA,NA,NA,6544.23127398,5.2201338156,0.24753295,9.148802e-101,3.163715e-98,NA,NA,NA,NA,NA,NA,NA,NA,NA,NA,2
LOC111101239,43.49312124,2.51988,0.2063198,4.923167e-37,9.305278e-33,NA,NA,NA,NA,NA,NA,NA,NA,NA,NA,NA,NA,NA,NA,NA,36.73821604,-1.313409,0.20693743,5.794755e-12,1.69153e-10,2
LOC111101260,87.15031107,-1.220004,0.14608856,1.524614e-18,1.200697e-15,NA,NA,NA,NA,NA,NA,NA,NA,NA,NA,NA,NA,NA,NA,NA,32.22546036,1.521978,0.13461184,1.394186e-31,4.023026e-29,2
LOC111102660,75.20565897,1.020836,0.37738454,7.712277e-05,0.001259894,NA,NA,NA,NA,NA,160.2551119,1.0079233515,0.49850271,0.02152517,0.03600965,NA,NA,NA,NA,NA,NA,NA,NA,NA,NA,2
LOC111102735,115.28814089,-1.877573,0.30206693,1.737482e-12,3.731835e-10,NA,NA,NA,NA,NA,67.39910185,-1.6492428021,0.45808458,6.416704e-05,0.0001731363,NA,NA,NA,NA,NA,NA,NA,NA,NA,NA,2
LOC111102928,306.28831281,-1.065749,0.50973602,0.0002325031,0.003041205,NA,NA,NA,NA,NA,NA,NA,NA,NA,NA,48.73181735,-2.034659,0.50453846,1.350562e-08,2.518516e-06,NA,NA,NA,NA,NA,2
LOC111102942,116.96049964,1.14622,0.3155816,3.903915e-06,0.0001104609,NA,NA,NA,NA,NA,NA,NA,NA,NA,NA,NA,NA,NA,NA,NA,35.22298138,1.720048,0.26507701,4.900694e-13,1.66529e-11,2
LOC111102960,96.39199399,1.045936,0.33384034,2.379991e-05,0.0004831815,NA,NA,NA,NA,NA,NA,NA,NA,NA,NA,NA,NA,NA,NA,NA,70.72722074,-1.293529,0.30953436,6.119721e-07,6.787607e-06,2
LOC111103347,55.96655535,-1.575859,0.36329767,7.383029e-08,3.781751e-06,NA,NA,NA,NA,NA,328.5302441,-2.1730442539,0.27373229,1.949916e-16,1.777474e-15,NA,NA,NA,NA,NA,NA,NA,NA,NA,NA,2
LOC111103371,154.03433044,-1.358823,0.48179429,1.998739e-05,0.0004169776,NA,NA,NA,NA,NA,308.68173784,-2.8292571076,0.49076604,3.284135e-10,1.679672e-09,NA,NA,NA,NA,NA,NA,NA,NA,NA,NA,2
LOC111103999,127.00966811,2.133869,0.34209403,9.471975e-13,2.131307e-10,NA,NA,NA,NA,NA,151.50704305,-1.6915238032,0.74814303,0.004088535,0.008019962,NA,NA,NA,NA,NA,NA,NA,NA,NA,NA,2
LOC111104314,39.26725956,1.100133,0.31084493,6.054671e-06,0.0001578474,NA,NA,NA,NA,NA,NA,NA,NA,NA,NA,NA,NA,NA,NA,NA,27.94836951,-1.182833,0.13272364,2.470089e-20,2.24116e-18,2
LOC111105708,56.63401874,1.220784,0.21643488,3.388687e-10,3.858408e-08,NA,NA,NA,NA,NA,NA,NA,NA,NA,NA,NA,NA,NA,NA,NA,43.77574861,-1.591856,0.16849147,2.911614e-23,3.768399e-21,2
LOC111105991,110.39931852,1.585815,0.24341797,4.906556e-13,1.2044e-10,NA,NA,NA,NA,NA,NA,NA,NA,NA,NA,NA,NA,NA,NA,NA,50.80314074,-1.314824,0.1711487,4.396631e-16,2.236691e-14,2
LOC111107094,34.70847377,1.193252,0.20197174,7.830691e-11,1.088293e-08,NA,NA,NA,NA,NA,200.85523222,2.8236464993,0.28513788,1.809861e-24,3.060206e-23,NA,NA,NA,NA,NA,NA,NA,NA,NA,NA,2
LOC111108041,51.62586059,1.941055,0.25377598,6.998146e-17,3.890352e-14,NA,NA,NA,NA,NA,254.64599841,2.8994956233,0.36845506,1.425631e-16,1.315212e-15,NA,NA,NA,NA,NA,NA,NA,NA,NA,NA,2
LOC111108418,228.17123171,1.126032,0.21678123,5.358554e-09,4.150902e-07,NA,NA,NA,NA,NA,81.05542942,-1.5451187846,0.29655544,4.627863e-08,1.87706e-07,NA,NA,NA,NA,NA,NA,NA,NA,NA,NA,2
LOC111108428,37.61821672,-1.611999,0.25997684,3.468761e-12,7.204731e-10,NA,NA,NA,NA,NA,NA,NA,NA,NA,NA,NA,NA,NA,NA,NA,215.54356721,1.615634,0.21884666,1.206124e-15,5.864696e-14,2
LOC111108471,81.64412611,-1.118851,0.4061818,5.039347e-05,0.0008803023,NA,NA,NA,NA,NA,NA,NA,NA,NA,NA,NA,NA,NA,NA,NA,53.31311866,2.625591,0.29611309,6.32873e-21,6.087339e-19,2
LOC111108770,75.05337719,-1.317006,0.31520694,3.11645e-07,1.294594e-05,NA,NA,NA,NA,NA,88.18605277,-1.5742592775,0.46107691,0.0001449327,0.0003706294,NA,NA,NA,NA,NA,NA,NA,NA,NA,NA,2
LOC111109780,191.47037877,-1.500483,0.30532055,6.493237e-09,4.831837e-07,NA,NA,NA,NA,NA,269.00022249,1.7927734934,0.40230507,1.362307e-06,4.615655e-06,NA,NA,NA,NA,NA,NA,NA,NA,NA,NA,2
LOC111109913,501.71956355,-1.176526,0.27190952,2.648269e-07,1.127363e-05,NA,NA,NA,NA,NA,NA,NA,NA,NA,NA,NA,NA,NA,NA,NA,86.84595672,-1.068166,0.2388522,3.735774e-07,4.363443e-06,2
LOC111110238,473.43426943,-2.272259,0.48715562,3.348603e-09,2.739943e-07,NA,NA,NA,NA,NA,NA,NA,NA,NA,NA,NA,NA,NA,NA,NA,236.75191362,-1.262251,0.55938043,0.0002088326,0.00120048,2
LOC111112397,204.90522521,1.835332,0.43943478,7.205288e-08,3.710822e-06,NA,NA,NA,NA,NA,174.8068229,-2.2313830793,0.36804696,1.153289e-10,6.228341e-10,NA,NA,NA,NA,NA,NA,NA,NA,NA,NA,2
LOC111112650,55.20159464,-1.906082,0.27939115,3.070784e-14,9.673482e-12,NA,NA,NA,NA,NA,NA,NA,NA,NA,NA,NA,NA,NA,NA,NA,47.22122996,-2.28284,0.19393328,3.586552e-34,1.26261e-31,2
LOC111113038,46.41936538,1.413585,0.33778361,2.245828e-07,9.826015e-06,NA,NA,NA,NA,NA,75.93123926,2.6206101492,0.2857503,2.578104e-21,3.516193e-20,NA,NA,NA,NA,NA,NA,NA,NA,NA,NA,2
LOC111113987,79.76153814,-1.867921,0.28426437,1.796358e-13,4.652157e-11,NA,NA,NA,NA,NA,NA,NA,NA,NA,NA,NA,NA,NA,NA,NA,109.29482448,1.436249,0.1314136,1.440918e-29,3.623292e-27,2
LOC111114634,79.16112748,1.084622,0.36323158,3.152835e-05,0.0006042357,NA,NA,NA,NA,NA,NA,NA,NA,NA,NA,NA,NA,NA,NA,NA,70.17552128,1.355367,0.18324661,3.268194e-15,1.494202e-13,2
LOC111114740,96.14988211,-1.025792,0.31083372,1.560875e-05,0.0003406708,NA,NA,NA,NA,NA,93.21249745,2.0815047053,0.20514656,3.76665e-25,6.70739e-24,NA,NA,NA,NA,NA,NA,NA,NA,NA,NA,2
LOC111114849,57.80294057,1.518284,0.27946747,4.128414e-10,4.536695e-08,NA,NA,NA,NA,NA,NA,NA,NA,NA,NA,NA,NA,NA,NA,NA,42.34787812,-1.188094,0.16856262,8.100494e-14,3.07295e-12,2
LOC111114926,310.95865725,1.086763,0.21325497,1.010103e-08,6.993388e-07,NA,NA,NA,NA,NA,NA,NA,NA,NA,NA,NA,NA,NA,NA,NA,145.95594177,1.559091,0.18855913,1.311776e-18,9.424442e-17,2
LOC111117040,113.27561992,-1.492976,0.3508274,1.323706e-07,6.286273e-06,NA,NA,NA,NA,NA,NA,NA,NA,NA,NA,NA,NA,NA,NA,NA,39.0104074,-2.418706,0.28523018,1.478631e-19,1.216209e-17,2
LOC111117483,41.27956015,1.384006,0.29668326,3.062298e-08,1.825883e-06,NA,NA,NA,NA,NA,NA,NA,NA,NA,NA,NA,NA,NA,NA,NA,31.21107551,-1.00218,0.20965563,1.088753e-07,1.442004e-06,2
LOC111118097,361.44976429,-1.14951,0.53616511,0.0001563642,0.002217135,NA,NA,NA,NA,NA,237.96697745,-3.4637677542,0.78381554,1.744243e-07,6.64946e-07,NA,NA,NA,NA,NA,NA,NA,NA,NA,NA,2
LOC111119713,33890.01685242,1.416948,0.32433923,1.034441e-07,5.039165e-06,NA,NA,NA,NA,NA,7434.07042029,2.1238159164,0.36921693,8.815562e-10,4.305368e-09,NA,NA,NA,NA,NA,NA,NA,NA,NA,NA,2
LOC111120858,76.95916778,1.304673,0.21258884,1.303637e-11,2.281486e-09,NA,NA,NA,NA,NA,NA,NA,NA,NA,NA,NA,NA,NA,NA,NA,48.73753912,1.433363,0.20733934,7.725036e-14,2.936849e-12,2
LOC111121202,65.41076017,1.491611,0.295602,3.451383e-09,2.799768e-07,NA,NA,NA,NA,NA,25.39162065,1.5220868287,0.40199719,3.808263e-05,0.0001061205,NA,NA,NA,NA,NA,NA,NA,NA,NA,NA,2
LOC111121350,181.24401478,-1.166041,0.47955513,8.723401e-05,0.001397297,NA,NA,NA,NA,NA,NA,NA,NA,NA,NA,NA,NA,NA,NA,NA,130.56351357,1.250818,0.44292544,6.113969e-05,0.0004039718,2
LOC111121496,373.08063268,1.575211,0.46461426,2.280335e-06,6.985511e-05,NA,NA,NA,NA,NA,225.66263208,1.9036272862,0.47496187,8.300618e-06,2.54527e-05,NA,NA,NA,NA,NA,NA,NA,NA,NA,NA,2
LOC111121560,2680.92843019,1.06629,0.22089727,4.025183e-08,2.291566e-06,NA,NA,NA,NA,NA,NA,NA,NA,NA,NA,NA,NA,NA,NA,NA,413.8548687,-1.016612,0.26742738,6.387467e-06,5.455225e-05,2
LOC111122010,274.32117996,-1.256788,0.43068601,2.188322e-05,0.0004495811,NA,NA,NA,NA,NA,NA,NA,NA,NA,NA,71.74068843,-2.307958,0.57857248,1.25122e-08,2.43471e-06,NA,NA,NA,NA,NA,2
LOC111122184,88.08860578,-1.21,0.326454,2.505498e-06,7.528843e-05,NA,NA,NA,NA,NA,92.27578796,-1.945476254,0.3128754,6.615482e-11,3.655565e-10,NA,NA,NA,NA,NA,NA,NA,NA,NA,NA,2
LOC111122246,299.29212705,-1.319889,0.43851089,1.422683e-05,0.0003163545,NA,NA,NA,NA,NA,NA,NA,NA,NA,NA,140.78381268,-2.362347,0.41575006,1.167646e-11,2.61412e-08,NA,NA,NA,NA,NA,2
LOC111122487,402.24981601,2.352407,0.40633757,9.309762e-12,1.708386e-09,NA,NA,NA,NA,NA,NA,NA,NA,NA,NA,NA,NA,NA,NA,NA,91.47545169,1.525583,0.3646582,2.678212e-07,3.246686e-06,2
LOC111122564,220.12265311,1.170258,0.21094093,6.837473e-10,7.023645e-08,NA,NA,NA,NA,NA,108.15841145,1.6825302611,0.33519677,1.017878e-07,3.976548e-07,NA,NA,NA,NA,NA,NA,NA,NA,NA,NA,2
LOC111122616,96.72388039,-2.390017,0.47081217,3.803253e-10,4.203818e-08,NA,NA,NA,NA,NA,NA,NA,NA,NA,NA,NA,NA,NA,NA,NA,79.95950635,1.18848,0.33703995,9.796603e-06,7.928267e-05,2
LOC111122677,54.70560969,-1.436814,0.26080757,3.45374e-10,3.90893e-08,NA,NA,NA,NA,NA,35.51840888,-1.0878222095,0.57112366,0.02499118,0.04117393,NA,NA,NA,NA,NA,NA,NA,NA,NA,NA,2
LOC111122782,61.20293075,1.004028,0.16219057,2.742014e-11,4.429641e-09,NA,NA,NA,NA,NA,67.56988842,1.468821378,0.22452102,1.696173e-11,9.892806e-11,NA,NA,NA,NA,NA,NA,NA,NA,NA,NA,2
LOC111123068,467.81358417,1.037859,0.20728753,1.839973e-08,1.159244e-06,NA,NA,NA,NA,NA,220.36946314,-3.0886196938,0.3371048,1.737946e-21,2.385503e-20,NA,NA,NA,NA,NA,NA,NA,NA,NA,NA,2
LOC111123434,103.46464174,-1.42224,0.21841481,8.003638e-13,1.822612e-10,NA,NA,NA,NA,NA,67.79441992,3.1453649895,0.22192973,4.625288e-47,2.754616e-45,NA,NA,NA,NA,NA,NA,NA,NA,NA,NA,2
LOC111123720,127.23355987,1.067368,0.34187532,2.304255e-05,0.0004698243,NA,NA,NA,NA,NA,NA,NA,NA,NA,NA,NA,NA,NA,NA,NA,38.8089602,2.231836,0.182475,1.257679e-36,5.534418e-34,2
LOC111124659,103.47303939,-2.018385,0.29604384,2.597492e-14,8.32122e-12,NA,NA,NA,NA,NA,NA,NA,NA,NA,NA,NA,NA,NA,NA,NA,79.42258606,-1.018637,0.25923221,3.959477e-06,3.545001e-05,2
LOC111124704,304.26703234,-1.210502,0.16945689,2.066772e-14,6.853343e-12,NA,NA,NA,NA,NA,97.00722399,-1.5453179506,0.20473568,1.100733e-14,8.563028e-14,NA,NA,NA,NA,NA,NA,NA,NA,NA,NA,2
LOC111124800,824.55180142,1.929744,0.48716624,1.296481e-07,6.188078e-06,NA,NA,NA,NA,NA,NA,NA,NA,NA,NA,NA,NA,NA,NA,NA,305.04285807,1.387648,0.24661689,3.37951e-10,7.371268e-09,2
LOC111124881,450.24395446,1.749242,0.32947247,4.404522e-10,4.812131e-08,NA,NA,NA,NA,NA,93.31401038,-1.2129824249,0.37962858,0.0005527623,0.001282878,NA,NA,NA,NA,NA,NA,NA,NA,NA,NA,2
LOC111125004,48.38719582,-1.204666,0.34542716,5.213529e-06,0.0001399729,NA,NA,NA,NA,NA,187.72635759,-2.2629252636,0.39954405,1.212957e-09,5.810055e-09,NA,NA,NA,NA,NA,NA,NA,NA,NA,NA,2
LOC111125286,536.39509823,-1.333171,0.39496308,4.949436e-06,0.0001340248,NA,NA,NA,NA,NA,543.33348056,-2.319740391,0.34416188,1.219637e-12,7.967404e-12,NA,NA,NA,NA,NA,NA,NA,NA,NA,NA,2
LOC111125781,173.30427253,-1.64604,0.2314324,6.838584e-15,2.585122e-12,NA,NA,NA,NA,NA,42.52450912,1.0749021692,0.26967174,3.280422e-05,9.242082e-05,NA,NA,NA,NA,NA,NA,NA,NA,NA,NA,2
LOC111125900,262.14608514,-1.130951,0.30054813,2.622188e-06,7.842083e-05,NA,NA,NA,NA,NA,253.56878293,-3.2912431228,0.44193767,2.579689e-15,2.125616e-14,NA,NA,NA,NA,NA,NA,NA,NA,NA,NA,2
LOC111126369,52.58623262,-1.448348,0.30196132,1.348047e-08,8.84703e-07,NA,NA,NA,NA,NA,424.56157179,5.3738394509,0.31596777,5.786683e-67,7.658426e-65,NA,NA,NA,NA,NA,NA,NA,NA,NA,NA,2
LOC111128317,4658.2118542,1.707861,0.4607999,5.71725e-07,2.135608e-05,NA,NA,NA,NA,NA,NA,NA,NA,NA,NA,NA,NA,NA,NA,NA,3249.30808062,1.864441,0.54627793,2.162329e-06,2.082128e-05,2
LOC111129164,34.31448953,-1.000601,0.19052278,5.936827e-09,4.542995e-07,NA,NA,NA,NA,NA,NA,NA,NA,NA,NA,NA,NA,NA,NA,NA,24.54205582,-1.261122,0.13915063,4.681158e-21,4.552362e-19,2
LOC111129445,949.5709746,1.149049,0.28196932,7.924283e-07,2.820657e-05,NA,NA,NA,NA,NA,522.53597586,1.0754889443,0.38255978,0.002342745,0.004829658,NA,NA,NA,NA,NA,NA,NA,NA,NA,NA,2
LOC111129485,428.86021469,1.000666,0.20927964,6.034799e-08,3.275657e-06,NA,NA,NA,NA,NA,222.24978151,-1.1872832327,0.3375037,0.0001801554,0.0004537748,NA,NA,NA,NA,NA,NA,NA,NA,NA,NA,2
LOC111130170,152.24893914,-1.008061,0.28172019,6.897689e-06,0.0001757052,NA,NA,NA,NA,NA,NA,NA,NA,NA,NA,NA,NA,NA,NA,NA,168.9857743,-1.315056,0.15359589,3.222518e-19,2.466207e-17,2
LOC111130453,34.23199463,1.101664,0.19085901,2.426337e-10,2.866263e-08,NA,NA,NA,NA,NA,257.89106926,3.9430260813,0.18196483,7.855306e-106,3.368355e-103,NA,NA,NA,NA,NA,NA,NA,NA,NA,NA,2
LOC111132644,71.01332078,-1.099335,0.17785317,2.075321e-11,3.471295e-09,NA,NA,NA,NA,NA,NA,NA,NA,NA,NA,NA,NA,NA,NA,NA,36.36291014,2.337556,0.18643986,3.529854e-38,1.593141e-35,2
LOC111132645,47.19383196,-1.67239,0.23512223,6.407253e-15,2.4715e-12,NA,NA,NA,NA,NA,204.46633069,1.3821361957,0.30060501,1.344326e-06,4.557614e-06,NA,NA,NA,NA,NA,NA,NA,NA,NA,NA,2
LOC111133620,148.55273535,1.202653,0.22256668,1.351918e-09,1.264305e-07,NA,NA,NA,NA,NA,NA,NA,NA,NA,NA,NA,NA,NA,NA,NA,59.05335448,1.59614,0.19902164,8.807614e-18,5.678814e-16,2
LOC111133833,51.628126,-1.345921,0.27302529,9.745624e-09,6.822298e-07,NA,NA,NA,NA,NA,NA,NA,NA,NA,NA,NA,NA,NA,NA,NA,29.09073679,1.710444,0.16449157,1.367112e-27,2.934623e-25,2
LOC111134386,123.42053234,1.078705,0.25618184,5.742537e-07,2.14064e-05,NA,NA,NA,NA,NA,208.95108879,3.081182944,0.54746964,5.517795e-10,2.757611e-09,NA,NA,NA,NA,NA,NA,NA,NA,NA,NA,2
LOC111135723,31.03842747,1.919932,0.26755397,2.47649e-15,1.088561e-12,NA,NA,NA,NA,NA,50.34504034,2.2078028651,0.23333617,2.771721e-22,4.053595e-21,NA,NA,NA,NA,NA,NA,NA,NA,NA,NA,2
LOC111135761,299.07384188,-1.053202,0.22022402,5.169057e-08,2.865113e-06,NA,NA,NA,NA,NA,330.86304072,2.1730610762,0.28705734,3.545329e-15,2.896793e-14,NA,NA,NA,NA,NA,NA,NA,NA,NA,NA,2
LOC111136160,76.00387608,1.220484,0.20708434,7.737524e-11,1.083311e-08,NA,NA,NA,NA,NA,NA,NA,NA,NA,NA,NA,NA,NA,NA,NA,54.61200722,1.344801,0.21716151,1.355999e-11,3.770662e-10,2
LOC111136426,133.05388522,1.284748,0.28279668,7.340519e-08,3.770194e-06,NA,NA,NA,NA,NA,NA,NA,NA,NA,NA,NA,NA,NA,NA,NA,57.80746618,1.110601,0.23090982,6.926236e-08,9.554514e-07,2
LOC111136763,58.52182047,1.06746,0.26542009,1.236171e-06,4.187251e-05,NA,NA,NA,NA,NA,NA,NA,NA,NA,NA,NA,NA,NA,NA,NA,29.05760112,1.360848,0.18217184,1.832398e-15,8.555404e-14,2
LOC111136918,74.44304625,-1.283094,0.18563182,8.290661e-14,2.374269e-11,NA,NA,NA,NA,NA,NA,NA,NA,NA,NA,NA,NA,NA,NA,NA,47.09814676,-1.592096,0.14669444,1.606779e-29,3.983454e-27,2
LOC111136994,259.00067685,1.101878,0.185174,8.448895e-11,1.157193e-08,NA,NA,NA,NA,NA,240.84706409,1.5240648943,0.19820055,3.802092e-15,3.094793e-14,NA,NA,NA,NA,NA,NA,NA,NA,NA,NA,2
LOC111137109,220.67985456,1.268255,0.27773063,6.972116e-08,3.620329e-06,NA,NA,NA,NA,NA,40.72729464,2.7081703671,0.40979757,1.847496e-12,1.183104e-11,NA,NA,NA,NA,NA,NA,NA,NA,NA,NA,2
LOC111137127,166.32296981,-1.007278,0.22089363,1.61672e-07,7.4713e-06,NA,NA,NA,NA,NA,65.49923254,-1.3736107516,0.30838411,2.681721e-06,8.761977e-06,NA,NA,NA,NA,NA,NA,NA,NA,NA,NA,2
LOC111137398,2239.47595716,-1.013899,0.35366201,5.296012e-05,0.0009158273,NA,NA,NA,NA,NA,NA,NA,NA,NA,NA,NA,NA,NA,NA,NA,658.45721288,-1.514905,0.20275124,9.180153e-16,4.513661e-14,2
LOC111137658,48.76524269,-1.590704,0.31848298,3.369162e-09,2.74485e-07,NA,NA,NA,NA,NA,NA,NA,NA,NA,NA,NA,NA,NA,NA,NA,43.50531396,2.499557,0.19643237,4.500111e-39,2.140837e-36,2
LOC111138370,60.85626314,2.683305,0.28026914,1.292379e-24,4.07121e-21,NA,NA,NA,NA,NA,205.58084787,1.1318850547,0.25767054,5.08236e-06,1.610967e-05,NA,NA,NA,NA,NA,NA,NA,NA,NA,NA,2
LOC111101211,NA,NA,NA,NA,NA,22.3307896,-1.785155,0.45220253,1.894956e-07,0.0005252819,86.13243067,-1.1457866582,0.53950651,0.01390712,0.02427687,NA,NA,NA,NA,NA,NA,NA,NA,NA,NA,2
LOC111102633,NA,NA,NA,NA,NA,26.14755258,-1.036398,0.31749019,6.70069e-06,0.005572294,NA,NA,NA,NA,NA,NA,NA,NA,NA,NA,62.00308616,1.685528,0.20621216,1.810991e-18,1.264963e-16,2
LOC111114294,NA,NA,NA,NA,NA,2265.24927314,1.1932,0.34461249,3.762074e-06,0.003910676,1545.17602289,6.6185698684,1.31595279,2.054214e-10,1.077357e-09,NA,NA,NA,NA,NA,NA,NA,NA,NA,NA,2
LOC111117829,NA,NA,NA,NA,NA,24.00983065,-1.384885,0.45232454,4.35475e-06,0.004139587,NA,NA,NA,NA,NA,118.6578723,-1.583193,0.47168262,8.870576e-08,9.341238e-06,NA,NA,NA,NA,NA,2
LOC111121115,NA,NA,NA,NA,NA,14.9550986,-1.882475,0.53711642,2.751853e-07,0.0006538402,NA,NA,NA,NA,NA,68.80101222,-1.719169,0.46484011,3.257449e-08,4.81941e-06,NA,NA,NA,NA,NA,2
LOC111128694,NA,NA,NA,NA,NA,680.73162123,9.212112,1.63561717,1.779214e-09,7.397972e-06,782.19517634,-2.2208792259,1.11767027,0.002865827,0.005804206,NA,NA,NA,NA,NA,NA,NA,NA,NA,NA,2
LOC111099064,NA,NA,NA,NA,NA,NA,NA,NA,NA,NA,196.88541659,1.821049964,0.64083146,0.0006599842,0.001511759,114.06011404,-1.809593,0.46856749,2.109779e-08,3.529838e-06,NA,NA,NA,NA,NA,2
LOC111100413,NA,NA,NA,NA,NA,NA,NA,NA,NA,NA,188.23932058,-2.7321607421,0.28118573,1.256167e-23,2.018907e-22,NA,NA,NA,NA,NA,176.98162828,-1.075845,0.13113768,1.558511e-17,9.525316e-16,2
LOC111100708,NA,NA,NA,NA,NA,NA,NA,NA,NA,NA,3262.03011495,1.7515535868,0.48715418,5.535867e-05,0.0001506205,966.01828716,1.577825,0.25604406,2.527554e-13,1.131207e-09,NA,NA,NA,NA,NA,2
LOC111100728,NA,NA,NA,NA,NA,NA,NA,NA,NA,NA,85.30004931,1.3616992723,0.42163791,0.0003918894,0.0009327384,NA,NA,NA,NA,NA,31.33410316,1.120185,0.1959827,5.537261e-10,1.161703e-08,2
LOC111100858,NA,NA,NA,NA,NA,NA,NA,NA,NA,NA,65.14325167,-1.1980554907,0.37734513,0.0006054958,0.001396496,NA,NA,NA,NA,NA,136.35671391,1.260466,0.25852964,2.996818e-08,4.440235e-07,2
LOC111101678,NA,NA,NA,NA,NA,NA,NA,NA,NA,NA,189.62956358,-2.6143374346,0.30157447,2.40145e-19,2.760654e-18,NA,NA,NA,NA,NA,126.78633224,-1.198271,0.17578293,3.963246e-13,1.370551e-11,2
LOC111101725,NA,NA,NA,NA,NA,NA,NA,NA,NA,NA,148.89781172,1.5161665882,0.24173631,9.23255e-11,5.021458e-10,NA,NA,NA,NA,NA,45.0196453,-1.322984,0.23524228,4.463207e-10,9.499561e-09,2
LOC111103019,NA,NA,NA,NA,NA,NA,NA,NA,NA,NA,86.05200283,-2.4512585158,0.26339197,8.855608e-22,1.244196e-20,NA,NA,NA,NA,NA,95.5838241,-1.005557,0.1331174,3.313238e-15,1.510871e-13,2
LOC111103155,NA,NA,NA,NA,NA,NA,NA,NA,NA,NA,72.62126782,-2.2782291398,0.48528517,2.090431e-07,7.890641e-07,NA,NA,NA,NA,NA,36.07953792,-1.266028,0.23496138,2.073278e-09,3.890601e-08,2
LOC111103323,NA,NA,NA,NA,NA,NA,NA,NA,NA,NA,1524.80101206,-3.4430631103,0.46887645,4.912904e-15,3.953929e-14,NA,NA,NA,NA,NA,478.43636904,1.355479,0.19629566,1.144254e-13,4.262851e-12,2
LOC111103427,NA,NA,NA,NA,NA,NA,NA,NA,NA,NA,490.45317506,-2.1689591583,0.17428563,1.454113e-36,5.127662e-35,NA,NA,NA,NA,NA,701.90729643,-1.037017,0.15648567,2.380242e-12,7.350355e-11,2
LOC111103796,NA,NA,NA,NA,NA,NA,NA,NA,NA,NA,409.25047194,-4.3281113676,0.22097665,3.117841e-87,6.963177e-85,NA,NA,NA,NA,NA,1082.84975707,1.308989,0.14662648,1.312189e-20,1.235142e-18,2
LOC111103944,NA,NA,NA,NA,NA,NA,NA,NA,NA,NA,20.14733007,1.282564573,0.36970877,0.0001876314,0.0004712766,NA,NA,NA,NA,NA,302.32893821,1.810337,0.29738078,5.367075e-12,1.582433e-10,2
LOC111104065,NA,NA,NA,NA,NA,NA,NA,NA,NA,NA,208.01192654,-2.9206046182,0.34684013,1.483593e-18,1.600012e-17,NA,NA,NA,NA,NA,104.09289207,-1.762429,0.18078515,8.898015e-25,1.373885e-22,2
LOC111104090,NA,NA,NA,NA,NA,NA,NA,NA,NA,NA,89.16893736,-1.6467052938,0.24004634,1.454329e-12,9.431581e-12,NA,NA,NA,NA,NA,97.58296895,-1.371124,0.16927669,1.228044e-17,7.665261e-16,2
LOC111105051,NA,NA,NA,NA,NA,NA,NA,NA,NA,NA,360.59038242,5.7948520947,0.64345993,1.005271e-21,1.403191e-20,NA,NA,NA,NA,NA,73.13100157,-1.596839,0.37618749,1.657832e-07,2.106943e-06,2
LOC111105298,NA,NA,NA,NA,NA,NA,NA,NA,NA,NA,83.46281495,1.3647107005,0.21124431,3.429209e-11,1.950192e-10,NA,NA,NA,NA,NA,162.03906801,1.164905,0.170447,3.942062e-13,1.365909e-11,2
LOC111105331,NA,NA,NA,NA,NA,NA,NA,NA,NA,NA,58.11922018,-1.3018947672,0.27220803,6.168507e-07,2.18672e-06,NA,NA,NA,NA,NA,104.80712246,1.342875,0.18678672,1.590924e-14,6.667487e-13,2
LOC111105864,NA,NA,NA,NA,NA,NA,NA,NA,NA,NA,23.25773063,1.5219488706,0.35500461,4.553863e-06,1.45074e-05,NA,NA,NA,NA,NA,34.37306084,1.273346,0.16253323,1.586037e-16,8.537439e-15,2
LOC111106252,NA,NA,NA,NA,NA,NA,NA,NA,NA,NA,210.57346306,3.1522268998,0.28999853,5.316453e-29,1.192309e-27,NA,NA,NA,NA,NA,35.31072268,-1.083154,0.19433799,1.396248e-09,2.730752e-08,2
LOC111106425,NA,NA,NA,NA,NA,NA,NA,NA,NA,NA,180.14498414,4.0596550579,0.29139339,7.066572e-46,3.925059e-44,NA,NA,NA,NA,NA,48.18676597,1.715887,0.29631927,4.059783e-11,1.03716e-09,2
LOC111106747,NA,NA,NA,NA,NA,NA,NA,NA,NA,NA,33.6274847,2.686125331,0.54115681,3.170173e-08,1.308093e-07,NA,NA,NA,NA,NA,26.10201678,1.463583,0.20992861,4.480779e-14,1.756585e-12,2
LOC111106783,NA,NA,NA,NA,NA,NA,NA,NA,NA,NA,27.71586325,2.0336766481,0.3900719,2.102809e-08,8.836577e-08,NA,NA,NA,NA,NA,33.59657285,1.985905,0.21055314,1.564785e-23,2.102546e-21,2
LOC111107022,NA,NA,NA,NA,NA,NA,NA,NA,NA,NA,102.68364563,-1.4664437684,0.5629846,0.002387114,0.004910739,NA,NA,NA,NA,NA,132.17470628,1.357816,0.3041547,1.424746e-07,1.845356e-06,2
LOC111107485,NA,NA,NA,NA,NA,NA,NA,NA,NA,NA,55.87305908,1.2479320091,0.1952836,6.466653e-11,3.577014e-10,NA,NA,NA,NA,NA,61.73860125,1.862407,0.15772539,1.394065e-34,5.007824e-32,2
LOC111107747,NA,NA,NA,NA,NA,NA,NA,NA,NA,NA,426.01814918,2.2170901796,0.169248,3.02575e-40,1.334816e-38,NA,NA,NA,NA,NA,70.08101183,-1.149133,0.18679305,3.679795e-11,9.469555e-10,2
LOC111107834,NA,NA,NA,NA,NA,NA,NA,NA,NA,NA,245.16416102,-2.5488430748,0.30855815,8.570169e-18,8.783195e-17,NA,NA,NA,NA,NA,128.63454129,-1.588328,0.29064567,3.926172e-10,8.479569e-09,2
LOC111107997,NA,NA,NA,NA,NA,NA,NA,NA,NA,NA,66.98143989,-1.2064658587,0.46705665,0.003814446,0.007531933,NA,NA,NA,NA,NA,42.99577036,1.072412,0.34605427,5.170256e-05,0.0003482722,2
LOC111108144,NA,NA,NA,NA,NA,NA,NA,NA,NA,NA,122.65383729,-1.3917397825,0.29391287,6.800887e-07,2.397419e-06,NA,NA,NA,NA,NA,98.90115748,-1.470049,0.15440622,2.494784e-23,3.252828e-21,2
LOC111108402,NA,NA,NA,NA,NA,NA,NA,NA,NA,NA,306.48745154,-1.582192392,0.2205987,1.728361e-13,1.219751e-12,NA,NA,NA,NA,NA,899.36162819,1.348023,0.24005834,4.235039e-10,9.057734e-09,2
LOC111108441,NA,NA,NA,NA,NA,NA,NA,NA,NA,NA,357.29249698,-1.8092645111,0.28929959,6.503012e-11,3.59527e-10,NA,NA,NA,NA,NA,391.56013792,-1.243903,0.19877678,1.34853e-11,3.755827e-10,2
LOC111108504,NA,NA,NA,NA,NA,NA,NA,NA,NA,NA,152.31089713,2.5283927387,0.4674523,3.616688e-09,1.644228e-08,NA,NA,NA,NA,NA,95.37896523,1.185619,0.18433204,5.462967e-12,1.605328e-10,2
LOC111108672,NA,NA,NA,NA,NA,NA,NA,NA,NA,NA,51.69552674,-1.3749946628,0.26624176,7.724555e-08,3.064664e-07,NA,NA,NA,NA,NA,34.33123402,-1.124258,0.14428648,3.785609e-16,1.937043e-14,2
LOC111109591,NA,NA,NA,NA,NA,NA,NA,NA,NA,NA,71.25597055,-1.378875292,0.21024575,1.747905e-11,1.017792e-10,NA,NA,NA,NA,NA,103.8003139,1.11872,0.12648389,5.546911e-20,4.786114e-18,2
LOC111109709,NA,NA,NA,NA,NA,NA,NA,NA,NA,NA,147.52729463,-2.7610107079,0.35241086,2.173297e-16,1.972714e-15,NA,NA,NA,NA,NA,59.47580188,1.060514,0.31392411,2.343504e-05,0.0001739788,2
LOC111109754,NA,NA,NA,NA,NA,NA,NA,NA,NA,NA,849.93066214,1.1211992461,0.3349745,0.0003698341,0.0008841708,NA,NA,NA,NA,NA,52.95575332,-1.133182,0.26447978,6.859031e-07,7.517601e-06,2
LOC111110276,NA,NA,NA,NA,NA,NA,NA,NA,NA,NA,186.94056,2.2363944804,0.35259386,1.940486e-11,1.123219e-10,NA,NA,NA,NA,NA,74.26165736,2.32528,0.29744968,2.876314e-17,1.693274e-15,2
LOC111111394,NA,NA,NA,NA,NA,NA,NA,NA,NA,NA,17.52683837,1.8225551452,0.34437237,1.903711e-08,8.037725e-08,NA,NA,NA,NA,NA,55.89991064,-1.080887,0.22077464,4.993767e-08,7.060264e-07,2
LOC111111815,NA,NA,NA,NA,NA,NA,NA,NA,NA,NA,380.96172859,-1.110101213,0.61015862,0.02898422,0.04699907,NA,NA,NA,NA,NA,560.79457377,-2.402451,0.20033634,3.325616e-35,1.219531e-32,2
LOC111111843,NA,NA,NA,NA,NA,NA,NA,NA,NA,NA,216.56469724,1.7767205629,0.4039835,1.828992e-06,6.100433e-06,115.53298948,1.087934,0.4201489,2.584534e-06,0.0001056355,NA,NA,NA,NA,NA,2
LOC111111943,NA,NA,NA,NA,NA,NA,NA,NA,NA,NA,123.33679532,-2.0808232041,0.30896951,1.770193e-12,1.136996e-11,NA,NA,NA,NA,NA,71.71845467,1.136102,0.35613132,3.274592e-05,0.0002343064,2
LOC111112622,NA,NA,NA,NA,NA,NA,NA,NA,NA,NA,187.12099291,-1.1345267056,0.49599307,0.009429175,0.01709178,253.4944576,1.317198,0.92103638,2.248536e-05,0.000514871,NA,NA,NA,NA,NA,2
LOC111112679,NA,NA,NA,NA,NA,NA,NA,NA,NA,NA,46.2742052,2.3071694413,0.56947691,3.727703e-06,1.196795e-05,NA,NA,NA,NA,NA,172.91384427,1.183392,0.19291545,3.652932e-11,9.414188e-10,2
LOC111112699,NA,NA,NA,NA,NA,NA,NA,NA,NA,NA,97.27285855,-1.0587053949,0.29204588,0.0001432214,0.0003666905,722.75640405,1.612175,0.64248965,1.225397e-06,6.418688e-05,NA,NA,NA,NA,NA,2
LOC111112913,NA,NA,NA,NA,NA,NA,NA,NA,NA,NA,906.0294111,-3.6899859255,0.36416267,8.359092e-26,1.544991e-24,NA,NA,NA,NA,NA,2243.12262295,1.21308,0.14217721,6.274211e-19,4.679605e-17,2
LOC111113019,NA,NA,NA,NA,NA,NA,NA,NA,NA,NA,226.04513062,-2.1969588304,0.27605736,1.60831e-16,1.478652e-15,NA,NA,NA,NA,NA,178.66708133,1.396792,0.17940556,1.366809e-16,7.541869e-15,2
LOC111113340,NA,NA,NA,NA,NA,NA,NA,NA,NA,NA,56.34916352,2.6631725411,0.50363222,5.926337e-09,2.649305e-08,NA,NA,NA,NA,NA,63.82638053,-1.422215,0.38232348,2.30415e-06,2.203022e-05,2
LOC111114520,NA,NA,NA,NA,NA,NA,NA,NA,NA,NA,82.43961492,-1.2654136346,0.38169902,0.000336265,0.0008100587,NA,NA,NA,NA,NA,115.62540668,1.016336,0.11709345,3.134699e-19,2.409475e-17,2
LOC111114586,NA,NA,NA,NA,NA,NA,NA,NA,NA,NA,240.89903579,-2.8145017849,0.43679945,4.906432e-12,2.99527e-11,79.67689294,-1.175696,0.56960768,9.967948e-06,0.0002857839,NA,NA,NA,NA,NA,2
LOC111114691,NA,NA,NA,NA,NA,NA,NA,NA,NA,NA,52.79012793,1.1535885515,0.26514255,5.97284e-06,1.872736e-05,NA,NA,NA,NA,NA,42.28577133,1.179807,0.24201701,4.019434e-08,5.789696e-07,2
LOC111114739,NA,NA,NA,NA,NA,NA,NA,NA,NA,NA,85.94468436,1.5043266213,0.2724979,8.87353e-09,3.895341e-08,NA,NA,NA,NA,NA,32.90456239,-1.541445,0.27777626,2.87501e-10,6.357528e-09,2
LOC111115618,NA,NA,NA,NA,NA,NA,NA,NA,NA,NA,57.80457248,1.0805251711,0.31247623,0.0002613129,0.0006405496,NA,NA,NA,NA,NA,68.55143386,2.065014,0.20046003,2.887932e-27,5.980397e-25,2
LOC111115822,NA,NA,NA,NA,NA,NA,NA,NA,NA,NA,329.67023748,2.4958540711,0.39472878,1.564378e-11,9.14901e-11,NA,NA,NA,NA,NA,36.46571737,-1.5665,0.2826657,2.739939e-10,6.097143e-09,2
LOC111115860,NA,NA,NA,NA,NA,NA,NA,NA,NA,NA,174.67579623,-1.2224598737,0.57124861,0.01190906,0.02111353,135.53241707,1.761484,0.65504631,6.553339e-07,4.087731e-05,NA,NA,NA,NA,NA,2
LOC111116556,NA,NA,NA,NA,NA,NA,NA,NA,NA,NA,96.38180356,2.8462159702,0.32363874,6.183155e-20,7.540776e-19,NA,NA,NA,NA,NA,50.31183409,1.104783,0.2722083,1.877496e-06,1.84315e-05,2
LOC111118029,NA,NA,NA,NA,NA,NA,NA,NA,NA,NA,363.83030604,2.6933501669,0.36476342,7.588622e-15,5.986021e-14,NA,NA,NA,NA,NA,279.85289819,-1.291531,0.18246246,4.400564e-14,1.732857e-12,2
LOC111118088,NA,NA,NA,NA,NA,NA,NA,NA,NA,NA,77.61305593,-1.4464123368,0.20347691,3.404489e-13,2.3365e-12,NA,NA,NA,NA,NA,52.28100681,-1.097917,0.14662031,4.276474e-15,1.926979e-13,2
LOC111118354,NA,NA,NA,NA,NA,NA,NA,NA,NA,NA,948.19053994,7.5691120255,0.55029616,8.38848e-46,4.635284e-44,48.12388959,1.482793,0.45903445,1.268683e-07,1.176785e-05,NA,NA,NA,NA,NA,2
LOC111118432,NA,NA,NA,NA,NA,NA,NA,NA,NA,NA,187.65589227,1.1757805806,0.47753188,0.005591115,0.01064218,NA,NA,NA,NA,NA,51.75454032,-1.397786,0.21402363,1.221388e-12,3.916005e-11,2
LOC111118553,NA,NA,NA,NA,NA,NA,NA,NA,NA,NA,67.17082248,1.7557063666,0.27284812,2.190132e-11,1.261591e-10,NA,NA,NA,NA,NA,163.90027583,1.19739,0.22141537,2.402625e-09,4.456582e-08,2
LOC111118569,NA,NA,NA,NA,NA,NA,NA,NA,NA,NA,51.34939087,1.7901552001,0.42782784,4.667024e-06,1.484585e-05,NA,NA,NA,NA,NA,47.92154127,1.035048,0.18277701,9.643569e-10,1.94663e-08,2
LOC111118791,NA,NA,NA,NA,NA,NA,NA,NA,NA,NA,319.43903795,2.0099473534,0.19744173,2.963314e-25,5.294454e-24,NA,NA,NA,NA,NA,89.62902364,-1.378407,0.19088768,1.081934e-14,4.644927e-13,2
LOC111119097,NA,NA,NA,NA,NA,NA,NA,NA,NA,NA,100.67229753,-1.5751998332,0.71014359,0.005538514,0.0105533,401.26019232,1.13025,0.79926894,4.301259e-05,0.0008508413,NA,NA,NA,NA,NA,2
LOC111119387,NA,NA,NA,NA,NA,NA,NA,NA,NA,NA,193.32864187,1.9725616267,0.21457636,4.905573e-21,6.565262e-20,NA,NA,NA,NA,NA,45.29497399,-1.009955,0.29248595,2.136227e-05,0.000159804,2
LOC111119396,NA,NA,NA,NA,NA,NA,NA,NA,NA,NA,62.70192126,-1.2140940549,0.35081601,0.0002142342,0.0005339667,NA,NA,NA,NA,NA,120.11158784,1.072184,0.0664779,1.212986e-59,2.372331e-56,2
LOC111119718,NA,NA,NA,NA,NA,NA,NA,NA,NA,NA,240.08452362,-3.45193107,0.26320322,7.130003e-41,3.211497e-39,NA,NA,NA,NA,NA,296.95541393,1.071616,0.11226367,9.512209e-23,1.179112e-20,2
LOC111119720,NA,NA,NA,NA,NA,NA,NA,NA,NA,NA,384.74147896,-3.9122700776,0.36062841,3.715049e-29,8.455483e-28,NA,NA,NA,NA,NA,229.57078408,-1.341652,0.20911354,3.298994e-12,1.001188e-10,2
LOC111119745,NA,NA,NA,NA,NA,NA,NA,NA,NA,NA,11363.74555791,3.1154091163,0.44502843,8.005675e-14,5.818362e-13,NA,NA,NA,NA,NA,4713.49151753,1.015858,0.40904438,0.0002880479,0.001592405,2
LOC111119950,NA,NA,NA,NA,NA,NA,NA,NA,NA,NA,366.80289623,1.7490912628,0.22046896,3.840636e-16,3.396998e-15,NA,NA,NA,NA,NA,272.01282751,1.221102,0.20309629,6.737376e-11,1.667951e-09,2
LOC111120101,NA,NA,NA,NA,NA,NA,NA,NA,NA,NA,751.23358044,1.4506424754,0.13671172,7.701711e-27,1.531769e-25,261.52917248,2.098884,0.33113157,6.024054e-13,2.156852e-09,NA,NA,NA,NA,NA,2
LOC111120324,NA,NA,NA,NA,NA,NA,NA,NA,NA,NA,96.67223429,1.9527953735,0.26080187,9.193697e-15,7.181997e-14,NA,NA,NA,NA,NA,57.50343761,1.287008,0.18615912,1.439848e-13,5.236405e-12,2
LOC111120524,NA,NA,NA,NA,NA,NA,NA,NA,NA,NA,205.57191905,-1.0816667447,0.25160817,8.331872e-06,2.554123e-05,NA,NA,NA,NA,NA,423.48874262,1.16924,0.12154646,3.474864e-23,4.432214e-21,2
LOC111120731,NA,NA,NA,NA,NA,NA,NA,NA,NA,NA,145.67359399,2.3289158793,0.27891159,5.292017e-18,5.502466e-17,NA,NA,NA,NA,NA,57.75290223,-1.922746,0.18660954,2.612273e-27,5.473956e-25,2
LOC111120877,NA,NA,NA,NA,NA,NA,NA,NA,NA,NA,345.70712151,-2.2459034006,0.30647277,2.000969e-14,1.526306e-13,NA,NA,NA,NA,NA,299.79960443,-1.261567,0.16408853,5.228314e-16,2.636928e-14,2
LOC111120878,NA,NA,NA,NA,NA,NA,NA,NA,NA,NA,127.32197079,-1.3031898813,0.49449353,0.002834303,0.005747962,NA,NA,NA,NA,NA,147.16278253,1.258109,0.13032817,1.802605e-23,2.403746e-21,2
LOC111120880,NA,NA,NA,NA,NA,NA,NA,NA,NA,NA,1577.95399967,2.1239660317,0.18936846,3.519553e-30,8.536111e-29,NA,NA,NA,NA,NA,498.9150291,-1.06126,0.42859677,0.0002534658,0.001427225,2
LOC111120917,NA,NA,NA,NA,NA,NA,NA,NA,NA,NA,719.83894331,-2.6651181629,0.3142303,1.154565e-18,1.257819e-17,NA,NA,NA,NA,NA,194.01209273,-2.307703,0.42136745,1.571282e-10,3.668131e-09,2
LOC111120928,NA,NA,NA,NA,NA,NA,NA,NA,NA,NA,125.69289169,2.6757749139,0.87051071,8.226961e-05,0.0002185159,NA,NA,NA,NA,NA,90.39709548,-1.092121,0.19943886,2.342431e-09,4.363119e-08,2
LOC111120986,NA,NA,NA,NA,NA,NA,NA,NA,NA,NA,31.6657982,1.0953036592,0.50551323,0.01349575,0.02363961,NA,NA,NA,NA,NA,31.64427244,-1.775068,0.20553287,2.743714e-20,2.462078e-18,2
LOC111121141,NA,NA,NA,NA,NA,NA,NA,NA,NA,NA,157.56369912,1.0316567078,0.34763756,0.001519207,0.003247438,NA,NA,NA,NA,NA,396.81665237,1.232119,0.32999459,4.16856e-06,3.710097e-05,2
LOC111121541,NA,NA,NA,NA,NA,NA,NA,NA,NA,NA,501.12223749,1.0527344203,0.24644122,9.783401e-06,2.964332e-05,444.02038587,1.041479,0.28492608,4.910959e-08,6.370724e-06,NA,NA,NA,NA,NA,2
LOC111121879,NA,NA,NA,NA,NA,NA,NA,NA,NA,NA,103.50161886,1.2111931921,0.24275983,2.475665e-07,9.259989e-07,NA,NA,NA,NA,NA,134.7335478,2.154217,0.33459323,4.756232e-13,1.625615e-11,2
LOC111121908,NA,NA,NA,NA,NA,NA,NA,NA,NA,NA,103.89372695,-1.6673768975,0.48328093,0.0001093169,0.0002858933,NA,NA,NA,NA,NA,149.24935858,-1.160866,0.09362394,1.497358e-36,6.428415e-34,2
LOC111122074,NA,NA,NA,NA,NA,NA,NA,NA,NA,NA,57.71227939,3.634919444,0.54909784,6.885441e-13,4.610333e-12,NA,NA,NA,NA,NA,40.37717116,-1.730866,0.29142005,1.592082e-11,4.358293e-10,2
LOC111122386,NA,NA,NA,NA,NA,NA,NA,NA,NA,NA,1079.28733036,2.3354428361,0.39526501,2.571009e-10,1.327611e-09,NA,NA,NA,NA,NA,786.6817149,-2.432731,0.19187415,7.227447e-39,3.347829e-36,2
LOC111122979,NA,NA,NA,NA,NA,NA,NA,NA,NA,NA,62.68120219,1.5481306612,0.70651256,0.006188784,0.01166997,NA,NA,NA,NA,NA,37.06694189,1.166137,0.21565702,2.687637e-09,4.923794e-08,2
LOC111123066,NA,NA,NA,NA,NA,NA,NA,NA,NA,NA,184.53949094,-1.3599395599,0.32597932,9.786694e-06,2.964492e-05,NA,NA,NA,NA,NA,147.93356244,1.160826,0.11046108,4.335807e-27,8.772284e-25,2
LOC111123176,NA,NA,NA,NA,NA,NA,NA,NA,NA,NA,64.59057971,2.3814382675,0.56236703,1.518735e-06,5.114937e-06,32.23907498,-1.151789,0.31209906,2.041326e-08,3.480364e-06,NA,NA,NA,NA,NA,2
LOC111123340,NA,NA,NA,NA,NA,NA,NA,NA,NA,NA,75.38638975,-2.3078415803,0.2436976,2.244251e-22,3.309267e-21,NA,NA,NA,NA,NA,144.59171215,-1.112768,0.13861563,5.949146e-17,3.42212e-15,2
LOC111123463,NA,NA,NA,NA,NA,NA,NA,NA,NA,NA,7300.37657328,1.6176389281,0.20975959,2.751629e-15,2.258611e-14,1925.59361023,1.217686,0.42353403,5.605482e-07,3.635846e-05,NA,NA,NA,NA,NA,2
LOC111123523,NA,NA,NA,NA,NA,NA,NA,NA,NA,NA,98.55055387,1.3265736428,0.59287279,0.007967235,0.01467757,NA,NA,NA,NA,NA,221.0071323,-1.638908,0.36867057,6.03365e-08,8.40224e-07,2
LOC111123543,NA,NA,NA,NA,NA,NA,NA,NA,NA,NA,234.46110048,4.2684639594,0.38115797,6.023917e-31,1.537533e-29,NA,NA,NA,NA,NA,60.26880919,2.262737,0.37931487,9.578776e-12,2.728246e-10,2
LOC111123581,NA,NA,NA,NA,NA,NA,NA,NA,NA,NA,62.7062093,1.945749708,0.42867468,7.258918e-07,2.544657e-06,NA,NA,NA,NA,NA,24.83448898,1.116088,0.17461755,8.939682e-12,2.558639e-10,2
LOC111123728,NA,NA,NA,NA,NA,NA,NA,NA,NA,NA,188.52097686,-1.9181613142,0.2905359,5.57128e-12,3.391489e-11,NA,NA,NA,NA,NA,121.73173189,-1.37082,0.15193108,4.201618e-21,4.154881e-19,2
LOC111124025,NA,NA,NA,NA,NA,NA,NA,NA,NA,NA,602.32652084,-3.8666270682,0.38891038,5.049972e-25,8.903897e-24,NA,NA,NA,NA,NA,85.62057661,1.565734,0.31560206,6.27062e-09,1.05825e-07,2
LOC111124535,NA,NA,NA,NA,NA,NA,NA,NA,NA,NA,60.97755824,-1.5477746341,0.31281043,1.827153e-07,6.948236e-07,NA,NA,NA,NA,NA,109.37552088,-1.121379,0.13472594,5.043484e-18,3.361113e-16,2
LOC111124847,NA,NA,NA,NA,NA,NA,NA,NA,NA,NA,138.55599205,-3.0478451217,0.22768958,2.715272e-42,1.287952e-40,NA,NA,NA,NA,NA,108.26152692,1.082863,0.17898195,8.488856e-11,2.058138e-09,2
LOC111125164,NA,NA,NA,NA,NA,NA,NA,NA,NA,NA,5283.36477215,-6.2821243293,0.27500342,8.831156e-118,4.982631e-115,NA,NA,NA,NA,NA,1130.64424507,-1.986141,0.31535406,1.163217e-12,3.756871e-11,2
LOC111125175,NA,NA,NA,NA,NA,NA,NA,NA,NA,NA,24.96235091,1.6772987107,0.41670531,1.110379e-05,3.330516e-05,NA,NA,NA,NA,NA,50.16144951,-1.141653,0.23568102,5.310602e-08,7.484165e-07,2
LOC111125259,NA,NA,NA,NA,NA,NA,NA,NA,NA,NA,112.19148911,-1.3016498489,0.3976499,0.0003689939,0.0008825557,NA,NA,NA,NA,NA,70.88515036,1.203636,0.20529208,1.761137e-10,4.062849e-09,2
LOC111125434,NA,NA,NA,NA,NA,NA,NA,NA,NA,NA,286.43755169,-2.1289449949,0.31532585,1.470166e-12,9.522764e-12,NA,NA,NA,NA,NA,248.31063959,1.346488,0.26456506,7.366237e-09,1.220909e-07,2
LOC111126248,NA,NA,NA,NA,NA,NA,NA,NA,NA,NA,107.86746141,-1.5319136252,0.33999927,1.64419e-06,5.513204e-06,NA,NA,NA,NA,NA,83.64632432,-1.400154,0.29393172,3.032588e-08,4.481916e-07,2
LOC111126250,NA,NA,NA,NA,NA,NA,NA,NA,NA,NA,78.01298121,-1.9571542977,0.28016168,3.678306e-13,2.517972e-12,NA,NA,NA,NA,NA,29.20066302,-1.195212,0.27689667,4.877558e-07,5.528318e-06,2
LOC111126316,NA,NA,NA,NA,NA,NA,NA,NA,NA,NA,276.94973975,3.0339792653,0.34970637,1.463533e-19,1.720293e-18,NA,NA,NA,NA,NA,350.63571046,1.065288,0.12138242,1.184361e-19,9.833547e-18,2
LOC111126714,NA,NA,NA,NA,NA,NA,NA,NA,NA,NA,95.77172043,-2.8134807276,0.31074219,6.150587e-21,8.140037e-20,NA,NA,NA,NA,NA,97.19448028,-2.896563,0.36421128,1.14221e-17,7.206159e-16,2
LOC111126765,NA,NA,NA,NA,NA,NA,NA,NA,NA,NA,105.8717955,2.3069408852,0.36972114,3.415235e-11,1.943276e-10,NA,NA,NA,NA,NA,34.37623442,-1.571597,0.24421336,1.125623e-12,3.642134e-11,2
LOC111127521,NA,NA,NA,NA,NA,NA,NA,NA,NA,NA,147.97023206,-1.4080714108,0.41336111,0.0001945669,0.0004874404,NA,NA,NA,NA,NA,164.58556375,-1.660845,0.16989309,9.192724e-25,1.402835e-22,2
LOC111127921,NA,NA,NA,NA,NA,NA,NA,NA,NA,NA,500.83726946,1.5725013385,0.57617289,0.001397663,0.00300802,NA,NA,NA,NA,NA,289.00460054,-1.901593,0.21959296,1.873079e-20,1.717184e-18,2
LOC111127929,NA,NA,NA,NA,NA,NA,NA,NA,NA,NA,464.3726796,2.2202903855,0.30311207,2.123228e-14,1.615401e-13,NA,NA,NA,NA,NA,116.97764329,-2.367042,0.16300147,7.709835e-50,7.539362e-47,2
LOC111128025,NA,NA,NA,NA,NA,NA,NA,NA,NA,NA,22.70424605,1.9108211882,0.58831644,0.0001513477,0.0003859294,57.05595834,1.104966,0.48504953,6.801273e-06,0.0002162636,NA,NA,NA,NA,NA,2
LOC111128484,NA,NA,NA,NA,NA,NA,NA,NA,NA,NA,108.78230594,-1.8213691185,0.29081762,6.023829e-11,3.347613e-10,106.29933162,1.340087,0.37951043,3.355244e-08,4.883381e-06,NA,NA,NA,NA,NA,2
LOC111128840,NA,NA,NA,NA,NA,NA,NA,NA,NA,NA,52.41853167,1.2482073683,0.44167629,0.001745262,0.003681466,65.63955647,-1.094579,0.36236652,4.925596e-07,3.314963e-05,NA,NA,NA,NA,NA,2
LOC111129003,NA,NA,NA,NA,NA,NA,NA,NA,NA,NA,79.86298753,-1.3113511974,0.26439509,2.485668e-07,9.29416e-07,NA,NA,NA,NA,NA,60.9434572,1.595001,0.19511556,2.479351e-18,1.711433e-16,2
LOC111129069,NA,NA,NA,NA,NA,NA,NA,NA,NA,NA,254.37467657,-1.3537271558,0.16386021,4.832706e-17,4.646333e-16,NA,NA,NA,NA,NA,172.14047726,-3.200932,0.14002003,7.300628e-118,4.283522e-114,2
LOC111129201,NA,NA,NA,NA,NA,NA,NA,NA,NA,NA,51.40624705,1.137366527,0.22677531,2.399585e-07,8.984822e-07,NA,NA,NA,NA,NA,24.33740763,-1.035899,0.13530833,1.402354e-15,6.707672e-14,2
LOC111129444,NA,NA,NA,NA,NA,NA,NA,NA,NA,NA,4915.99046941,8.6053138557,0.36755197,2.31993e-124,1.554353e-121,NA,NA,NA,NA,NA,341.19997386,-2.213059,0.44734155,2.467179e-09,4.56169e-08,2
LOC111129495,NA,NA,NA,NA,NA,NA,NA,NA,NA,NA,74.26101202,2.1649057397,0.38834214,2.330703e-09,1.083014e-08,NA,NA,NA,NA,NA,52.65774282,1.04375,0.25745228,2.287343e-06,2.191346e-05,2
LOC111129956,NA,NA,NA,NA,NA,NA,NA,NA,NA,NA,239.50246984,1.6873996361,0.31750745,2.09197e-08,8.794479e-08,NA,NA,NA,NA,NA,162.24114384,1.408774,0.32372135,1.941191e-07,2.426764e-06,2
LOC111130029,NA,NA,NA,NA,NA,NA,NA,NA,NA,NA,153.52057953,-1.535258233,0.26227637,1.205541e-09,5.78348e-09,NA,NA,NA,NA,NA,249.60933155,-1.023002,0.13512101,2.784933e-15,1.279906e-13,2
LOC111130049,NA,NA,NA,NA,NA,NA,NA,NA,NA,NA,53.01321192,1.5577117049,0.3663996,5.04459e-06,1.599468e-05,NA,NA,NA,NA,NA,49.47823788,-1.143654,0.14021235,1.886082e-17,1.140852e-15,2
LOC111130169,NA,NA,NA,NA,NA,NA,NA,NA,NA,NA,474.25332487,-3.7014824763,0.3599397,1.757626e-26,3.413361e-25,NA,NA,NA,NA,NA,63.75123515,-1.066594,0.39349407,0.000145039,0.0008701352,2
LOC111130692,NA,NA,NA,NA,NA,NA,NA,NA,NA,NA,384.74641028,1.7072031557,0.26097759,1.16509e-11,6.885208e-11,NA,NA,NA,NA,NA,366.95690772,-1.243193,0.25788605,4.169662e-08,5.981613e-07,2
LOC111130775,NA,NA,NA,NA,NA,NA,NA,NA,NA,NA,31.65441021,1.5220979632,0.61119472,0.00299803,0.00605252,NA,NA,NA,NA,NA,71.67597346,-1.073834,0.19591045,2.402736e-09,4.456582e-08,2
LOC111131112,NA,NA,NA,NA,NA,NA,NA,NA,NA,NA,96.68111117,2.9830423142,0.44146244,4.994548e-13,3.388706e-12,NA,NA,NA,NA,NA,42.76915731,-1.571049,0.42957662,1.83205e-06,1.80155e-05,2
LOC111131662,NA,NA,NA,NA,NA,NA,NA,NA,NA,NA,3455.46324398,1.1792972706,0.46017078,0.004207337,0.008230411,NA,NA,NA,NA,NA,2413.68056744,-6.876914,0.29643647,3.461966e-121,3.046876e-117,2
LOC111132219,NA,NA,NA,NA,NA,NA,NA,NA,NA,NA,77.1052759,-1.4205322862,0.29793545,5.533724e-07,1.974094e-06,NA,NA,NA,NA,NA,116.31277192,1.324898,0.22413438,8.269767e-11,2.010559e-09,2
LOC111132570,NA,NA,NA,NA,NA,NA,NA,NA,NA,NA,84.07046416,-2.2051246893,0.22860804,4.71114e-23,7.27715e-22,NA,NA,NA,NA,NA,118.29239226,-1.320625,0.09895223,3.811893e-42,2.396319e-39,2
LOC111132878,NA,NA,NA,NA,NA,NA,NA,NA,NA,NA,325.91984775,2.1792323965,0.21352329,1.780285e-25,3.207505e-24,NA,NA,NA,NA,NA,47.84688787,1.230618,0.15661685,1.561984e-16,8.433754e-15,2
LOC111133037,NA,NA,NA,NA,NA,NA,NA,NA,NA,NA,90.67101139,-1.4754521656,0.42373519,0.0001324917,0.000341914,53.2091083,1.467155,0.29318343,5.126612e-11,5.723721e-08,NA,NA,NA,NA,NA,2
LOC111133291,NA,NA,NA,NA,NA,NA,NA,NA,NA,NA,54.48414674,-1.0125097746,0.35711713,0.002367259,0.00487457,NA,NA,NA,NA,NA,19.12880236,1.01724,0.18925248,5.035633e-09,8.724135e-08,2
LOC111134606,NA,NA,NA,NA,NA,NA,NA,NA,NA,NA,28.00480566,1.5903944219,0.43373228,5.464878e-05,0.0001488825,NA,NA,NA,NA,NA,24.64451265,1.099262,0.17866823,4.294438e-11,1.092351e-09,2
LOC111134694,NA,NA,NA,NA,NA,NA,NA,NA,NA,NA,30.23418357,3.2486667735,0.38143779,4.773116e-19,5.363501e-18,NA,NA,NA,NA,NA,20.92433468,1.180237,0.23667354,2.309051e-08,3.506809e-07,2
LOC111134931,NA,NA,NA,NA,NA,NA,NA,NA,NA,NA,83.68222341,-1.8177049618,0.38572668,3.859302e-07,1.404812e-06,NA,NA,NA,NA,NA,59.98945138,1.112886,0.15811434,1.113057e-13,4.159666e-12,2
LOC111135022,NA,NA,NA,NA,NA,NA,NA,NA,NA,NA,130.54356168,2.0412043417,0.17227876,2.561233e-33,7.563751e-32,NA,NA,NA,NA,NA,44.97685046,-1.640101,0.22585917,2.726476e-15,1.25632e-13,2
LOC111135050,NA,NA,NA,NA,NA,NA,NA,NA,NA,NA,127.23546972,1.0170882421,0.39778244,0.005370001,0.01026322,NA,NA,NA,NA,NA,226.64371187,-1.349158,0.2391309,3.623617e-10,7.864724e-09,2
LOC111135299,NA,NA,NA,NA,NA,NA,NA,NA,NA,NA,145.9743091,-1.9935167246,0.75618552,0.0009077236,0.002023455,NA,NA,NA,NA,NA,104.51232277,-1.899322,0.14007945,2.65478e-44,2.031715e-41,2
LOC111135664,NA,NA,NA,NA,NA,NA,NA,NA,NA,NA,96.25668265,1.2579606166,0.1853023,4.364289e-12,2.679563e-11,NA,NA,NA,NA,NA,42.41949993,1.120267,0.17691375,1.292904e-11,3.618077e-10,2
LOC111135874,NA,NA,NA,NA,NA,NA,NA,NA,NA,NA,1650.03634225,3.6566683093,0.28384481,1.274719e-39,5.296506e-38,NA,NA,NA,NA,NA,62.78361478,-1.191245,0.17060531,1.278756e-13,4.699095e-12,2
LOC111136030,NA,NA,NA,NA,NA,NA,NA,NA,NA,NA,86.77109474,-1.1979792024,0.31193641,5.039494e-05,0.0001382379,NA,NA,NA,NA,NA,100.61899847,-1.411157,0.37525618,2.061956e-06,1.9964e-05,2
LOC111136031,NA,NA,NA,NA,NA,NA,NA,NA,NA,NA,197.18914777,-2.8377147798,0.25223307,1.02979e-30,2.585329e-29,NA,NA,NA,NA,NA,133.62167356,-1.474271,0.19061008,1.443447e-16,7.843864e-15,2
LOC111136222,NA,NA,NA,NA,NA,NA,NA,NA,NA,NA,112.21370156,-1.3345359398,0.23362981,3.81698e-09,1.730881e-08,NA,NA,NA,NA,NA,85.4940413,1.206667,0.12442068,1.418028e-23,1.920009e-21,2
LOC111136229,NA,NA,NA,NA,NA,NA,NA,NA,NA,NA,109.43754107,-1.4335986609,0.47237868,0.0006742891,0.00154189,NA,NA,NA,NA,NA,298.47474403,1.83178,0.28884693,1.020501e-12,3.326454e-11,2
LOC111136690,NA,NA,NA,NA,NA,NA,NA,NA,NA,NA,62.29842593,1.8338308038,0.36769102,9.441645e-08,3.704774e-07,NA,NA,NA,NA,NA,30.89667933,-1.263151,0.33903595,3.860884e-06,3.474401e-05,2
LOC111136715,NA,NA,NA,NA,NA,NA,NA,NA,NA,NA,92.9833483,-2.0170096017,0.34996548,9.668698e-10,4.698479e-09,NA,NA,NA,NA,NA,90.64686903,-1.313559,0.202195,2.188774e-12,6.794849e-11,2
LOC111136748,NA,NA,NA,NA,NA,NA,NA,NA,NA,NA,253.4375674,4.0314761119,0.48709663,1.960597e-18,2.097565e-17,NA,NA,NA,NA,NA,50.73402406,1.44406,0.1481266,3.06615e-24,4.535326e-22,2
LOC111137320,NA,NA,NA,NA,NA,NA,NA,NA,NA,NA,95.9930207,1.4054303205,0.28197825,1.898395e-07,7.198726e-07,NA,NA,NA,NA,NA,28.49970341,1.276802,0.26260953,3.011748e-08,4.458603e-07,2
LOC111137591,NA,NA,NA,NA,NA,NA,NA,NA,NA,NA,1776.8310054,3.1892010048,0.25393536,1.155639e-37,4.316535e-36,425.77972592,1.605576,0.34692042,6.656623e-10,3.299773e-07,NA,NA,NA,NA,NA,2
LOC111137956,NA,NA,NA,NA,NA,NA,NA,NA,NA,NA,141.43136752,1.1867382194,0.34150047,0.0002114367,0.0005272392,NA,NA,NA,NA,NA,478.55984121,1.635558,0.17883595,4.208885e-22,4.810701e-20,2
LOC111138247,NA,NA,NA,NA,NA,NA,NA,NA,NA,NA,44.24532809,2.0194752626,0.33546999,2.046744e-10,1.073965e-09,NA,NA,NA,NA,NA,50.39219017,1.207125,0.31510618,3.195269e-06,2.932384e-05,2
LOC111138260,NA,NA,NA,NA,NA,NA,NA,NA,NA,NA,423.67040101,4.4769361662,0.24996914,1.375299e-73,2.136697e-71,NA,NA,NA,NA,NA,77.05463674,2.931428,0.18102473,6.50689e-61,1.431678e-57,2
LOC111138264,NA,NA,NA,NA,NA,NA,NA,NA,NA,NA,49.59640282,1.4628444024,0.49696559,0.0008640647,0.001936198,NA,NA,NA,NA,NA,33.89772624,1.15577,0.14855381,3.754516e-16,1.926734e-14,2
LOC111138301,NA,NA,NA,NA,NA,NA,NA,NA,NA,NA,171.64313315,1.1365263631,0.20232422,8.83787e-09,3.881277e-08,NA,NA,NA,NA,NA,186.41605585,-1.132913,0.12021575,2.555581e-22,3.019016e-20,2
LOC111138331,NA,NA,NA,NA,NA,NA,NA,NA,NA,NA,93.83030705,-1.0078780583,0.31899054,0.0008292069,0.001864715,NA,NA,NA,NA,NA,47.20169006,-1.162258,0.52914049,0.0003234199,0.001765768,2
LOC111100999,NA,NA,NA,NA,NA,NA,NA,NA,NA,NA,NA,NA,NA,NA,NA,84.85114037,1.26284,0.33865972,1.349986e-08,2.518516e-06,127.6490248,1.040998,0.23496564,4.84791e-07,5.5018e-06,2
LOC111102109,NA,NA,NA,NA,NA,NA,NA,NA,NA,NA,NA,NA,NA,NA,NA,66.93998633,-1.809238,0.31619404,1.168191e-11,2.61412e-08,41.26570749,-2.250163,0.2209349,1.315903e-26,2.479461e-24,2
LOC111111879,NA,NA,NA,NA,NA,NA,NA,NA,NA,NA,NA,NA,NA,NA,NA,301.77380917,3.252551,0.9237003,2.603943e-08,4.083841e-06,34.13611321,-1.173703,0.21432942,1.794957e-09,3.436331e-08,2
LOC111122255,NA,NA,NA,NA,NA,NA,NA,NA,NA,NA,NA,NA,NA,NA,NA,100.63107053,-2.844234,0.36977621,2.560455e-18,4.583726e-14,67.19998211,-2.406054,0.30535563,1.957661e-17,1.180094e-15,2
LOC111137397,NA,NA,NA,NA,NA,NA,NA,NA,NA,NA,NA,NA,NA,NA,NA,195.67325817,1.01156,0.41279245,6.294495e-06,0.0002037686,124.71263142,-1.066968,0.30060119,1.326281e-05,0.0001040146,2
LOC111099424,116.36593535,-1.293199,0.25197581,4.173093e-09,3.328086e-07,NA,NA,NA,NA,NA,NA,NA,NA,NA,NA,NA,NA,NA,NA,NA,NA,NA,NA,NA,NA,1
LOC111099646,71.89547841,-1.603833,0.31299653,1.682364e-09,1.521453e-07,NA,NA,NA,NA,NA,NA,NA,NA,NA,NA,NA,NA,NA,NA,NA,NA,NA,NA,NA,NA,1
LOC111099725,94.89938713,1.483702,0.2047956,4.0063e-15,1.643717e-12,NA,NA,NA,NA,NA,NA,NA,NA,NA,NA,NA,NA,NA,NA,NA,NA,NA,NA,NA,NA,1
LOC111099823,71.65417627,1.165049,0.13038983,1.135932e-20,1.24501e-17,NA,NA,NA,NA,NA,NA,NA,NA,NA,NA,NA,NA,NA,NA,NA,NA,NA,NA,NA,NA,1
LOC111099830,35.53297547,1.450096,0.234425,5.996422e-12,1.205727e-09,NA,NA,NA,NA,NA,NA,NA,NA,NA,NA,NA,NA,NA,NA,NA,NA,NA,NA,NA,NA,1
LOC111099849,211.46049171,1.140069,0.54686006,0.0001781126,0.002446589,NA,NA,NA,NA,NA,NA,NA,NA,NA,NA,NA,NA,NA,NA,NA,NA,NA,NA,NA,NA,1
LOC111099854,48.88537514,-1.309651,0.34434215,1.315441e-06,4.408359e-05,NA,NA,NA,NA,NA,NA,NA,NA,NA,NA,NA,NA,NA,NA,NA,NA,NA,NA,NA,NA,1
LOC111099983,353.21708267,1.06949,0.19720934,1.926485e-09,1.71757e-07,NA,NA,NA,NA,NA,NA,NA,NA,NA,NA,NA,NA,NA,NA,NA,NA,NA,NA,NA,NA,1
LOC111099992,59.27092859,1.212551,0.16780741,1.125017e-14,4.1694e-12,NA,NA,NA,NA,NA,NA,NA,NA,NA,NA,NA,NA,NA,NA,NA,NA,NA,NA,NA,NA,1
LOC111100012,39.77664765,1.209746,0.20997393,1.754292e-10,2.153109e-08,NA,NA,NA,NA,NA,NA,NA,NA,NA,NA,NA,NA,NA,NA,NA,NA,NA,NA,NA,NA,1
LOC111100182,44.41627649,1.088197,0.41324023,7.35515e-05,0.00121434,NA,NA,NA,NA,NA,NA,NA,NA,NA,NA,NA,NA,NA,NA,NA,NA,NA,NA,NA,NA,1
LOC111100200,71.08494145,1.03533,0.2080315,2.149408e-08,1.327646e-06,NA,NA,NA,NA,NA,NA,NA,NA,NA,NA,NA,NA,NA,NA,NA,NA,NA,NA,NA,NA,1
LOC111100201,32.0443293,1.173669,0.32911951,4.460256e-06,0.0001232504,NA,NA,NA,NA,NA,NA,NA,NA,NA,NA,NA,NA,NA,NA,NA,NA,NA,NA,NA,NA,1
LOC111100263,69.35233786,2.157549,0.29730144,9.297155e-16,4.393138e-13,NA,NA,NA,NA,NA,NA,NA,NA,NA,NA,NA,NA,NA,NA,NA,NA,NA,NA,NA,NA,1
LOC111100284,112.93698439,-1.158839,0.45733745,7.24534e-05,0.001201265,NA,NA,NA,NA,NA,NA,NA,NA,NA,NA,NA,NA,NA,NA,NA,NA,NA,NA,NA,NA,1
LOC111100307,358.4722045,-1.792942,0.28118038,7.440395e-13,1.715011e-10,NA,NA,NA,NA,NA,NA,NA,NA,NA,NA,NA,NA,NA,NA,NA,NA,NA,NA,NA,NA,1
LOC111100325,52.63798557,-1.196811,0.31572954,1.950634e-06,6.175701e-05,NA,NA,NA,NA,NA,NA,NA,NA,NA,NA,NA,NA,NA,NA,NA,NA,NA,NA,NA,NA,1
LOC111100391,59.77360756,-1.807802,0.39032854,1.100694e-08,7.483528e-07,NA,NA,NA,NA,NA,NA,NA,NA,NA,NA,NA,NA,NA,NA,NA,NA,NA,NA,NA,NA,1
LOC111100437,54.4615778,1.629504,0.34169707,9.136434e-09,6.566074e-07,NA,NA,NA,NA,NA,NA,NA,NA,NA,NA,NA,NA,NA,NA,NA,NA,NA,NA,NA,NA,1
LOC111100443,93.86076409,-1.878046,0.22031761,6.198291e-20,5.857695e-17,NA,NA,NA,NA,NA,NA,NA,NA,NA,NA,NA,NA,NA,NA,NA,NA,NA,NA,NA,NA,1
LOC111100452,163.22531355,1.085286,0.52703375,0.0002276223,0.002985627,NA,NA,NA,NA,NA,NA,NA,NA,NA,NA,NA,NA,NA,NA,NA,NA,NA,NA,NA,NA,1
LOC111100541,108.38048454,-1.424236,0.28614388,5.989564e-09,4.543365e-07,NA,NA,NA,NA,NA,NA,NA,NA,NA,NA,NA,NA,NA,NA,NA,NA,NA,NA,NA,NA,1
LOC111100700,100.71038331,1.146653,0.36553309,1.742843e-05,0.0003705454,NA,NA,NA,NA,NA,NA,NA,NA,NA,NA,NA,NA,NA,NA,NA,NA,NA,NA,NA,NA,1
LOC111100743,117.52275917,1.221171,0.228975,1.853795e-09,1.660596e-07,NA,NA,NA,NA,NA,NA,NA,NA,NA,NA,NA,NA,NA,NA,NA,NA,NA,NA,NA,NA,1
LOC111100842,97.07597579,1.529928,0.28551811,5.989111e-10,6.288899e-08,NA,NA,NA,NA,NA,NA,NA,NA,NA,NA,NA,NA,NA,NA,NA,NA,NA,NA,NA,NA,1
LOC111100867,119.15117444,1.112407,0.42033536,6.602165e-05,0.001106272,NA,NA,NA,NA,NA,NA,NA,NA,NA,NA,NA,NA,NA,NA,NA,NA,NA,NA,NA,NA,1
LOC111100868,143.16807404,1.311188,0.44874203,1.82399e-05,0.000386061,NA,NA,NA,NA,NA,NA,NA,NA,NA,NA,NA,NA,NA,NA,NA,NA,NA,NA,NA,NA,1
LOC111100906,320.06506128,-1.295125,0.15057066,1.366794e-19,1.174263e-16,NA,NA,NA,NA,NA,NA,NA,NA,NA,NA,NA,NA,NA,NA,NA,NA,NA,NA,NA,NA,1
LOC111100913,41.46286393,1.880912,0.23428381,3.862132e-18,2.919927e-15,NA,NA,NA,NA,NA,NA,NA,NA,NA,NA,NA,NA,NA,NA,NA,NA,NA,NA,NA,NA,1
LOC111100921,84.43260817,1.333437,0.20294917,7.228736e-13,1.686794e-10,NA,NA,NA,NA,NA,NA,NA,NA,NA,NA,NA,NA,NA,NA,NA,NA,NA,NA,NA,NA,1
LOC111100923,37.07396907,1.502755,0.22433355,1.79677e-13,4.652157e-11,NA,NA,NA,NA,NA,NA,NA,NA,NA,NA,NA,NA,NA,NA,NA,NA,NA,NA,NA,NA,1
LOC111100926,107.48962218,1.088868,0.2173605,1.54784e-08,9.984891e-07,NA,NA,NA,NA,NA,NA,NA,NA,NA,NA,NA,NA,NA,NA,NA,NA,NA,NA,NA,NA,1
LOC111100927,54.6585589,1.003584,0.20093787,2.161175e-08,1.330566e-06,NA,NA,NA,NA,NA,NA,NA,NA,NA,NA,NA,NA,NA,NA,NA,NA,NA,NA,NA,NA,1
LOC111100981,51.0741317,-1.299947,0.2107157,1.084126e-11,1.951531e-09,NA,NA,NA,NA,NA,NA,NA,NA,NA,NA,NA,NA,NA,NA,NA,NA,NA,NA,NA,NA,1
LOC111101078,82.02724099,1.718793,0.29761829,3.508383e-11,5.572432e-09,NA,NA,NA,NA,NA,NA,NA,NA,NA,NA,NA,NA,NA,NA,NA,NA,NA,NA,NA,NA,1
LOC111101156,122.20915114,-1.348075,0.17719436,3.963857e-16,1.971602e-13,NA,NA,NA,NA,NA,NA,NA,NA,NA,NA,NA,NA,NA,NA,NA,NA,NA,NA,NA,NA,1
LOC111101173,58.63981919,-1.01624,0.51186389,0.0003323579,0.004045007,NA,NA,NA,NA,NA,NA,NA,NA,NA,NA,NA,NA,NA,NA,NA,NA,NA,NA,NA,NA,1
LOC111101218,71.5147125,1.030205,0.30208692,1.106152e-05,0.0002596422,NA,NA,NA,NA,NA,NA,NA,NA,NA,NA,NA,NA,NA,NA,NA,NA,NA,NA,NA,NA,1
LOC111101237,152.36827029,-1.282461,0.41782674,1.371028e-05,0.0003092338,NA,NA,NA,NA,NA,NA,NA,NA,NA,NA,NA,NA,NA,NA,NA,NA,NA,NA,NA,NA,1
LOC111101240,162.06874976,2.261987,0.24276852,2.85322e-23,4.90261e-20,NA,NA,NA,NA,NA,NA,NA,NA,NA,NA,NA,NA,NA,NA,NA,NA,NA,NA,NA,NA,1
LOC111101446,180.52261714,-1.208894,0.15685048,2.98071e-16,1.522659e-13,NA,NA,NA,NA,NA,NA,NA,NA,NA,NA,NA,NA,NA,NA,NA,NA,NA,NA,NA,NA,1
LOC111101710,49.2188572,-1.378947,0.29843738,3.81744e-08,2.1998e-06,NA,NA,NA,NA,NA,NA,NA,NA,NA,NA,NA,NA,NA,NA,NA,NA,NA,NA,NA,NA,1
LOC111101789,102.3083411,1.067657,0.43173558,0.0001116795,0.00170093,NA,NA,NA,NA,NA,NA,NA,NA,NA,NA,NA,NA,NA,NA,NA,NA,NA,NA,NA,NA,1
LOC111101800,115.92667055,1.239631,0.36235426,5.752905e-06,0.0001514424,NA,NA,NA,NA,NA,NA,NA,NA,NA,NA,NA,NA,NA,NA,NA,NA,NA,NA,NA,NA,1
LOC111101841,190.95897259,-1.397245,0.20553351,1.250949e-13,3.477087e-11,NA,NA,NA,NA,NA,NA,NA,NA,NA,NA,NA,NA,NA,NA,NA,NA,NA,NA,NA,NA,1
LOC111101852,408.48609543,1.2486,0.15830401,6.220915e-17,3.755566e-14,NA,NA,NA,NA,NA,NA,NA,NA,NA,NA,NA,NA,NA,NA,NA,NA,NA,NA,NA,NA,1
LOC111101853,76.89611169,2.377803,0.26454801,4.960612e-22,7.212349e-19,NA,NA,NA,NA,NA,NA,NA,NA,NA,NA,NA,NA,NA,NA,NA,NA,NA,NA,NA,NA,1
LOC111101967,36.79376514,-1.720926,0.24168439,5.436631e-15,2.140787e-12,NA,NA,NA,NA,NA,NA,NA,NA,NA,NA,NA,NA,NA,NA,NA,NA,NA,NA,NA,NA,1
LOC111102252,614.07028742,1.053579,0.13137083,4.509205e-17,2.84095e-14,NA,NA,NA,NA,NA,NA,NA,NA,NA,NA,NA,NA,NA,NA,NA,NA,NA,NA,NA,NA,1
LOC111102291,488.09986743,-1.477676,0.29192652,3.320295e-09,2.739943e-07,NA,NA,NA,NA,NA,NA,NA,NA,NA,NA,NA,NA,NA,NA,NA,NA,NA,NA,NA,NA,1
LOC111102365,136.70289008,-1.153924,0.19965021,1.925756e-10,2.316613e-08,NA,NA,NA,NA,NA,NA,NA,NA,NA,NA,NA,NA,NA,NA,NA,NA,NA,NA,NA,NA,1
LOC111102493,24.95876429,1.004457,0.24432679,1.042525e-06,3.589209e-05,NA,NA,NA,NA,NA,NA,NA,NA,NA,NA,NA,NA,NA,NA,NA,NA,NA,NA,NA,NA,1
LOC111102518,15324.90369723,-1.438456,0.38895075,1.277663e-06,4.304654e-05,NA,NA,NA,NA,NA,NA,NA,NA,NA,NA,NA,NA,NA,NA,NA,NA,NA,NA,NA,NA,1
LOC111102612,105.05606584,-1.171037,0.11895853,2.003145e-24,5.408779e-21,NA,NA,NA,NA,NA,NA,NA,NA,NA,NA,NA,NA,NA,NA,NA,NA,NA,NA,NA,NA,1
LOC111102627,117.14314074,1.134344,0.27221552,5.785239e-07,2.148267e-05,NA,NA,NA,NA,NA,NA,NA,NA,NA,NA,NA,NA,NA,NA,NA,NA,NA,NA,NA,NA,1
LOC111102689,47.61789123,1.432931,0.28122197,3.206179e-09,2.693333e-07,NA,NA,NA,NA,NA,NA,NA,NA,NA,NA,NA,NA,NA,NA,NA,NA,NA,NA,NA,NA,1
LOC111102834,169.71517748,-1.239505,0.25705472,2.341344e-08,1.43216e-06,NA,NA,NA,NA,NA,NA,NA,NA,NA,NA,NA,NA,NA,NA,NA,NA,NA,NA,NA,NA,1
LOC111102836,30.32348953,1.296575,0.21523584,2.693835e-11,4.389326e-09,NA,NA,NA,NA,NA,NA,NA,NA,NA,NA,NA,NA,NA,NA,NA,NA,NA,NA,NA,NA,1
LOC111102866,40.37049409,1.52609,0.27133838,1.382187e-10,1.765184e-08,NA,NA,NA,NA,NA,NA,NA,NA,NA,NA,NA,NA,NA,NA,NA,NA,NA,NA,NA,NA,1
LOC111102872,66.56475788,3.364171,0.28967097,1.133666e-34,1.071371e-30,NA,NA,NA,NA,NA,NA,NA,NA,NA,NA,NA,NA,NA,NA,NA,NA,NA,NA,NA,NA,1
LOC111102902,121.00139144,3.095854,0.38834777,7.089406e-19,5.825951e-16,NA,NA,NA,NA,NA,NA,NA,NA,NA,NA,NA,NA,NA,NA,NA,NA,NA,NA,NA,NA,1
LOC111102949,53.46831305,1.123408,0.49814465,0.000141609,0.002057304,NA,NA,NA,NA,NA,NA,NA,NA,NA,NA,NA,NA,NA,NA,NA,NA,NA,NA,NA,NA,1
LOC111103059,89.14028565,-1.171301,0.32860331,4.515718e-06,0.0001246008,NA,NA,NA,NA,NA,NA,NA,NA,NA,NA,NA,NA,NA,NA,NA,NA,NA,NA,NA,NA,1
LOC111103156,126.52286557,1.052238,0.14575739,2.176275e-14,7.09203e-12,NA,NA,NA,NA,NA,NA,NA,NA,NA,NA,NA,NA,NA,NA,NA,NA,NA,NA,NA,NA,1
LOC111103214,219.96292246,1.021239,0.25518007,1.511653e-06,4.995063e-05,NA,NA,NA,NA,NA,NA,NA,NA,NA,NA,NA,NA,NA,NA,NA,NA,NA,NA,NA,NA,1
LOC111103236,59.3368235,1.228729,0.29849863,5.266667e-07,2.000262e-05,NA,NA,NA,NA,NA,NA,NA,NA,NA,NA,NA,NA,NA,NA,NA,NA,NA,NA,NA,NA,1
LOC111103264,83.26071661,-1.397812,0.21746214,1.498539e-12,3.293474e-10,NA,NA,NA,NA,NA,NA,NA,NA,NA,NA,NA,NA,NA,NA,NA,NA,NA,NA,NA,NA,1
LOC111103431,25.344528,-1.150245,0.25536344,1.34748e-07,6.383138e-06,NA,NA,NA,NA,NA,NA,NA,NA,NA,NA,NA,NA,NA,NA,NA,NA,NA,NA,NA,NA,1
LOC111103521,50.01691789,-1.253742,0.44075568,2.643253e-05,0.0005236911,NA,NA,NA,NA,NA,NA,NA,NA,NA,NA,NA,NA,NA,NA,NA,NA,NA,NA,NA,NA,1
LOC111103530,44.6476648,1.839057,0.38851731,6.376059e-09,4.763395e-07,NA,NA,NA,NA,NA,NA,NA,NA,NA,NA,NA,NA,NA,NA,NA,NA,NA,NA,NA,NA,1
LOC111103626,50.74932005,2.466017,0.35161328,3.195781e-15,1.372806e-12,NA,NA,NA,NA,NA,NA,NA,NA,NA,NA,NA,NA,NA,NA,NA,NA,NA,NA,NA,NA,1
LOC111103649,46.33232798,1.069159,0.29715298,5.470162e-06,0.0001450091,NA,NA,NA,NA,NA,NA,NA,NA,NA,NA,NA,NA,NA,NA,NA,NA,NA,NA,NA,NA,1
LOC111103829,529.97663016,1.517278,0.47839209,5.048794e-06,0.0001361302,NA,NA,NA,NA,NA,NA,NA,NA,NA,NA,NA,NA,NA,NA,NA,NA,NA,NA,NA,NA,1
LOC111103840,37.87718229,-1.046004,0.27724385,3.234129e-06,9.433375e-05,NA,NA,NA,NA,NA,NA,NA,NA,NA,NA,NA,NA,NA,NA,NA,NA,NA,NA,NA,NA,1
LOC111103859,155.11794627,-1.007664,0.41504999,0.0001499386,0.002148665,NA,NA,NA,NA,NA,NA,NA,NA,NA,NA,NA,NA,NA,NA,NA,NA,NA,NA,NA,NA,1
LOC111103906,84.28326023,1.052299,0.4554338,0.0001636732,0.002293973,NA,NA,NA,NA,NA,NA,NA,NA,NA,NA,NA,NA,NA,NA,NA,NA,NA,NA,NA,NA,1
LOC111103947,60.96102377,1.353607,0.45473964,1.392131e-05,0.000313246,NA,NA,NA,NA,NA,NA,NA,NA,NA,NA,NA,NA,NA,NA,NA,NA,NA,NA,NA,NA,1
LOC111104000,135.81542195,1.499763,0.41212791,1.298842e-06,4.362352e-05,NA,NA,NA,NA,NA,NA,NA,NA,NA,NA,NA,NA,NA,NA,NA,NA,NA,NA,NA,NA,1
LOC111104151,17629.0925043,1.548602,0.27265573,9.445008e-11,1.258581e-08,NA,NA,NA,NA,NA,NA,NA,NA,NA,NA,NA,NA,NA,NA,NA,NA,NA,NA,NA,NA,1
LOC111104171,128.80785919,-1.335919,0.30906766,1.622046e-07,7.477632e-06,NA,NA,NA,NA,NA,NA,NA,NA,NA,NA,NA,NA,NA,NA,NA,NA,NA,NA,NA,NA,1
LOC111104211,62.871715,1.26935,0.32987105,1.271301e-06,4.290868e-05,NA,NA,NA,NA,NA,NA,NA,NA,NA,NA,NA,NA,NA,NA,NA,NA,NA,NA,NA,NA,1
LOC111104281,44.21378995,-1.466617,0.31488922,2.45416e-08,1.484406e-06,NA,NA,NA,NA,NA,NA,NA,NA,NA,NA,NA,NA,NA,NA,NA,NA,NA,NA,NA,NA,1
LOC111104402,84.29772625,-1.796023,0.19111959,2.688e-23,4.90261e-20,NA,NA,NA,NA,NA,NA,NA,NA,NA,NA,NA,NA,NA,NA,NA,NA,NA,NA,NA,NA,1
LOC111104465,24.25739234,-1.146552,0.210514,1.302256e-09,1.236882e-07,NA,NA,NA,NA,NA,NA,NA,NA,NA,NA,NA,NA,NA,NA,NA,NA,NA,NA,NA,NA,1
LOC111104529,53.86917139,-2.067556,0.40757897,7.480047e-10,7.642182e-08,NA,NA,NA,NA,NA,NA,NA,NA,NA,NA,NA,NA,NA,NA,NA,NA,NA,NA,NA,NA,1
LOC111104680,148.36156541,-1.414761,0.34473683,3.091891e-07,1.287221e-05,NA,NA,NA,NA,NA,NA,NA,NA,NA,NA,NA,NA,NA,NA,NA,NA,NA,NA,NA,NA,1
LOC111104780,91.75708329,1.800343,0.33015992,1.799397e-10,2.193448e-08,NA,NA,NA,NA,NA,NA,NA,NA,NA,NA,NA,NA,NA,NA,NA,NA,NA,NA,NA,NA,1
LOC111104860,27.13276526,-1.075565,0.19614591,1.357885e-09,1.264305e-07,NA,NA,NA,NA,NA,NA,NA,NA,NA,NA,NA,NA,NA,NA,NA,NA,NA,NA,NA,NA,1
LOC111104958,102.78447553,-1.076061,0.40775016,7.550576e-05,0.001238832,NA,NA,NA,NA,NA,NA,NA,NA,NA,NA,NA,NA,NA,NA,NA,NA,NA,NA,NA,NA,1
LOC111105042,90.56847402,1.923828,0.35078697,1.161585e-10,1.503775e-08,NA,NA,NA,NA,NA,NA,NA,NA,NA,NA,NA,NA,NA,NA,NA,NA,NA,NA,NA,NA,1
LOC111105233,272.27025333,1.062314,0.37519142,4.997758e-05,0.0008778332,NA,NA,NA,NA,NA,NA,NA,NA,NA,NA,NA,NA,NA,NA,NA,NA,NA,NA,NA,NA,1
LOC111105471,132.48866735,-1.000485,0.48081883,0.0003009627,0.003741118,NA,NA,NA,NA,NA,NA,NA,NA,NA,NA,NA,NA,NA,NA,NA,NA,NA,NA,NA,NA,1
LOC111105476,133.82710218,1.076219,0.27130609,1.480877e-06,4.910535e-05,NA,NA,NA,NA,NA,NA,NA,NA,NA,NA,NA,NA,NA,NA,NA,NA,NA,NA,NA,NA,1
LOC111105494,278.49863011,1.841144,0.26475595,1.38821e-14,4.950669e-12,NA,NA,NA,NA,NA,NA,NA,NA,NA,NA,NA,NA,NA,NA,NA,NA,NA,NA,NA,NA,1
LOC111105579,97.80978078,1.005804,0.28158765,7.083363e-06,0.0001797082,NA,NA,NA,NA,NA,NA,NA,NA,NA,NA,NA,NA,NA,NA,NA,NA,NA,NA,NA,NA,1
LOC111105616,12357.19877291,1.184599,0.24136579,1.857823e-08,1.166602e-06,NA,NA,NA,NA,NA,NA,NA,NA,NA,NA,NA,NA,NA,NA,NA,NA,NA,NA,NA,NA,1
LOC111105635,77.09976387,-1.503253,0.38754218,5.568911e-07,2.092604e-05,NA,NA,NA,NA,NA,NA,NA,NA,NA,NA,NA,NA,NA,NA,NA,NA,NA,NA,NA,NA,1
LOC111105761,59.79747711,-1.120856,0.4551812,9.550768e-05,0.001503073,NA,NA,NA,NA,NA,NA,NA,NA,NA,NA,NA,NA,NA,NA,NA,NA,NA,NA,NA,NA,1
LOC111105862,59.82783893,-1.138957,0.22448858,9.518076e-09,6.71273e-07,NA,NA,NA,NA,NA,NA,NA,NA,NA,NA,NA,NA,NA,NA,NA,NA,NA,NA,NA,NA,1
LOC111105869,52.10226489,-1.021805,0.24770431,9.436584e-07,3.284731e-05,NA,NA,NA,NA,NA,NA,NA,NA,NA,NA,NA,NA,NA,NA,NA,NA,NA,NA,NA,NA,1
LOC111105900,74.83702269,-1.590715,0.30307532,9.098787e-10,9.147669e-08,NA,NA,NA,NA,NA,NA,NA,NA,NA,NA,NA,NA,NA,NA,NA,NA,NA,NA,NA,NA,1
LOC111105920,48.5055862,-1.40492,0.34951052,4.419275e-07,1.719617e-05,NA,NA,NA,NA,NA,NA,NA,NA,NA,NA,NA,NA,NA,NA,NA,NA,NA,NA,NA,NA,1
LOC111105973,27.60117166,-1.375652,0.22342479,9.071331e-12,1.680953e-09,NA,NA,NA,NA,NA,NA,NA,NA,NA,NA,NA,NA,NA,NA,NA,NA,NA,NA,NA,NA,1
LOC111106004,175.79521109,1.666353,0.32169539,1.068552e-09,1.051912e-07,NA,NA,NA,NA,NA,NA,NA,NA,NA,NA,NA,NA,NA,NA,NA,NA,NA,NA,NA,NA,1
LOC111106027,36.33748558,1.335569,0.26467018,5.628347e-09,4.342097e-07,NA,NA,NA,NA,NA,NA,NA,NA,NA,NA,NA,NA,NA,NA,NA,NA,NA,NA,NA,NA,1
LOC111106307,54.56608584,1.645166,0.2393631,3.725811e-14,1.154452e-11,NA,NA,NA,NA,NA,NA,NA,NA,NA,NA,NA,NA,NA,NA,NA,NA,NA,NA,NA,NA,1
LOC111106368,43.03350631,1.216844,0.30972481,1.115696e-06,3.799598e-05,NA,NA,NA,NA,NA,NA,NA,NA,NA,NA,NA,NA,NA,NA,NA,NA,NA,NA,NA,NA,1
LOC111106442,58.1646801,2.018355,0.36062296,5.157256e-11,7.861072e-09,NA,NA,NA,NA,NA,NA,NA,NA,NA,NA,NA,NA,NA,NA,NA,NA,NA,NA,NA,NA,1
LOC111106509,23.00216844,1.038603,0.22903838,1.657564e-07,7.604277e-06,NA,NA,NA,NA,NA,NA,NA,NA,NA,NA,NA,NA,NA,NA,NA,NA,NA,NA,NA,NA,1
LOC111106531,73.37668658,1.510445,0.22108273,7.047747e-14,2.081398e-11,NA,NA,NA,NA,NA,NA,NA,NA,NA,NA,NA,NA,NA,NA,NA,NA,NA,NA,NA,NA,1
LOC111106589,123.86984251,1.282721,0.1871205,1.236008e-13,3.477087e-11,NA,NA,NA,NA,NA,NA,NA,NA,NA,NA,NA,NA,NA,NA,NA,NA,NA,NA,NA,NA,1
LOC111106611,59.31357549,2.327701,0.37152576,5.690444e-13,1.361457e-10,NA,NA,NA,NA,NA,NA,NA,NA,NA,NA,NA,NA,NA,NA,NA,NA,NA,NA,NA,NA,1
LOC111106767,67.22607721,-1.130914,0.30999962,3.874526e-06,0.000109822,NA,NA,NA,NA,NA,NA,NA,NA,NA,NA,NA,NA,NA,NA,NA,NA,NA,NA,NA,NA,1
LOC111106836,91.32815483,1.101118,0.26033472,4.981428e-07,1.92151e-05,NA,NA,NA,NA,NA,NA,NA,NA,NA,NA,NA,NA,NA,NA,NA,NA,NA,NA,NA,NA,1
LOC111106837,190.56217166,1.223436,0.26961844,9.181712e-08,4.554949e-06,NA,NA,NA,NA,NA,NA,NA,NA,NA,NA,NA,NA,NA,NA,NA,NA,NA,NA,NA,NA,1
LOC111107001,142.74838282,-1.655257,0.30998216,4.712371e-10,5.118881e-08,NA,NA,NA,NA,NA,NA,NA,NA,NA,NA,NA,NA,NA,NA,NA,NA,NA,NA,NA,NA,1
LOC111107106,125.15712217,1.271404,0.23844395,1.568001e-09,1.445697e-07,NA,NA,NA,NA,NA,NA,NA,NA,NA,NA,NA,NA,NA,NA,NA,NA,NA,NA,NA,NA,1
LOC111107325,75.65430364,1.189005,0.2500769,3.814124e-08,2.1998e-06,NA,NA,NA,NA,NA,NA,NA,NA,NA,NA,NA,NA,NA,NA,NA,NA,NA,NA,NA,NA,1
LOC111107360,36.85420967,-1.309152,0.34949768,1.611494e-06,5.260594e-05,NA,NA,NA,NA,NA,NA,NA,NA,NA,NA,NA,NA,NA,NA,NA,NA,NA,NA,NA,NA,1
LOC111107547,89.54108102,1.003591,0.19645914,1.226703e-08,8.164056e-07,NA,NA,NA,NA,NA,NA,NA,NA,NA,NA,NA,NA,NA,NA,NA,NA,NA,NA,NA,NA,1
LOC111107550,51.51938405,1.02794,0.29782259,9.796909e-06,0.0002352877,NA,NA,NA,NA,NA,NA,NA,NA,NA,NA,NA,NA,NA,NA,NA,NA,NA,NA,NA,NA,1
LOC111107660,36.041842,-1.212276,0.24140023,9.628993e-09,6.76571e-07,NA,NA,NA,NA,NA,NA,NA,NA,NA,NA,NA,NA,NA,NA,NA,NA,NA,NA,NA,NA,1
LOC111107695,35.18578271,-1.17129,0.2782884,4.366924e-07,1.708887e-05,NA,NA,NA,NA,NA,NA,NA,NA,NA,NA,NA,NA,NA,NA,NA,NA,NA,NA,NA,NA,1
LOC111107755,1407.83937452,1.058319,0.47449428,0.0001866851,0.002545841,NA,NA,NA,NA,NA,NA,NA,NA,NA,NA,NA,NA,NA,NA,NA,NA,NA,NA,NA,NA,1
LOC111107861,75.06514741,1.534665,0.21876563,1.823972e-14,6.175324e-12,NA,NA,NA,NA,NA,NA,NA,NA,NA,NA,NA,NA,NA,NA,NA,NA,NA,NA,NA,NA,1
LOC111108070,34.56907824,1.173975,0.24670225,3.931775e-08,2.251954e-06,NA,NA,NA,NA,NA,NA,NA,NA,NA,NA,NA,NA,NA,NA,NA,NA,NA,NA,NA,NA,1
LOC111108126,436.43461109,-1.065177,0.42170282,0.0001005423,0.001566653,NA,NA,NA,NA,NA,NA,NA,NA,NA,NA,NA,NA,NA,NA,NA,NA,NA,NA,NA,NA,1
LOC111108237,634.70224062,-1.580211,0.5155164,5.519495e-06,0.000146112,NA,NA,NA,NA,NA,NA,NA,NA,NA,NA,NA,NA,NA,NA,NA,NA,NA,NA,NA,NA,1
LOC111108362,61.74652176,-1.193692,0.23898437,1.173773e-08,7.895191e-07,NA,NA,NA,NA,NA,NA,NA,NA,NA,NA,NA,NA,NA,NA,NA,NA,NA,NA,NA,NA,1
LOC111108536,193.64668674,1.020512,0.19881682,1.031428e-08,7.089095e-07,NA,NA,NA,NA,NA,NA,NA,NA,NA,NA,NA,NA,NA,NA,NA,NA,NA,NA,NA,NA,1
LOC111108575,648.78966402,1.508351,0.46470596,4.227081e-06,0.0001180149,NA,NA,NA,NA,NA,NA,NA,NA,NA,NA,NA,NA,NA,NA,NA,NA,NA,NA,NA,NA,1
LOC111108763,50.60693588,1.034904,0.2892846,6.434852e-06,0.0001659279,NA,NA,NA,NA,NA,NA,NA,NA,NA,NA,NA,NA,NA,NA,NA,NA,NA,NA,NA,NA,1
LOC111109131,188.41543457,-1.568947,0.26023034,1.124375e-11,2.004887e-09,NA,NA,NA,NA,NA,NA,NA,NA,NA,NA,NA,NA,NA,NA,NA,NA,NA,NA,NA,NA,1
LOC111109242,73.24212426,-1.11247,0.39566011,4.485752e-05,0.0008081327,NA,NA,NA,NA,NA,NA,NA,NA,NA,NA,NA,NA,NA,NA,NA,NA,NA,NA,NA,NA,1
LOC111109419,52.01592165,-1.098798,0.35265231,2.135097e-05,0.0004410435,NA,NA,NA,NA,NA,NA,NA,NA,NA,NA,NA,NA,NA,NA,NA,NA,NA,NA,NA,NA,1
LOC111109426,94.00324463,1.052807,0.3370434,2.394414e-05,0.0004838596,NA,NA,NA,NA,NA,NA,NA,NA,NA,NA,NA,NA,NA,NA,NA,NA,NA,NA,NA,NA,1
LOC111109518,46.21185985,2.153935,0.25326359,4.817544e-20,4.792443e-17,NA,NA,NA,NA,NA,NA,NA,NA,NA,NA,NA,NA,NA,NA,NA,NA,NA,NA,NA,NA,1
LOC111109544,232.7415707,1.013405,0.22216592,1.580019e-07,7.337578e-06,NA,NA,NA,NA,NA,NA,NA,NA,NA,NA,NA,NA,NA,NA,NA,NA,NA,NA,NA,NA,1
LOC111109594,28.93013279,1.051582,0.21225518,2.283726e-08,1.401451e-06,NA,NA,NA,NA,NA,NA,NA,NA,NA,NA,NA,NA,NA,NA,NA,NA,NA,NA,NA,NA,1
LOC111109880,357.76799455,-1.387568,0.4815009,1.577986e-05,0.0003440082,NA,NA,NA,NA,NA,NA,NA,NA,NA,NA,NA,NA,NA,NA,NA,NA,NA,NA,NA,NA,1
LOC111110040,54.33748765,1.413704,0.35827702,5.68825e-07,2.128982e-05,NA,NA,NA,NA,NA,NA,NA,NA,NA,NA,NA,NA,NA,NA,NA,NA,NA,NA,NA,NA,1
LOC111110063,51.34053134,-1.360128,0.27437311,8.118364e-09,5.901739e-07,NA,NA,NA,NA,NA,NA,NA,NA,NA,NA,NA,NA,NA,NA,NA,NA,NA,NA,NA,NA,1
LOC111110174,78.74809116,1.961835,0.25622549,6.358293e-17,3.755566e-14,NA,NA,NA,NA,NA,NA,NA,NA,NA,NA,NA,NA,NA,NA,NA,NA,NA,NA,NA,NA,1
LOC111110188,241.80761728,1.07845,0.23752574,1.438197e-07,6.76203e-06,NA,NA,NA,NA,NA,NA,NA,NA,NA,NA,NA,NA,NA,NA,NA,NA,NA,NA,NA,NA,1
LOC111110275,55.63194096,1.127343,0.23414951,3.51794e-08,2.058594e-06,NA,NA,NA,NA,NA,NA,NA,NA,NA,NA,NA,NA,NA,NA,NA,NA,NA,NA,NA,NA,1
LOC111110403,28.48571244,1.212324,0.24855129,1.961615e-08,1.219621e-06,NA,NA,NA,NA,NA,NA,NA,NA,NA,NA,NA,NA,NA,NA,NA,NA,NA,NA,NA,NA,1
LOC111110446,972.29869472,-1.676927,0.5878908,6.824066e-06,0.0001742996,NA,NA,NA,NA,NA,NA,NA,NA,NA,NA,NA,NA,NA,NA,NA,NA,NA,NA,NA,NA,1
LOC111110526,30.30778896,-1.149692,0.21821072,3.348642e-09,2.739943e-07,NA,NA,NA,NA,NA,NA,NA,NA,NA,NA,NA,NA,NA,NA,NA,NA,NA,NA,NA,NA,1
LOC111110540,161.9632672,-1.18355,0.52328422,0.0001130349,0.001718992,NA,NA,NA,NA,NA,NA,NA,NA,NA,NA,NA,NA,NA,NA,NA,NA,NA,NA,NA,NA,1
LOC111110645,433.72691493,1.430483,0.46386628,8.319383e-06,0.0002055486,NA,NA,NA,NA,NA,NA,NA,NA,NA,NA,NA,NA,NA,NA,NA,NA,NA,NA,NA,NA,1
LOC111110762,38.95470792,1.099899,0.29971717,3.947829e-06,0.00011137,NA,NA,NA,NA,NA,NA,NA,NA,NA,NA,NA,NA,NA,NA,NA,NA,NA,NA,NA,NA,1
LOC111110944,116.36335481,-1.823329,0.3183192,3.64507e-11,5.693841e-09,NA,NA,NA,NA,NA,NA,NA,NA,NA,NA,NA,NA,NA,NA,NA,NA,NA,NA,NA,NA,1
LOC111111077,79.87489664,-1.729058,0.24156781,4.087333e-15,1.643717e-12,NA,NA,NA,NA,NA,NA,NA,NA,NA,NA,NA,NA,NA,NA,NA,NA,NA,NA,NA,NA,1
LOC111111131,129.72233336,-1.21258,0.3588482,7.100193e-06,0.0001798938,NA,NA,NA,NA,NA,NA,NA,NA,NA,NA,NA,NA,NA,NA,NA,NA,NA,NA,NA,NA,1
LOC111111534,53.09476897,-1.390727,0.27178972,3.277924e-09,2.717371e-07,NA,NA,NA,NA,NA,NA,NA,NA,NA,NA,NA,NA,NA,NA,NA,NA,NA,NA,NA,NA,1
LOC111111572,68.52556722,1.118784,0.39591793,4.249378e-05,0.0007771847,NA,NA,NA,NA,NA,NA,NA,NA,NA,NA,NA,NA,NA,NA,NA,NA,NA,NA,NA,NA,1
LOC111111598,69.25630309,-1.021865,0.21167092,4.582142e-08,2.585286e-06,NA,NA,NA,NA,NA,NA,NA,NA,NA,NA,NA,NA,NA,NA,NA,NA,NA,NA,NA,NA,1
LOC111111764,71.92563073,1.619055,0.4484626,1.009927e-06,3.508941e-05,NA,NA,NA,NA,NA,NA,NA,NA,NA,NA,NA,NA,NA,NA,NA,NA,NA,NA,NA,NA,1
LOC111111813,75.15200806,-1.112176,0.43949436,8.522278e-05,0.00137089,NA,NA,NA,NA,NA,NA,NA,NA,NA,NA,NA,NA,NA,NA,NA,NA,NA,NA,NA,NA,1
LOC111112136,96.86941189,-1.193043,0.31212891,1.764819e-06,5.644137e-05,NA,NA,NA,NA,NA,NA,NA,NA,NA,NA,NA,NA,NA,NA,NA,NA,NA,NA,NA,NA,1
LOC111112317,113.71095373,-2.020598,0.45631837,1.638406e-08,1.0462e-06,NA,NA,NA,NA,NA,NA,NA,NA,NA,NA,NA,NA,NA,NA,NA,NA,NA,NA,NA,NA,1
LOC111112647,35.81016356,-1.099483,0.26073678,5.270254e-07,2.000262e-05,NA,NA,NA,NA,NA,NA,NA,NA,NA,NA,NA,NA,NA,NA,NA,NA,NA,NA,NA,NA,1
LOC111112805,109.91009449,-1.189161,0.17820546,6.045908e-13,1.428421e-10,NA,NA,NA,NA,NA,NA,NA,NA,NA,NA,NA,NA,NA,NA,NA,NA,NA,NA,NA,NA,1
LOC111112839,328.34035513,-1.351175,0.34924995,9.150374e-07,3.2028e-05,NA,NA,NA,NA,NA,NA,NA,NA,NA,NA,NA,NA,NA,NA,NA,NA,NA,NA,NA,NA,1
LOC111112842,72.9839065,-1.26976,0.20849348,1.968814e-11,3.32255e-09,NA,NA,NA,NA,NA,NA,NA,NA,NA,NA,NA,NA,NA,NA,NA,NA,NA,NA,NA,NA,1
LOC111113127,593.17114483,1.39468,0.45464786,9.699208e-06,0.0002335347,NA,NA,NA,NA,NA,NA,NA,NA,NA,NA,NA,NA,NA,NA,NA,NA,NA,NA,NA,NA,1
LOC111113890,541.51911279,-1.971457,0.47149147,5.058062e-08,2.811836e-06,NA,NA,NA,NA,NA,NA,NA,NA,NA,NA,NA,NA,NA,NA,NA,NA,NA,NA,NA,NA,1
LOC111114225,593.62307012,1.186449,0.33157325,4.124815e-06,0.0001156723,NA,NA,NA,NA,NA,NA,NA,NA,NA,NA,NA,NA,NA,NA,NA,NA,NA,NA,NA,NA,1
LOC111114508,37.87969352,1.345252,0.37062785,2.137794e-06,6.634886e-05,NA,NA,NA,NA,NA,NA,NA,NA,NA,NA,NA,NA,NA,NA,NA,NA,NA,NA,NA,NA,1
LOC111114509,40.91526872,-1.692459,0.24887835,5.5147e-14,1.681183e-11,NA,NA,NA,NA,NA,NA,NA,NA,NA,NA,NA,NA,NA,NA,NA,NA,NA,NA,NA,NA,1
LOC111114604,179.18426022,1.015646,0.19565808,7.782989e-09,5.679779e-07,NA,NA,NA,NA,NA,NA,NA,NA,NA,NA,NA,NA,NA,NA,NA,NA,NA,NA,NA,NA,1
LOC111114620,590.99526491,1.64916,0.42109101,3.198879e-07,1.317266e-05,NA,NA,NA,NA,NA,NA,NA,NA,NA,NA,NA,NA,NA,NA,NA,NA,NA,NA,NA,NA,1
LOC111114681,536.13808069,1.113671,0.63003722,0.0002986984,0.003723996,NA,NA,NA,NA,NA,NA,NA,NA,NA,NA,NA,NA,NA,NA,NA,NA,NA,NA,NA,NA,1
LOC111114922,148.13481578,-1.2084,0.27781916,2.175578e-07,9.57638e-06,NA,NA,NA,NA,NA,NA,NA,NA,NA,NA,NA,NA,NA,NA,NA,NA,NA,NA,NA,NA,1
LOC111115001,52.5062748,1.161066,0.30438403,2.000165e-06,6.27992e-05,NA,NA,NA,NA,NA,NA,NA,NA,NA,NA,NA,NA,NA,NA,NA,NA,NA,NA,NA,NA,1
LOC111115334,609.3946465,-1.122631,0.58996424,0.000247085,0.00319436,NA,NA,NA,NA,NA,NA,NA,NA,NA,NA,NA,NA,NA,NA,NA,NA,NA,NA,NA,NA,1
LOC111115356,47.98884751,1.301131,0.28423424,5.956467e-08,3.244472e-06,NA,NA,NA,NA,NA,NA,NA,NA,NA,NA,NA,NA,NA,NA,NA,NA,NA,NA,NA,NA,1
LOC111115390,40.05129102,1.036775,0.37550853,6.420985e-05,0.001078783,NA,NA,NA,NA,NA,NA,NA,NA,NA,NA,NA,NA,NA,NA,NA,NA,NA,NA,NA,NA,1
LOC111115485,340.71855777,-1.299131,0.35238558,2.035509e-06,6.359199e-05,NA,NA,NA,NA,NA,NA,NA,NA,NA,NA,NA,NA,NA,NA,NA,NA,NA,NA,NA,NA,1
LOC111115647,89.49373654,1.117845,0.3044352,3.719791e-06,0.000105726,NA,NA,NA,NA,NA,NA,NA,NA,NA,NA,NA,NA,NA,NA,NA,NA,NA,NA,NA,NA,1
LOC111115649,184.10228899,2.754252,0.49556131,1.487441e-11,2.579277e-09,NA,NA,NA,NA,NA,NA,NA,NA,NA,NA,NA,NA,NA,NA,NA,NA,NA,NA,NA,NA,1
LOC111115724,907.98449227,-2.281771,0.48908939,3.265258e-09,2.717371e-07,NA,NA,NA,NA,NA,NA,NA,NA,NA,NA,NA,NA,NA,NA,NA,NA,NA,NA,NA,NA,1
LOC111115817,160.51586549,1.227065,0.35823586,5.902283e-06,0.0001545139,NA,NA,NA,NA,NA,NA,NA,NA,NA,NA,NA,NA,NA,NA,NA,NA,NA,NA,NA,NA,1
LOC111115981,144.70653527,1.4251,0.27026344,1.297808e-09,1.236882e-07,NA,NA,NA,NA,NA,NA,NA,NA,NA,NA,NA,NA,NA,NA,NA,NA,NA,NA,NA,NA,1
LOC111116168,228.43222157,-1.273174,0.2829586,9.246292e-08,4.563537e-06,NA,NA,NA,NA,NA,NA,NA,NA,NA,NA,NA,NA,NA,NA,NA,NA,NA,NA,NA,NA,1
LOC111116198,192.83066164,-1.360865,0.43890874,9.879607e-06,0.0002369727,NA,NA,NA,NA,NA,NA,NA,NA,NA,NA,NA,NA,NA,NA,NA,NA,NA,NA,NA,NA,1
LOC111116214,225.43731697,-1.07783,0.41616477,8.383043e-05,0.001354255,NA,NA,NA,NA,NA,NA,NA,NA,NA,NA,NA,NA,NA,NA,NA,NA,NA,NA,NA,NA,1
LOC111116780,61.69356632,1.522362,0.4873129,5.647546e-06,0.0001490842,NA,NA,NA,NA,NA,NA,NA,NA,NA,NA,NA,NA,NA,NA,NA,NA,NA,NA,NA,NA,1
LOC111116805,413.22794916,1.51254,0.65324306,3.235733e-05,0.0006146592,NA,NA,NA,NA,NA,NA,NA,NA,NA,NA,NA,NA,NA,NA,NA,NA,NA,NA,NA,NA,1
LOC111116830,184.08136867,1.472485,0.53512328,1.622495e-05,0.0003494734,NA,NA,NA,NA,NA,NA,NA,NA,NA,NA,NA,NA,NA,NA,NA,NA,NA,NA,NA,NA,1
LOC111117018,119.97892403,-1.024268,0.44663512,0.0001865271,0.002545841,NA,NA,NA,NA,NA,NA,NA,NA,NA,NA,NA,NA,NA,NA,NA,NA,NA,NA,NA,NA,1
LOC111117019,40.90329483,-1.674679,0.35658549,1.139922e-08,7.722463e-07,NA,NA,NA,NA,NA,NA,NA,NA,NA,NA,NA,NA,NA,NA,NA,NA,NA,NA,NA,NA,1
LOC111117103,113.7210125,-1.533871,0.16583774,1.931339e-22,3.04202e-19,NA,NA,NA,NA,NA,NA,NA,NA,NA,NA,NA,NA,NA,NA,NA,NA,NA,NA,NA,NA,1
LOC111117193,1433.00539814,1.974112,0.4894703,8.887141e-08,4.422134e-06,NA,NA,NA,NA,NA,NA,NA,NA,NA,NA,NA,NA,NA,NA,NA,NA,NA,NA,NA,NA,1
LOC111117194,917.3464817,1.452652,0.37497133,6.589727e-07,2.418494e-05,NA,NA,NA,NA,NA,NA,NA,NA,NA,NA,NA,NA,NA,NA,NA,NA,NA,NA,NA,NA,1
LOC111117248,40.73192428,1.016752,0.16939525,8.328505e-11,1.14903e-08,NA,NA,NA,NA,NA,NA,NA,NA,NA,NA,NA,NA,NA,NA,NA,NA,NA,NA,NA,NA,1
LOC111117299,49.97904927,-1.158058,0.34021712,7.777632e-06,0.0001941942,NA,NA,NA,NA,NA,NA,NA,NA,NA,NA,NA,NA,NA,NA,NA,NA,NA,NA,NA,NA,1
LOC111117429,1885.59305219,-1.425005,0.40351052,2.306795e-06,7.055134e-05,NA,NA,NA,NA,NA,NA,NA,NA,NA,NA,NA,NA,NA,NA,NA,NA,NA,NA,NA,NA,1
LOC111117602,170.92660973,-1.600684,0.5243325,5.354935e-06,0.0001431593,NA,NA,NA,NA,NA,NA,NA,NA,NA,NA,NA,NA,NA,NA,NA,NA,NA,NA,NA,NA,1
LOC111117620,111.12336161,-1.37657,0.35141086,7.085976e-07,2.565748e-05,NA,NA,NA,NA,NA,NA,NA,NA,NA,NA,NA,NA,NA,NA,NA,NA,NA,NA,NA,NA,1
LOC111117662,588.62610065,1.069035,0.60788411,0.000363711,0.004330557,NA,NA,NA,NA,NA,NA,NA,NA,NA,NA,NA,NA,NA,NA,NA,NA,NA,NA,NA,NA,1
LOC111117736,47.57993564,1.226772,0.28200813,2.046503e-07,9.187876e-06,NA,NA,NA,NA,NA,NA,NA,NA,NA,NA,NA,NA,NA,NA,NA,NA,NA,NA,NA,NA,1
LOC111118098,677.86033687,-1.064134,0.53925005,0.0002817033,0.003556763,NA,NA,NA,NA,NA,NA,NA,NA,NA,NA,NA,NA,NA,NA,NA,NA,NA,NA,NA,NA,1
LOC111118107,83.17052551,1.198233,0.26045181,7.519756e-08,3.827795e-06,NA,NA,NA,NA,NA,NA,NA,NA,NA,NA,NA,NA,NA,NA,NA,NA,NA,NA,NA,NA,1
LOC111118140,273.30726587,-1.882975,0.34006837,9.455505e-11,1.258581e-08,NA,NA,NA,NA,NA,NA,NA,NA,NA,NA,NA,NA,NA,NA,NA,NA,NA,NA,NA,NA,1
LOC111118158,68.04906767,-1.016524,0.34657171,4.434751e-05,0.0008028853,NA,NA,NA,NA,NA,NA,NA,NA,NA,NA,NA,NA,NA,NA,NA,NA,NA,NA,NA,NA,1
LOC111118203,75.94661651,1.137686,0.22721447,1.33387e-08,8.784485e-07,NA,NA,NA,NA,NA,NA,NA,NA,NA,NA,NA,NA,NA,NA,NA,NA,NA,NA,NA,NA,1
LOC111118498,1631.87475598,1.928219,0.46964957,7.553925e-08,3.827795e-06,NA,NA,NA,NA,NA,NA,NA,NA,NA,NA,NA,NA,NA,NA,NA,NA,NA,NA,NA,NA,1
LOC111118614,97.83297691,-1.164863,0.32202414,3.875522e-06,0.000109822,NA,NA,NA,NA,NA,NA,NA,NA,NA,NA,NA,NA,NA,NA,NA,NA,NA,NA,NA,NA,1
LOC111118628,71.83924427,-1.228407,0.26667598,6.636061e-08,3.474465e-06,NA,NA,NA,NA,NA,NA,NA,NA,NA,NA,NA,NA,NA,NA,NA,NA,NA,NA,NA,NA,1
LOC111118934,135.96709864,-1.314403,0.39984827,6.79867e-06,0.0001741215,NA,NA,NA,NA,NA,NA,NA,NA,NA,NA,NA,NA,NA,NA,NA,NA,NA,NA,NA,NA,1
LOC111118940,38.94103856,-1.125626,0.24620256,1.080681e-07,5.237422e-06,NA,NA,NA,NA,NA,NA,NA,NA,NA,NA,NA,NA,NA,NA,NA,NA,NA,NA,NA,NA,1
LOC111119309,58.38637768,1.20231,0.24177711,1.271961e-08,8.435554e-07,NA,NA,NA,NA,NA,NA,NA,NA,NA,NA,NA,NA,NA,NA,NA,NA,NA,NA,NA,NA,1
LOC111119619,42.23915387,-1.267947,0.36666492,4.704407e-06,0.0001284942,NA,NA,NA,NA,NA,NA,NA,NA,NA,NA,NA,NA,NA,NA,NA,NA,NA,NA,NA,NA,1
LOC111119677,59.10792002,1.05573,0.30844044,9.91216e-06,0.0002370605,NA,NA,NA,NA,NA,NA,NA,NA,NA,NA,NA,NA,NA,NA,NA,NA,NA,NA,NA,NA,1
LOC111119783,110.666961,-1.104234,0.18342455,5.501212e-11,8.318273e-09,NA,NA,NA,NA,NA,NA,NA,NA,NA,NA,NA,NA,NA,NA,NA,NA,NA,NA,NA,NA,1
LOC111119955,30.74391292,-1.023803,0.24157272,6.003208e-07,2.220482e-05,NA,NA,NA,NA,NA,NA,NA,NA,NA,NA,NA,NA,NA,NA,NA,NA,NA,NA,NA,NA,1
LOC111119978,397.140057,-1.281142,0.32967045,1.06774e-06,3.648216e-05,NA,NA,NA,NA,NA,NA,NA,NA,NA,NA,NA,NA,NA,NA,NA,NA,NA,NA,NA,NA,1
LOC111120058,45.14871772,-1.220436,0.24858703,1.633963e-08,1.0462e-06,NA,NA,NA,NA,NA,NA,NA,NA,NA,NA,NA,NA,NA,NA,NA,NA,NA,NA,NA,NA,1
LOC111120366,47.48411666,-1.44521,0.29715636,9.846408e-09,6.864431e-07,NA,NA,NA,NA,NA,NA,NA,NA,NA,NA,NA,NA,NA,NA,NA,NA,NA,NA,NA,NA,1
LOC111120736,196.99654132,1.132881,0.30182026,2.693992e-06,8.006155e-05,NA,NA,NA,NA,NA,NA,NA,NA,NA,NA,NA,NA,NA,NA,NA,NA,NA,NA,NA,NA,1
LOC111120911,145.36267293,1.270306,0.29475766,2.109242e-07,9.402543e-06,NA,NA,NA,NA,NA,NA,NA,NA,NA,NA,NA,NA,NA,NA,NA,NA,NA,NA,NA,NA,1
LOC111121017,121.67526632,1.181744,0.25280271,5.665678e-08,3.122069e-06,NA,NA,NA,NA,NA,NA,NA,NA,NA,NA,NA,NA,NA,NA,NA,NA,NA,NA,NA,NA,1
LOC111121101,120.23552544,1.219984,0.26380532,6.281176e-08,3.353687e-06,NA,NA,NA,NA,NA,NA,NA,NA,NA,NA,NA,NA,NA,NA,NA,NA,NA,NA,NA,NA,1
LOC111121164,33.94401209,1.462215,0.29108887,4.230563e-09,3.359742e-07,NA,NA,NA,NA,NA,NA,NA,NA,NA,NA,NA,NA,NA,NA,NA,NA,NA,NA,NA,NA,1
LOC111121565,93.18198153,-1.225769,0.27805545,1.602777e-07,7.425022e-06,NA,NA,NA,NA,NA,NA,NA,NA,NA,NA,NA,NA,NA,NA,NA,NA,NA,NA,NA,NA,1
LOC111121574,115.55890362,-1.241383,0.25049192,1.212534e-08,8.126987e-07,NA,NA,NA,NA,NA,NA,NA,NA,NA,NA,NA,NA,NA,NA,NA,NA,NA,NA,NA,NA,1
LOC111121645,29.69086952,1.127258,0.26228548,3.484772e-07,1.416466e-05,NA,NA,NA,NA,NA,NA,NA,NA,NA,NA,NA,NA,NA,NA,NA,NA,NA,NA,NA,NA,1
LOC111121716,48.29568008,1.244681,0.33861196,2.498262e-06,7.528843e-05,NA,NA,NA,NA,NA,NA,NA,NA,NA,NA,NA,NA,NA,NA,NA,NA,NA,NA,NA,NA,1
LOC111121745,1335.15840446,-1.206294,0.2056476,9.607961e-11,1.269931e-08,NA,NA,NA,NA,NA,NA,NA,NA,NA,NA,NA,NA,NA,NA,NA,NA,NA,NA,NA,NA,1
LOC111122125,279.97907805,1.032128,0.50744668,0.0002894697,0.00363298,NA,NA,NA,NA,NA,NA,NA,NA,NA,NA,NA,NA,NA,NA,NA,NA,NA,NA,NA,NA,1
LOC111122441,97.42691796,1.766357,0.33548431,5.347103e-10,5.709921e-08,NA,NA,NA,NA,NA,NA,NA,NA,NA,NA,NA,NA,NA,NA,NA,NA,NA,NA,NA,NA,1
LOC111122593,54.7588315,1.234521,0.30487696,6.710881e-07,2.458185e-05,NA,NA,NA,NA,NA,NA,NA,NA,NA,NA,NA,NA,NA,NA,NA,NA,NA,NA,NA,NA,1
LOC111122661,112.60816994,-1.05333,0.45038158,0.0001542867,0.00219426,NA,NA,NA,NA,NA,NA,NA,NA,NA,NA,NA,NA,NA,NA,NA,NA,NA,NA,NA,NA,1
LOC111122670,55.52146374,1.174564,0.31317484,2.400819e-06,7.283768e-05,NA,NA,NA,NA,NA,NA,NA,NA,NA,NA,NA,NA,NA,NA,NA,NA,NA,NA,NA,NA,1
LOC111122716,379.61432537,-1.667682,0.2985466,1.17551e-10,1.51145e-08,NA,NA,NA,NA,NA,NA,NA,NA,NA,NA,NA,NA,NA,NA,NA,NA,NA,NA,NA,NA,1
LOC111122747,79.20669805,2.039636,0.37191454,9.213584e-11,1.2439e-08,NA,NA,NA,NA,NA,NA,NA,NA,NA,NA,NA,NA,NA,NA,NA,NA,NA,NA,NA,NA,1
LOC111122942,50.74520414,1.765455,0.30552036,3.089671e-11,4.948972e-09,NA,NA,NA,NA,NA,NA,NA,NA,NA,NA,NA,NA,NA,NA,NA,NA,NA,NA,NA,NA,1
LOC111123007,65.01426949,-1.159798,0.2539876,9.934546e-08,4.864582e-06,NA,NA,NA,NA,NA,NA,NA,NA,NA,NA,NA,NA,NA,NA,NA,NA,NA,NA,NA,NA,1
LOC111123269,560.20119891,-1.574928,0.31191577,2.672127e-09,2.275039e-07,NA,NA,NA,NA,NA,NA,NA,NA,NA,NA,NA,NA,NA,NA,NA,NA,NA,NA,NA,NA,1
LOC111123275,1148.0927148,1.258078,0.40344938,1.298441e-05,0.0002960415,NA,NA,NA,NA,NA,NA,NA,NA,NA,NA,NA,NA,NA,NA,NA,NA,NA,NA,NA,NA,1
LOC111123276,298.41602331,-1.312882,0.35644018,1.973179e-06,6.226219e-05,NA,NA,NA,NA,NA,NA,NA,NA,NA,NA,NA,NA,NA,NA,NA,NA,NA,NA,NA,NA,1
LOC111123283,365.45802415,-1.393808,0.26889588,2.298164e-09,1.974436e-07,NA,NA,NA,NA,NA,NA,NA,NA,NA,NA,NA,NA,NA,NA,NA,NA,NA,NA,NA,NA,1
LOC111123515,45.6762266,-1.099772,0.18865253,1.745619e-10,2.153109e-08,NA,NA,NA,NA,NA,NA,NA,NA,NA,NA,NA,NA,NA,NA,NA,NA,NA,NA,NA,NA,1
LOC111123519,148.72873196,1.032565,0.40771051,0.0001102222,0.00168689,NA,NA,NA,NA,NA,NA,NA,NA,NA,NA,NA,NA,NA,NA,NA,NA,NA,NA,NA,NA,1
LOC111123640,108.30019303,1.2157,0.39215932,1.556716e-05,0.0003401559,NA,NA,NA,NA,NA,NA,NA,NA,NA,NA,NA,NA,NA,NA,NA,NA,NA,NA,NA,NA,1
LOC111123740,49.6765394,1.102744,0.26568149,6.790738e-07,2.477833e-05,NA,NA,NA,NA,NA,NA,NA,NA,NA,NA,NA,NA,NA,NA,NA,NA,NA,NA,NA,NA,1
LOC111123757,58.81334725,1.609312,0.41071012,3.549721e-07,1.433617e-05,NA,NA,NA,NA,NA,NA,NA,NA,NA,NA,NA,NA,NA,NA,NA,NA,NA,NA,NA,NA,1
LOC111123855,145.30101686,-1.082595,0.28063262,2.16366e-06,6.693182e-05,NA,NA,NA,NA,NA,NA,NA,NA,NA,NA,NA,NA,NA,NA,NA,NA,NA,NA,NA,NA,1
LOC111123980,114.57457489,-1.040655,0.26292925,1.690433e-06,5.461688e-05,NA,NA,NA,NA,NA,NA,NA,NA,NA,NA,NA,NA,NA,NA,NA,NA,NA,NA,NA,NA,1
LOC111124151,26.17248707,-1.300673,0.24770254,2.188374e-09,1.914929e-07,NA,NA,NA,NA,NA,NA,NA,NA,NA,NA,NA,NA,NA,NA,NA,NA,NA,NA,NA,NA,1
LOC111124421,129.73717791,-1.063376,0.46336795,0.0001623537,0.002281523,NA,NA,NA,NA,NA,NA,NA,NA,NA,NA,NA,NA,NA,NA,NA,NA,NA,NA,NA,NA,1
LOC111124607,2334.67444268,1.027318,0.23357164,3.073301e-07,1.285143e-05,NA,NA,NA,NA,NA,NA,NA,NA,NA,NA,NA,NA,NA,NA,NA,NA,NA,NA,NA,NA,1
LOC111124674,73.38077682,1.216489,0.28624108,3.20678e-07,1.317638e-05,NA,NA,NA,NA,NA,NA,NA,NA,NA,NA,NA,NA,NA,NA,NA,NA,NA,NA,NA,NA,1
LOC111124809,208.13480304,-1.562929,0.4241683,9.263049e-07,3.230275e-05,NA,NA,NA,NA,NA,NA,NA,NA,NA,NA,NA,NA,NA,NA,NA,NA,NA,NA,NA,NA,1
LOC111124918,60.31643385,1.942653,0.35366809,1.066334e-10,1.389985e-08,NA,NA,NA,NA,NA,NA,NA,NA,NA,NA,NA,NA,NA,NA,NA,NA,NA,NA,NA,NA,1
LOC111125085,42.30260429,-1.328361,0.32002816,3.356592e-07,1.373224e-05,NA,NA,NA,NA,NA,NA,NA,NA,NA,NA,NA,NA,NA,NA,NA,NA,NA,NA,NA,NA,1
LOC111125086,170.45945771,1.274474,0.45045894,2.564875e-05,0.000510956,NA,NA,NA,NA,NA,NA,NA,NA,NA,NA,NA,NA,NA,NA,NA,NA,NA,NA,NA,NA,1
LOC111125480,71.90285746,-1.121823,0.23195371,3.229072e-08,1.90133e-06,NA,NA,NA,NA,NA,NA,NA,NA,NA,NA,NA,NA,NA,NA,NA,NA,NA,NA,NA,NA,1
LOC111125640,56.03149392,1.939666,0.37224013,4.835688e-10,5.222819e-08,NA,NA,NA,NA,NA,NA,NA,NA,NA,NA,NA,NA,NA,NA,NA,NA,NA,NA,NA,NA,1
LOC111125656,115.26544092,2.208472,0.30636658,1.219199e-15,5.620507e-13,NA,NA,NA,NA,NA,NA,NA,NA,NA,NA,NA,NA,NA,NA,NA,NA,NA,NA,NA,NA,1
LOC111126177,98.9053811,1.585158,0.20283052,3.942212e-17,2.569371e-14,NA,NA,NA,NA,NA,NA,NA,NA,NA,NA,NA,NA,NA,NA,NA,NA,NA,NA,NA,NA,1
LOC111126225,223.99647657,-1.066389,0.14319876,3.799355e-15,1.595813e-12,NA,NA,NA,NA,NA,NA,NA,NA,NA,NA,NA,NA,NA,NA,NA,NA,NA,NA,NA,NA,1
LOC111126312,49.97467344,-1.189113,0.21035939,3.533824e-10,3.960982e-08,NA,NA,NA,NA,NA,NA,NA,NA,NA,NA,NA,NA,NA,NA,NA,NA,NA,NA,NA,NA,1
LOC111126474,66.72506826,-1.276378,0.23137938,5.617388e-10,5.964846e-08,NA,NA,NA,NA,NA,NA,NA,NA,NA,NA,NA,NA,NA,NA,NA,NA,NA,NA,NA,NA,1
LOC111126492,659.61188278,-1.176969,0.17397009,3.37041e-13,8.493882e-11,NA,NA,NA,NA,NA,NA,NA,NA,NA,NA,NA,NA,NA,NA,NA,NA,NA,NA,NA,NA,1
LOC111126669,40.76916919,-1.208628,0.36429268,8.625013e-06,0.0002119914,NA,NA,NA,NA,NA,NA,NA,NA,NA,NA,NA,NA,NA,NA,NA,NA,NA,NA,NA,NA,1
LOC111126799,167.06225899,1.129304,0.22729742,1.661358e-08,1.053736e-06,NA,NA,NA,NA,NA,NA,NA,NA,NA,NA,NA,NA,NA,NA,NA,NA,NA,NA,NA,NA,1
LOC111126901,91.31830307,-3.023574,0.31098945,1.586715e-25,7.497626e-22,NA,NA,NA,NA,NA,NA,NA,NA,NA,NA,NA,NA,NA,NA,NA,NA,NA,NA,NA,NA,1
LOC111126923,382.90449955,1.554263,0.41613991,7.999667e-07,2.842137e-05,NA,NA,NA,NA,NA,NA,NA,NA,NA,NA,NA,NA,NA,NA,NA,NA,NA,NA,NA,NA,1
LOC111127028,172.3419583,1.500714,0.25189444,2.101373e-11,3.484039e-09,NA,NA,NA,NA,NA,NA,NA,NA,NA,NA,NA,NA,NA,NA,NA,NA,NA,NA,NA,NA,1
LOC111127178,415.35990529,-1.326151,0.26876692,1.01661e-08,7.012756e-07,NA,NA,NA,NA,NA,NA,NA,NA,NA,NA,NA,NA,NA,NA,NA,NA,NA,NA,NA,NA,1
LOC111127192,364.00833094,1.364555,0.42860966,7.799207e-06,0.000194476,NA,NA,NA,NA,NA,NA,NA,NA,NA,NA,NA,NA,NA,NA,NA,NA,NA,NA,NA,NA,1
LOC111127401,387.87296726,-1.210411,0.26628184,9.247312e-08,4.563537e-06,NA,NA,NA,NA,NA,NA,NA,NA,NA,NA,NA,NA,NA,NA,NA,NA,NA,NA,NA,NA,1
LOC111127646,56.0627694,1.359758,0.26954223,5.239325e-09,4.092086e-07,NA,NA,NA,NA,NA,NA,NA,NA,NA,NA,NA,NA,NA,NA,NA,NA,NA,NA,NA,NA,1
LOC111127991,106.06070499,1.451242,0.35418718,2.839714e-07,1.192743e-05,NA,NA,NA,NA,NA,NA,NA,NA,NA,NA,NA,NA,NA,NA,NA,NA,NA,NA,NA,NA,1
LOC111128068,152.59195545,1.345072,0.34139996,7.181934e-07,2.595521e-05,NA,NA,NA,NA,NA,NA,NA,NA,NA,NA,NA,NA,NA,NA,NA,NA,NA,NA,NA,NA,1
LOC111128091,260.32037781,1.413633,0.24434188,7.635005e-11,1.076935e-08,NA,NA,NA,NA,NA,NA,NA,NA,NA,NA,NA,NA,NA,NA,NA,NA,NA,NA,NA,NA,1
LOC111128248,66.9168061,1.026849,0.2454121,7.383285e-07,2.65307e-05,NA,NA,NA,NA,NA,NA,NA,NA,NA,NA,NA,NA,NA,NA,NA,NA,NA,NA,NA,NA,1
LOC111128277,152.04252787,1.268557,0.38444311,7.556673e-06,0.0001906925,NA,NA,NA,NA,NA,NA,NA,NA,NA,NA,NA,NA,NA,NA,NA,NA,NA,NA,NA,NA,1
LOC111128304,113.65093546,1.639828,0.26020712,1.700959e-12,3.695383e-10,NA,NA,NA,NA,NA,NA,NA,NA,NA,NA,NA,NA,NA,NA,NA,NA,NA,NA,NA,NA,1
LOC111128670,25.59459733,1.085347,0.19930806,1.616562e-09,1.476069e-07,NA,NA,NA,NA,NA,NA,NA,NA,NA,NA,NA,NA,NA,NA,NA,NA,NA,NA,NA,NA,1
LOC111128915,38.64918151,-1.34843,0.33743215,5.753374e-07,2.14064e-05,NA,NA,NA,NA,NA,NA,NA,NA,NA,NA,NA,NA,NA,NA,NA,NA,NA,NA,NA,NA,1
LOC111129447,640.79340673,-1.147239,0.42603789,5.309338e-05,0.0009172925,NA,NA,NA,NA,NA,NA,NA,NA,NA,NA,NA,NA,NA,NA,NA,NA,NA,NA,NA,NA,1
LOC111129558,99.55571766,-1.2982,0.30005153,1.79706e-07,8.156806e-06,NA,NA,NA,NA,NA,NA,NA,NA,NA,NA,NA,NA,NA,NA,NA,NA,NA,NA,NA,NA,1
LOC111129933,91.1557632,1.268764,0.22495374,2.869154e-10,3.326986e-08,NA,NA,NA,NA,NA,NA,NA,NA,NA,NA,NA,NA,NA,NA,NA,NA,NA,NA,NA,NA,1
LOC111129982,93.11962623,-1.206489,0.19276712,8.584939e-12,1.63903e-09,NA,NA,NA,NA,NA,NA,NA,NA,NA,NA,NA,NA,NA,NA,NA,NA,NA,NA,NA,NA,1
LOC111130050,73.82879393,1.224937,0.40782569,1.94978e-05,0.000408115,NA,NA,NA,NA,NA,NA,NA,NA,NA,NA,NA,NA,NA,NA,NA,NA,NA,NA,NA,NA,1
LOC111130340,566.4823303,2.371363,0.61412664,6.04838e-08,3.275657e-06,NA,NA,NA,NA,NA,NA,NA,NA,NA,NA,NA,NA,NA,NA,NA,NA,NA,NA,NA,NA,1
LOC111130395,61.19040959,1.006354,0.3423196,4.489389e-05,0.0008081327,NA,NA,NA,NA,NA,NA,NA,NA,NA,NA,NA,NA,NA,NA,NA,NA,NA,NA,NA,NA,1
LOC111130511,57.60182803,-1.99668,0.3345182,6.262073e-12,1.245889e-09,NA,NA,NA,NA,NA,NA,NA,NA,NA,NA,NA,NA,NA,NA,NA,NA,NA,NA,NA,NA,1
LOC111130571,49.40254522,1.000369,0.20362379,3.242702e-08,1.903426e-06,NA,NA,NA,NA,NA,NA,NA,NA,NA,NA,NA,NA,NA,NA,NA,NA,NA,NA,NA,NA,1
LOC111130703,760.6734306,2.337818,0.51980984,5.961726e-09,4.543365e-07,NA,NA,NA,NA,NA,NA,NA,NA,NA,NA,NA,NA,NA,NA,NA,NA,NA,NA,NA,NA,1
LOC111130990,31.95052405,-1.042475,0.23307429,2.145353e-07,9.518618e-06,NA,NA,NA,NA,NA,NA,NA,NA,NA,NA,NA,NA,NA,NA,NA,NA,NA,NA,NA,NA,1
LOC111131310,108.73568544,2.276728,0.43737464,2.513883e-10,2.951237e-08,NA,NA,NA,NA,NA,NA,NA,NA,NA,NA,NA,NA,NA,NA,NA,NA,NA,NA,NA,NA,1
LOC111131423,124.66605898,1.130108,0.43785815,7.204334e-05,0.001196565,NA,NA,NA,NA,NA,NA,NA,NA,NA,NA,NA,NA,NA,NA,NA,NA,NA,NA,NA,NA,1
LOC111131441,442.32899556,-1.250574,0.21212795,6.882068e-11,9.929615e-09,NA,NA,NA,NA,NA,NA,NA,NA,NA,NA,NA,NA,NA,NA,NA,NA,NA,NA,NA,NA,1
LOC111131479,132.74828852,1.089807,0.3683195,3.330251e-05,0.0006288218,NA,NA,NA,NA,NA,NA,NA,NA,NA,NA,NA,NA,NA,NA,NA,NA,NA,NA,NA,NA,1
LOC111131754,138.92627553,1.090733,0.30112907,4.750585e-06,0.0001293816,NA,NA,NA,NA,NA,NA,NA,NA,NA,NA,NA,NA,NA,NA,NA,NA,NA,NA,NA,NA,1
LOC111132680,31.96666253,-1.035166,0.23568817,3.08694e-07,1.287221e-05,NA,NA,NA,NA,NA,NA,NA,NA,NA,NA,NA,NA,NA,NA,NA,NA,NA,NA,NA,NA,1
LOC111132685,100.28401537,-1.415816,0.24997556,1.536325e-10,1.935872e-08,NA,NA,NA,NA,NA,NA,NA,NA,NA,NA,NA,NA,NA,NA,NA,NA,NA,NA,NA,NA,1
LOC111133392,72.34811718,-1.170555,0.25337563,7.544128e-08,3.827795e-06,NA,NA,NA,NA,NA,NA,NA,NA,NA,NA,NA,NA,NA,NA,NA,NA,NA,NA,NA,NA,1
LOC111133465,101.74789189,1.625445,0.2453412,2.126137e-13,5.430555e-11,NA,NA,NA,NA,NA,NA,NA,NA,NA,NA,NA,NA,NA,NA,NA,NA,NA,NA,NA,NA,1
LOC111133640,259.88518925,1.955467,0.39825574,2.112672e-09,1.865963e-07,NA,NA,NA,NA,NA,NA,NA,NA,NA,NA,NA,NA,NA,NA,NA,NA,NA,NA,NA,NA,1
LOC111133849,39.78413086,-1.173566,0.3002777,1.374738e-06,4.582703e-05,NA,NA,NA,NA,NA,NA,NA,NA,NA,NA,NA,NA,NA,NA,NA,NA,NA,NA,NA,NA,1
LOC111133886,35.44775852,1.232929,0.23996694,4.973653e-09,3.900706e-07,NA,NA,NA,NA,NA,NA,NA,NA,NA,NA,NA,NA,NA,NA,NA,NA,NA,NA,NA,NA,1
LOC111133967,53.14279345,1.729138,0.36220849,6.886285e-09,5.084284e-07,NA,NA,NA,NA,NA,NA,NA,NA,NA,NA,NA,NA,NA,NA,NA,NA,NA,NA,NA,NA,1
LOC111134021,88.61423556,-1.018448,0.20760808,3.190503e-08,1.890398e-06,NA,NA,NA,NA,NA,NA,NA,NA,NA,NA,NA,NA,NA,NA,NA,NA,NA,NA,NA,NA,1
LOC111134177,69.38799373,2.263235,0.29842311,6.924566e-17,3.890352e-14,NA,NA,NA,NA,NA,NA,NA,NA,NA,NA,NA,NA,NA,NA,NA,NA,NA,NA,NA,NA,1
LOC111134343,46.24339752,1.01508,0.37055435,7.231458e-05,0.001200016,NA,NA,NA,NA,NA,NA,NA,NA,NA,NA,NA,NA,NA,NA,NA,NA,NA,NA,NA,NA,1
LOC111134486,147.43248718,3.154299,0.3439764,2.17269e-23,4.562891e-20,NA,NA,NA,NA,NA,NA,NA,NA,NA,NA,NA,NA,NA,NA,NA,NA,NA,NA,NA,NA,1
LOC111134597,68.63064739,-1.566489,0.38509992,2.273965e-07,9.903274e-06,NA,NA,NA,NA,NA,NA,NA,NA,NA,NA,NA,NA,NA,NA,NA,NA,NA,NA,NA,NA,1
LOC111134607,29.95993423,1.198714,0.2573736,5.795636e-08,3.175169e-06,NA,NA,NA,NA,NA,NA,NA,NA,NA,NA,NA,NA,NA,NA,NA,NA,NA,NA,NA,NA,1
LOC111134689,122.76817431,1.189845,0.16592992,1.829629e-14,6.175324e-12,NA,NA,NA,NA,NA,NA,NA,NA,NA,NA,NA,NA,NA,NA,NA,NA,NA,NA,NA,NA,1
LOC111134808,29.42182625,1.296237,0.20886213,8.704559e-12,1.645249e-09,NA,NA,NA,NA,NA,NA,NA,NA,NA,NA,NA,NA,NA,NA,NA,NA,NA,NA,NA,NA,1
LOC111134954,593.45572242,1.039468,0.11568232,1.185662e-20,1.24501e-17,NA,NA,NA,NA,NA,NA,NA,NA,NA,NA,NA,NA,NA,NA,NA,NA,NA,NA,NA,NA,1
LOC111134955,58.73294715,1.744032,0.29087457,8.919148e-12,1.669117e-09,NA,NA,NA,NA,NA,NA,NA,NA,NA,NA,NA,NA,NA,NA,NA,NA,NA,NA,NA,NA,1
LOC111135227,130.03954479,-1.145378,0.20515525,6.130151e-10,6.388312e-08,NA,NA,NA,NA,NA,NA,NA,NA,NA,NA,NA,NA,NA,NA,NA,NA,NA,NA,NA,NA,1
LOC111135366,74.40156634,2.171942,0.30156753,1.353311e-15,6.090221e-13,NA,NA,NA,NA,NA,NA,NA,NA,NA,NA,NA,NA,NA,NA,NA,NA,NA,NA,NA,NA,1
LOC111135511,31.10876067,1.46212,0.24066981,1.150041e-11,2.031489e-09,NA,NA,NA,NA,NA,NA,NA,NA,NA,NA,NA,NA,NA,NA,NA,NA,NA,NA,NA,NA,1
LOC111135568,330.44950833,-1.068361,0.53537927,0.0002680643,0.003418815,NA,NA,NA,NA,NA,NA,NA,NA,NA,NA,NA,NA,NA,NA,NA,NA,NA,NA,NA,NA,1
LOC111135603,81.17906968,1.199786,0.22600203,2.276225e-09,1.973528e-07,NA,NA,NA,NA,NA,NA,NA,NA,NA,NA,NA,NA,NA,NA,NA,NA,NA,NA,NA,NA,1
LOC111135656,33.15834899,1.259047,0.19890393,4.512143e-12,9.270002e-10,NA,NA,NA,NA,NA,NA,NA,NA,NA,NA,NA,NA,NA,NA,NA,NA,NA,NA,NA,NA,1
LOC111135710,477.12638654,1.000055,0.22529315,2.783379e-07,1.171685e-05,NA,NA,NA,NA,NA,NA,NA,NA,NA,NA,NA,NA,NA,NA,NA,NA,NA,NA,NA,NA,1
LOC111135790,83.03569131,1.093934,0.23423961,7.665964e-08,3.874182e-06,NA,NA,NA,NA,NA,NA,NA,NA,NA,NA,NA,NA,NA,NA,NA,NA,NA,NA,NA,NA,1
LOC111136053,38.13470587,-1.114978,0.22748129,2.41575e-08,1.46817e-06,NA,NA,NA,NA,NA,NA,NA,NA,NA,NA,NA,NA,NA,NA,NA,NA,NA,NA,NA,NA,1
LOC111136060,79.38227289,1.20183,0.37833653,1.318164e-05,0.0002994546,NA,NA,NA,NA,NA,NA,NA,NA,NA,NA,NA,NA,NA,NA,NA,NA,NA,NA,NA,NA,1
LOC111136076,41.37335305,-1.120928,0.28819204,1.725167e-06,5.545472e-05,NA,NA,NA,NA,NA,NA,NA,NA,NA,NA,NA,NA,NA,NA,NA,NA,NA,NA,NA,NA,1
LOC111136211,37.63542409,-1.188569,0.28600192,5.114466e-07,1.964807e-05,NA,NA,NA,NA,NA,NA,NA,NA,NA,NA,NA,NA,NA,NA,NA,NA,NA,NA,NA,NA,1
LOC111136254,295.81693048,1.32233,0.14807795,6.790506e-21,8.02171e-18,NA,NA,NA,NA,NA,NA,NA,NA,NA,NA,NA,NA,NA,NA,NA,NA,NA,NA,NA,NA,1
LOC111136293,62.505786,2.314381,0.30822085,1.127741e-16,6.090125e-14,NA,NA,NA,NA,NA,NA,NA,NA,NA,NA,NA,NA,NA,NA,NA,NA,NA,NA,NA,NA,1
LOC111136393,58.33895484,1.008361,0.32659416,3.005628e-05,0.0005832585,NA,NA,NA,NA,NA,NA,NA,NA,NA,NA,NA,NA,NA,NA,NA,NA,NA,NA,NA,NA,1
LOC111136471,79.30847665,-1.113477,0.2037635,1.323194e-09,1.250484e-07,NA,NA,NA,NA,NA,NA,NA,NA,NA,NA,NA,NA,NA,NA,NA,NA,NA,NA,NA,NA,1
LOC111136540,34.72533496,1.058283,0.25325938,6.9182e-07,2.514633e-05,NA,NA,NA,NA,NA,NA,NA,NA,NA,NA,NA,NA,NA,NA,NA,NA,NA,NA,NA,NA,1
LOC111136558,45.10781709,1.142703,0.38810155,2.935855e-05,0.0005738428,NA,NA,NA,NA,NA,NA,NA,NA,NA,NA,NA,NA,NA,NA,NA,NA,NA,NA,NA,NA,1
LOC111136635,287.7064511,-1.129199,0.22406003,1.166035e-08,7.871154e-07,NA,NA,NA,NA,NA,NA,NA,NA,NA,NA,NA,NA,NA,NA,NA,NA,NA,NA,NA,NA,1
LOC111136660,268.00939451,1.461932,0.16983886,7.650882e-20,6.886158e-17,NA,NA,NA,NA,NA,NA,NA,NA,NA,NA,NA,NA,NA,NA,NA,NA,NA,NA,NA,NA,1
LOC111136693,67.80116313,1.705804,0.22382804,1.350653e-16,7.091301e-14,NA,NA,NA,NA,NA,NA,NA,NA,NA,NA,NA,NA,NA,NA,NA,NA,NA,NA,NA,NA,1
LOC111136700,108.35945466,-1.23313,0.2632614,4.578022e-08,2.585286e-06,NA,NA,NA,NA,NA,NA,NA,NA,NA,NA,NA,NA,NA,NA,NA,NA,NA,NA,NA,NA,1
LOC111136780,380.40750365,-1.106957,0.11097242,6.943504e-25,2.624784e-21,NA,NA,NA,NA,NA,NA,NA,NA,NA,NA,NA,NA,NA,NA,NA,NA,NA,NA,NA,NA,1
LOC111136852,307.40758825,-1.261244,0.47987004,4.217811e-05,0.0007739887,NA,NA,NA,NA,NA,NA,NA,NA,NA,NA,NA,NA,NA,NA,NA,NA,NA,NA,NA,NA,1
LOC111136979,139.24582334,1.112769,0.32871664,9.425376e-06,0.0002278121,NA,NA,NA,NA,NA,NA,NA,NA,NA,NA,NA,NA,NA,NA,NA,NA,NA,NA,NA,NA,1
LOC111137043,59.65904069,2.364606,0.30899409,3.496869e-17,2.360511e-14,NA,NA,NA,NA,NA,NA,NA,NA,NA,NA,NA,NA,NA,NA,NA,NA,NA,NA,NA,NA,1
LOC111137136,45.83784031,1.35352,0.243834,3.566526e-10,3.965348e-08,NA,NA,NA,NA,NA,NA,NA,NA,NA,NA,NA,NA,NA,NA,NA,NA,NA,NA,NA,NA,1
LOC111137347,112.44374502,1.262898,0.26923308,4.022984e-08,2.291566e-06,NA,NA,NA,NA,NA,NA,NA,NA,NA,NA,NA,NA,NA,NA,NA,NA,NA,NA,NA,NA,1
LOC111137416,56.23530451,1.183477,0.21818769,1.292581e-09,1.236882e-07,NA,NA,NA,NA,NA,NA,NA,NA,NA,NA,NA,NA,NA,NA,NA,NA,NA,NA,NA,NA,1
LOC111137690,360.68041753,1.121558,0.22150343,1.062083e-08,7.247086e-07,NA,NA,NA,NA,NA,NA,NA,NA,NA,NA,NA,NA,NA,NA,NA,NA,NA,NA,NA,NA,1
LOC111137850,411.87794929,-2.011973,0.34155527,9.67808e-12,1.758898e-09,NA,NA,NA,NA,NA,NA,NA,NA,NA,NA,NA,NA,NA,NA,NA,NA,NA,NA,NA,NA,1
LOC111137853,118.99827937,-1.642135,0.45208349,8.794483e-07,3.095429e-05,NA,NA,NA,NA,NA,NA,NA,NA,NA,NA,NA,NA,NA,NA,NA,NA,NA,NA,NA,NA,1
LOC111137881,37.97647024,-1.430752,0.22450443,1.93045e-12,4.099711e-10,NA,NA,NA,NA,NA,NA,NA,NA,NA,NA,NA,NA,NA,NA,NA,NA,NA,NA,NA,NA,1
LOC111138428,41.98956535,-1.043169,0.22154522,7.496768e-08,3.827795e-06,NA,NA,NA,NA,NA,NA,NA,NA,NA,NA,NA,NA,NA,NA,NA,NA,NA,NA,NA,NA,1
LOC111138507,95.89801141,1.314138,0.2952672,1.003598e-07,4.90155e-06,NA,NA,NA,NA,NA,NA,NA,NA,NA,NA,NA,NA,NA,NA,NA,NA,NA,NA,NA,NA,1
LOC111100618,NA,NA,NA,NA,NA,29.01448188,-1.735986,0.32811018,1.432426e-09,7.397972e-06,NA,NA,NA,NA,NA,NA,NA,NA,NA,NA,NA,NA,NA,NA,NA,1
LOC111101316,NA,NA,NA,NA,NA,16.84004198,-1.200385,0.22738947,1.18232e-08,3.932868e-05,NA,NA,NA,NA,NA,NA,NA,NA,NA,NA,NA,NA,NA,NA,NA,1
LOC111103073,NA,NA,NA,NA,NA,7.62602494,-1.257852,0.5825369,1.819301e-05,0.01080665,NA,NA,NA,NA,NA,NA,NA,NA,NA,NA,NA,NA,NA,NA,NA,1
LOC111107891,NA,NA,NA,NA,NA,37.51803258,1.702988,0.44576641,3.672842e-07,0.0007635838,NA,NA,NA,NA,NA,NA,NA,NA,NA,NA,NA,NA,NA,NA,NA,1
LOC111109934,NA,NA,NA,NA,NA,70.19228663,1.283939,0.43899404,7.155257e-06,0.005666963,NA,NA,NA,NA,NA,NA,NA,NA,NA,NA,NA,NA,NA,NA,NA,1
LOC111111613,NA,NA,NA,NA,NA,20.45583359,-1.614037,0.2995514,1.480328e-09,7.397972e-06,NA,NA,NA,NA,NA,NA,NA,NA,NA,NA,NA,NA,NA,NA,NA,1
LOC111112374,NA,NA,NA,NA,NA,7.77846095,1.082385,0.52647324,3.621498e-05,0.01805271,NA,NA,NA,NA,NA,NA,NA,NA,NA,NA,NA,NA,NA,NA,NA,1
LOC111112876,NA,NA,NA,NA,NA,29.04855509,-1.10051,0.28628931,1.989752e-06,0.003008504,NA,NA,NA,NA,NA,NA,NA,NA,NA,NA,NA,NA,NA,NA,NA,1
LOC111119043,NA,NA,NA,NA,NA,45.14100012,2.304291,0.45128311,6.28018e-11,1.04452e-06,NA,NA,NA,NA,NA,NA,NA,NA,NA,NA,NA,NA,NA,NA,NA,1
LOC111119289,NA,NA,NA,NA,NA,5.12431675,-1.061649,0.59967291,4.963384e-05,0.02231108,NA,NA,NA,NA,NA,NA,NA,NA,NA,NA,NA,NA,NA,NA,NA,1
LOC111120643,NA,NA,NA,NA,NA,62.52705962,1.058584,0.2727299,1.886395e-06,0.003008504,NA,NA,NA,NA,NA,NA,NA,NA,NA,NA,NA,NA,NA,NA,NA,1
LOC111120711,NA,NA,NA,NA,NA,5.15315733,-1.10373,0.38255696,1.153074e-05,0.007990801,NA,NA,NA,NA,NA,NA,NA,NA,NA,NA,NA,NA,NA,NA,NA,1
LOC111121954,NA,NA,NA,NA,NA,55.33936401,-1.09783,0.35936158,8.907549e-06,0.00644132,NA,NA,NA,NA,NA,NA,NA,NA,NA,NA,NA,NA,NA,NA,NA,1
LOC111124198,NA,NA,NA,NA,NA,6.22902405,1.630781,0.61832244,2.572661e-06,0.003291423,NA,NA,NA,NA,NA,NA,NA,NA,NA,NA,NA,NA,NA,NA,NA,1
LOC111124880,NA,NA,NA,NA,NA,23.62197335,-1.317587,0.75295645,1.525969e-05,0.009761504,NA,NA,NA,NA,NA,NA,NA,NA,NA,NA,NA,NA,NA,NA,NA,1
LOC111126304,NA,NA,NA,NA,NA,14.74640407,1.00629,0.44027065,3.289059e-05,0.01764633,NA,NA,NA,NA,NA,NA,NA,NA,NA,NA,NA,NA,NA,NA,NA,1
LOC111127198,NA,NA,NA,NA,NA,34.40594109,1.004362,0.59759838,6.472275e-05,0.02732934,NA,NA,NA,NA,NA,NA,NA,NA,NA,NA,NA,NA,NA,NA,NA,1
LOC111130717,NA,NA,NA,NA,NA,7.30549715,-1.181217,0.30937175,1.892789e-06,0.003008504,NA,NA,NA,NA,NA,NA,NA,NA,NA,NA,NA,NA,NA,NA,NA,1
LOC111130979,NA,NA,NA,NA,NA,29.92682534,-1.470851,0.52691556,4.480073e-06,0.004139587,NA,NA,NA,NA,NA,NA,NA,NA,NA,NA,NA,NA,NA,NA,NA,1
LOC111133156,NA,NA,NA,NA,NA,4.65882818,-1.247086,0.5465636,1.70574e-05,0.01050736,NA,NA,NA,NA,NA,NA,NA,NA,NA,NA,NA,NA,NA,NA,NA,1
LOC111134291,NA,NA,NA,NA,NA,44.90523034,-1.225573,0.33489407,2.42576e-06,0.003291423,NA,NA,NA,NA,NA,NA,NA,NA,NA,NA,NA,NA,NA,NA,NA,1
LOC111099040,NA,NA,NA,NA,NA,NA,NA,NA,NA,NA,536.33779184,-5.2135336743,0.24325954,6.11947e-104,2.429656e-101,NA,NA,NA,NA,NA,NA,NA,NA,NA,NA,1
LOC111099059,NA,NA,NA,NA,NA,NA,NA,NA,NA,NA,55.88816915,3.4582855072,0.92960525,3.040395e-06,9.85279e-06,NA,NA,NA,NA,NA,NA,NA,NA,NA,NA,1
LOC111099073,NA,NA,NA,NA,NA,NA,NA,NA,NA,NA,105.84498277,-1.0283594259,0.19031802,3.435598e-08,1.41272e-07,NA,NA,NA,NA,NA,NA,NA,NA,NA,NA,1
LOC111099079,NA,NA,NA,NA,NA,NA,NA,NA,NA,NA,179.31533105,-2.4667988921,0.17414566,1.012478e-46,5.866901e-45,NA,NA,NA,NA,NA,NA,NA,NA,NA,NA,1
LOC111099093,NA,NA,NA,NA,NA,NA,NA,NA,NA,NA,376.2234291,1.2260096415,0.26638726,1.663746e-06,5.577036e-06,NA,NA,NA,NA,NA,NA,NA,NA,NA,NA,1
LOC111099102,NA,NA,NA,NA,NA,NA,NA,NA,NA,NA,80.79760019,-1.9233578966,0.23470277,3.451746e-17,3.373083e-16,NA,NA,NA,NA,NA,NA,NA,NA,NA,NA,1
LOC111099104,NA,NA,NA,NA,NA,NA,NA,NA,NA,NA,126.44180008,-1.3972395146,0.33617972,9.889712e-06,2.994005e-05,NA,NA,NA,NA,NA,NA,NA,NA,NA,NA,1
LOC111099130,NA,NA,NA,NA,NA,NA,NA,NA,NA,NA,39.8941579,3.6179864553,0.308069,1.737897e-33,5.160735e-32,NA,NA,NA,NA,NA,NA,NA,NA,NA,NA,1
LOC111099140,NA,NA,NA,NA,NA,NA,NA,NA,NA,NA,70.65760122,-1.7084323507,0.30169414,2.826411e-09,1.299834e-08,NA,NA,NA,NA,NA,NA,NA,NA,NA,NA,1
LOC111099145,NA,NA,NA,NA,NA,NA,NA,NA,NA,NA,108.64809685,2.2251689728,0.23000507,3.47012e-23,5.406932e-22,NA,NA,NA,NA,NA,NA,NA,NA,NA,NA,1
LOC111099155,NA,NA,NA,NA,NA,NA,NA,NA,NA,NA,109.05399569,-2.6783226706,0.26141318,6.4654e-26,1.201197e-24,NA,NA,NA,NA,NA,NA,NA,NA,NA,NA,1
LOC111099165,NA,NA,NA,NA,NA,NA,NA,NA,NA,NA,181.91042089,-2.9069083293,0.40067139,1.56735e-14,1.204444e-13,NA,NA,NA,NA,NA,NA,NA,NA,NA,NA,1
LOC111099172,NA,NA,NA,NA,NA,NA,NA,NA,NA,NA,225.77736013,-1.7548726265,0.4348789,9.384576e-06,2.854786e-05,NA,NA,NA,NA,NA,NA,NA,NA,NA,NA,1
LOC111099182,NA,NA,NA,NA,NA,NA,NA,NA,NA,NA,220.80444919,-1.5660373848,0.30635044,7.560288e-08,3.002826e-07,NA,NA,NA,NA,NA,NA,NA,NA,NA,NA,1
LOC111099186,NA,NA,NA,NA,NA,NA,NA,NA,NA,NA,52.37582997,2.6405670371,0.2834324,6.485126e-22,9.220232e-21,NA,NA,NA,NA,NA,NA,NA,NA,NA,NA,1
LOC111099191,NA,NA,NA,NA,NA,NA,NA,NA,NA,NA,65.87153732,-1.1090433562,0.23735589,1.398268e-06,4.731514e-06,NA,NA,NA,NA,NA,NA,NA,NA,NA,NA,1
LOC111099194,NA,NA,NA,NA,NA,NA,NA,NA,NA,NA,831.01732409,2.0077088206,0.32655678,9.368748e-11,5.090369e-10,NA,NA,NA,NA,NA,NA,NA,NA,NA,NA,1
LOC111099203,NA,NA,NA,NA,NA,NA,NA,NA,NA,NA,86.35338843,-2.1644196293,0.35262102,7.923847e-11,4.342722e-10,NA,NA,NA,NA,NA,NA,NA,NA,NA,NA,1
LOC111099206,NA,NA,NA,NA,NA,NA,NA,NA,NA,NA,155.57999923,1.6923271396,0.32515095,3.766014e-08,1.540316e-07,NA,NA,NA,NA,NA,NA,NA,NA,NA,NA,1
LOC111099207,NA,NA,NA,NA,NA,NA,NA,NA,NA,NA,161.00523446,-1.5825112795,0.43925453,7.083221e-05,0.0001897829,NA,NA,NA,NA,NA,NA,NA,NA,NA,NA,1
LOC111099222,NA,NA,NA,NA,NA,NA,NA,NA,NA,NA,54.49418704,-1.1452404547,0.29148174,3.778093e-05,0.000105362,NA,NA,NA,NA,NA,NA,NA,NA,NA,NA,1
LOC111099246,NA,NA,NA,NA,NA,NA,NA,NA,NA,NA,589.01509015,7.544235964,0.37237473,6.640792e-94,1.873402e-91,NA,NA,NA,NA,NA,NA,NA,NA,NA,NA,1
LOC111099327,NA,NA,NA,NA,NA,NA,NA,NA,NA,NA,191.80025225,2.1959981776,0.34079813,1.061819e-11,6.299225e-11,NA,NA,NA,NA,NA,NA,NA,NA,NA,NA,1
LOC111099427,NA,NA,NA,NA,NA,NA,NA,NA,NA,NA,123.47008331,-1.7245082386,0.17889377,1.021974e-22,1.546129e-21,NA,NA,NA,NA,NA,NA,NA,NA,NA,NA,1
LOC111099458,NA,NA,NA,NA,NA,NA,NA,NA,NA,NA,318.62305606,-3.0516877441,0.3055344,6.16559e-25,1.079986e-23,NA,NA,NA,NA,NA,NA,NA,NA,NA,NA,1
LOC111099476,NA,NA,NA,NA,NA,NA,NA,NA,NA,NA,95.28405554,-2.4248501782,0.24365035,1.715264e-24,2.904838e-23,NA,NA,NA,NA,NA,NA,NA,NA,NA,NA,1
LOC111099477,NA,NA,NA,NA,NA,NA,NA,NA,NA,NA,301.59943812,-3.3462159011,0.63183847,2.649914e-09,1.222336e-08,NA,NA,NA,NA,NA,NA,NA,NA,NA,NA,1
LOC111099503,NA,NA,NA,NA,NA,NA,NA,NA,NA,NA,120.6191764,1.7073730036,0.33670542,7.484582e-08,2.976065e-07,NA,NA,NA,NA,NA,NA,NA,NA,NA,NA,1
LOC111099506,NA,NA,NA,NA,NA,NA,NA,NA,NA,NA,131.66050736,1.9695609255,0.52096239,1.896456e-05,5.516963e-05,NA,NA,NA,NA,NA,NA,NA,NA,NA,NA,1
LOC111099556,NA,NA,NA,NA,NA,NA,NA,NA,NA,NA,93.40599702,3.021393845,0.19351179,2.268539e-56,2.114673e-54,NA,NA,NA,NA,NA,NA,NA,NA,NA,NA,1
LOC111099580,NA,NA,NA,NA,NA,NA,NA,NA,NA,NA,221.81595129,-2.1547610465,0.2523137,1.317504e-18,1.429518e-17,NA,NA,NA,NA,NA,NA,NA,NA,NA,NA,1
LOC111099585,NA,NA,NA,NA,NA,NA,NA,NA,NA,NA,1284.40566746,2.5614002531,0.42050684,6.25999e-11,3.468067e-10,NA,NA,NA,NA,NA,NA,NA,NA,NA,NA,1
LOC111099589,NA,NA,NA,NA,NA,NA,NA,NA,NA,NA,103.92807388,2.2670276219,0.43554078,1.563668e-08,6.654436e-08,NA,NA,NA,NA,NA,NA,NA,NA,NA,NA,1
LOC111099592,NA,NA,NA,NA,NA,NA,NA,NA,NA,NA,2067.40926958,-4.9642345845,0.42202608,5.705912e-34,1.747639e-32,NA,NA,NA,NA,NA,NA,NA,NA,NA,NA,1
LOC111099603,NA,NA,NA,NA,NA,NA,NA,NA,NA,NA,364.00714289,-1.0524426349,0.3140205,0.0003997196,0.0009496883,NA,NA,NA,NA,NA,NA,NA,NA,NA,NA,1
LOC111099604,NA,NA,NA,NA,NA,NA,NA,NA,NA,NA,114.7940895,-2.1642762146,0.21361325,3.895991e-25,6.91474e-24,NA,NA,NA,NA,NA,NA,NA,NA,NA,NA,1
LOC111099610,NA,NA,NA,NA,NA,NA,NA,NA,NA,NA,1344.65293203,1.2236313357,0.11139038,1.842719e-28,4.01503e-27,NA,NA,NA,NA,NA,NA,NA,NA,NA,NA,1
LOC111099614,NA,NA,NA,NA,NA,NA,NA,NA,NA,NA,51.86786101,2.7835954958,0.41147098,5.856845e-13,3.953739e-12,NA,NA,NA,NA,NA,NA,NA,NA,NA,NA,1
LOC111099617,NA,NA,NA,NA,NA,NA,NA,NA,NA,NA,296.23552397,1.4334983554,0.18065536,6.250144e-16,5.425226e-15,NA,NA,NA,NA,NA,NA,NA,NA,NA,NA,1
LOC111099631,NA,NA,NA,NA,NA,NA,NA,NA,NA,NA,546.35874654,-3.8789938489,0.29405298,1.90985e-41,8.749399e-40,NA,NA,NA,NA,NA,NA,NA,NA,NA,NA,1
LOC111099639,NA,NA,NA,NA,NA,NA,NA,NA,NA,NA,45.01338872,1.8671212158,0.35842918,2.785282e-08,1.152827e-07,NA,NA,NA,NA,NA,NA,NA,NA,NA,NA,1
LOC111099664,NA,NA,NA,NA,NA,NA,NA,NA,NA,NA,61.35922356,1.5467917031,0.28080068,8.880048e-09,3.896607e-08,NA,NA,NA,NA,NA,NA,NA,NA,NA,NA,1
LOC111099665,NA,NA,NA,NA,NA,NA,NA,NA,NA,NA,112.90867763,4.8306752937,0.33436517,2.821848e-49,1.9643e-47,NA,NA,NA,NA,NA,NA,NA,NA,NA,NA,1
LOC111099685,NA,NA,NA,NA,NA,NA,NA,NA,NA,NA,61.96092562,-1.0134211387,0.27038972,9.395094e-05,0.0002477014,NA,NA,NA,NA,NA,NA,NA,NA,NA,NA,1
LOC111099690,NA,NA,NA,NA,NA,NA,NA,NA,NA,NA,314.81748455,2.0494533604,0.23474187,2.891771e-19,3.297849e-18,NA,NA,NA,NA,NA,NA,NA,NA,NA,NA,1
LOC111099735,NA,NA,NA,NA,NA,NA,NA,NA,NA,NA,92.96671848,-1.4113020875,0.2788506,1.260878e-07,4.874364e-07,NA,NA,NA,NA,NA,NA,NA,NA,NA,NA,1
LOC111099737,NA,NA,NA,NA,NA,NA,NA,NA,NA,NA,118.70201521,1.2967527377,0.27148175,6.40883e-07,2.265172e-06,NA,NA,NA,NA,NA,NA,NA,NA,NA,NA,1
LOC111099739,NA,NA,NA,NA,NA,NA,NA,NA,NA,NA,51.46613842,2.505852871,0.34406748,2.001853e-14,1.526306e-13,NA,NA,NA,NA,NA,NA,NA,NA,NA,NA,1
LOC111099746,NA,NA,NA,NA,NA,NA,NA,NA,NA,NA,141.20978858,-2.5589153166,0.21118963,5.185208e-35,1.684407e-33,NA,NA,NA,NA,NA,NA,NA,NA,NA,NA,1
LOC111099771,NA,NA,NA,NA,NA,NA,NA,NA,NA,NA,170.22188598,1.1634037313,0.28175707,1.577278e-05,4.632444e-05,NA,NA,NA,NA,NA,NA,NA,NA,NA,NA,1
LOC111099776,NA,NA,NA,NA,NA,NA,NA,NA,NA,NA,595.13617483,3.5538224038,0.27791447,4.693599e-39,1.863533e-37,NA,NA,NA,NA,NA,NA,NA,NA,NA,NA,1
LOC111099792,NA,NA,NA,NA,NA,NA,NA,NA,NA,NA,182.35802617,2.1239693952,0.37937036,2.156427e-09,1.007711e-08,NA,NA,NA,NA,NA,NA,NA,NA,NA,NA,1
LOC111099796,NA,NA,NA,NA,NA,NA,NA,NA,NA,NA,90.40438265,2.1045333514,0.35663571,3.725696e-10,1.898263e-09,NA,NA,NA,NA,NA,NA,NA,NA,NA,NA,1
LOC111099802,NA,NA,NA,NA,NA,NA,NA,NA,NA,NA,33.4118063,2.5685527554,0.53514222,8.389509e-08,3.311323e-07,NA,NA,NA,NA,NA,NA,NA,NA,NA,NA,1
LOC111099826,NA,NA,NA,NA,NA,NA,NA,NA,NA,NA,50.35665218,1.2568348631,0.59215532,0.01176999,0.0209071,NA,NA,NA,NA,NA,NA,NA,NA,NA,NA,1
LOC111099831,NA,NA,NA,NA,NA,NA,NA,NA,NA,NA,64.22649203,-1.0789264556,0.34599803,0.0008680251,0.001943854,NA,NA,NA,NA,NA,NA,NA,NA,NA,NA,1
LOC111099846,NA,NA,NA,NA,NA,NA,NA,NA,NA,NA,152.38262107,-1.1682670844,0.20133748,2.851941e-09,1.31045e-08,NA,NA,NA,NA,NA,NA,NA,NA,NA,NA,1
LOC111099873,NA,NA,NA,NA,NA,NA,NA,NA,NA,NA,72.6356303,1.6882542356,0.3102172,1.029586e-08,4.488476e-08,NA,NA,NA,NA,NA,NA,NA,NA,NA,NA,1
LOC111099886,NA,NA,NA,NA,NA,NA,NA,NA,NA,NA,65.577102,2.093495933,0.49212054,2.131284e-06,7.038621e-06,NA,NA,NA,NA,NA,NA,NA,NA,NA,NA,1
LOC111099887,NA,NA,NA,NA,NA,NA,NA,NA,NA,NA,100.43688115,-1.1318827797,0.1855872,4.910282e-10,2.46896e-09,NA,NA,NA,NA,NA,NA,NA,NA,NA,NA,1
LOC111099973,NA,NA,NA,NA,NA,NA,NA,NA,NA,NA,253.58309503,-3.9057573485,0.39817717,1.846187e-24,3.116712e-23,NA,NA,NA,NA,NA,NA,NA,NA,NA,NA,1
LOC111099975,NA,NA,NA,NA,NA,NA,NA,NA,NA,NA,29.98466251,-1.0769557033,0.3214227,0.000388096,0.000924531,NA,NA,NA,NA,NA,NA,NA,NA,NA,NA,1
LOC111100011,NA,NA,NA,NA,NA,NA,NA,NA,NA,NA,165.70857838,-1.2843328537,0.36711734,0.0001678485,0.0004239716,NA,NA,NA,NA,NA,NA,NA,NA,NA,NA,1
LOC111100040,NA,NA,NA,NA,NA,NA,NA,NA,NA,NA,345.33648082,-2.4724279354,0.35091296,1.174675e-13,8.406222e-13,NA,NA,NA,NA,NA,NA,NA,NA,NA,NA,1
LOC111100042,NA,NA,NA,NA,NA,NA,NA,NA,NA,NA,62.43808757,-1.090851173,0.25738936,1.080404e-05,3.248787e-05,NA,NA,NA,NA,NA,NA,NA,NA,NA,NA,1
LOC111100064,NA,NA,NA,NA,NA,NA,NA,NA,NA,NA,54.23259896,-1.0999050782,0.27509402,3.011717e-05,8.534391e-05,NA,NA,NA,NA,NA,NA,NA,NA,NA,NA,1
LOC111100079,NA,NA,NA,NA,NA,NA,NA,NA,NA,NA,61.42241305,-1.2335739249,0.3474694,0.0001491183,0.0003806066,NA,NA,NA,NA,NA,NA,NA,NA,NA,NA,1
LOC111100085,NA,NA,NA,NA,NA,NA,NA,NA,NA,NA,2565.97318147,2.6634224567,0.28336531,2.889881e-22,4.214901e-21,NA,NA,NA,NA,NA,NA,NA,NA,NA,NA,1
LOC111100089,NA,NA,NA,NA,NA,NA,NA,NA,NA,NA,127.55813922,-1.1347442573,0.16223214,1.222882e-12,7.978877e-12,NA,NA,NA,NA,NA,NA,NA,NA,NA,NA,1
LOC111100090,NA,NA,NA,NA,NA,NA,NA,NA,NA,NA,111.46040908,-1.9936321029,0.30012289,3.77512e-12,2.333869e-11,NA,NA,NA,NA,NA,NA,NA,NA,NA,NA,1
LOC111100092,NA,NA,NA,NA,NA,NA,NA,NA,NA,NA,938.2088723,1.323003433,0.27982293,7.829288e-07,2.735657e-06,NA,NA,NA,NA,NA,NA,NA,NA,NA,NA,1
LOC111100100,NA,NA,NA,NA,NA,NA,NA,NA,NA,NA,79.81719327,-1.0810757418,0.2512144,8.175418e-06,2.511189e-05,NA,NA,NA,NA,NA,NA,NA,NA,NA,NA,1
LOC111100135,NA,NA,NA,NA,NA,NA,NA,NA,NA,NA,237.5866232,-2.5670374267,0.23932628,4.542234e-28,9.642128e-27,NA,NA,NA,NA,NA,NA,NA,NA,NA,NA,1
LOC111100144,NA,NA,NA,NA,NA,NA,NA,NA,NA,NA,140.58480031,-1.1417749144,0.24033966,9.115241e-07,3.157201e-06,NA,NA,NA,NA,NA,NA,NA,NA,NA,NA,1
LOC111100176,NA,NA,NA,NA,NA,NA,NA,NA,NA,NA,60.19956492,-1.0111201523,0.32772613,0.001060951,0.002333963,NA,NA,NA,NA,NA,NA,NA,NA,NA,NA,1
LOC111100178,NA,NA,NA,NA,NA,NA,NA,NA,NA,NA,298.37016398,6.4526145419,0.39873266,2.939333e-61,3.316806e-59,NA,NA,NA,NA,NA,NA,NA,NA,NA,NA,1
LOC111100191,NA,NA,NA,NA,NA,NA,NA,NA,NA,NA,39.05640135,1.038582104,0.34100239,0.001167134,0.002547165,NA,NA,NA,NA,NA,NA,NA,NA,NA,NA,1
LOC111100196,NA,NA,NA,NA,NA,NA,NA,NA,NA,NA,184.60598193,1.2421976953,0.35200392,0.0001594861,0.0004045648,NA,NA,NA,NA,NA,NA,NA,NA,NA,NA,1
LOC111100224,NA,NA,NA,NA,NA,NA,NA,NA,NA,NA,64.21542543,-1.1539859377,0.3168062,0.00011752,0.000305706,NA,NA,NA,NA,NA,NA,NA,NA,NA,NA,1
LOC111100230,NA,NA,NA,NA,NA,NA,NA,NA,NA,NA,1980.9053695,1.3667196087,0.26126192,5.466541e-08,2.196451e-07,NA,NA,NA,NA,NA,NA,NA,NA,NA,NA,1
LOC111100239,NA,NA,NA,NA,NA,NA,NA,NA,NA,NA,172.7004865,-1.5369140559,0.403743,3.427455e-05,9.620928e-05,NA,NA,NA,NA,NA,NA,NA,NA,NA,NA,1
LOC111100241,NA,NA,NA,NA,NA,NA,NA,NA,NA,NA,387.41022197,-3.5740814202,0.33813017,9.54501e-28,1.99071e-26,NA,NA,NA,NA,NA,NA,NA,NA,NA,NA,1
LOC111100265,NA,NA,NA,NA,NA,NA,NA,NA,NA,NA,38.51380844,1.5540018867,0.31695025,2.275841e-07,8.557353e-07,NA,NA,NA,NA,NA,NA,NA,NA,NA,NA,1
LOC111100287,NA,NA,NA,NA,NA,NA,NA,NA,NA,NA,443.76069951,1.2589719407,0.35495874,0.0001454346,0.0003718242,NA,NA,NA,NA,NA,NA,NA,NA,NA,NA,1
LOC111100306,NA,NA,NA,NA,NA,NA,NA,NA,NA,NA,119.50517568,1.7670342921,0.26674388,6.06886e-12,3.683929e-11,NA,NA,NA,NA,NA,NA,NA,NA,NA,NA,1
LOC111100311,NA,NA,NA,NA,NA,NA,NA,NA,NA,NA,408.70887164,-1.4037976236,0.14228909,1.827686e-23,2.911262e-22,NA,NA,NA,NA,NA,NA,NA,NA,NA,NA,1
LOC111100347,NA,NA,NA,NA,NA,NA,NA,NA,NA,NA,467.03504016,-1.8475938754,0.34375024,1.163167e-08,5.027554e-08,NA,NA,NA,NA,NA,NA,NA,NA,NA,NA,1
LOC111100359,NA,NA,NA,NA,NA,NA,NA,NA,NA,NA,196.31901748,-1.1105098925,0.23406135,9.807702e-07,3.38938e-06,NA,NA,NA,NA,NA,NA,NA,NA,NA,NA,1
LOC111100363,NA,NA,NA,NA,NA,NA,NA,NA,NA,NA,574.22747281,-2.3835090988,0.28306606,2.716218e-18,2.877259e-17,NA,NA,NA,NA,NA,NA,NA,NA,NA,NA,1
LOC111100381,NA,NA,NA,NA,NA,NA,NA,NA,NA,NA,91.51850399,-2.2439438074,0.3192687,1.792008e-13,1.263006e-12,NA,NA,NA,NA,NA,NA,NA,NA,NA,NA,1
LOC111100383,NA,NA,NA,NA,NA,NA,NA,NA,NA,NA,393.5648812,-1.565451166,0.27244357,2.181235e-09,1.017973e-08,NA,NA,NA,NA,NA,NA,NA,NA,NA,NA,1
LOC111100392,NA,NA,NA,NA,NA,NA,NA,NA,NA,NA,192.45404915,1.7694517976,0.27664603,2.761192e-11,1.579838e-10,NA,NA,NA,NA,NA,NA,NA,NA,NA,NA,1
LOC111100402,NA,NA,NA,NA,NA,NA,NA,NA,NA,NA,306.13244712,-1.5984142823,0.58325871,0.001295177,0.002804342,NA,NA,NA,NA,NA,NA,NA,NA,NA,NA,1
LOC111100403,NA,NA,NA,NA,NA,NA,NA,NA,NA,NA,759.84400593,-2.9081456711,0.37761209,5.311824e-16,4.650515e-15,NA,NA,NA,NA,NA,NA,NA,NA,NA,NA,1
LOC111100407,NA,NA,NA,NA,NA,NA,NA,NA,NA,NA,171.03903758,2.1259139586,0.34203255,5.134924e-11,2.874485e-10,NA,NA,NA,NA,NA,NA,NA,NA,NA,NA,1
LOC111100408,NA,NA,NA,NA,NA,NA,NA,NA,NA,NA,393.80757931,-1.0372402027,0.19454835,5.056348e-08,2.03928e-07,NA,NA,NA,NA,NA,NA,NA,NA,NA,NA,1
LOC111100417,NA,NA,NA,NA,NA,NA,NA,NA,NA,NA,155.50374818,-2.0966252036,0.27803259,4.945659e-15,3.977304e-14,NA,NA,NA,NA,NA,NA,NA,NA,NA,NA,1
LOC111100419,NA,NA,NA,NA,NA,NA,NA,NA,NA,NA,130.65784462,-1.5668053061,0.28608323,1.029368e-08,4.488476e-08,NA,NA,NA,NA,NA,NA,NA,NA,NA,NA,1
LOC111100425,NA,NA,NA,NA,NA,NA,NA,NA,NA,NA,167.05526728,-1.8370756511,0.36720745,8.674491e-08,3.416258e-07,NA,NA,NA,NA,NA,NA,NA,NA,NA,NA,1
LOC111100426,NA,NA,NA,NA,NA,NA,NA,NA,NA,NA,451.02253217,-4.6759884889,0.36224836,4.703255e-40,2.041251e-38,NA,NA,NA,NA,NA,NA,NA,NA,NA,NA,1
LOC111100430,NA,NA,NA,NA,NA,NA,NA,NA,NA,NA,238.39425284,-1.7066984202,0.17543502,4.420874e-23,6.858432e-22,NA,NA,NA,NA,NA,NA,NA,NA,NA,NA,1
LOC111100446,NA,NA,NA,NA,NA,NA,NA,NA,NA,NA,57.35565366,1.2221028208,0.25713719,8.05138e-07,2.805942e-06,NA,NA,NA,NA,NA,NA,NA,NA,NA,NA,1
LOC111100450,NA,NA,NA,NA,NA,NA,NA,NA,NA,NA,80.59333618,1.4633348715,0.42132547,0.0001395694,0.0003584532,NA,NA,NA,NA,NA,NA,NA,NA,NA,NA,1
LOC111100451,NA,NA,NA,NA,NA,NA,NA,NA,NA,NA,169.48867477,-2.1772865181,0.26818609,4.476321e-17,4.323077e-16,NA,NA,NA,NA,NA,NA,NA,NA,NA,NA,1
LOC111100465,NA,NA,NA,NA,NA,NA,NA,NA,NA,NA,130.40532257,-1.9887777916,0.2818112,2.105443e-13,1.47326e-12,NA,NA,NA,NA,NA,NA,NA,NA,NA,NA,1
LOC111100466,NA,NA,NA,NA,NA,NA,NA,NA,NA,NA,80.7375088,-1.7561840984,0.26367053,4.834628e-12,2.954801e-11,NA,NA,NA,NA,NA,NA,NA,NA,NA,NA,1
LOC111100470,NA,NA,NA,NA,NA,NA,NA,NA,NA,NA,42.55610612,1.4378976683,0.5646692,0.002947214,0.005961156,NA,NA,NA,NA,NA,NA,NA,NA,NA,NA,1
LOC111100478,NA,NA,NA,NA,NA,NA,NA,NA,NA,NA,82.02043703,-1.2196930086,0.2309742,5.206344e-08,2.098196e-07,NA,NA,NA,NA,NA,NA,NA,NA,NA,NA,1
LOC111100516,NA,NA,NA,NA,NA,NA,NA,NA,NA,NA,2404.32281617,2.3471790326,0.33226203,1.206638e-13,8.623438e-13,NA,NA,NA,NA,NA,NA,NA,NA,NA,NA,1
LOC111100528,NA,NA,NA,NA,NA,NA,NA,NA,NA,NA,45.59573898,1.256070537,0.4042993,0.000699793,0.001594766,NA,NA,NA,NA,NA,NA,NA,NA,NA,NA,1
LOC111100539,NA,NA,NA,NA,NA,NA,NA,NA,NA,NA,165.16005971,1.0180564034,0.26245327,5.506256e-05,0.000149891,NA,NA,NA,NA,NA,NA,NA,NA,NA,NA,1
LOC111100546,NA,NA,NA,NA,NA,NA,NA,NA,NA,NA,79.47390741,1.1903493286,0.41779382,0.001771095,0.00373302,NA,NA,NA,NA,NA,NA,NA,NA,NA,NA,1
LOC111100547,NA,NA,NA,NA,NA,NA,NA,NA,NA,NA,102.45312467,-1.7139034823,0.25549905,3.738253e-12,2.313063e-11,NA,NA,NA,NA,NA,NA,NA,NA,NA,NA,1
LOC111100548,NA,NA,NA,NA,NA,NA,NA,NA,NA,NA,466.93889264,-5.0223212623,0.25274928,7.376046e-90,1.797073e-87,NA,NA,NA,NA,NA,NA,NA,NA,NA,NA,1
LOC111100549,NA,NA,NA,NA,NA,NA,NA,NA,NA,NA,282.46545164,-1.8416239426,0.36933903,9.381639e-08,3.682577e-07,NA,NA,NA,NA,NA,NA,NA,NA,NA,NA,1
LOC111100556,NA,NA,NA,NA,NA,NA,NA,NA,NA,NA,117.76869613,-2.3959758818,0.32287895,8.212024e-15,6.454025e-14,NA,NA,NA,NA,NA,NA,NA,NA,NA,NA,1
LOC111100564,NA,NA,NA,NA,NA,NA,NA,NA,NA,NA,77.8205907,1.4939705981,0.39683679,4.341984e-05,0.0001200879,NA,NA,NA,NA,NA,NA,NA,NA,NA,NA,1
LOC111100569,NA,NA,NA,NA,NA,NA,NA,NA,NA,NA,110.2439364,-2.6536087057,0.27105275,6.632803e-24,1.085552e-22,NA,NA,NA,NA,NA,NA,NA,NA,NA,NA,1
LOC111100570,NA,NA,NA,NA,NA,NA,NA,NA,NA,NA,283.60065825,-2.8163639841,0.34257567,8.85004e-18,9.03591e-17,NA,NA,NA,NA,NA,NA,NA,NA,NA,NA,1
LOC111100580,NA,NA,NA,NA,NA,NA,NA,NA,NA,NA,341.73961598,-1.2494087954,0.14705246,7.677671e-18,7.883586e-17,NA,NA,NA,NA,NA,NA,NA,NA,NA,NA,1
LOC111100581,NA,NA,NA,NA,NA,NA,NA,NA,NA,NA,185.96808731,-2.9800177158,0.26713352,2.616109e-30,6.388312e-29,NA,NA,NA,NA,NA,NA,NA,NA,NA,NA,1
LOC111100583,NA,NA,NA,NA,NA,NA,NA,NA,NA,NA,460.26730604,-3.0274995326,0.25758474,2.537293e-33,7.513751e-32,NA,NA,NA,NA,NA,NA,NA,NA,NA,NA,1
LOC111100585,NA,NA,NA,NA,NA,NA,NA,NA,NA,NA,226.60428436,-1.1474924545,0.2463395,1.421725e-06,4.806336e-06,NA,NA,NA,NA,NA,NA,NA,NA,NA,NA,1
LOC111100587,NA,NA,NA,NA,NA,NA,NA,NA,NA,NA,290.73764776,-1.3465287032,0.13618204,1.603062e-23,2.568733e-22,NA,NA,NA,NA,NA,NA,NA,NA,NA,NA,1
LOC111100589,NA,NA,NA,NA,NA,NA,NA,NA,NA,NA,927.48404004,1.0428482398,0.20240399,1.324765e-07,5.113965e-07,NA,NA,NA,NA,NA,NA,NA,NA,NA,NA,1
LOC111100592,NA,NA,NA,NA,NA,NA,NA,NA,NA,NA,191.40241326,-2.356400065,0.22200983,1.948099e-27,4.000694e-26,NA,NA,NA,NA,NA,NA,NA,NA,NA,NA,1
LOC111100599,NA,NA,NA,NA,NA,NA,NA,NA,NA,NA,68.53656021,-1.1999839092,0.21970265,1.962906e-08,8.271363e-08,NA,NA,NA,NA,NA,NA,NA,NA,NA,NA,1
LOC111100608,NA,NA,NA,NA,NA,NA,NA,NA,NA,NA,110.97796703,-1.3828531383,0.23512933,1.295796e-09,6.18199e-09,NA,NA,NA,NA,NA,NA,NA,NA,NA,NA,1
LOC111100625,NA,NA,NA,NA,NA,NA,NA,NA,NA,NA,464.53790285,1.2097324219,0.09724325,6.592637e-36,2.250735e-34,NA,NA,NA,NA,NA,NA,NA,NA,NA,NA,1
LOC111100628,NA,NA,NA,NA,NA,NA,NA,NA,NA,NA,39.59477037,2.7134979593,0.44527802,5.128804e-11,2.872559e-10,NA,NA,NA,NA,NA,NA,NA,NA,NA,NA,1
LOC111100632,NA,NA,NA,NA,NA,NA,NA,NA,NA,NA,201.55956239,-1.0825636055,0.20602814,7.262429e-08,2.889875e-07,NA,NA,NA,NA,NA,NA,NA,NA,NA,NA,1
LOC111100637,NA,NA,NA,NA,NA,NA,NA,NA,NA,NA,424.36452534,1.1294619774,0.18400157,3.848195e-10,1.956957e-09,NA,NA,NA,NA,NA,NA,NA,NA,NA,NA,1
LOC111100638,NA,NA,NA,NA,NA,NA,NA,NA,NA,NA,663.80384811,1.0283924292,0.39809261,0.00490723,0.009480178,NA,NA,NA,NA,NA,NA,NA,NA,NA,NA,1
LOC111100640,NA,NA,NA,NA,NA,NA,NA,NA,NA,NA,59.76895276,-1.2714136442,0.45486828,0.001852473,0.003888488,NA,NA,NA,NA,NA,NA,NA,NA,NA,NA,1
LOC111100668,NA,NA,NA,NA,NA,NA,NA,NA,NA,NA,1142.91758688,1.2916153233,0.24459007,4.682041e-08,1.897598e-07,NA,NA,NA,NA,NA,NA,NA,NA,NA,NA,1
LOC111100671,NA,NA,NA,NA,NA,NA,NA,NA,NA,NA,95.92840231,-1.2741222113,0.29330522,5.174585e-06,1.637295e-05,NA,NA,NA,NA,NA,NA,NA,NA,NA,NA,1
LOC111100691,NA,NA,NA,NA,NA,NA,NA,NA,NA,NA,210.30335739,-1.2863674567,0.3437379,6.555813e-05,0.00017649,NA,NA,NA,NA,NA,NA,NA,NA,NA,NA,1
LOC111100693,NA,NA,NA,NA,NA,NA,NA,NA,NA,NA,109.21176615,-1.7564867252,0.2417584,6.605338e-14,4.830097e-13,NA,NA,NA,NA,NA,NA,NA,NA,NA,NA,1
LOC111100714,NA,NA,NA,NA,NA,NA,NA,NA,NA,NA,284.35636518,-1.5010197188,0.32149668,7.922824e-07,2.765636e-06,NA,NA,NA,NA,NA,NA,NA,NA,NA,NA,1
LOC111100718,NA,NA,NA,NA,NA,NA,NA,NA,NA,NA,45.94716098,2.5790370747,0.4699373,2.179326e-09,1.017525e-08,NA,NA,NA,NA,NA,NA,NA,NA,NA,NA,1
LOC111100721,NA,NA,NA,NA,NA,NA,NA,NA,NA,NA,32.04262249,2.8054405376,0.37027334,1.553568e-15,1.299083e-14,NA,NA,NA,NA,NA,NA,NA,NA,NA,NA,1
LOC111100723,NA,NA,NA,NA,NA,NA,NA,NA,NA,NA,182.35939965,-2.2727029067,0.21084603,3.657007e-28,7.856336e-27,NA,NA,NA,NA,NA,NA,NA,NA,NA,NA,1
LOC111100726,NA,NA,NA,NA,NA,NA,NA,NA,NA,NA,189.14113524,4.6347882572,0.28519374,2.72913e-61,3.112369e-59,NA,NA,NA,NA,NA,NA,NA,NA,NA,NA,1
LOC111100729,NA,NA,NA,NA,NA,NA,NA,NA,NA,NA,901.3459279,-5.6873912964,0.29922714,1.024049e-82,1.960322e-80,NA,NA,NA,NA,NA,NA,NA,NA,NA,NA,1
LOC111100730,NA,NA,NA,NA,NA,NA,NA,NA,NA,NA,36.66213684,1.2298232882,0.34081855,0.0001201314,0.0003117426,NA,NA,NA,NA,NA,NA,NA,NA,NA,NA,1
LOC111100732,NA,NA,NA,NA,NA,NA,NA,NA,NA,NA,19.76411721,2.2256934708,0.31290744,9.998896e-14,7.198668e-13,NA,NA,NA,NA,NA,NA,NA,NA,NA,NA,1
LOC111100756,NA,NA,NA,NA,NA,NA,NA,NA,NA,NA,1765.75207696,1.6873574702,0.24905435,2.459698e-12,1.551969e-11,NA,NA,NA,NA,NA,NA,NA,NA,NA,NA,1
LOC111100784,NA,NA,NA,NA,NA,NA,NA,NA,NA,NA,96.10218173,-2.802909904,0.42184253,1.30398e-12,8.487348e-12,NA,NA,NA,NA,NA,NA,NA,NA,NA,NA,1
LOC111100786,NA,NA,NA,NA,NA,NA,NA,NA,NA,NA,212.76999341,-3.146074924,0.29432779,3.806339e-28,8.16079e-27,NA,NA,NA,NA,NA,NA,NA,NA,NA,NA,1
LOC111100789,NA,NA,NA,NA,NA,NA,NA,NA,NA,NA,69.03795551,1.9790882553,0.30417349,9.632148e-12,5.739668e-11,NA,NA,NA,NA,NA,NA,NA,NA,NA,NA,1
LOC111100794,NA,NA,NA,NA,NA,NA,NA,NA,NA,NA,491.53489062,1.3659033775,0.11742659,9.394139e-32,2.56901e-30,NA,NA,NA,NA,NA,NA,NA,NA,NA,NA,1
LOC111100796,NA,NA,NA,NA,NA,NA,NA,NA,NA,NA,65.15233771,-1.1089186672,0.22304769,3.127804e-07,1.155014e-06,NA,NA,NA,NA,NA,NA,NA,NA,NA,NA,1
LOC111100805,NA,NA,NA,NA,NA,NA,NA,NA,NA,NA,215.13429463,-1.4281444924,0.22994154,1.56609e-10,8.344179e-10,NA,NA,NA,NA,NA,NA,NA,NA,NA,NA,1
LOC111100813,NA,NA,NA,NA,NA,NA,NA,NA,NA,NA,83.70400779,1.81792368,0.26146526,5.765136e-13,3.896738e-12,NA,NA,NA,NA,NA,NA,NA,NA,NA,NA,1
LOC111100852,NA,NA,NA,NA,NA,NA,NA,NA,NA,NA,137.3352289,-1.2768636399,0.18266663,1.030999e-12,6.793058e-12,NA,NA,NA,NA,NA,NA,NA,NA,NA,NA,1
LOC111100853,NA,NA,NA,NA,NA,NA,NA,NA,NA,NA,49.42605467,2.4634012365,0.56432869,7.561632e-07,2.647312e-06,NA,NA,NA,NA,NA,NA,NA,NA,NA,NA,1
LOC111100854,NA,NA,NA,NA,NA,NA,NA,NA,NA,NA,93.43710467,-2.447935212,0.27329917,2.23952e-20,2.821111e-19,NA,NA,NA,NA,NA,NA,NA,NA,NA,NA,1
LOC111100855,NA,NA,NA,NA,NA,NA,NA,NA,NA,NA,85.806405,1.0210517976,0.41816099,0.007352823,0.01364888,NA,NA,NA,NA,NA,NA,NA,NA,NA,NA,1
LOC111100861,NA,NA,NA,NA,NA,NA,NA,NA,NA,NA,66.81667114,-1.214458059,0.2439387,2.604345e-07,9.707434e-07,NA,NA,NA,NA,NA,NA,NA,NA,NA,NA,1
LOC111100865,NA,NA,NA,NA,NA,NA,NA,NA,NA,NA,110.20222192,1.0803664485,0.39470462,0.002914597,0.005898524,NA,NA,NA,NA,NA,NA,NA,NA,NA,NA,1
LOC111100870,NA,NA,NA,NA,NA,NA,NA,NA,NA,NA,93.7741608,-1.6550959072,0.33472337,1.564854e-07,6.006171e-07,NA,NA,NA,NA,NA,NA,NA,NA,NA,NA,1
LOC111100874,NA,NA,NA,NA,NA,NA,NA,NA,NA,NA,559.12700229,1.0023367645,0.09524068,3.667199e-26,6.945649e-25,NA,NA,NA,NA,NA,NA,NA,NA,NA,NA,1
LOC111100881,NA,NA,NA,NA,NA,NA,NA,NA,NA,NA,44.88408959,-1.5150289177,0.24849323,2.803633e-10,1.442176e-09,NA,NA,NA,NA,NA,NA,NA,NA,NA,NA,1
LOC111100884,NA,NA,NA,NA,NA,NA,NA,NA,NA,NA,69.36114117,-1.0043171966,0.21730434,2.049741e-06,6.790241e-06,NA,NA,NA,NA,NA,NA,NA,NA,NA,NA,1
LOC111100888,NA,NA,NA,NA,NA,NA,NA,NA,NA,NA,466.40356129,-3.3778603358,0.40760604,2.999845e-18,3.162079e-17,NA,NA,NA,NA,NA,NA,NA,NA,NA,NA,1
LOC111100893,NA,NA,NA,NA,NA,NA,NA,NA,NA,NA,155.439945,-3.0188523614,0.49371768,3.220046e-11,1.833186e-10,NA,NA,NA,NA,NA,NA,NA,NA,NA,NA,1
LOC111100894,NA,NA,NA,NA,NA,NA,NA,NA,NA,NA,82.62825327,-1.2944942139,0.47939199,0.002376674,0.00489114,NA,NA,NA,NA,NA,NA,NA,NA,NA,NA,1
LOC111100897,NA,NA,NA,NA,NA,NA,NA,NA,NA,NA,128.29537023,-1.4561181607,0.22104771,1.27677e-11,7.51206e-11,NA,NA,NA,NA,NA,NA,NA,NA,NA,NA,1
LOC111100924,NA,NA,NA,NA,NA,NA,NA,NA,NA,NA,289.96701342,1.4160991569,0.30339932,9.118498e-07,3.15731e-06,NA,NA,NA,NA,NA,NA,NA,NA,NA,NA,1
LOC111100937,NA,NA,NA,NA,NA,NA,NA,NA,NA,NA,183.44044263,2.5556741267,0.30431679,2.664527e-18,2.825294e-17,NA,NA,NA,NA,NA,NA,NA,NA,NA,NA,1
LOC111100939,NA,NA,NA,NA,NA,NA,NA,NA,NA,NA,56.92310305,1.1859958733,0.27418966,6.401179e-06,1.997108e-05,NA,NA,NA,NA,NA,NA,NA,NA,NA,NA,1
LOC111100940,NA,NA,NA,NA,NA,NA,NA,NA,NA,NA,175.10003274,-1.9770767416,0.37372596,1.514156e-08,6.461686e-08,NA,NA,NA,NA,NA,NA,NA,NA,NA,NA,1
LOC111100946,NA,NA,NA,NA,NA,NA,NA,NA,NA,NA,99.56339191,2.0115593069,0.36890523,5.842662e-09,2.612989e-08,NA,NA,NA,NA,NA,NA,NA,NA,NA,NA,1
LOC111100972,NA,NA,NA,NA,NA,NA,NA,NA,NA,NA,99.32129792,-1.3626116455,0.197611,1.771984e-12,1.137465e-11,NA,NA,NA,NA,NA,NA,NA,NA,NA,NA,1
LOC111100977,NA,NA,NA,NA,NA,NA,NA,NA,NA,NA,70.80711197,1.1824185938,0.30023218,3.448698e-05,9.670426e-05,NA,NA,NA,NA,NA,NA,NA,NA,NA,NA,1
LOC111100979,NA,NA,NA,NA,NA,NA,NA,NA,NA,NA,16.78266828,1.5412275483,0.31242809,1.992625e-07,7.542706e-07,NA,NA,NA,NA,NA,NA,NA,NA,NA,NA,1
LOC111100982,NA,NA,NA,NA,NA,NA,NA,NA,NA,NA,192.10713794,4.5166404509,0.29487899,7.845087e-55,6.837344e-53,NA,NA,NA,NA,NA,NA,NA,NA,NA,NA,1
LOC111100985,NA,NA,NA,NA,NA,NA,NA,NA,NA,NA,195.99125324,-2.7314371414,0.45344649,7.751997e-11,4.255065e-10,NA,NA,NA,NA,NA,NA,NA,NA,NA,NA,1
LOC111100992,NA,NA,NA,NA,NA,NA,NA,NA,NA,NA,71.96366583,-1.5886956482,0.23884712,6.710148e-12,4.057122e-11,NA,NA,NA,NA,NA,NA,NA,NA,NA,NA,1
LOC111100993,NA,NA,NA,NA,NA,NA,NA,NA,NA,NA,535.38471302,-2.7792509867,0.41385981,8.264344e-13,5.492484e-12,NA,NA,NA,NA,NA,NA,NA,NA,NA,NA,1
LOC111101007,NA,NA,NA,NA,NA,NA,NA,NA,NA,NA,69.47189564,-1.2232524361,0.2722721,2.80791e-06,9.132522e-06,NA,NA,NA,NA,NA,NA,NA,NA,NA,NA,1
LOC111101008,NA,NA,NA,NA,NA,NA,NA,NA,NA,NA,237.15344775,2.6188955315,0.54089852,6.381298e-08,2.55538e-07,NA,NA,NA,NA,NA,NA,NA,NA,NA,NA,1
LOC111101016,NA,NA,NA,NA,NA,NA,NA,NA,NA,NA,157.78706745,-2.0614587283,0.42282143,1.174434e-07,4.561571e-07,NA,NA,NA,NA,NA,NA,NA,NA,NA,NA,1
LOC111101025,NA,NA,NA,NA,NA,NA,NA,NA,NA,NA,4482.92507147,1.974051078,0.268783,2.6222e-14,1.974015e-13,NA,NA,NA,NA,NA,NA,NA,NA,NA,NA,1
LOC111101027,NA,NA,NA,NA,NA,NA,NA,NA,NA,NA,823.69018784,1.2244726095,0.15860991,4.72312e-15,3.80977e-14,NA,NA,NA,NA,NA,NA,NA,NA,NA,NA,1
LOC111101033,NA,NA,NA,NA,NA,NA,NA,NA,NA,NA,211.3728744,1.3619077467,0.15808117,2.317146e-18,2.466713e-17,NA,NA,NA,NA,NA,NA,NA,NA,NA,NA,1
LOC111101035,NA,NA,NA,NA,NA,NA,NA,NA,NA,NA,152.13283538,-2.8142040104,0.2174397,1.198366e-39,5.018156e-38,NA,NA,NA,NA,NA,NA,NA,NA,NA,NA,1
LOC111101041,NA,NA,NA,NA,NA,NA,NA,NA,NA,NA,801.05541741,1.2585513527,0.15327509,8.484402e-17,7.999366e-16,NA,NA,NA,NA,NA,NA,NA,NA,NA,NA,1
LOC111101043,NA,NA,NA,NA,NA,NA,NA,NA,NA,NA,1195.23647998,1.1496667101,0.370682,0.0008323072,0.001871295,NA,NA,NA,NA,NA,NA,NA,NA,NA,NA,1
LOC111101045,NA,NA,NA,NA,NA,NA,NA,NA,NA,NA,164.41965415,3.0030570878,0.61581628,3.367896e-08,1.387542e-07,NA,NA,NA,NA,NA,NA,NA,NA,NA,NA,1
LOC111101046,NA,NA,NA,NA,NA,NA,NA,NA,NA,NA,87.44887768,1.3951805663,0.22735862,2.638524e-10,1.361164e-09,NA,NA,NA,NA,NA,NA,NA,NA,NA,NA,1
LOC111101051,NA,NA,NA,NA,NA,NA,NA,NA,NA,NA,150.06053226,1.9071520804,0.24616579,1.319998e-15,1.108179e-14,NA,NA,NA,NA,NA,NA,NA,NA,NA,NA,1
LOC111101054,NA,NA,NA,NA,NA,NA,NA,NA,NA,NA,501.68371472,1.511671206,0.29825921,1.037051e-07,4.048501e-07,NA,NA,NA,NA,NA,NA,NA,NA,NA,NA,1
LOC111101055,NA,NA,NA,NA,NA,NA,NA,NA,NA,NA,115.0511701,1.489539937,0.54893096,0.001676866,0.003553272,NA,NA,NA,NA,NA,NA,NA,NA,NA,NA,1
LOC111101060,NA,NA,NA,NA,NA,NA,NA,NA,NA,NA,250.25366813,-1.299815899,0.16892584,5.162203e-15,4.142127e-14,NA,NA,NA,NA,NA,NA,NA,NA,NA,NA,1
LOC111101063,NA,NA,NA,NA,NA,NA,NA,NA,NA,NA,592.29724807,2.8718008541,0.24025996,2.722627e-34,8.484466e-33,NA,NA,NA,NA,NA,NA,NA,NA,NA,NA,1
LOC111101068,NA,NA,NA,NA,NA,NA,NA,NA,NA,NA,673.00387201,2.3660477107,0.29726743,1.274107e-16,1.183573e-15,NA,NA,NA,NA,NA,NA,NA,NA,NA,NA,1
LOC111101072,NA,NA,NA,NA,NA,NA,NA,NA,NA,NA,58.38114088,1.1211010605,0.37718021,0.001324724,0.002863113,NA,NA,NA,NA,NA,NA,NA,NA,NA,NA,1
LOC111101082,NA,NA,NA,NA,NA,NA,NA,NA,NA,NA,28.40544315,1.3358669978,0.33361272,2.085294e-05,6.035191e-05,NA,NA,NA,NA,NA,NA,NA,NA,NA,NA,1
LOC111101090,NA,NA,NA,NA,NA,NA,NA,NA,NA,NA,211.64489163,-1.7956025819,0.25345497,2.328879e-13,1.621142e-12,NA,NA,NA,NA,NA,NA,NA,NA,NA,NA,1
LOC111101093,NA,NA,NA,NA,NA,NA,NA,NA,NA,NA,176.47969438,-1.0009069371,0.28024918,0.0001895482,0.0004757566,NA,NA,NA,NA,NA,NA,NA,NA,NA,NA,1
LOC111101097,NA,NA,NA,NA,NA,NA,NA,NA,NA,NA,86.33404722,1.1806218326,0.29281912,2.334934e-05,6.712388e-05,NA,NA,NA,NA,NA,NA,NA,NA,NA,NA,1
LOC111101117,NA,NA,NA,NA,NA,NA,NA,NA,NA,NA,106.17789497,-2.3245739622,0.21993908,3.271211e-27,6.579246e-26,NA,NA,NA,NA,NA,NA,NA,NA,NA,NA,1
LOC111101126,NA,NA,NA,NA,NA,NA,NA,NA,NA,NA,96.72406906,3.7003763661,0.48835166,6.784242e-16,5.850931e-15,NA,NA,NA,NA,NA,NA,NA,NA,NA,NA,1
LOC111101129,NA,NA,NA,NA,NA,NA,NA,NA,NA,NA,110.79933787,1.371094833,0.4862682,0.001472744,0.003157564,NA,NA,NA,NA,NA,NA,NA,NA,NA,NA,1
LOC111101134,NA,NA,NA,NA,NA,NA,NA,NA,NA,NA,263.33365236,5.3486859891,0.37770795,1.249952e-47,7.835954e-46,NA,NA,NA,NA,NA,NA,NA,NA,NA,NA,1
LOC111101137,NA,NA,NA,NA,NA,NA,NA,NA,NA,NA,87.28721263,-1.087028756,0.32086894,0.0003348095,0.0008069149,NA,NA,NA,NA,NA,NA,NA,NA,NA,NA,1
LOC111101152,NA,NA,NA,NA,NA,NA,NA,NA,NA,NA,280.13837656,1.2370507392,0.25730785,5.997583e-07,2.128943e-06,NA,NA,NA,NA,NA,NA,NA,NA,NA,NA,1
LOC111101157,NA,NA,NA,NA,NA,NA,NA,NA,NA,NA,61.47485908,1.6233353745,0.44286077,5.205521e-05,0.0001425005,NA,NA,NA,NA,NA,NA,NA,NA,NA,NA,1
LOC111101169,NA,NA,NA,NA,NA,NA,NA,NA,NA,NA,91.48704543,-2.0338791436,0.21546993,4.397829e-22,6.388174e-21,NA,NA,NA,NA,NA,NA,NA,NA,NA,NA,1
LOC111101190,NA,NA,NA,NA,NA,NA,NA,NA,NA,NA,632.43572402,3.2480822679,0.33600288,1.246792e-23,2.006848e-22,NA,NA,NA,NA,NA,NA,NA,NA,NA,NA,1
LOC111101201,NA,NA,NA,NA,NA,NA,NA,NA,NA,NA,119.27208594,-1.815106956,0.22448437,1.005138e-16,9.418771e-16,NA,NA,NA,NA,NA,NA,NA,NA,NA,NA,1
LOC111101216,NA,NA,NA,NA,NA,NA,NA,NA,NA,NA,502.64082531,-4.2041358256,0.30809974,3.408289e-44,1.773634e-42,NA,NA,NA,NA,NA,NA,NA,NA,NA,NA,1
LOC111101232,NA,NA,NA,NA,NA,NA,NA,NA,NA,NA,60.79528173,1.1244464183,0.35427747,0.0006750748,0.001543357,NA,NA,NA,NA,NA,NA,NA,NA,NA,NA,1
LOC111101249,NA,NA,NA,NA,NA,NA,NA,NA,NA,NA,104.49283487,-1.5572686092,0.24542114,5.389345e-11,3.012188e-10,NA,NA,NA,NA,NA,NA,NA,NA,NA,NA,1
LOC111101256,NA,NA,NA,NA,NA,NA,NA,NA,NA,NA,505.81892688,1.7623383045,0.19409224,1.925399e-20,2.445531e-19,NA,NA,NA,NA,NA,NA,NA,NA,NA,NA,1
LOC111101264,NA,NA,NA,NA,NA,NA,NA,NA,NA,NA,311.62221969,4.624046974,0.43072315,7.888405e-29,1.750801e-27,NA,NA,NA,NA,NA,NA,NA,NA,NA,NA,1
LOC111101295,NA,NA,NA,NA,NA,NA,NA,NA,NA,NA,84.12083795,3.0053055143,0.60441528,2.075555e-08,8.732318e-08,NA,NA,NA,NA,NA,NA,NA,NA,NA,NA,1
LOC111101300,NA,NA,NA,NA,NA,NA,NA,NA,NA,NA,88.66685126,-1.3972316011,0.23885758,1.532992e-09,7.265107e-09,NA,NA,NA,NA,NA,NA,NA,NA,NA,NA,1
LOC111101310,NA,NA,NA,NA,NA,NA,NA,NA,NA,NA,52.74769188,1.7580401412,0.43357116,8.595785e-06,2.628261e-05,NA,NA,NA,NA,NA,NA,NA,NA,NA,NA,1
LOC111101313,NA,NA,NA,NA,NA,NA,NA,NA,NA,NA,231.21681254,-3.2190956468,0.42962311,1.953113e-15,1.623052e-14,NA,NA,NA,NA,NA,NA,NA,NA,NA,NA,1
LOC111101328,NA,NA,NA,NA,NA,NA,NA,NA,NA,NA,145.55853186,-1.4284502105,0.34489979,1.003593e-05,3.034843e-05,NA,NA,NA,NA,NA,NA,NA,NA,NA,NA,1
LOC111101349,NA,NA,NA,NA,NA,NA,NA,NA,NA,NA,88.56203454,1.1828176716,0.27497486,7.162852e-06,2.221811e-05,NA,NA,NA,NA,NA,NA,NA,NA,NA,NA,1
LOC111101403,NA,NA,NA,NA,NA,NA,NA,NA,NA,NA,124.51995826,1.4008238815,0.35915753,2.906623e-05,8.251853e-05,NA,NA,NA,NA,NA,NA,NA,NA,NA,NA,1
LOC111101488,NA,NA,NA,NA,NA,NA,NA,NA,NA,NA,129.80133732,-1.9112325273,0.2296472,1.208066e-17,1.224052e-16,NA,NA,NA,NA,NA,NA,NA,NA,NA,NA,1
LOC111101505,NA,NA,NA,NA,NA,NA,NA,NA,NA,NA,313.9683232,-1.5165903897,0.19562227,2.344664e-15,1.937918e-14,NA,NA,NA,NA,NA,NA,NA,NA,NA,NA,1
LOC111101524,NA,NA,NA,NA,NA,NA,NA,NA,NA,NA,646.67414091,-1.5617321156,0.51119596,0.0005133167,0.001197553,NA,NA,NA,NA,NA,NA,NA,NA,NA,NA,1
LOC111101541,NA,NA,NA,NA,NA,NA,NA,NA,NA,NA,292.282444,-1.7229390658,0.49572544,9.092876e-05,0.0002400287,NA,NA,NA,NA,NA,NA,NA,NA,NA,NA,1
LOC111101543,NA,NA,NA,NA,NA,NA,NA,NA,NA,NA,248.89318582,1.2206339003,0.41793476,0.001353487,0.002920567,NA,NA,NA,NA,NA,NA,NA,NA,NA,NA,1
LOC111101547,NA,NA,NA,NA,NA,NA,NA,NA,NA,NA,85.52946575,-1.776996501,0.288188,1.196034e-10,6.446195e-10,NA,NA,NA,NA,NA,NA,NA,NA,NA,NA,1
LOC111101590,NA,NA,NA,NA,NA,NA,NA,NA,NA,NA,67.59274213,-1.0905560317,0.31098563,0.0002150276,0.0005358196,NA,NA,NA,NA,NA,NA,NA,NA,NA,NA,1
LOC111101599,NA,NA,NA,NA,NA,NA,NA,NA,NA,NA,353.54493399,3.895984721,0.27421167,1.588866e-47,9.788874e-46,NA,NA,NA,NA,NA,NA,NA,NA,NA,NA,1
LOC111101605,NA,NA,NA,NA,NA,NA,NA,NA,NA,NA,450.29029164,-1.8964363721,0.15410337,1.213049e-35,4.038472e-34,NA,NA,NA,NA,NA,NA,NA,NA,NA,NA,1
LOC111101606,NA,NA,NA,NA,NA,NA,NA,NA,NA,NA,48.17151801,1.1159306904,0.24842036,3.276982e-06,1.058429e-05,NA,NA,NA,NA,NA,NA,NA,NA,NA,NA,1
LOC111101609,NA,NA,NA,NA,NA,NA,NA,NA,NA,NA,135.42297591,-1.5410695162,0.2580454,5.820766e-10,2.899564e-09,NA,NA,NA,NA,NA,NA,NA,NA,NA,NA,1
LOC111101640,NA,NA,NA,NA,NA,NA,NA,NA,NA,NA,36.89571067,1.4501872321,0.29958317,3.675248e-07,1.341916e-06,NA,NA,NA,NA,NA,NA,NA,NA,NA,NA,1
LOC111101679,NA,NA,NA,NA,NA,NA,NA,NA,NA,NA,56.78572089,2.5249853048,0.32583927,5.582241e-16,4.877068e-15,NA,NA,NA,NA,NA,NA,NA,NA,NA,NA,1
LOC111101737,NA,NA,NA,NA,NA,NA,NA,NA,NA,NA,637.79346009,1.0058205553,0.23393624,9.171937e-06,2.79486e-05,NA,NA,NA,NA,NA,NA,NA,NA,NA,NA,1
LOC111101751,NA,NA,NA,NA,NA,NA,NA,NA,NA,NA,812.67449023,-1.7497925503,0.12924865,1.69274e-42,8.137296e-41,NA,NA,NA,NA,NA,NA,NA,NA,NA,NA,1
LOC111101760,NA,NA,NA,NA,NA,NA,NA,NA,NA,NA,88.82372992,3.0821299408,0.35780749,2.400235e-19,2.760654e-18,NA,NA,NA,NA,NA,NA,NA,NA,NA,NA,1
LOC111101764,NA,NA,NA,NA,NA,NA,NA,NA,NA,NA,202.93747514,1.1048491633,0.40397549,0.002835918,0.00575015,NA,NA,NA,NA,NA,NA,NA,NA,NA,NA,1
LOC111101781,NA,NA,NA,NA,NA,NA,NA,NA,NA,NA,32.25807608,1.1556814052,0.38262277,0.001079022,0.002370796,NA,NA,NA,NA,NA,NA,NA,NA,NA,NA,1
LOC111101783,NA,NA,NA,NA,NA,NA,NA,NA,NA,NA,55.96466215,3.5182745548,0.31041851,2.191447e-31,5.75792e-30,NA,NA,NA,NA,NA,NA,NA,NA,NA,NA,1
LOC111101793,NA,NA,NA,NA,NA,NA,NA,NA,NA,NA,39.32581769,1.6977874,0.36337483,5.685803e-07,2.024305e-06,NA,NA,NA,NA,NA,NA,NA,NA,NA,NA,1
LOC111101804,NA,NA,NA,NA,NA,NA,NA,NA,NA,NA,17.78570881,1.7406959441,0.3193111,8.990073e-09,3.943273e-08,NA,NA,NA,NA,NA,NA,NA,NA,NA,NA,1
LOC111101808,NA,NA,NA,NA,NA,NA,NA,NA,NA,NA,407.22339922,1.2477917442,0.40003512,0.0006796059,0.001552937,NA,NA,NA,NA,NA,NA,NA,NA,NA,NA,1
LOC111101809,NA,NA,NA,NA,NA,NA,NA,NA,NA,NA,684.0568406,5.1132948488,0.1315951,0,0,NA,NA,NA,NA,NA,NA,NA,NA,NA,NA,1
LOC111101813,NA,NA,NA,NA,NA,NA,NA,NA,NA,NA,299.15168523,1.2866714962,0.30911429,1.139941e-05,3.414408e-05,NA,NA,NA,NA,NA,NA,NA,NA,NA,NA,1
LOC111101816,NA,NA,NA,NA,NA,NA,NA,NA,NA,NA,95.07300961,-1.1829195346,0.40842803,0.001545112,0.003296896,NA,NA,NA,NA,NA,NA,NA,NA,NA,NA,1
LOC111101819,NA,NA,NA,NA,NA,NA,NA,NA,NA,NA,78.20916306,-1.4176777392,0.25804902,1.182697e-08,5.102698e-08,NA,NA,NA,NA,NA,NA,NA,NA,NA,NA,1
LOC111101828,NA,NA,NA,NA,NA,NA,NA,NA,NA,NA,266.4810262,-3.2235952593,0.48529535,8.576656e-13,5.689465e-12,NA,NA,NA,NA,NA,NA,NA,NA,NA,NA,1
LOC111101845,NA,NA,NA,NA,NA,NA,NA,NA,NA,NA,143.46267075,4.1068618411,0.3629048,1.761606e-31,4.697617e-30,NA,NA,NA,NA,NA,NA,NA,NA,NA,NA,1
LOC111101857,NA,NA,NA,NA,NA,NA,NA,NA,NA,NA,103.67783254,1.0692457599,0.41971736,0.005138288,0.009865069,NA,NA,NA,NA,NA,NA,NA,NA,NA,NA,1
LOC111101858,NA,NA,NA,NA,NA,NA,NA,NA,NA,NA,152.3105839,4.7667020138,0.43683485,1.053882e-29,2.488462e-28,NA,NA,NA,NA,NA,NA,NA,NA,NA,NA,1
LOC111101860,NA,NA,NA,NA,NA,NA,NA,NA,NA,NA,3148.56686467,1.7055347614,0.50472445,0.000132975,0.0003428598,NA,NA,NA,NA,NA,NA,NA,NA,NA,NA,1
LOC111101864,NA,NA,NA,NA,NA,NA,NA,NA,NA,NA,89.47920167,-2.1704046022,0.26563074,2.93704e-17,2.883248e-16,NA,NA,NA,NA,NA,NA,NA,NA,NA,NA,1
LOC111101876,NA,NA,NA,NA,NA,NA,NA,NA,NA,NA,32.49069085,1.0344378038,0.54206048,0.02678227,0.04386645,NA,NA,NA,NA,NA,NA,NA,NA,NA,NA,1
LOC111101882,NA,NA,NA,NA,NA,NA,NA,NA,NA,NA,71.99531967,4.3931125501,0.25931062,3.240366e-66,4.236185e-64,NA,NA,NA,NA,NA,NA,NA,NA,NA,NA,1
LOC111101895,NA,NA,NA,NA,NA,NA,NA,NA,NA,NA,173.97686629,-1.2158927387,0.30406031,2.551916e-05,7.297022e-05,NA,NA,NA,NA,NA,NA,NA,NA,NA,NA,1
LOC111101896,NA,NA,NA,NA,NA,NA,NA,NA,NA,NA,210.59295699,1.2880133855,0.17436172,5.552367e-14,4.079601e-13,NA,NA,NA,NA,NA,NA,NA,NA,NA,NA,1
LOC111101900,NA,NA,NA,NA,NA,NA,NA,NA,NA,NA,36.61887983,3.7160801659,0.45921322,1.139425e-17,1.155594e-16,NA,NA,NA,NA,NA,NA,NA,NA,NA,NA,1
LOC111101901,NA,NA,NA,NA,NA,NA,NA,NA,NA,NA,325.65095467,-1.9763297779,0.1971752,1.53983e-24,2.616003e-23,NA,NA,NA,NA,NA,NA,NA,NA,NA,NA,1
LOC111101916,NA,NA,NA,NA,NA,NA,NA,NA,NA,NA,315.07969588,1.5381404757,0.26054889,8.882324e-10,4.335998e-09,NA,NA,NA,NA,NA,NA,NA,NA,NA,NA,1
LOC111101946,NA,NA,NA,NA,NA,NA,NA,NA,NA,NA,139.36811618,-2.109976296,0.50016742,2.431528e-06,7.978568e-06,NA,NA,NA,NA,NA,NA,NA,NA,NA,NA,1
LOC111101960,NA,NA,NA,NA,NA,NA,NA,NA,NA,NA,36.71015555,1.5821444357,0.29068488,1.215637e-08,5.233586e-08,NA,NA,NA,NA,NA,NA,NA,NA,NA,NA,1
LOC111102033,NA,NA,NA,NA,NA,NA,NA,NA,NA,NA,28.63067958,3.0867020538,0.41849411,5.347537e-15,4.284424e-14,NA,NA,NA,NA,NA,NA,NA,NA,NA,NA,1
LOC111102061,NA,NA,NA,NA,NA,NA,NA,NA,NA,NA,59.38978115,-1.1151577938,0.22141404,2.216028e-07,8.34709e-07,NA,NA,NA,NA,NA,NA,NA,NA,NA,NA,1
LOC111102089,NA,NA,NA,NA,NA,NA,NA,NA,NA,NA,47.46802981,-1.4895978042,0.35687641,7.91341e-06,2.437694e-05,NA,NA,NA,NA,NA,NA,NA,NA,NA,NA,1
LOC111102092,NA,NA,NA,NA,NA,NA,NA,NA,NA,NA,195.39396662,-1.5044210827,0.49702975,0.0006178755,0.0014226,NA,NA,NA,NA,NA,NA,NA,NA,NA,NA,1
LOC111102113,NA,NA,NA,NA,NA,NA,NA,NA,NA,NA,511.36396871,-4.2057962239,0.25906573,4.67438e-61,5.113199e-59,NA,NA,NA,NA,NA,NA,NA,NA,NA,NA,1
LOC111102116,NA,NA,NA,NA,NA,NA,NA,NA,NA,NA,67.86487032,3.6809927026,0.52076341,2.972764e-14,2.226976e-13,NA,NA,NA,NA,NA,NA,NA,NA,NA,NA,1
LOC111102151,NA,NA,NA,NA,NA,NA,NA,NA,NA,NA,166.52924687,1.0486542756,0.24326526,8.254885e-06,2.53342e-05,NA,NA,NA,NA,NA,NA,NA,NA,NA,NA,1
LOC111102153,NA,NA,NA,NA,NA,NA,NA,NA,NA,NA,37.30959388,2.0105409258,0.40563913,8.405499e-08,3.316413e-07,NA,NA,NA,NA,NA,NA,NA,NA,NA,NA,1
LOC111102154,NA,NA,NA,NA,NA,NA,NA,NA,NA,NA,172.74569176,3.1713725231,0.20205275,5.456962e-57,5.270148e-55,NA,NA,NA,NA,NA,NA,NA,NA,NA,NA,1
LOC111102276,NA,NA,NA,NA,NA,NA,NA,NA,NA,NA,216.01471983,1.1570585179,0.16526848,1.132081e-12,7.418036e-12,NA,NA,NA,NA,NA,NA,NA,NA,NA,NA,1
LOC111102283,NA,NA,NA,NA,NA,NA,NA,NA,NA,NA,85.60398694,-1.9700438955,0.29949894,6.062643e-12,3.68224e-11,NA,NA,NA,NA,NA,NA,NA,NA,NA,NA,1
LOC111102337,NA,NA,NA,NA,NA,NA,NA,NA,NA,NA,126.83737441,1.5252624769,0.32778596,8.222749e-07,2.862873e-06,NA,NA,NA,NA,NA,NA,NA,NA,NA,NA,1
LOC111102374,NA,NA,NA,NA,NA,NA,NA,NA,NA,NA,63.98249141,1.1612770155,0.24262695,7.436893e-07,2.605343e-06,NA,NA,NA,NA,NA,NA,NA,NA,NA,NA,1
LOC111102380,NA,NA,NA,NA,NA,NA,NA,NA,NA,NA,3959.93281373,4.4097270695,0.5509803,1.398048e-17,1.405917e-16,NA,NA,NA,NA,NA,NA,NA,NA,NA,NA,1
LOC111102391,NA,NA,NA,NA,NA,NA,NA,NA,NA,NA,33.57370592,1.8839502964,0.27713164,1.539237e-12,9.946127e-12,NA,NA,NA,NA,NA,NA,NA,NA,NA,NA,1
LOC111102437,NA,NA,NA,NA,NA,NA,NA,NA,NA,NA,170.26067618,1.417892787,0.16290703,9.790467e-19,1.078662e-17,NA,NA,NA,NA,NA,NA,NA,NA,NA,NA,1
LOC111102451,NA,NA,NA,NA,NA,NA,NA,NA,NA,NA,132.22377008,-1.1462730008,0.59110693,0.02123546,0.03558052,NA,NA,NA,NA,NA,NA,NA,NA,NA,NA,1
LOC111102454,NA,NA,NA,NA,NA,NA,NA,NA,NA,NA,45.35540893,1.4489298958,0.54435106,0.002084361,0.004337866,NA,NA,NA,NA,NA,NA,NA,NA,NA,NA,1
LOC111102463,NA,NA,NA,NA,NA,NA,NA,NA,NA,NA,184.28326929,1.8732680767,0.17181709,1.674511e-28,3.670911e-27,NA,NA,NA,NA,NA,NA,NA,NA,NA,NA,1
LOC111102491,NA,NA,NA,NA,NA,NA,NA,NA,NA,NA,165.56952494,-1.7540222588,0.45441234,1.945861e-05,5.649953e-05,NA,NA,NA,NA,NA,NA,NA,NA,NA,NA,1
LOC111102545,NA,NA,NA,NA,NA,NA,NA,NA,NA,NA,95.43120031,-1.4247031399,0.23359481,3.187195e-10,1.633209e-09,NA,NA,NA,NA,NA,NA,NA,NA,NA,NA,1
LOC111102548,NA,NA,NA,NA,NA,NA,NA,NA,NA,NA,86.12895081,-1.9679518555,0.21320523,3.483373e-21,4.726804e-20,NA,NA,NA,NA,NA,NA,NA,NA,NA,NA,1
LOC111102563,NA,NA,NA,NA,NA,NA,NA,NA,NA,NA,84.29934994,-1.9970697216,0.3804434,1.833489e-08,7.753451e-08,NA,NA,NA,NA,NA,NA,NA,NA,NA,NA,1
LOC111102569,NA,NA,NA,NA,NA,NA,NA,NA,NA,NA,73.10714257,-1.367579016,0.35029763,3.014014e-05,8.538644e-05,NA,NA,NA,NA,NA,NA,NA,NA,NA,NA,1
LOC111102608,NA,NA,NA,NA,NA,NA,NA,NA,NA,NA,41.36981653,2.555596477,0.41700373,4.997505e-11,2.801948e-10,NA,NA,NA,NA,NA,NA,NA,NA,NA,NA,1
LOC111102685,NA,NA,NA,NA,NA,NA,NA,NA,NA,NA,773.81319672,1.4779645648,0.26762559,9.14614e-09,4.010087e-08,NA,NA,NA,NA,NA,NA,NA,NA,NA,NA,1
LOC111102688,NA,NA,NA,NA,NA,NA,NA,NA,NA,NA,212.91481555,1.0700057624,0.40207454,0.003702708,0.007335618,NA,NA,NA,NA,NA,NA,NA,NA,NA,NA,1
LOC111102701,NA,NA,NA,NA,NA,NA,NA,NA,NA,NA,16.6028318,1.1122342938,0.41736345,0.003453894,0.006891075,NA,NA,NA,NA,NA,NA,NA,NA,NA,NA,1
LOC111102736,NA,NA,NA,NA,NA,NA,NA,NA,NA,NA,110.28767256,-2.5787609653,0.29030229,3.740474e-20,4.651726e-19,NA,NA,NA,NA,NA,NA,NA,NA,NA,NA,1
LOC111102745,NA,NA,NA,NA,NA,NA,NA,NA,NA,NA,127.60176312,-2.277622288,0.28832262,2.312832e-16,2.094051e-15,NA,NA,NA,NA,NA,NA,NA,NA,NA,NA,1
LOC111102753,NA,NA,NA,NA,NA,NA,NA,NA,NA,NA,267.64243143,-1.4902055063,0.16000271,3.368277e-21,4.576416e-20,NA,NA,NA,NA,NA,NA,NA,NA,NA,NA,1
LOC111102803,NA,NA,NA,NA,NA,NA,NA,NA,NA,NA,67.89589064,-1.0566254657,0.2689316,4.262726e-05,0.0001181091,NA,NA,NA,NA,NA,NA,NA,NA,NA,NA,1
LOC111102807,NA,NA,NA,NA,NA,NA,NA,NA,NA,NA,118.55892182,2.5828464352,0.45542398,7.611802e-10,3.744769e-09,NA,NA,NA,NA,NA,NA,NA,NA,NA,NA,1
LOC111102810,NA,NA,NA,NA,NA,NA,NA,NA,NA,NA,142.08129816,-2.1751168966,0.37011819,3.893252e-10,1.977993e-09,NA,NA,NA,NA,NA,NA,NA,NA,NA,NA,1
LOC111102829,NA,NA,NA,NA,NA,NA,NA,NA,NA,NA,36.22245935,1.2340681967,0.41786079,0.001195571,0.002602339,NA,NA,NA,NA,NA,NA,NA,NA,NA,NA,1
LOC111102833,NA,NA,NA,NA,NA,NA,NA,NA,NA,NA,311.47835526,-1.843263945,0.15118837,5.394961e-35,1.74725e-33,NA,NA,NA,NA,NA,NA,NA,NA,NA,NA,1
LOC111102841,NA,NA,NA,NA,NA,NA,NA,NA,NA,NA,30.17314947,1.31694595,0.68790401,0.01708956,0.02921386,NA,NA,NA,NA,NA,NA,NA,NA,NA,NA,1
LOC111102850,NA,NA,NA,NA,NA,NA,NA,NA,NA,NA,21.06206611,1.022258735,0.33212838,0.001071666,0.002356014,NA,NA,NA,NA,NA,NA,NA,NA,NA,NA,1
LOC111102882,NA,NA,NA,NA,NA,NA,NA,NA,NA,NA,37.54362925,1.4600335391,0.3465173,6.972843e-06,2.164125e-05,NA,NA,NA,NA,NA,NA,NA,NA,NA,NA,1
LOC111102889,NA,NA,NA,NA,NA,NA,NA,NA,NA,NA,46.95050624,2.0282206614,0.2840233,1.082295e-13,7.771063e-13,NA,NA,NA,NA,NA,NA,NA,NA,NA,NA,1
LOC111102914,NA,NA,NA,NA,NA,NA,NA,NA,NA,NA,295.97526649,1.9699158212,0.64262074,0.0002543616,0.0006257943,NA,NA,NA,NA,NA,NA,NA,NA,NA,NA,1
LOC111102931,NA,NA,NA,NA,NA,NA,NA,NA,NA,NA,53.99279939,-1.6329366231,0.28550392,2.288932e-09,1.064527e-08,NA,NA,NA,NA,NA,NA,NA,NA,NA,NA,1
LOC111102934,NA,NA,NA,NA,NA,NA,NA,NA,NA,NA,128.75818162,-2.4802125616,0.280275,5.68411e-20,6.947965e-19,NA,NA,NA,NA,NA,NA,NA,NA,NA,NA,1
LOC111102987,NA,NA,NA,NA,NA,NA,NA,NA,NA,NA,235.03260194,1.9334985768,0.49217904,1.102596e-05,3.309024e-05,NA,NA,NA,NA,NA,NA,NA,NA,NA,NA,1
LOC111103021,NA,NA,NA,NA,NA,NA,NA,NA,NA,NA,163.64388624,-2.1773596624,0.22909569,1.927521e-22,2.846147e-21,NA,NA,NA,NA,NA,NA,NA,NA,NA,NA,1
LOC111103032,NA,NA,NA,NA,NA,NA,NA,NA,NA,NA,85.2024318,-1.5813476074,0.25240802,8.703721e-11,4.748289e-10,NA,NA,NA,NA,NA,NA,NA,NA,NA,NA,1
LOC111103110,NA,NA,NA,NA,NA,NA,NA,NA,NA,NA,2819.11152388,1.1756198713,0.46970258,0.005000746,0.009636364,NA,NA,NA,NA,NA,NA,NA,NA,NA,NA,1
LOC111103113,NA,NA,NA,NA,NA,NA,NA,NA,NA,NA,33.4682814,1.6027077025,0.60045403,0.001586068,0.00337488,NA,NA,NA,NA,NA,NA,NA,NA,NA,NA,1
LOC111103115,NA,NA,NA,NA,NA,NA,NA,NA,NA,NA,800.74943115,1.029790515,0.28422277,0.0001498791,0.0003822754,NA,NA,NA,NA,NA,NA,NA,NA,NA,NA,1
LOC111103144,NA,NA,NA,NA,NA,NA,NA,NA,NA,NA,1173.00160057,1.3401761904,0.24696833,1.945845e-08,8.205922e-08,NA,NA,NA,NA,NA,NA,NA,NA,NA,NA,1
LOC111103202,NA,NA,NA,NA,NA,NA,NA,NA,NA,NA,101.76738593,3.1944198141,0.42315798,1.303065e-15,1.096002e-14,NA,NA,NA,NA,NA,NA,NA,NA,NA,NA,1
LOC111103219,NA,NA,NA,NA,NA,NA,NA,NA,NA,NA,59.75323535,1.9268636482,0.39268998,1.232415e-07,4.776386e-07,NA,NA,NA,NA,NA,NA,NA,NA,NA,NA,1
LOC111103220,NA,NA,NA,NA,NA,NA,NA,NA,NA,NA,5256.50038561,1.1396905507,0.19525123,2.414174e-09,1.117441e-08,NA,NA,NA,NA,NA,NA,NA,NA,NA,NA,1
LOC111103226,NA,NA,NA,NA,NA,NA,NA,NA,NA,NA,112.37917145,-1.6818820834,0.20018743,8.850472e-18,9.03591e-17,NA,NA,NA,NA,NA,NA,NA,NA,NA,NA,1
LOC111103238,NA,NA,NA,NA,NA,NA,NA,NA,NA,NA,478.80858026,-1.3103766422,0.38600371,0.0002361887,0.0005833971,NA,NA,NA,NA,NA,NA,NA,NA,NA,NA,1
LOC111103250,NA,NA,NA,NA,NA,NA,NA,NA,NA,NA,2164.26435023,1.9172796718,0.22556216,2.635873e-18,2.797679e-17,NA,NA,NA,NA,NA,NA,NA,NA,NA,NA,1
LOC111103270,NA,NA,NA,NA,NA,NA,NA,NA,NA,NA,352.40914834,-2.3570390379,0.2341676,5.93011e-25,1.040438e-23,NA,NA,NA,NA,NA,NA,NA,NA,NA,NA,1
LOC111103275,NA,NA,NA,NA,NA,NA,NA,NA,NA,NA,295.33062588,1.0758471881,0.223382,7.198456e-07,2.525113e-06,NA,NA,NA,NA,NA,NA,NA,NA,NA,NA,1
LOC111103299,NA,NA,NA,NA,NA,NA,NA,NA,NA,NA,67.25761299,1.0006470401,0.32608791,0.001136521,0.00248643,NA,NA,NA,NA,NA,NA,NA,NA,NA,NA,1
LOC111103306,NA,NA,NA,NA,NA,NA,NA,NA,NA,NA,92.91872249,-1.0817245503,0.30587528,0.0001946571,0.0004875522,NA,NA,NA,NA,NA,NA,NA,NA,NA,NA,1
LOC111103315,NA,NA,NA,NA,NA,NA,NA,NA,NA,NA,305.08674691,-2.4094162289,0.20918057,7.610627e-32,2.091947e-30,NA,NA,NA,NA,NA,NA,NA,NA,NA,NA,1
LOC111103334,NA,NA,NA,NA,NA,NA,NA,NA,NA,NA,77.79963662,2.5887644255,0.40917175,1.360553e-11,7.978737e-11,NA,NA,NA,NA,NA,NA,NA,NA,NA,NA,1
LOC111103349,NA,NA,NA,NA,NA,NA,NA,NA,NA,NA,107.12538973,-1.0411880581,0.16770942,2.778887e-10,1.430133e-09,NA,NA,NA,NA,NA,NA,NA,NA,NA,NA,1
LOC111103366,NA,NA,NA,NA,NA,NA,NA,NA,NA,NA,239.86410772,-1.0913790559,0.23364413,1.441588e-06,4.865812e-06,NA,NA,NA,NA,NA,NA,NA,NA,NA,NA,1
LOC111103367,NA,NA,NA,NA,NA,NA,NA,NA,NA,NA,393.12719347,-1.4442991501,0.5298723,0.001740005,0.003672544,NA,NA,NA,NA,NA,NA,NA,NA,NA,NA,1
LOC111103375,NA,NA,NA,NA,NA,NA,NA,NA,NA,NA,692.91696413,1.2916021066,0.22414172,3.027368e-09,1.388083e-08,NA,NA,NA,NA,NA,NA,NA,NA,NA,NA,1
LOC111103387,NA,NA,NA,NA,NA,NA,NA,NA,NA,NA,106.95309089,-1.7882903044,0.24113906,2.041024e-14,1.555066e-13,NA,NA,NA,NA,NA,NA,NA,NA,NA,NA,1
LOC111103389,NA,NA,NA,NA,NA,NA,NA,NA,NA,NA,213.91725029,-2.5977339096,0.36179192,3.817969e-14,2.846219e-13,NA,NA,NA,NA,NA,NA,NA,NA,NA,NA,1
LOC111103390,NA,NA,NA,NA,NA,NA,NA,NA,NA,NA,43.15867181,1.1908514389,0.5480394,0.01154194,0.02053945,NA,NA,NA,NA,NA,NA,NA,NA,NA,NA,1
LOC111103392,NA,NA,NA,NA,NA,NA,NA,NA,NA,NA,185.87404061,-3.1798750939,0.49877161,5.222643e-12,3.182873e-11,NA,NA,NA,NA,NA,NA,NA,NA,NA,NA,1
LOC111103394,NA,NA,NA,NA,NA,NA,NA,NA,NA,NA,1479.0369308,1.0063159943,0.35140796,0.002184338,0.00453449,NA,NA,NA,NA,NA,NA,NA,NA,NA,NA,1
LOC111103397,NA,NA,NA,NA,NA,NA,NA,NA,NA,NA,34.8397408,1.3795814005,0.49122733,0.001503787,0.003218969,NA,NA,NA,NA,NA,NA,NA,NA,NA,NA,1
LOC111103401,NA,NA,NA,NA,NA,NA,NA,NA,NA,NA,45.97884501,3.9599839476,0.42626616,2.622631e-22,3.851316e-21,NA,NA,NA,NA,NA,NA,NA,NA,NA,NA,1
LOC111103406,NA,NA,NA,NA,NA,NA,NA,NA,NA,NA,218.79290575,6.4362433594,0.31605082,1.638758e-94,4.747969e-92,NA,NA,NA,NA,NA,NA,NA,NA,NA,NA,1
LOC111103412,NA,NA,NA,NA,NA,NA,NA,NA,NA,NA,355.3128931,2.4892087689,0.38108153,4.008644e-12,2.472535e-11,NA,NA,NA,NA,NA,NA,NA,NA,NA,NA,1
LOC111103416,NA,NA,NA,NA,NA,NA,NA,NA,NA,NA,108.75491524,2.2472466822,0.76733642,0.0002518994,0.000620345,NA,NA,NA,NA,NA,NA,NA,NA,NA,NA,1
LOC111103452,NA,NA,NA,NA,NA,NA,NA,NA,NA,NA,479.47458785,1.381797349,0.44176399,0.000537347,0.001250892,NA,NA,NA,NA,NA,NA,NA,NA,NA,NA,1
LOC111103455,NA,NA,NA,NA,NA,NA,NA,NA,NA,NA,2942.91484104,-1.3469645342,0.78116879,0.02380951,0.03941899,NA,NA,NA,NA,NA,NA,NA,NA,NA,NA,1
LOC111103463,NA,NA,NA,NA,NA,NA,NA,NA,NA,NA,77.53352657,-1.4799362097,0.2885368,7.914569e-08,3.133094e-07,NA,NA,NA,NA,NA,NA,NA,NA,NA,NA,1
LOC111103476,NA,NA,NA,NA,NA,NA,NA,NA,NA,NA,59.0902732,3.6938403133,0.88426104,3.813867e-07,1.389689e-06,NA,NA,NA,NA,NA,NA,NA,NA,NA,NA,1
LOC111103496,NA,NA,NA,NA,NA,NA,NA,NA,NA,NA,117.65404945,1.9394566147,0.14895478,1.27071e-39,5.296506e-38,NA,NA,NA,NA,NA,NA,NA,NA,NA,NA,1
LOC111103500,NA,NA,NA,NA,NA,NA,NA,NA,NA,NA,38.68851509,-1.0430819293,0.28862816,0.0001526398,0.0003889468,NA,NA,NA,NA,NA,NA,NA,NA,NA,NA,1
LOC111103513,NA,NA,NA,NA,NA,NA,NA,NA,NA,NA,3011.86748374,1.5315354714,0.25238831,3.266054e-10,1.671222e-09,NA,NA,NA,NA,NA,NA,NA,NA,NA,NA,1
LOC111103550,NA,NA,NA,NA,NA,NA,NA,NA,NA,NA,29.95208635,1.8489156287,0.54969268,0.0001113722,0.0002909137,NA,NA,NA,NA,NA,NA,NA,NA,NA,NA,1
LOC111103557,NA,NA,NA,NA,NA,NA,NA,NA,NA,NA,196.32910256,-1.525931801,0.16076038,5.845817e-22,8.344495e-21,NA,NA,NA,NA,NA,NA,NA,NA,NA,NA,1
LOC111103564,NA,NA,NA,NA,NA,NA,NA,NA,NA,NA,61.91653159,1.018756381,0.28679602,0.0001993372,0.0004986919,NA,NA,NA,NA,NA,NA,NA,NA,NA,NA,1
LOC111103587,NA,NA,NA,NA,NA,NA,NA,NA,NA,NA,207.96460348,1.2288125083,0.21201679,2.722913e-09,1.254928e-08,NA,NA,NA,NA,NA,NA,NA,NA,NA,NA,1
LOC111103595,NA,NA,NA,NA,NA,NA,NA,NA,NA,NA,246.96846984,-2.3133390598,0.40957678,1.238662e-09,5.917318e-09,NA,NA,NA,NA,NA,NA,NA,NA,NA,NA,1
LOC111103596,NA,NA,NA,NA,NA,NA,NA,NA,NA,NA,124.29909159,-1.1260806939,0.3647555,0.0009025253,0.002013542,NA,NA,NA,NA,NA,NA,NA,NA,NA,NA,1
LOC111103614,NA,NA,NA,NA,NA,NA,NA,NA,NA,NA,681.0741399,1.1402713317,0.19118139,1.11582e-09,5.383254e-09,NA,NA,NA,NA,NA,NA,NA,NA,NA,NA,1
LOC111103630,NA,NA,NA,NA,NA,NA,NA,NA,NA,NA,427.89437931,1.5827615407,0.23397962,3.124898e-12,1.949878e-11,NA,NA,NA,NA,NA,NA,NA,NA,NA,NA,1
LOC111103673,NA,NA,NA,NA,NA,NA,NA,NA,NA,NA,26.61291527,2.552882563,0.42966266,1.586928e-10,8.451003e-10,NA,NA,NA,NA,NA,NA,NA,NA,NA,NA,1
LOC111103692,NA,NA,NA,NA,NA,NA,NA,NA,NA,NA,310.46816236,1.161551223,0.30402148,5.752544e-05,0.0001559617,NA,NA,NA,NA,NA,NA,NA,NA,NA,NA,1
LOC111103696,NA,NA,NA,NA,NA,NA,NA,NA,NA,NA,469.17621072,1.7646187221,0.15322829,1.937218e-31,5.140341e-30,NA,NA,NA,NA,NA,NA,NA,NA,NA,NA,1
LOC111103697,NA,NA,NA,NA,NA,NA,NA,NA,NA,NA,329.18796158,3.1672609212,0.77897281,1.121167e-06,3.841135e-06,NA,NA,NA,NA,NA,NA,NA,NA,NA,NA,1
LOC111103722,NA,NA,NA,NA,NA,NA,NA,NA,NA,NA,59.40918362,2.8086291018,0.35720874,1.652069e-16,1.516282e-15,NA,NA,NA,NA,NA,NA,NA,NA,NA,NA,1
LOC111103739,NA,NA,NA,NA,NA,NA,NA,NA,NA,NA,1859.09165114,1.8518673908,0.30862525,2.985646e-10,1.532127e-09,NA,NA,NA,NA,NA,NA,NA,NA,NA,NA,1
LOC111103740,NA,NA,NA,NA,NA,NA,NA,NA,NA,NA,157.06706403,-1.2923834995,0.19259373,7.112593e-12,4.288358e-11,NA,NA,NA,NA,NA,NA,NA,NA,NA,NA,1
LOC111103744,NA,NA,NA,NA,NA,NA,NA,NA,NA,NA,129.44554016,-2.5649200329,0.56784903,3.281719e-07,1.208936e-06,NA,NA,NA,NA,NA,NA,NA,NA,NA,NA,1
LOC111103748,NA,NA,NA,NA,NA,NA,NA,NA,NA,NA,39.24378839,1.009171002,0.32960733,0.001150165,0.002512689,NA,NA,NA,NA,NA,NA,NA,NA,NA,NA,1
LOC111103772,NA,NA,NA,NA,NA,NA,NA,NA,NA,NA,15.3605614,2.1284098459,0.39572849,7.424534e-09,3.284813e-08,NA,NA,NA,NA,NA,NA,NA,NA,NA,NA,1
LOC111103784,NA,NA,NA,NA,NA,NA,NA,NA,NA,NA,168.09668851,1.0067961117,0.2171612,1.905797e-06,6.338861e-06,NA,NA,NA,NA,NA,NA,NA,NA,NA,NA,1
LOC111103785,NA,NA,NA,NA,NA,NA,NA,NA,NA,NA,65.44716589,-1.2379857269,0.31187475,2.794532e-05,7.952584e-05,NA,NA,NA,NA,NA,NA,NA,NA,NA,NA,1
LOC111103788,NA,NA,NA,NA,NA,NA,NA,NA,NA,NA,245.19761472,1.6221233055,0.38085451,4.393986e-06,1.403143e-05,NA,NA,NA,NA,NA,NA,NA,NA,NA,NA,1
LOC111103789,NA,NA,NA,NA,NA,NA,NA,NA,NA,NA,108.89980707,1.2904458453,0.47747825,0.002375029,0.004888693,NA,NA,NA,NA,NA,NA,NA,NA,NA,NA,1
LOC111103803,NA,NA,NA,NA,NA,NA,NA,NA,NA,NA,490.14298091,1.755663713,0.12647807,1.485322e-44,7.843672e-43,NA,NA,NA,NA,NA,NA,NA,NA,NA,NA,1
LOC111103804,NA,NA,NA,NA,NA,NA,NA,NA,NA,NA,521.59356384,1.6650851036,0.32102434,4.331821e-08,1.762989e-07,NA,NA,NA,NA,NA,NA,NA,NA,NA,NA,1
LOC111103810,NA,NA,NA,NA,NA,NA,NA,NA,NA,NA,2206.67926175,1.2748104537,0.36878265,0.000198663,0.0004971211,NA,NA,NA,NA,NA,NA,NA,NA,NA,NA,1
LOC111103816,NA,NA,NA,NA,NA,NA,NA,NA,NA,NA,137.11665145,-2.8081514446,0.3704366,1.502432e-15,1.257304e-14,NA,NA,NA,NA,NA,NA,NA,NA,NA,NA,1
LOC111103820,NA,NA,NA,NA,NA,NA,NA,NA,NA,NA,264.54100836,2.0088119096,0.22099727,1.205159e-20,1.549077e-19,NA,NA,NA,NA,NA,NA,NA,NA,NA,NA,1
LOC111103860,NA,NA,NA,NA,NA,NA,NA,NA,NA,NA,263.49307337,1.6542868295,0.35157456,5.18956e-07,1.859361e-06,NA,NA,NA,NA,NA,NA,NA,NA,NA,NA,1
LOC111103869,NA,NA,NA,NA,NA,NA,NA,NA,NA,NA,993.09454458,-1.3486854163,0.32723276,1.239644e-05,3.693435e-05,NA,NA,NA,NA,NA,NA,NA,NA,NA,NA,1
LOC111103873,NA,NA,NA,NA,NA,NA,NA,NA,NA,NA,342.23811838,1.2525401116,0.13503601,6.90912e-21,9.110181e-20,NA,NA,NA,NA,NA,NA,NA,NA,NA,NA,1
LOC111103875,NA,NA,NA,NA,NA,NA,NA,NA,NA,NA,90.09814144,-2.3293618257,0.24057531,2.798584e-23,4.398947e-22,NA,NA,NA,NA,NA,NA,NA,NA,NA,NA,1
LOC111103879,NA,NA,NA,NA,NA,NA,NA,NA,NA,NA,160.90362112,-1.9146895889,0.34102812,2.701103e-09,1.245412e-08,NA,NA,NA,NA,NA,NA,NA,NA,NA,NA,1
LOC111103885,NA,NA,NA,NA,NA,NA,NA,NA,NA,NA,1889.59155842,1.3665095364,0.08040394,2.941659e-65,3.799347e-63,NA,NA,NA,NA,NA,NA,NA,NA,NA,NA,1
LOC111103886,NA,NA,NA,NA,NA,NA,NA,NA,NA,NA,620.19211128,1.2376631278,0.30312474,1.728824e-05,5.055371e-05,NA,NA,NA,NA,NA,NA,NA,NA,NA,NA,1
LOC111103888,NA,NA,NA,NA,NA,NA,NA,NA,NA,NA,189.24096635,-2.5082577994,0.21976606,2.278464e-31,5.957349e-30,NA,NA,NA,NA,NA,NA,NA,NA,NA,NA,1
LOC111103891,NA,NA,NA,NA,NA,NA,NA,NA,NA,NA,246.26682743,-2.358573837,0.19412226,4.369978e-35,1.428237e-33,NA,NA,NA,NA,NA,NA,NA,NA,NA,NA,1
LOC111103892,NA,NA,NA,NA,NA,NA,NA,NA,NA,NA,67.23866857,1.3570288761,0.19775838,2.258432e-12,1.432567e-11,NA,NA,NA,NA,NA,NA,NA,NA,NA,NA,1
LOC111103901,NA,NA,NA,NA,NA,NA,NA,NA,NA,NA,741.68389611,-5.0125266855,0.37678186,2.090252e-42,1.000335e-40,NA,NA,NA,NA,NA,NA,NA,NA,NA,NA,1
LOC111103912,NA,NA,NA,NA,NA,NA,NA,NA,NA,NA,478.00751242,-5.0649137625,0.32563797,1.423435e-56,1.338529e-54,NA,NA,NA,NA,NA,NA,NA,NA,NA,NA,1
LOC111103913,NA,NA,NA,NA,NA,NA,NA,NA,NA,NA,166.08587504,4.3222698423,0.32212096,6.941038e-43,3.413208e-41,NA,NA,NA,NA,NA,NA,NA,NA,NA,NA,1
LOC111103940,NA,NA,NA,NA,NA,NA,NA,NA,NA,NA,128.32180566,-1.4724144891,0.20496003,1.88806e-13,1.327213e-12,NA,NA,NA,NA,NA,NA,NA,NA,NA,NA,1
LOC111103943,NA,NA,NA,NA,NA,NA,NA,NA,NA,NA,164.35474447,-1.2740296767,0.3862768,0.0003525095,0.0008467179,NA,NA,NA,NA,NA,NA,NA,NA,NA,NA,1
LOC111103958,NA,NA,NA,NA,NA,NA,NA,NA,NA,NA,97.75769318,-1.1753660767,0.1658103,5.887153e-13,3.971698e-12,NA,NA,NA,NA,NA,NA,NA,NA,NA,NA,1
LOC111103965,NA,NA,NA,NA,NA,NA,NA,NA,NA,NA,66.44872404,1.5804706454,0.2536886,1.090762e-10,5.905539e-10,NA,NA,NA,NA,NA,NA,NA,NA,NA,NA,1
LOC111103966,NA,NA,NA,NA,NA,NA,NA,NA,NA,NA,123.48723472,-3.2808565861,0.55214167,7.103084e-11,3.916927e-10,NA,NA,NA,NA,NA,NA,NA,NA,NA,NA,1
LOC111103967,NA,NA,NA,NA,NA,NA,NA,NA,NA,NA,323.90739898,1.108256215,0.32067302,0.0002533963,0.0006237448,NA,NA,NA,NA,NA,NA,NA,NA,NA,NA,1
LOC111103975,NA,NA,NA,NA,NA,NA,NA,NA,NA,NA,63.36494487,-1.1314083626,0.41493235,0.002799518,0.005684754,NA,NA,NA,NA,NA,NA,NA,NA,NA,NA,1
LOC111103977,NA,NA,NA,NA,NA,NA,NA,NA,NA,NA,80.5045308,-2.0550434815,0.28422106,5.409862e-14,3.983085e-13,NA,NA,NA,NA,NA,NA,NA,NA,NA,NA,1
LOC111103980,NA,NA,NA,NA,NA,NA,NA,NA,NA,NA,68.64163696,-1.5381690974,0.3995108,2.869747e-05,8.155803e-05,NA,NA,NA,NA,NA,NA,NA,NA,NA,NA,1
LOC111103982,NA,NA,NA,NA,NA,NA,NA,NA,NA,NA,88.38504457,-1.9846496255,0.25707265,1.45346e-15,1.218224e-14,NA,NA,NA,NA,NA,NA,NA,NA,NA,NA,1
LOC111103988,NA,NA,NA,NA,NA,NA,NA,NA,NA,NA,102.95023864,1.0241673513,0.30794538,0.0004547889,0.001071267,NA,NA,NA,NA,NA,NA,NA,NA,NA,NA,1
LOC111103991,NA,NA,NA,NA,NA,NA,NA,NA,NA,NA,51.20665731,-1.5465857229,0.50711284,0.0005353002,0.001246398,NA,NA,NA,NA,NA,NA,NA,NA,NA,NA,1
LOC111103993,NA,NA,NA,NA,NA,NA,NA,NA,NA,NA,644.87449009,1.431589982,0.17362716,4.914292e-17,4.716312e-16,NA,NA,NA,NA,NA,NA,NA,NA,NA,NA,1
LOC111103994,NA,NA,NA,NA,NA,NA,NA,NA,NA,NA,158.25999288,1.079084828,0.40729614,0.003785294,0.007479881,NA,NA,NA,NA,NA,NA,NA,NA,NA,NA,1
LOC111104004,NA,NA,NA,NA,NA,NA,NA,NA,NA,NA,56.267415,3.1853350377,0.76113781,6.658659e-07,2.348826e-06,NA,NA,NA,NA,NA,NA,NA,NA,NA,NA,1
LOC111104010,NA,NA,NA,NA,NA,NA,NA,NA,NA,NA,459.6348369,-4.0966146024,0.40111628,2.756517e-26,5.257983e-25,NA,NA,NA,NA,NA,NA,NA,NA,NA,NA,1
LOC111104020,NA,NA,NA,NA,NA,NA,NA,NA,NA,NA,960.46580103,1.2221693407,0.26133789,1.169173e-06,3.996662e-06,NA,NA,NA,NA,NA,NA,NA,NA,NA,NA,1
LOC111104022,NA,NA,NA,NA,NA,NA,NA,NA,NA,NA,86.6366934,-1.162510107,0.30364451,5.564206e-05,0.0001513532,NA,NA,NA,NA,NA,NA,NA,NA,NA,NA,1
LOC111104040,NA,NA,NA,NA,NA,NA,NA,NA,NA,NA,56.92171863,-1.3836767109,0.37644515,7.337038e-05,0.0001959956,NA,NA,NA,NA,NA,NA,NA,NA,NA,NA,1
LOC111104053,NA,NA,NA,NA,NA,NA,NA,NA,NA,NA,88.89327025,-1.854810324,0.33879048,6.578196e-09,2.924855e-08,NA,NA,NA,NA,NA,NA,NA,NA,NA,NA,1
LOC111104062,NA,NA,NA,NA,NA,NA,NA,NA,NA,NA,128.87664796,-1.8672800319,0.28539865,8.982717e-12,5.367599e-11,NA,NA,NA,NA,NA,NA,NA,NA,NA,NA,1
LOC111104084,NA,NA,NA,NA,NA,NA,NA,NA,NA,NA,164.13631693,-3.4861570866,0.33327405,3.26986e-27,6.579246e-26,NA,NA,NA,NA,NA,NA,NA,NA,NA,NA,1
LOC111104086,NA,NA,NA,NA,NA,NA,NA,NA,NA,NA,208.06427846,-2.2711905599,0.28642343,1.834568e-16,1.678035e-15,NA,NA,NA,NA,NA,NA,NA,NA,NA,NA,1
LOC111104087,NA,NA,NA,NA,NA,NA,NA,NA,NA,NA,70.87046444,2.5152986136,0.29136468,3.694419e-19,4.186488e-18,NA,NA,NA,NA,NA,NA,NA,NA,NA,NA,1
LOC111104099,NA,NA,NA,NA,NA,NA,NA,NA,NA,NA,48.79300486,-1.4794504166,0.29344352,1.254366e-07,4.852692e-07,NA,NA,NA,NA,NA,NA,NA,NA,NA,NA,1
LOC111104104,NA,NA,NA,NA,NA,NA,NA,NA,NA,NA,73.13621518,2.0930993786,0.25106246,8.157767e-18,8.368542e-17,NA,NA,NA,NA,NA,NA,NA,NA,NA,NA,1
LOC111104105,NA,NA,NA,NA,NA,NA,NA,NA,NA,NA,83.32854338,-2.0430250243,0.51682084,8.38492e-06,2.568181e-05,NA,NA,NA,NA,NA,NA,NA,NA,NA,NA,1
LOC111104113,NA,NA,NA,NA,NA,NA,NA,NA,NA,NA,81.97528016,4.6445012399,0.3901069,1.282998e-34,4.045219e-33,NA,NA,NA,NA,NA,NA,NA,NA,NA,NA,1
LOC111104125,NA,NA,NA,NA,NA,NA,NA,NA,NA,NA,84.30982424,-1.7434161709,0.73248403,0.002770476,0.00563451,NA,NA,NA,NA,NA,NA,NA,NA,NA,NA,1
LOC111104128,NA,NA,NA,NA,NA,NA,NA,NA,NA,NA,185.68121183,-3.2213017943,0.28034678,4.628649e-32,1.292165e-30,NA,NA,NA,NA,NA,NA,NA,NA,NA,NA,1
LOC111104129,NA,NA,NA,NA,NA,NA,NA,NA,NA,NA,138.94819599,-2.3211172577,0.33828757,5.26019e-13,3.564427e-12,NA,NA,NA,NA,NA,NA,NA,NA,NA,NA,1
LOC111104133,NA,NA,NA,NA,NA,NA,NA,NA,NA,NA,224.23532584,-1.2261612974,0.17694093,1.703453e-12,1.096099e-11,NA,NA,NA,NA,NA,NA,NA,NA,NA,NA,1
LOC111104137,NA,NA,NA,NA,NA,NA,NA,NA,NA,NA,24.46113782,1.8306521472,0.38589246,3.238715e-07,1.193914e-06,NA,NA,NA,NA,NA,NA,NA,NA,NA,NA,1
LOC111104143,NA,NA,NA,NA,NA,NA,NA,NA,NA,NA,1642.44634208,1.9948313801,0.16974755,8.628607e-33,2.493225e-31,NA,NA,NA,NA,NA,NA,NA,NA,NA,NA,1
LOC111104149,NA,NA,NA,NA,NA,NA,NA,NA,NA,NA,82.92538106,1.2789049199,0.47118125,0.002335654,0.004816893,NA,NA,NA,NA,NA,NA,NA,NA,NA,NA,1
LOC111104156,NA,NA,NA,NA,NA,NA,NA,NA,NA,NA,63.21632436,3.6934540219,0.46432672,3.542894e-17,3.455853e-16,NA,NA,NA,NA,NA,NA,NA,NA,NA,NA,1
LOC111104170,NA,NA,NA,NA,NA,NA,NA,NA,NA,NA,14.29216049,1.1024798458,0.37247172,0.00141504,0.00304312,NA,NA,NA,NA,NA,NA,NA,NA,NA,NA,1
LOC111104174,NA,NA,NA,NA,NA,NA,NA,NA,NA,NA,38.46769889,2.0603202868,0.36332178,1.560835e-09,7.387263e-09,NA,NA,NA,NA,NA,NA,NA,NA,NA,NA,1
LOC111104190,NA,NA,NA,NA,NA,NA,NA,NA,NA,NA,336.7057985,-1.5932347626,0.18002123,2.021204e-19,2.352585e-18,NA,NA,NA,NA,NA,NA,NA,NA,NA,NA,1
LOC111104225,NA,NA,NA,NA,NA,NA,NA,NA,NA,NA,131.39526973,-2.3070398911,0.22591395,1.41278e-25,2.56695e-24,NA,NA,NA,NA,NA,NA,NA,NA,NA,NA,1
LOC111104232,NA,NA,NA,NA,NA,NA,NA,NA,NA,NA,86.35496207,1.8337258264,0.27392218,3.398129e-12,2.115444e-11,NA,NA,NA,NA,NA,NA,NA,NA,NA,NA,1
LOC111104244,NA,NA,NA,NA,NA,NA,NA,NA,NA,NA,115.52055541,-1.3090675932,0.21142456,2.12316e-10,1.109716e-09,NA,NA,NA,NA,NA,NA,NA,NA,NA,NA,1
LOC111104247,NA,NA,NA,NA,NA,NA,NA,NA,NA,NA,467.81079097,1.1155596654,0.19801896,8.278171e-09,3.650432e-08,NA,NA,NA,NA,NA,NA,NA,NA,NA,NA,1
LOC111104249,NA,NA,NA,NA,NA,NA,NA,NA,NA,NA,351.17668405,2.4144555202,0.29075167,6.98746e-18,7.202459e-17,NA,NA,NA,NA,NA,NA,NA,NA,NA,NA,1
LOC111104267,NA,NA,NA,NA,NA,NA,NA,NA,NA,NA,343.26686944,-1.1265341698,0.31226308,0.000139698,0.0003586977,NA,NA,NA,NA,NA,NA,NA,NA,NA,NA,1
LOC111104275,NA,NA,NA,NA,NA,NA,NA,NA,NA,NA,209.7229863,1.7000339152,0.40886593,6.053915e-06,1.894831e-05,NA,NA,NA,NA,NA,NA,NA,NA,NA,NA,1
LOC111104302,NA,NA,NA,NA,NA,NA,NA,NA,NA,NA,1377.12986036,-4.0082110693,0.59715416,2.711815e-13,1.876737e-12,NA,NA,NA,NA,NA,NA,NA,NA,NA,NA,1
LOC111104316,NA,NA,NA,NA,NA,NA,NA,NA,NA,NA,18.85667272,1.7285533291,0.37643454,7.969632e-07,2.780165e-06,NA,NA,NA,NA,NA,NA,NA,NA,NA,NA,1
LOC111104330,NA,NA,NA,NA,NA,NA,NA,NA,NA,NA,514.47256903,1.1203909238,0.21547371,9.277806e-08,3.643153e-07,NA,NA,NA,NA,NA,NA,NA,NA,NA,NA,1
LOC111104334,NA,NA,NA,NA,NA,NA,NA,NA,NA,NA,150.06315233,2.7283783371,0.4598954,1.3563e-10,7.277043e-10,NA,NA,NA,NA,NA,NA,NA,NA,NA,NA,1
LOC111104338,NA,NA,NA,NA,NA,NA,NA,NA,NA,NA,161.47839972,3.5803161791,0.35110225,4.688252e-26,8.786374e-25,NA,NA,NA,NA,NA,NA,NA,NA,NA,NA,1
LOC111104345,NA,NA,NA,NA,NA,NA,NA,NA,NA,NA,249.09245442,-1.3262350239,0.28177657,8.649058e-07,3.002523e-06,NA,NA,NA,NA,NA,NA,NA,NA,NA,NA,1
LOC111104354,NA,NA,NA,NA,NA,NA,NA,NA,NA,NA,92.24676376,1.0074406128,0.1716208,2.35377e-09,1.092785e-08,NA,NA,NA,NA,NA,NA,NA,NA,NA,NA,1
LOC111104356,NA,NA,NA,NA,NA,NA,NA,NA,NA,NA,47.64160704,1.6883510756,0.2479381,1.933554e-12,1.236736e-11,NA,NA,NA,NA,NA,NA,NA,NA,NA,NA,1
LOC111104368,NA,NA,NA,NA,NA,NA,NA,NA,NA,NA,1527.77065511,1.2188415181,0.1504186,2.197227e-16,1.991063e-15,NA,NA,NA,NA,NA,NA,NA,NA,NA,NA,1
LOC111104388,NA,NA,NA,NA,NA,NA,NA,NA,NA,NA,7501.43073564,2.1093980158,0.36108792,5.285749e-10,2.645342e-09,NA,NA,NA,NA,NA,NA,NA,NA,NA,NA,1
LOC111104400,NA,NA,NA,NA,NA,NA,NA,NA,NA,NA,417.28907716,-1.6486181082,0.20757364,4.195219e-16,3.707564e-15,NA,NA,NA,NA,NA,NA,NA,NA,NA,NA,1
LOC111104401,NA,NA,NA,NA,NA,NA,NA,NA,NA,NA,322.25469269,-1.0394542256,0.24353436,1.011295e-05,3.054687e-05,NA,NA,NA,NA,NA,NA,NA,NA,NA,NA,1
LOC111104403,NA,NA,NA,NA,NA,NA,NA,NA,NA,NA,88.40982662,1.9108426702,0.48406975,1.056515e-05,3.180521e-05,NA,NA,NA,NA,NA,NA,NA,NA,NA,NA,1
LOC111104407,NA,NA,NA,NA,NA,NA,NA,NA,NA,NA,12015.99274591,1.4742323976,0.39488347,5.073706e-05,0.0001391052,NA,NA,NA,NA,NA,NA,NA,NA,NA,NA,1
LOC111104421,NA,NA,NA,NA,NA,NA,NA,NA,NA,NA,165.16310592,1.3166394225,0.24100126,1.641226e-08,6.973422e-08,NA,NA,NA,NA,NA,NA,NA,NA,NA,NA,1
LOC111104430,NA,NA,NA,NA,NA,NA,NA,NA,NA,NA,229.5106552,-2.2542077314,0.28290867,1.376185e-16,1.271785e-15,NA,NA,NA,NA,NA,NA,NA,NA,NA,NA,1
LOC111104432,NA,NA,NA,NA,NA,NA,NA,NA,NA,NA,182.3022895,-1.415079516,0.33457515,6.971446e-06,2.164125e-05,NA,NA,NA,NA,NA,NA,NA,NA,NA,NA,1
LOC111104451,NA,NA,NA,NA,NA,NA,NA,NA,NA,NA,37.64703824,1.1352795137,0.25968196,5.56804e-06,1.751963e-05,NA,NA,NA,NA,NA,NA,NA,NA,NA,NA,1
LOC111104456,NA,NA,NA,NA,NA,NA,NA,NA,NA,NA,44.18344544,-1.2536246671,0.3153298,2.661968e-05,7.593478e-05,NA,NA,NA,NA,NA,NA,NA,NA,NA,NA,1
LOC111104485,NA,NA,NA,NA,NA,NA,NA,NA,NA,NA,60.48192646,-1.7551710254,0.37198056,4.140215e-07,1.501966e-06,NA,NA,NA,NA,NA,NA,NA,NA,NA,NA,1
LOC111104487,NA,NA,NA,NA,NA,NA,NA,NA,NA,NA,92.57747568,-1.6783516875,0.30893124,1.102579e-08,4.784515e-08,NA,NA,NA,NA,NA,NA,NA,NA,NA,NA,1
LOC111104489,NA,NA,NA,NA,NA,NA,NA,NA,NA,NA,54.49907522,-1.4320526929,0.24841659,2.409945e-09,1.116582e-08,NA,NA,NA,NA,NA,NA,NA,NA,NA,NA,1
LOC111104490,NA,NA,NA,NA,NA,NA,NA,NA,NA,NA,100.89463079,-2.7015246985,0.34483708,2.327353e-16,2.10542e-15,NA,NA,NA,NA,NA,NA,NA,NA,NA,NA,1
LOC111104499,NA,NA,NA,NA,NA,NA,NA,NA,NA,NA,41.83416224,-1.1588613214,0.30335161,5.784505e-05,0.000156749,NA,NA,NA,NA,NA,NA,NA,NA,NA,NA,1
LOC111104507,NA,NA,NA,NA,NA,NA,NA,NA,NA,NA,227.0755852,-3.8141625497,0.26342204,3.368254e-49,2.329528e-47,NA,NA,NA,NA,NA,NA,NA,NA,NA,NA,1
LOC111104514,NA,NA,NA,NA,NA,NA,NA,NA,NA,NA,248.03456966,-3.5519769177,0.2343834,1.756749e-53,1.448643e-51,NA,NA,NA,NA,NA,NA,NA,NA,NA,NA,1
LOC111104518,NA,NA,NA,NA,NA,NA,NA,NA,NA,NA,312.02125214,1.0221859548,0.18596749,2.051222e-08,8.633333e-08,NA,NA,NA,NA,NA,NA,NA,NA,NA,NA,1
LOC111104546,NA,NA,NA,NA,NA,NA,NA,NA,NA,NA,148.05340848,-1.3515795443,0.47963211,0.001526402,0.003261517,NA,NA,NA,NA,NA,NA,NA,NA,NA,NA,1
LOC111104586,NA,NA,NA,NA,NA,NA,NA,NA,NA,NA,41.40292087,1.1978533175,0.33715248,0.0001555238,0.0003960044,NA,NA,NA,NA,NA,NA,NA,NA,NA,NA,1
LOC111104605,NA,NA,NA,NA,NA,NA,NA,NA,NA,NA,36.72239197,1.484660681,0.40706368,6.985267e-05,0.0001874395,NA,NA,NA,NA,NA,NA,NA,NA,NA,NA,1
LOC111104619,NA,NA,NA,NA,NA,NA,NA,NA,NA,NA,20.4525915,1.027583284,0.43198561,0.008634637,0.0157877,NA,NA,NA,NA,NA,NA,NA,NA,NA,NA,1
LOC111104629,NA,NA,NA,NA,NA,NA,NA,NA,NA,NA,1393.06593683,1.0807313204,0.14901122,2.020495e-13,1.418448e-12,NA,NA,NA,NA,NA,NA,NA,NA,NA,NA,1
LOC111104649,NA,NA,NA,NA,NA,NA,NA,NA,NA,NA,128.24159765,-1.367971058,0.20481736,7.867081e-12,4.73261e-11,NA,NA,NA,NA,NA,NA,NA,NA,NA,NA,1
LOC111104657,NA,NA,NA,NA,NA,NA,NA,NA,NA,NA,228.8396351,-3.8443348405,0.39200676,1.973024e-24,3.315176e-23,NA,NA,NA,NA,NA,NA,NA,NA,NA,NA,1
LOC111104663,NA,NA,NA,NA,NA,NA,NA,NA,NA,NA,149.26647457,-1.9525614753,0.43763003,1.031625e-06,3.552528e-06,NA,NA,NA,NA,NA,NA,NA,NA,NA,NA,1
LOC111104667,NA,NA,NA,NA,NA,NA,NA,NA,NA,NA,243.08518811,1.3834219456,0.1332545,9.669236e-26,1.777945e-24,NA,NA,NA,NA,NA,NA,NA,NA,NA,NA,1
LOC111104671,NA,NA,NA,NA,NA,NA,NA,NA,NA,NA,89.5485384,-2.0507945716,0.27789098,1.793661e-14,1.374413e-13,NA,NA,NA,NA,NA,NA,NA,NA,NA,NA,1
LOC111104688,NA,NA,NA,NA,NA,NA,NA,NA,NA,NA,316.83196623,-2.3082702831,0.17730114,7.760228e-40,3.314328e-38,NA,NA,NA,NA,NA,NA,NA,NA,NA,NA,1
LOC111104694,NA,NA,NA,NA,NA,NA,NA,NA,NA,NA,104.17053088,1.0073514544,0.32007407,0.0008653457,0.001938259,NA,NA,NA,NA,NA,NA,NA,NA,NA,NA,1
LOC111104697,NA,NA,NA,NA,NA,NA,NA,NA,NA,NA,104.93356523,-2.2556067605,0.28460553,1.93624e-16,1.76651e-15,NA,NA,NA,NA,NA,NA,NA,NA,NA,NA,1
LOC111104702,NA,NA,NA,NA,NA,NA,NA,NA,NA,NA,93.38646127,-1.463216125,0.22827166,4.100513e-11,2.313552e-10,NA,NA,NA,NA,NA,NA,NA,NA,NA,NA,1
LOC111104713,NA,NA,NA,NA,NA,NA,NA,NA,NA,NA,57.34255513,-1.0349406149,0.20931279,3.965575e-07,1.44105e-06,NA,NA,NA,NA,NA,NA,NA,NA,NA,NA,1
LOC111104785,NA,NA,NA,NA,NA,NA,NA,NA,NA,NA,181.42246475,2.1901880554,0.4151352,1.191213e-08,5.136687e-08,NA,NA,NA,NA,NA,NA,NA,NA,NA,NA,1
LOC111104789,NA,NA,NA,NA,NA,NA,NA,NA,NA,NA,60.60183293,-1.4641851398,0.26281162,7.076912e-09,3.138788e-08,NA,NA,NA,NA,NA,NA,NA,NA,NA,NA,1
LOC111104793,NA,NA,NA,NA,NA,NA,NA,NA,NA,NA,48.3437011,-1.0774594545,0.26537004,2.387364e-05,6.853923e-05,NA,NA,NA,NA,NA,NA,NA,NA,NA,NA,1
LOC111104803,NA,NA,NA,NA,NA,NA,NA,NA,NA,NA,60.06840814,-1.3400330733,0.39587497,0.0002337768,0.000577839,NA,NA,NA,NA,NA,NA,NA,NA,NA,NA,1
LOC111104814,NA,NA,NA,NA,NA,NA,NA,NA,NA,NA,149.62743541,-1.1899724697,0.21434236,1.195913e-08,5.152807e-08,NA,NA,NA,NA,NA,NA,NA,NA,NA,NA,1
LOC111104817,NA,NA,NA,NA,NA,NA,NA,NA,NA,NA,38.59521417,-1.1250060375,0.30960043,0.0001266287,0.0003277304,NA,NA,NA,NA,NA,NA,NA,NA,NA,NA,1
LOC111104864,NA,NA,NA,NA,NA,NA,NA,NA,NA,NA,68.57347221,-1.8954414019,0.54119164,6.227583e-05,0.0001682028,NA,NA,NA,NA,NA,NA,NA,NA,NA,NA,1
LOC111104877,NA,NA,NA,NA,NA,NA,NA,NA,NA,NA,81.92994904,-1.309245936,0.35519941,7.903685e-05,0.0002103463,NA,NA,NA,NA,NA,NA,NA,NA,NA,NA,1
LOC111104906,NA,NA,NA,NA,NA,NA,NA,NA,NA,NA,26.15370745,2.9022215848,0.31557554,1.511236e-21,2.082321e-20,NA,NA,NA,NA,NA,NA,NA,NA,NA,NA,1
LOC111104917,NA,NA,NA,NA,NA,NA,NA,NA,NA,NA,458.1060281,-1.6584938937,0.32812745,8.820263e-08,3.471117e-07,NA,NA,NA,NA,NA,NA,NA,NA,NA,NA,1
LOC111104972,NA,NA,NA,NA,NA,NA,NA,NA,NA,NA,47.41531954,-1.2716233843,0.59852149,0.01144088,0.02039007,NA,NA,NA,NA,NA,NA,NA,NA,NA,NA,1
LOC111105030,NA,NA,NA,NA,NA,NA,NA,NA,NA,NA,173.63415037,-2.9493382157,0.2273807,7.261278e-40,3.113636e-38,NA,NA,NA,NA,NA,NA,NA,NA,NA,NA,1
LOC111105148,NA,NA,NA,NA,NA,NA,NA,NA,NA,NA,56.35756836,3.0529316145,0.45568415,6.889696e-13,4.610333e-12,NA,NA,NA,NA,NA,NA,NA,NA,NA,NA,1
LOC111105221,NA,NA,NA,NA,NA,NA,NA,NA,NA,NA,75.8736371,4.3565174953,0.36553506,1.329597e-34,4.167624e-33,NA,NA,NA,NA,NA,NA,NA,NA,NA,NA,1
LOC111105247,NA,NA,NA,NA,NA,NA,NA,NA,NA,NA,48.24571325,-1.1757137552,0.24306612,5.655568e-07,2.014637e-06,NA,NA,NA,NA,NA,NA,NA,NA,NA,NA,1
LOC111105269,NA,NA,NA,NA,NA,NA,NA,NA,NA,NA,102.08679387,4.006760538,0.28681256,4.287039e-46,2.418793e-44,NA,NA,NA,NA,NA,NA,NA,NA,NA,NA,1
LOC111105275,NA,NA,NA,NA,NA,NA,NA,NA,NA,NA,235.59299411,4.0775061144,0.22143341,1.802643e-77,3.067354e-75,NA,NA,NA,NA,NA,NA,NA,NA,NA,NA,1
LOC111105303,NA,NA,NA,NA,NA,NA,NA,NA,NA,NA,132.63041676,1.7134582634,0.73920017,0.003416851,0.006823517,NA,NA,NA,NA,NA,NA,NA,NA,NA,NA,1
LOC111105333,NA,NA,NA,NA,NA,NA,NA,NA,NA,NA,82.43606573,-1.8350364831,0.54634986,0.0001158914,0.0003018356,NA,NA,NA,NA,NA,NA,NA,NA,NA,NA,1
LOC111105357,NA,NA,NA,NA,NA,NA,NA,NA,NA,NA,62.51343459,3.466750506,0.49005451,3.423029e-14,2.557133e-13,NA,NA,NA,NA,NA,NA,NA,NA,NA,NA,1
LOC111105365,NA,NA,NA,NA,NA,NA,NA,NA,NA,NA,64.07560473,-1.2926940222,0.21512334,6.811594e-10,3.369649e-09,NA,NA,NA,NA,NA,NA,NA,NA,NA,NA,1
LOC111105394,NA,NA,NA,NA,NA,NA,NA,NA,NA,NA,36.82288996,1.9617403548,0.48315965,6.069803e-06,1.899007e-05,NA,NA,NA,NA,NA,NA,NA,NA,NA,NA,1
LOC111105429,NA,NA,NA,NA,NA,NA,NA,NA,NA,NA,943.94161411,1.1587778148,0.33018548,0.0001936159,0.0004851711,NA,NA,NA,NA,NA,NA,NA,NA,NA,NA,1
LOC111105440,NA,NA,NA,NA,NA,NA,NA,NA,NA,NA,110.46076409,-1.9284967836,0.28352432,1.399339e-12,9.080455e-12,NA,NA,NA,NA,NA,NA,NA,NA,NA,NA,1
LOC111105446,NA,NA,NA,NA,NA,NA,NA,NA,NA,NA,73.48381746,-1.6771473577,0.31201721,1.52237e-08,6.494153e-08,NA,NA,NA,NA,NA,NA,NA,NA,NA,NA,1
LOC111105449,NA,NA,NA,NA,NA,NA,NA,NA,NA,NA,99.10404179,1.1003307668,0.28386709,4.99595e-05,0.0001371839,NA,NA,NA,NA,NA,NA,NA,NA,NA,NA,1
LOC111105464,NA,NA,NA,NA,NA,NA,NA,NA,NA,NA,56.14720578,-1.1289247023,0.23484074,7.008481e-07,2.465734e-06,NA,NA,NA,NA,NA,NA,NA,NA,NA,NA,1
LOC111105526,NA,NA,NA,NA,NA,NA,NA,NA,NA,NA,16325.7274797,2.812431465,0.27083886,1.330124e-26,2.606752e-25,NA,NA,NA,NA,NA,NA,NA,NA,NA,NA,1
LOC111105527,NA,NA,NA,NA,NA,NA,NA,NA,NA,NA,59.21336057,-1.0160556815,0.22011224,2.075074e-06,6.865676e-06,NA,NA,NA,NA,NA,NA,NA,NA,NA,NA,1
LOC111105617,NA,NA,NA,NA,NA,NA,NA,NA,NA,NA,99.53399449,-1.2995947373,0.30686551,8.122148e-06,2.498405e-05,NA,NA,NA,NA,NA,NA,NA,NA,NA,NA,1
LOC111105686,NA,NA,NA,NA,NA,NA,NA,NA,NA,NA,197.20570046,-2.0342271432,0.21949796,2.22728e-21,3.053253e-20,NA,NA,NA,NA,NA,NA,NA,NA,NA,NA,1
LOC111105689,NA,NA,NA,NA,NA,NA,NA,NA,NA,NA,668.15443699,3.5786727527,0.24729289,4.456852e-49,3.04315e-47,NA,NA,NA,NA,NA,NA,NA,NA,NA,NA,1
LOC111105700,NA,NA,NA,NA,NA,NA,NA,NA,NA,NA,73.83199624,2.7083523412,0.32761982,6.789878e-18,7.005533e-17,NA,NA,NA,NA,NA,NA,NA,NA,NA,NA,1
LOC111105703,NA,NA,NA,NA,NA,NA,NA,NA,NA,NA,66.57629699,2.3802792594,0.32716796,2.478711e-14,1.876539e-13,NA,NA,NA,NA,NA,NA,NA,NA,NA,NA,1
LOC111105704,NA,NA,NA,NA,NA,NA,NA,NA,NA,NA,38.32007652,2.0836647615,0.25408074,2.588973e-17,2.5509e-16,NA,NA,NA,NA,NA,NA,NA,NA,NA,NA,1
LOC111105707,NA,NA,NA,NA,NA,NA,NA,NA,NA,NA,328.6139316,4.565216906,0.28819397,2.114508e-58,2.158812e-56,NA,NA,NA,NA,NA,NA,NA,NA,NA,NA,1
LOC111105725,NA,NA,NA,NA,NA,NA,NA,NA,NA,NA,130.49430014,-1.1707334477,0.17754512,1.86954e-11,1.083909e-10,NA,NA,NA,NA,NA,NA,NA,NA,NA,NA,1
LOC111105739,NA,NA,NA,NA,NA,NA,NA,NA,NA,NA,241.53914898,-1.7882035485,0.52814407,0.000113461,0.0002960091,NA,NA,NA,NA,NA,NA,NA,NA,NA,NA,1
LOC111105806,NA,NA,NA,NA,NA,NA,NA,NA,NA,NA,727.32591453,1.4968524414,0.50553928,0.0007739515,0.00175222,NA,NA,NA,NA,NA,NA,NA,NA,NA,NA,1
LOC111105831,NA,NA,NA,NA,NA,NA,NA,NA,NA,NA,83.85641652,-1.1777771187,0.41830983,0.002000871,0.0041779,NA,NA,NA,NA,NA,NA,NA,NA,NA,NA,1
LOC111105846,NA,NA,NA,NA,NA,NA,NA,NA,NA,NA,39.57435515,1.1471175231,0.25130843,2.229472e-06,7.340276e-06,NA,NA,NA,NA,NA,NA,NA,NA,NA,NA,1
LOC111105849,NA,NA,NA,NA,NA,NA,NA,NA,NA,NA,578.33834917,-1.8252102347,0.30653775,4.129525e-10,2.094064e-09,NA,NA,NA,NA,NA,NA,NA,NA,NA,NA,1
LOC111105904,NA,NA,NA,NA,NA,NA,NA,NA,NA,NA,389.19964364,1.5680513405,0.17945735,5.727887e-19,6.40281e-18,NA,NA,NA,NA,NA,NA,NA,NA,NA,NA,1
LOC111105923,NA,NA,NA,NA,NA,NA,NA,NA,NA,NA,64.66393008,1.3848938466,0.23141204,6.888529e-10,3.406136e-09,NA,NA,NA,NA,NA,NA,NA,NA,NA,NA,1
LOC111105931,NA,NA,NA,NA,NA,NA,NA,NA,NA,NA,74.1107477,1.0217882121,0.46222479,0.01342277,0.0235387,NA,NA,NA,NA,NA,NA,NA,NA,NA,NA,1
LOC111105935,NA,NA,NA,NA,NA,NA,NA,NA,NA,NA,34.88222292,3.0205218408,0.31925213,1.114431e-22,1.680267e-21,NA,NA,NA,NA,NA,NA,NA,NA,NA,NA,1
LOC111105943,NA,NA,NA,NA,NA,NA,NA,NA,NA,NA,35.80102307,1.9714586596,0.32791167,2.307777e-10,1.196443e-09,NA,NA,NA,NA,NA,NA,NA,NA,NA,NA,1
LOC111105944,NA,NA,NA,NA,NA,NA,NA,NA,NA,NA,40.5545501,1.3033835441,0.35066608,7.063653e-05,0.0001894006,NA,NA,NA,NA,NA,NA,NA,NA,NA,NA,1
LOC111105967,NA,NA,NA,NA,NA,NA,NA,NA,NA,NA,96.4542672,2.5535583293,0.27930981,3.624421e-21,4.893425e-20,NA,NA,NA,NA,NA,NA,NA,NA,NA,NA,1
LOC111105972,NA,NA,NA,NA,NA,NA,NA,NA,NA,NA,55.00185048,1.4112335604,0.49585813,0.001274134,0.002761568,NA,NA,NA,NA,NA,NA,NA,NA,NA,NA,1
LOC111105980,NA,NA,NA,NA,NA,NA,NA,NA,NA,NA,542.82655841,-3.747745965,0.28140587,3.876559e-42,1.830692e-40,NA,NA,NA,NA,NA,NA,NA,NA,NA,NA,1
LOC111105990,NA,NA,NA,NA,NA,NA,NA,NA,NA,NA,30.52704091,3.2877221417,0.37454116,4.714194e-20,5.795432e-19,NA,NA,NA,NA,NA,NA,NA,NA,NA,NA,1
LOC111106022,NA,NA,NA,NA,NA,NA,NA,NA,NA,NA,1031.86680925,-1.8118423293,0.16001609,1.664844e-30,4.112241e-29,NA,NA,NA,NA,NA,NA,NA,NA,NA,NA,1
LOC111106023,NA,NA,NA,NA,NA,NA,NA,NA,NA,NA,208.79622198,-3.2113246952,0.48205837,7.626431e-13,5.086218e-12,NA,NA,NA,NA,NA,NA,NA,NA,NA,NA,1
LOC111106031,NA,NA,NA,NA,NA,NA,NA,NA,NA,NA,170.27445236,-3.1046939799,0.23616043,6.283423e-41,2.842122e-39,NA,NA,NA,NA,NA,NA,NA,NA,NA,NA,1
LOC111106040,NA,NA,NA,NA,NA,NA,NA,NA,NA,NA,73.96089363,2.489224509,0.24358455,1.049669e-25,1.923496e-24,NA,NA,NA,NA,NA,NA,NA,NA,NA,NA,1
LOC111106047,NA,NA,NA,NA,NA,NA,NA,NA,NA,NA,65.31074605,-1.1386043476,0.26154236,6.027206e-06,1.888677e-05,NA,NA,NA,NA,NA,NA,NA,NA,NA,NA,1
LOC111106051,NA,NA,NA,NA,NA,NA,NA,NA,NA,NA,127.29596495,1.2072893225,0.37323737,0.0004863716,0.001140399,NA,NA,NA,NA,NA,NA,NA,NA,NA,NA,1
LOC111106096,NA,NA,NA,NA,NA,NA,NA,NA,NA,NA,267.58362524,1.270729625,0.48429121,0.003080198,0.006204383,NA,NA,NA,NA,NA,NA,NA,NA,NA,NA,1
LOC111106105,NA,NA,NA,NA,NA,NA,NA,NA,NA,NA,245.41975356,2.1175793219,0.26299533,8.419599e-17,7.945256e-16,NA,NA,NA,NA,NA,NA,NA,NA,NA,NA,1
LOC111106114,NA,NA,NA,NA,NA,NA,NA,NA,NA,NA,72.14769062,3.1499410796,0.21802883,8.901544e-49,5.92699e-47,NA,NA,NA,NA,NA,NA,NA,NA,NA,NA,1
LOC111106115,NA,NA,NA,NA,NA,NA,NA,NA,NA,NA,162.96355641,5.4622935423,0.26269528,3.911422e-98,1.198013e-95,NA,NA,NA,NA,NA,NA,NA,NA,NA,NA,1
LOC111106118,NA,NA,NA,NA,NA,NA,NA,NA,NA,NA,62.41995246,-1.5886237292,0.35561817,1.797036e-06,5.999448e-06,NA,NA,NA,NA,NA,NA,NA,NA,NA,NA,1
LOC111106129,NA,NA,NA,NA,NA,NA,NA,NA,NA,NA,18.3076302,2.3259111056,0.31276804,7.976482e-15,6.278112e-14,NA,NA,NA,NA,NA,NA,NA,NA,NA,NA,1
LOC111106154,NA,NA,NA,NA,NA,NA,NA,NA,NA,NA,47.54105981,-1.3268217463,0.4053288,0.0003549327,0.0008515842,NA,NA,NA,NA,NA,NA,NA,NA,NA,NA,1
LOC111106162,NA,NA,NA,NA,NA,NA,NA,NA,NA,NA,50.64953535,-1.1778032813,0.43032204,0.002538925,0.005197112,NA,NA,NA,NA,NA,NA,NA,NA,NA,NA,1
LOC111106169,NA,NA,NA,NA,NA,NA,NA,NA,NA,NA,49.26616603,2.3423433904,0.45664926,2.105436e-08,8.844151e-08,NA,NA,NA,NA,NA,NA,NA,NA,NA,NA,1
LOC111106170,NA,NA,NA,NA,NA,NA,NA,NA,NA,NA,274.82019794,-2.4269532316,0.58606783,2.14014e-06,7.061342e-06,NA,NA,NA,NA,NA,NA,NA,NA,NA,NA,1
LOC111106178,NA,NA,NA,NA,NA,NA,NA,NA,NA,NA,44.75106233,1.7740201258,0.26199306,2.200761e-12,1.397639e-11,NA,NA,NA,NA,NA,NA,NA,NA,NA,NA,1
LOC111106183,NA,NA,NA,NA,NA,NA,NA,NA,NA,NA,55.24420594,-1.9389131454,0.42891015,8.002705e-07,2.789886e-06,NA,NA,NA,NA,NA,NA,NA,NA,NA,NA,1
LOC111106233,NA,NA,NA,NA,NA,NA,NA,NA,NA,NA,225.02769192,5.0891675411,0.19021738,1.093012e-159,1.673869e-156,NA,NA,NA,NA,NA,NA,NA,NA,NA,NA,1
LOC111106234,NA,NA,NA,NA,NA,NA,NA,NA,NA,NA,629.52457531,4.383366073,0.27226025,3.719276e-60,4.027337e-58,NA,NA,NA,NA,NA,NA,NA,NA,NA,NA,1
LOC111106242,NA,NA,NA,NA,NA,NA,NA,NA,NA,NA,53.89960871,-1.4098044295,0.34354784,1.217807e-05,3.631402e-05,NA,NA,NA,NA,NA,NA,NA,NA,NA,NA,1
LOC111106249,NA,NA,NA,NA,NA,NA,NA,NA,NA,NA,72.03457759,2.2958076194,0.30230009,2.485975e-15,2.051551e-14,NA,NA,NA,NA,NA,NA,NA,NA,NA,NA,1
LOC111106251,NA,NA,NA,NA,NA,NA,NA,NA,NA,NA,83.99583268,1.6354632798,0.21569918,7.328503e-15,5.7979e-14,NA,NA,NA,NA,NA,NA,NA,NA,NA,NA,1
LOC111106257,NA,NA,NA,NA,NA,NA,NA,NA,NA,NA,112.66991291,-1.0196530959,0.18681297,2.556296e-08,1.0638e-07,NA,NA,NA,NA,NA,NA,NA,NA,NA,NA,1
LOC111106293,NA,NA,NA,NA,NA,NA,NA,NA,NA,NA,849.13839712,-2.7526752482,0.52975299,8.700779e-09,3.825773e-08,NA,NA,NA,NA,NA,NA,NA,NA,NA,NA,1
LOC111106301,NA,NA,NA,NA,NA,NA,NA,NA,NA,NA,42.51666659,1.1265766834,0.36640658,0.0009403906,0.002090624,NA,NA,NA,NA,NA,NA,NA,NA,NA,NA,1
LOC111106304,NA,NA,NA,NA,NA,NA,NA,NA,NA,NA,46.59901626,1.1586729742,0.33382025,0.0002234845,0.0005545726,NA,NA,NA,NA,NA,NA,NA,NA,NA,NA,1
LOC111106314,NA,NA,NA,NA,NA,NA,NA,NA,NA,NA,70.4462489,-1.5229467408,0.38439224,1.856106e-05,5.411328e-05,NA,NA,NA,NA,NA,NA,NA,NA,NA,NA,1
LOC111106317,NA,NA,NA,NA,NA,NA,NA,NA,NA,NA,178.407534,1.6892381083,0.36124498,5.65677e-07,2.014637e-06,NA,NA,NA,NA,NA,NA,NA,NA,NA,NA,1
LOC111106329,NA,NA,NA,NA,NA,NA,NA,NA,NA,NA,59.80920698,1.7951212647,0.23302601,2.217187e-15,1.835386e-14,NA,NA,NA,NA,NA,NA,NA,NA,NA,NA,1
LOC111106339,NA,NA,NA,NA,NA,NA,NA,NA,NA,NA,42.43802993,2.9205992749,0.58366948,1.947219e-08,8.208488e-08,NA,NA,NA,NA,NA,NA,NA,NA,NA,NA,1
LOC111106343,NA,NA,NA,NA,NA,NA,NA,NA,NA,NA,150.6901734,-3.0339275388,0.59378084,9.916445e-09,4.331878e-08,NA,NA,NA,NA,NA,NA,NA,NA,NA,NA,1
LOC111106355,NA,NA,NA,NA,NA,NA,NA,NA,NA,NA,158.11774307,-2.4495573149,0.22660719,2.099675e-28,4.556379e-27,NA,NA,NA,NA,NA,NA,NA,NA,NA,NA,1
LOC111106371,NA,NA,NA,NA,NA,NA,NA,NA,NA,NA,55.05436835,4.0078343201,0.71128726,2.188678e-10,1.140624e-09,NA,NA,NA,NA,NA,NA,NA,NA,NA,NA,1
LOC111106435,NA,NA,NA,NA,NA,NA,NA,NA,NA,NA,87.93004065,1.0131087202,0.1909143,5.977691e-08,2.394651e-07,NA,NA,NA,NA,NA,NA,NA,NA,NA,NA,1
LOC111106499,NA,NA,NA,NA,NA,NA,NA,NA,NA,NA,25.14242629,1.9829692438,0.28313728,3.11692e-13,2.14739e-12,NA,NA,NA,NA,NA,NA,NA,NA,NA,NA,1
LOC111106506,NA,NA,NA,NA,NA,NA,NA,NA,NA,NA,618.23470558,-1.0135924027,0.30484749,0.0004625203,0.001088522,NA,NA,NA,NA,NA,NA,NA,NA,NA,NA,1
LOC111106515,NA,NA,NA,NA,NA,NA,NA,NA,NA,NA,42.49374812,2.1007284225,0.23074676,9.245709e-21,1.201382e-19,NA,NA,NA,NA,NA,NA,NA,NA,NA,NA,1
LOC111106540,NA,NA,NA,NA,NA,NA,NA,NA,NA,NA,97.80570981,-1.2199214241,0.26924162,2.357484e-06,7.749413e-06,NA,NA,NA,NA,NA,NA,NA,NA,NA,NA,1
LOC111106541,NA,NA,NA,NA,NA,NA,NA,NA,NA,NA,111.44163435,-1.2939454916,0.2455612,4.964421e-08,2.003712e-07,NA,NA,NA,NA,NA,NA,NA,NA,NA,NA,1
LOC111106542,NA,NA,NA,NA,NA,NA,NA,NA,NA,NA,34.2411409,3.4232597153,0.26896249,1.117755e-38,4.357212e-37,NA,NA,NA,NA,NA,NA,NA,NA,NA,NA,1
LOC111106548,NA,NA,NA,NA,NA,NA,NA,NA,NA,NA,23.94941464,1.247728811,0.30814484,1.968496e-05,5.71258e-05,NA,NA,NA,NA,NA,NA,NA,NA,NA,NA,1
LOC111106576,NA,NA,NA,NA,NA,NA,NA,NA,NA,NA,131.75529541,-2.0602473862,0.24450509,4.009666e-18,4.201722e-17,NA,NA,NA,NA,NA,NA,NA,NA,NA,NA,1
LOC111106614,NA,NA,NA,NA,NA,NA,NA,NA,NA,NA,53.83708864,1.473391838,0.40476388,7.309972e-05,0.0001954187,NA,NA,NA,NA,NA,NA,NA,NA,NA,NA,1
LOC111106623,NA,NA,NA,NA,NA,NA,NA,NA,NA,NA,73.93942691,1.0880052349,0.21057753,1.155945e-07,4.494644e-07,NA,NA,NA,NA,NA,NA,NA,NA,NA,NA,1
LOC111106625,NA,NA,NA,NA,NA,NA,NA,NA,NA,NA,85.36222173,3.7289560002,0.37368831,3.8655e-25,6.872e-24,NA,NA,NA,NA,NA,NA,NA,NA,NA,NA,1
LOC111106626,NA,NA,NA,NA,NA,NA,NA,NA,NA,NA,80.76483392,1.2708297087,0.24605887,9.027929e-08,3.548933e-07,NA,NA,NA,NA,NA,NA,NA,NA,NA,NA,1
LOC111106628,NA,NA,NA,NA,NA,NA,NA,NA,NA,NA,82.69464306,2.1585699521,0.30545189,1.532137e-13,1.085559e-12,NA,NA,NA,NA,NA,NA,NA,NA,NA,NA,1
LOC111106629,NA,NA,NA,NA,NA,NA,NA,NA,NA,NA,166.88077104,2.78436951,0.189287,2.677963e-50,1.966285e-48,NA,NA,NA,NA,NA,NA,NA,NA,NA,NA,1
LOC111106630,NA,NA,NA,NA,NA,NA,NA,NA,NA,NA,124.72218496,1.8515651019,0.29515674,5.380292e-11,3.008697e-10,NA,NA,NA,NA,NA,NA,NA,NA,NA,NA,1
LOC111106631,NA,NA,NA,NA,NA,NA,NA,NA,NA,NA,84.33987604,2.2096606372,0.33427646,3.433713e-12,2.136355e-11,NA,NA,NA,NA,NA,NA,NA,NA,NA,NA,1
LOC111106634,NA,NA,NA,NA,NA,NA,NA,NA,NA,NA,78.9332268,2.0825648423,0.2666438,6.182321e-16,5.370704e-15,NA,NA,NA,NA,NA,NA,NA,NA,NA,NA,1
LOC111106645,NA,NA,NA,NA,NA,NA,NA,NA,NA,NA,72.1161439,1.4801792174,0.37542587,2.153139e-05,6.226503e-05,NA,NA,NA,NA,NA,NA,NA,NA,NA,NA,1
LOC111106667,NA,NA,NA,NA,NA,NA,NA,NA,NA,NA,102.1251539,-1.8703095877,0.2800718,3.588756e-12,2.229428e-11,NA,NA,NA,NA,NA,NA,NA,NA,NA,NA,1
LOC111106673,NA,NA,NA,NA,NA,NA,NA,NA,NA,NA,27.30814882,2.3224900322,0.31639015,1.646781e-14,1.263672e-13,NA,NA,NA,NA,NA,NA,NA,NA,NA,NA,1
LOC111106696,NA,NA,NA,NA,NA,NA,NA,NA,NA,NA,86.49691447,-1.2294354339,0.24730485,2.64484e-07,9.848101e-07,NA,NA,NA,NA,NA,NA,NA,NA,NA,NA,1
LOC111106719,NA,NA,NA,NA,NA,NA,NA,NA,NA,NA,210.00016062,2.4302601921,0.23859535,1.588623e-25,2.871845e-24,NA,NA,NA,NA,NA,NA,NA,NA,NA,NA,1
LOC111106749,NA,NA,NA,NA,NA,NA,NA,NA,NA,NA,93.39955962,-1.6371779447,0.35564228,8.734804e-07,3.030327e-06,NA,NA,NA,NA,NA,NA,NA,NA,NA,NA,1
LOC111106753,NA,NA,NA,NA,NA,NA,NA,NA,NA,NA,75.23290733,-1.7622167226,0.23042268,3.607108e-15,2.942785e-14,NA,NA,NA,NA,NA,NA,NA,NA,NA,NA,1
LOC111106755,NA,NA,NA,NA,NA,NA,NA,NA,NA,NA,168.77350471,3.1078406888,0.24904222,3.394902e-37,1.233673e-35,NA,NA,NA,NA,NA,NA,NA,NA,NA,NA,1
LOC111106777,NA,NA,NA,NA,NA,NA,NA,NA,NA,NA,152.27844283,-1.4260770214,0.15836653,6.499125e-20,7.917116e-19,NA,NA,NA,NA,NA,NA,NA,NA,NA,NA,1
LOC111106790,NA,NA,NA,NA,NA,NA,NA,NA,NA,NA,53.56871766,1.3513270637,0.22856108,1.126722e-09,5.42608e-09,NA,NA,NA,NA,NA,NA,NA,NA,NA,NA,1
LOC111106791,NA,NA,NA,NA,NA,NA,NA,NA,NA,NA,63.58183255,2.2386475009,0.38448425,4.928067e-10,2.47558e-09,NA,NA,NA,NA,NA,NA,NA,NA,NA,NA,1
LOC111106794,NA,NA,NA,NA,NA,NA,NA,NA,NA,NA,55.47006244,4.4878453973,0.31872449,6.667112e-47,3.927002e-45,NA,NA,NA,NA,NA,NA,NA,NA,NA,NA,1
LOC111106795,NA,NA,NA,NA,NA,NA,NA,NA,NA,NA,21.24638784,1.8782125239,0.3394393,4.553218e-09,2.052586e-08,NA,NA,NA,NA,NA,NA,NA,NA,NA,NA,1
LOC111106801,NA,NA,NA,NA,NA,NA,NA,NA,NA,NA,109.07182616,-1.5794688986,0.36111088,2.804297e-06,9.12508e-06,NA,NA,NA,NA,NA,NA,NA,NA,NA,NA,1
LOC111106857,NA,NA,NA,NA,NA,NA,NA,NA,NA,NA,124.74872062,-1.2062513211,0.50181692,0.006255271,0.01178083,NA,NA,NA,NA,NA,NA,NA,NA,NA,NA,1
LOC111106859,NA,NA,NA,NA,NA,NA,NA,NA,NA,NA,94.17021102,-1.1102898862,0.2363157,1.230726e-06,4.191036e-06,NA,NA,NA,NA,NA,NA,NA,NA,NA,NA,1
LOC111106871,NA,NA,NA,NA,NA,NA,NA,NA,NA,NA,22.88688263,1.3437829951,0.35741593,5.605968e-05,0.0001523345,NA,NA,NA,NA,NA,NA,NA,NA,NA,NA,1
LOC111106880,NA,NA,NA,NA,NA,NA,NA,NA,NA,NA,78.03346798,1.4905452053,0.30093444,1.949562e-07,7.384913e-07,NA,NA,NA,NA,NA,NA,NA,NA,NA,NA,1
LOC111106881,NA,NA,NA,NA,NA,NA,NA,NA,NA,NA,67.4910298,1.8327364618,0.39859817,6.555132e-07,2.314592e-06,NA,NA,NA,NA,NA,NA,NA,NA,NA,NA,1
LOC111106896,NA,NA,NA,NA,NA,NA,NA,NA,NA,NA,82.37732338,1.888996519,0.26261626,9.149755e-14,6.631871e-13,NA,NA,NA,NA,NA,NA,NA,NA,NA,NA,1
LOC111106924,NA,NA,NA,NA,NA,NA,NA,NA,NA,NA,128.53195924,1.7663531402,0.23260304,5.440115e-15,4.352092e-14,NA,NA,NA,NA,NA,NA,NA,NA,NA,NA,1
LOC111106944,NA,NA,NA,NA,NA,NA,NA,NA,NA,NA,85.59677405,-1.4509621082,0.68515665,0.008679556,0.01586172,NA,NA,NA,NA,NA,NA,NA,NA,NA,NA,1
LOC111106950,NA,NA,NA,NA,NA,NA,NA,NA,NA,NA,32.57177333,2.3607291063,0.26736764,7.853791e-20,9.53484e-19,NA,NA,NA,NA,NA,NA,NA,NA,NA,NA,1
LOC111106951,NA,NA,NA,NA,NA,NA,NA,NA,NA,NA,93.28891573,2.4999057418,0.27724771,1.221116e-20,1.567708e-19,NA,NA,NA,NA,NA,NA,NA,NA,NA,NA,1
LOC111106982,NA,NA,NA,NA,NA,NA,NA,NA,NA,NA,250.60469065,1.5232483629,0.46621891,0.0002659518,0.0006503201,NA,NA,NA,NA,NA,NA,NA,NA,NA,NA,1
LOC111107009,NA,NA,NA,NA,NA,NA,NA,NA,NA,NA,298.45016239,-1.3888343217,0.3789179,7.577967e-05,0.0002021294,NA,NA,NA,NA,NA,NA,NA,NA,NA,NA,1
LOC111107019,NA,NA,NA,NA,NA,NA,NA,NA,NA,NA,104.76084007,-1.5549051292,0.20328201,4.96478e-15,3.989688e-14,NA,NA,NA,NA,NA,NA,NA,NA,NA,NA,1
LOC111107029,NA,NA,NA,NA,NA,NA,NA,NA,NA,NA,144.23171852,1.6527704208,0.15749363,1.940734e-26,3.735603e-25,NA,NA,NA,NA,NA,NA,NA,NA,NA,NA,1
LOC111107048,NA,NA,NA,NA,NA,NA,NA,NA,NA,NA,251.8092162,-1.0033245343,0.3664147,0.003221147,0.006471269,NA,NA,NA,NA,NA,NA,NA,NA,NA,NA,1
LOC111107062,NA,NA,NA,NA,NA,NA,NA,NA,NA,NA,158.67446828,-1.4937764963,0.25578426,1.396901e-09,6.649547e-09,NA,NA,NA,NA,NA,NA,NA,NA,NA,NA,1
LOC111107067,NA,NA,NA,NA,NA,NA,NA,NA,NA,NA,39.44085488,-1.3013420234,0.3011405,5.504235e-06,1.732904e-05,NA,NA,NA,NA,NA,NA,NA,NA,NA,NA,1
LOC111107068,NA,NA,NA,NA,NA,NA,NA,NA,NA,NA,106.55717512,-2.43356615,0.23077999,3.699154e-27,7.411064e-26,NA,NA,NA,NA,NA,NA,NA,NA,NA,NA,1
LOC111107088,NA,NA,NA,NA,NA,NA,NA,NA,NA,NA,513.6982097,-1.6517358767,0.61740387,0.001436442,0.003084667,NA,NA,NA,NA,NA,NA,NA,NA,NA,NA,1
LOC111107103,NA,NA,NA,NA,NA,NA,NA,NA,NA,NA,249.16961149,-1.8446729136,0.39524252,4.608631e-07,1.661774e-06,NA,NA,NA,NA,NA,NA,NA,NA,NA,NA,1
LOC111107105,NA,NA,NA,NA,NA,NA,NA,NA,NA,NA,672.38245498,-2.934540218,0.4557087,4.420767e-12,2.711134e-11,NA,NA,NA,NA,NA,NA,NA,NA,NA,NA,1
LOC111107113,NA,NA,NA,NA,NA,NA,NA,NA,NA,NA,611.74322033,1.9235745207,0.2218895,6.00337e-19,6.689826e-18,NA,NA,NA,NA,NA,NA,NA,NA,NA,NA,1
LOC111107117,NA,NA,NA,NA,NA,NA,NA,NA,NA,NA,619.84688625,2.0421116856,0.42610019,1.831748e-07,6.961617e-07,NA,NA,NA,NA,NA,NA,NA,NA,NA,NA,1
LOC111107124,NA,NA,NA,NA,NA,NA,NA,NA,NA,NA,70.73628361,-1.4628454457,0.37198914,2.3085e-05,6.638176e-05,NA,NA,NA,NA,NA,NA,NA,NA,NA,NA,1
LOC111107130,NA,NA,NA,NA,NA,NA,NA,NA,NA,NA,149.9861537,-1.2178849159,0.38666451,0.0006409084,0.001471207,NA,NA,NA,NA,NA,NA,NA,NA,NA,NA,1
LOC111107136,NA,NA,NA,NA,NA,NA,NA,NA,NA,NA,674.68267425,1.3345214687,0.27883875,5.776764e-07,2.055324e-06,NA,NA,NA,NA,NA,NA,NA,NA,NA,NA,1
LOC111107155,NA,NA,NA,NA,NA,NA,NA,NA,NA,NA,45.93551714,-1.2625243131,0.48017584,0.00307089,0.006188699,NA,NA,NA,NA,NA,NA,NA,NA,NA,NA,1
LOC111107156,NA,NA,NA,NA,NA,NA,NA,NA,NA,NA,39.1656294,2.9312965579,0.41242866,4.481909e-14,3.318098e-13,NA,NA,NA,NA,NA,NA,NA,NA,NA,NA,1
LOC111107160,NA,NA,NA,NA,NA,NA,NA,NA,NA,NA,72.23506082,5.1464214704,0.32571494,2.801614e-58,2.83333e-56,NA,NA,NA,NA,NA,NA,NA,NA,NA,NA,1
LOC111107163,NA,NA,NA,NA,NA,NA,NA,NA,NA,NA,529.37595275,1.0440517813,0.18683139,1.182523e-08,5.102698e-08,NA,NA,NA,NA,NA,NA,NA,NA,NA,NA,1
LOC111107171,NA,NA,NA,NA,NA,NA,NA,NA,NA,NA,134.55566349,-2.1647875946,0.25403247,1.521872e-18,1.639645e-17,NA,NA,NA,NA,NA,NA,NA,NA,NA,NA,1
LOC111107173,NA,NA,NA,NA,NA,NA,NA,NA,NA,NA,756.85620676,-3.0835444651,0.19425467,3.51274e-58,3.519306e-56,NA,NA,NA,NA,NA,NA,NA,NA,NA,NA,1
LOC111107200,NA,NA,NA,NA,NA,NA,NA,NA,NA,NA,1584.86652575,-1.8282924383,0.39879671,7.038905e-07,2.474814e-06,NA,NA,NA,NA,NA,NA,NA,NA,NA,NA,1
LOC111107204,NA,NA,NA,NA,NA,NA,NA,NA,NA,NA,257.17058185,-1.3444217763,0.20814094,3.563813e-11,2.02245e-10,NA,NA,NA,NA,NA,NA,NA,NA,NA,NA,1
LOC111107222,NA,NA,NA,NA,NA,NA,NA,NA,NA,NA,315.62363545,-1.4712440557,0.31146716,6.357998e-07,2.24943e-06,NA,NA,NA,NA,NA,NA,NA,NA,NA,NA,1
LOC111107233,NA,NA,NA,NA,NA,NA,NA,NA,NA,NA,173.73019628,3.7241409076,0.56349981,6.860799e-13,4.596735e-12,NA,NA,NA,NA,NA,NA,NA,NA,NA,NA,1
LOC111107236,NA,NA,NA,NA,NA,NA,NA,NA,NA,NA,75.73353782,3.959836067,0.45766115,8.365937e-20,1.011081e-18,NA,NA,NA,NA,NA,NA,NA,NA,NA,NA,1
LOC111107252,NA,NA,NA,NA,NA,NA,NA,NA,NA,NA,114.21552394,-1.3017528954,0.30694656,7.886082e-06,2.429974e-05,NA,NA,NA,NA,NA,NA,NA,NA,NA,NA,1
LOC111107253,NA,NA,NA,NA,NA,NA,NA,NA,NA,NA,279.64863531,-3.7937813612,0.30031708,2.857193e-38,1.093897e-36,NA,NA,NA,NA,NA,NA,NA,NA,NA,NA,1
LOC111107258,NA,NA,NA,NA,NA,NA,NA,NA,NA,NA,295.29076379,1.2073375143,0.38928437,0.0007658996,0.001735456,NA,NA,NA,NA,NA,NA,NA,NA,NA,NA,1
LOC111107260,NA,NA,NA,NA,NA,NA,NA,NA,NA,NA,61.0030598,-1.3069290177,0.2527776,8.305524e-08,3.28301e-07,NA,NA,NA,NA,NA,NA,NA,NA,NA,NA,1
LOC111107262,NA,NA,NA,NA,NA,NA,NA,NA,NA,NA,197.17733915,2.4825488413,0.21146652,5.227171e-33,1.526847e-31,NA,NA,NA,NA,NA,NA,NA,NA,NA,NA,1
LOC111107274,NA,NA,NA,NA,NA,NA,NA,NA,NA,NA,1834.05074001,1.7908510589,0.27683645,1.652933e-11,9.651113e-11,NA,NA,NA,NA,NA,NA,NA,NA,NA,NA,1
LOC111107307,NA,NA,NA,NA,NA,NA,NA,NA,NA,NA,711.50579681,-1.6049479277,0.16124339,5.540666e-24,9.109806e-23,NA,NA,NA,NA,NA,NA,NA,NA,NA,NA,1
LOC111107334,NA,NA,NA,NA,NA,NA,NA,NA,NA,NA,50.17144501,1.9387336087,0.71132506,0.0007691104,0.001742363,NA,NA,NA,NA,NA,NA,NA,NA,NA,NA,1
LOC111107335,NA,NA,NA,NA,NA,NA,NA,NA,NA,NA,130.56018153,-1.2655759706,0.46283639,0.002244909,0.00464763,NA,NA,NA,NA,NA,NA,NA,NA,NA,NA,1
LOC111107343,NA,NA,NA,NA,NA,NA,NA,NA,NA,NA,5509.15098693,1.5215206493,0.40426347,4.171659e-05,0.0001157055,NA,NA,NA,NA,NA,NA,NA,NA,NA,NA,1
LOC111107354,NA,NA,NA,NA,NA,NA,NA,NA,NA,NA,272.89091406,-1.3263361752,0.41415061,0.0004543764,0.001070531,NA,NA,NA,NA,NA,NA,NA,NA,NA,NA,1
LOC111107355,NA,NA,NA,NA,NA,NA,NA,NA,NA,NA,138.93630368,2.1609801085,0.19211562,2.320092e-30,5.678398e-29,NA,NA,NA,NA,NA,NA,NA,NA,NA,NA,1
LOC111107357,NA,NA,NA,NA,NA,NA,NA,NA,NA,NA,1002.50408964,1.1554525734,0.19330068,1.008123e-09,4.885658e-09,NA,NA,NA,NA,NA,NA,NA,NA,NA,NA,1
LOC111107387,NA,NA,NA,NA,NA,NA,NA,NA,NA,NA,139.32126681,-1.5692870518,0.26326766,5.963064e-10,2.966313e-09,NA,NA,NA,NA,NA,NA,NA,NA,NA,NA,1
LOC111107394,NA,NA,NA,NA,NA,NA,NA,NA,NA,NA,161.79688899,1.7280238782,0.25639711,2.943306e-12,1.841929e-11,NA,NA,NA,NA,NA,NA,NA,NA,NA,NA,1
LOC111107401,NA,NA,NA,NA,NA,NA,NA,NA,NA,NA,287.49424301,-2.7405441133,0.56313493,4.837108e-08,1.955272e-07,NA,NA,NA,NA,NA,NA,NA,NA,NA,NA,1
LOC111107402,NA,NA,NA,NA,NA,NA,NA,NA,NA,NA,96.25973697,-1.4683228601,0.19339811,8.833127e-15,6.921866e-14,NA,NA,NA,NA,NA,NA,NA,NA,NA,NA,1
LOC111107461,NA,NA,NA,NA,NA,NA,NA,NA,NA,NA,168.96040888,4.3118435344,0.33962987,9.114422e-39,3.592154e-37,NA,NA,NA,NA,NA,NA,NA,NA,NA,NA,1
LOC111107464,NA,NA,NA,NA,NA,NA,NA,NA,NA,NA,647.71875003,6.3666834025,0.21350308,1.118215e-197,2.996817e-194,NA,NA,NA,NA,NA,NA,NA,NA,NA,NA,1
LOC111107474,NA,NA,NA,NA,NA,NA,NA,NA,NA,NA,67.53097555,-1.5335406424,0.27571094,6.681495e-09,2.968323e-08,NA,NA,NA,NA,NA,NA,NA,NA,NA,NA,1
LOC111107487,NA,NA,NA,NA,NA,NA,NA,NA,NA,NA,68.55666882,-1.2339048374,0.24156607,1.288603e-07,4.979749e-07,NA,NA,NA,NA,NA,NA,NA,NA,NA,NA,1
LOC111107491,NA,NA,NA,NA,NA,NA,NA,NA,NA,NA,54.75326964,-1.2957425245,0.28496763,1.953904e-06,6.4888e-06,NA,NA,NA,NA,NA,NA,NA,NA,NA,NA,1
LOC111107542,NA,NA,NA,NA,NA,NA,NA,NA,NA,NA,357.64093369,1.4181216813,0.21128556,5.816428e-12,3.536705e-11,NA,NA,NA,NA,NA,NA,NA,NA,NA,NA,1
LOC111107548,NA,NA,NA,NA,NA,NA,NA,NA,NA,NA,72.19247593,2.3794380281,0.2787704,1.016058e-18,1.115295e-17,NA,NA,NA,NA,NA,NA,NA,NA,NA,NA,1
LOC111107569,NA,NA,NA,NA,NA,NA,NA,NA,NA,NA,213.29536617,1.9361187149,0.25969523,1.20526e-14,9.349052e-14,NA,NA,NA,NA,NA,NA,NA,NA,NA,NA,1
LOC111107574,NA,NA,NA,NA,NA,NA,NA,NA,NA,NA,282.64923887,-2.0131650567,0.20402266,6.973121e-24,1.13951e-22,NA,NA,NA,NA,NA,NA,NA,NA,NA,NA,1
LOC111107585,NA,NA,NA,NA,NA,NA,NA,NA,NA,NA,49.76916705,2.5839308075,0.26130091,2.688573e-24,4.482348e-23,NA,NA,NA,NA,NA,NA,NA,NA,NA,NA,1
LOC111107593,NA,NA,NA,NA,NA,NA,NA,NA,NA,NA,14.99728303,1.591946346,0.36238064,2.518567e-06,8.249019e-06,NA,NA,NA,NA,NA,NA,NA,NA,NA,NA,1
LOC111107595,NA,NA,NA,NA,NA,NA,NA,NA,NA,NA,108.48823643,-2.2304608938,0.31106275,6.540528e-14,4.78597e-13,NA,NA,NA,NA,NA,NA,NA,NA,NA,NA,1
LOC111107598,NA,NA,NA,NA,NA,NA,NA,NA,NA,NA,68.86837349,3.059994917,0.29576446,1.559295e-26,3.044744e-25,NA,NA,NA,NA,NA,NA,NA,NA,NA,NA,1
LOC111107609,NA,NA,NA,NA,NA,NA,NA,NA,NA,NA,93.58166806,-2.0176428492,0.34924274,8.904531e-10,4.34486e-09,NA,NA,NA,NA,NA,NA,NA,NA,NA,NA,1
LOC111107611,NA,NA,NA,NA,NA,NA,NA,NA,NA,NA,90.73661272,-2.2075741028,0.31157701,1.253181e-13,8.944144e-13,NA,NA,NA,NA,NA,NA,NA,NA,NA,NA,1
LOC111107617,NA,NA,NA,NA,NA,NA,NA,NA,NA,NA,46.89314197,2.187506698,0.2216103,5.250583e-24,8.659423e-23,NA,NA,NA,NA,NA,NA,NA,NA,NA,NA,1
LOC111107618,NA,NA,NA,NA,NA,NA,NA,NA,NA,NA,70.59524172,4.4246102202,0.29158912,7.381135e-54,6.230376e-52,NA,NA,NA,NA,NA,NA,NA,NA,NA,NA,1
LOC111107632,NA,NA,NA,NA,NA,NA,NA,NA,NA,NA,30.31905205,2.9409703045,0.42737045,2.205129e-13,1.537995e-12,NA,NA,NA,NA,NA,NA,NA,NA,NA,NA,1
LOC111107657,NA,NA,NA,NA,NA,NA,NA,NA,NA,NA,216.77558627,2.8388008688,0.26135153,7.773276e-29,1.728828e-27,NA,NA,NA,NA,NA,NA,NA,NA,NA,NA,1
LOC111107687,NA,NA,NA,NA,NA,NA,NA,NA,NA,NA,219.00611546,1.8295105556,0.3575344,4.830757e-08,1.953441e-07,NA,NA,NA,NA,NA,NA,NA,NA,NA,NA,1
LOC111107696,NA,NA,NA,NA,NA,NA,NA,NA,NA,NA,82.31996969,2.2215009913,0.29981029,1.12397e-14,8.737459e-14,NA,NA,NA,NA,NA,NA,NA,NA,NA,NA,1
LOC111107699,NA,NA,NA,NA,NA,NA,NA,NA,NA,NA,47.39840723,-1.704777757,0.27098821,6.051875e-11,3.361456e-10,NA,NA,NA,NA,NA,NA,NA,NA,NA,NA,1
LOC111107711,NA,NA,NA,NA,NA,NA,NA,NA,NA,NA,68.170721,1.1910364694,0.21987838,2.55934e-08,1.064654e-07,NA,NA,NA,NA,NA,NA,NA,NA,NA,NA,1
LOC111107722,NA,NA,NA,NA,NA,NA,NA,NA,NA,NA,95.46814702,-2.1641615065,0.24804967,2.588032e-19,2.964071e-18,NA,NA,NA,NA,NA,NA,NA,NA,NA,NA,1
LOC111107760,NA,NA,NA,NA,NA,NA,NA,NA,NA,NA,54.6989781,-1.1500309963,0.21802023,5.929727e-08,2.377213e-07,NA,NA,NA,NA,NA,NA,NA,NA,NA,NA,1
LOC111107763,NA,NA,NA,NA,NA,NA,NA,NA,NA,NA,114.08209533,-1.0771491318,0.42512663,0.005283877,0.01011485,NA,NA,NA,NA,NA,NA,NA,NA,NA,NA,1
LOC111107767,NA,NA,NA,NA,NA,NA,NA,NA,NA,NA,205.70258841,-2.9526490084,0.33849185,1.046138e-19,1.255834e-18,NA,NA,NA,NA,NA,NA,NA,NA,NA,NA,1
LOC111107774,NA,NA,NA,NA,NA,NA,NA,NA,NA,NA,41.98936906,3.7648971366,0.45154759,1.433188e-18,1.547208e-17,NA,NA,NA,NA,NA,NA,NA,NA,NA,NA,1
LOC111107787,NA,NA,NA,NA,NA,NA,NA,NA,NA,NA,23.32759428,1.9526570062,0.48987004,8.419175e-06,2.577937e-05,NA,NA,NA,NA,NA,NA,NA,NA,NA,NA,1
LOC111107790,NA,NA,NA,NA,NA,NA,NA,NA,NA,NA,391.15544066,1.1681002787,0.20433101,4.740718e-09,2.130839e-08,NA,NA,NA,NA,NA,NA,NA,NA,NA,NA,1
LOC111107816,NA,NA,NA,NA,NA,NA,NA,NA,NA,NA,308.6925744,-1.6042030715,0.15783692,6.569367e-25,1.148836e-23,NA,NA,NA,NA,NA,NA,NA,NA,NA,NA,1
LOC111107817,NA,NA,NA,NA,NA,NA,NA,NA,NA,NA,26.78685173,3.0830926431,0.39253021,1.338522e-16,1.239116e-15,NA,NA,NA,NA,NA,NA,NA,NA,NA,NA,1
LOC111107818,NA,NA,NA,NA,NA,NA,NA,NA,NA,NA,17.40216545,1.0372936784,0.36220882,0.00209638,0.004360341,NA,NA,NA,NA,NA,NA,NA,NA,NA,NA,1
LOC111107832,NA,NA,NA,NA,NA,NA,NA,NA,NA,NA,39.59157696,-1.1440789492,0.28952076,3.445204e-05,9.663157e-05,NA,NA,NA,NA,NA,NA,NA,NA,NA,NA,1
LOC111107852,NA,NA,NA,NA,NA,NA,NA,NA,NA,NA,677.1221866,1.737062738,0.31657762,7.39992e-09,3.275274e-08,NA,NA,NA,NA,NA,NA,NA,NA,NA,NA,1
LOC111107865,NA,NA,NA,NA,NA,NA,NA,NA,NA,NA,77.28769831,3.2773540885,0.36279205,4.773494e-21,6.404487e-20,NA,NA,NA,NA,NA,NA,NA,NA,NA,NA,1
LOC111107912,NA,NA,NA,NA,NA,NA,NA,NA,NA,NA,173.22940875,-1.5427467524,0.22952667,4.479492e-12,2.742442e-11,NA,NA,NA,NA,NA,NA,NA,NA,NA,NA,1
LOC111107933,NA,NA,NA,NA,NA,NA,NA,NA,NA,NA,265.70437765,-2.6778557978,0.14903771,1.882245e-73,2.882524e-71,NA,NA,NA,NA,NA,NA,NA,NA,NA,NA,1
LOC111107940,NA,NA,NA,NA,NA,NA,NA,NA,NA,NA,69.33627491,2.626325774,0.19182169,6.420691e-44,3.293292e-42,NA,NA,NA,NA,NA,NA,NA,NA,NA,NA,1
LOC111107942,NA,NA,NA,NA,NA,NA,NA,NA,NA,NA,55.74407016,1.6513886431,0.23104694,1.855557e-13,1.306079e-12,NA,NA,NA,NA,NA,NA,NA,NA,NA,NA,1
LOC111107944,NA,NA,NA,NA,NA,NA,NA,NA,NA,NA,51.61872446,2.2727299033,0.30497681,7.607921e-15,5.996832e-14,NA,NA,NA,NA,NA,NA,NA,NA,NA,NA,1
LOC111107945,NA,NA,NA,NA,NA,NA,NA,NA,NA,NA,183.88957334,3.3696935159,0.16826522,9.49018e-91,2.365924e-88,NA,NA,NA,NA,NA,NA,NA,NA,NA,NA,1
LOC111107946,NA,NA,NA,NA,NA,NA,NA,NA,NA,NA,49.11840566,1.1584515096,0.22996567,2.077093e-07,7.843058e-07,NA,NA,NA,NA,NA,NA,NA,NA,NA,NA,1
LOC111107948,NA,NA,NA,NA,NA,NA,NA,NA,NA,NA,84.12532292,2.4606416213,0.24235524,2.14155e-25,3.839033e-24,NA,NA,NA,NA,NA,NA,NA,NA,NA,NA,1
LOC111107982,NA,NA,NA,NA,NA,NA,NA,NA,NA,NA,24.7915329,1.0499267786,0.3135851,0.0004059326,0.0009629559,NA,NA,NA,NA,NA,NA,NA,NA,NA,NA,1
LOC111107984,NA,NA,NA,NA,NA,NA,NA,NA,NA,NA,74.73370677,2.4115473574,0.21808981,1.431357e-29,3.357582e-28,NA,NA,NA,NA,NA,NA,NA,NA,NA,NA,1
LOC111107985,NA,NA,NA,NA,NA,NA,NA,NA,NA,NA,65.23895962,1.6218181434,0.25264004,2.996445e-11,1.709443e-10,NA,NA,NA,NA,NA,NA,NA,NA,NA,NA,1
LOC111107995,NA,NA,NA,NA,NA,NA,NA,NA,NA,NA,2135.33861219,1.109839437,0.16806377,1.904167e-11,1.103387e-10,NA,NA,NA,NA,NA,NA,NA,NA,NA,NA,1
LOC111107999,NA,NA,NA,NA,NA,NA,NA,NA,NA,NA,105.71785431,-2.4621233143,0.54726987,4.100055e-07,1.488405e-06,NA,NA,NA,NA,NA,NA,NA,NA,NA,NA,1
LOC111108010,NA,NA,NA,NA,NA,NA,NA,NA,NA,NA,249.23533164,1.0430508377,0.18414536,7.622576e-09,3.368261e-08,NA,NA,NA,NA,NA,NA,NA,NA,NA,NA,1
LOC111108011,NA,NA,NA,NA,NA,NA,NA,NA,NA,NA,55.90340609,1.1241866274,0.30491576,0.0001031302,0.0002705715,NA,NA,NA,NA,NA,NA,NA,NA,NA,NA,1
LOC111108022,NA,NA,NA,NA,NA,NA,NA,NA,NA,NA,179.26664382,1.6575742467,0.30109875,7.585288e-09,3.353167e-08,NA,NA,NA,NA,NA,NA,NA,NA,NA,NA,1
LOC111108055,NA,NA,NA,NA,NA,NA,NA,NA,NA,NA,208.29602426,-1.575737902,0.5220053,0.0005652323,0.001309268,NA,NA,NA,NA,NA,NA,NA,NA,NA,NA,1
LOC111108058,NA,NA,NA,NA,NA,NA,NA,NA,NA,NA,255.4514788,4.7499710665,0.2732238,1.261965e-69,1.780034e-67,NA,NA,NA,NA,NA,NA,NA,NA,NA,NA,1
LOC111108061,NA,NA,NA,NA,NA,NA,NA,NA,NA,NA,57.46108095,-1.1502604221,0.3294828,0.0002098583,0.0005236687,NA,NA,NA,NA,NA,NA,NA,NA,NA,NA,1
LOC111108064,NA,NA,NA,NA,NA,NA,NA,NA,NA,NA,95.52629472,1.5545076053,0.19715538,7.74073e-16,6.633143e-15,NA,NA,NA,NA,NA,NA,NA,NA,NA,NA,1
LOC111108080,NA,NA,NA,NA,NA,NA,NA,NA,NA,NA,459.01537316,-1.0486979044,0.21397693,4.863994e-07,1.750907e-06,NA,NA,NA,NA,NA,NA,NA,NA,NA,NA,1
LOC111108085,NA,NA,NA,NA,NA,NA,NA,NA,NA,NA,109.08344356,1.6140785333,0.33120773,2.402533e-07,8.989584e-07,NA,NA,NA,NA,NA,NA,NA,NA,NA,NA,1
LOC111108102,NA,NA,NA,NA,NA,NA,NA,NA,NA,NA,160.10827603,-2.5416193204,0.57937083,6.160063e-07,2.184448e-06,NA,NA,NA,NA,NA,NA,NA,NA,NA,NA,1
LOC111108103,NA,NA,NA,NA,NA,NA,NA,NA,NA,NA,127.16888722,-2.0536886285,0.29570823,4.252782e-13,2.901962e-12,NA,NA,NA,NA,NA,NA,NA,NA,NA,NA,1
LOC111108110,NA,NA,NA,NA,NA,NA,NA,NA,NA,NA,103.14229757,-1.1787695265,0.23961464,3.710837e-07,1.354449e-06,NA,NA,NA,NA,NA,NA,NA,NA,NA,NA,1
LOC111108114,NA,NA,NA,NA,NA,NA,NA,NA,NA,NA,66.10522456,-1.3369736005,0.24936133,2.80541e-08,1.16071e-07,NA,NA,NA,NA,NA,NA,NA,NA,NA,NA,1
LOC111108121,NA,NA,NA,NA,NA,NA,NA,NA,NA,NA,56.00919253,2.7559319377,0.47853972,3.700495e-10,1.88632e-09,NA,NA,NA,NA,NA,NA,NA,NA,NA,NA,1
LOC111108128,NA,NA,NA,NA,NA,NA,NA,NA,NA,NA,231.10011152,-1.1976755701,0.39719908,0.001032516,0.002279359,NA,NA,NA,NA,NA,NA,NA,NA,NA,NA,1
LOC111108129,NA,NA,NA,NA,NA,NA,NA,NA,NA,NA,116.2185383,-1.5161656584,0.26735997,3.664593e-09,1.66389e-08,NA,NA,NA,NA,NA,NA,NA,NA,NA,NA,1
LOC111108132,NA,NA,NA,NA,NA,NA,NA,NA,NA,NA,1238.16126098,-2.7391054255,0.14856738,3.375517e-77,5.567006e-75,NA,NA,NA,NA,NA,NA,NA,NA,NA,NA,1
LOC111108135,NA,NA,NA,NA,NA,NA,NA,NA,NA,NA,37.93025047,1.5413553058,0.31730097,2.919993e-07,1.080508e-06,NA,NA,NA,NA,NA,NA,NA,NA,NA,NA,1
LOC111108139,NA,NA,NA,NA,NA,NA,NA,NA,NA,NA,141.99555417,1.2147754599,0.2436202,2.500297e-07,9.345603e-07,NA,NA,NA,NA,NA,NA,NA,NA,NA,NA,1
LOC111108143,NA,NA,NA,NA,NA,NA,NA,NA,NA,NA,226.2802201,-1.2888261224,0.29039297,3.286243e-06,1.0611e-05,NA,NA,NA,NA,NA,NA,NA,NA,NA,NA,1
LOC111108145,NA,NA,NA,NA,NA,NA,NA,NA,NA,NA,204.43501404,1.0113000998,0.35601871,0.002331997,0.004810276,NA,NA,NA,NA,NA,NA,NA,NA,NA,NA,1
LOC111108166,NA,NA,NA,NA,NA,NA,NA,NA,NA,NA,68.33040677,-1.225329923,0.22573366,2.28592e-08,9.576031e-08,NA,NA,NA,NA,NA,NA,NA,NA,NA,NA,1
LOC111108179,NA,NA,NA,NA,NA,NA,NA,NA,NA,NA,213.49085807,-1.9955802503,0.27000846,1.793142e-14,1.374413e-13,NA,NA,NA,NA,NA,NA,NA,NA,NA,NA,1
LOC111108184,NA,NA,NA,NA,NA,NA,NA,NA,NA,NA,94.00955339,1.2713903763,0.21401737,1.069668e-09,5.165243e-09,NA,NA,NA,NA,NA,NA,NA,NA,NA,NA,1
LOC111108185,NA,NA,NA,NA,NA,NA,NA,NA,NA,NA,61.20458944,-2.1697982814,0.36314201,2.160473e-10,1.127021e-09,NA,NA,NA,NA,NA,NA,NA,NA,NA,NA,1
LOC111108187,NA,NA,NA,NA,NA,NA,NA,NA,NA,NA,1001.61274993,1.1132093576,0.38646894,0.001793918,0.003775928,NA,NA,NA,NA,NA,NA,NA,NA,NA,NA,1
LOC111108191,NA,NA,NA,NA,NA,NA,NA,NA,NA,NA,187.76091785,-2.6092167398,0.27990356,6.379369e-22,9.081917e-21,NA,NA,NA,NA,NA,NA,NA,NA,NA,NA,1
LOC111108192,NA,NA,NA,NA,NA,NA,NA,NA,NA,NA,7873.04983961,1.7345560815,0.26291595,7.671079e-12,4.617292e-11,NA,NA,NA,NA,NA,NA,NA,NA,NA,NA,1
LOC111108193,NA,NA,NA,NA,NA,NA,NA,NA,NA,NA,522.87007053,2.3928417019,0.25568043,5.813362e-22,8.309232e-21,NA,NA,NA,NA,NA,NA,NA,NA,NA,NA,1
LOC111108211,NA,NA,NA,NA,NA,NA,NA,NA,NA,NA,57.62459379,1.0298045503,0.26759842,6.147224e-05,0.0001661579,NA,NA,NA,NA,NA,NA,NA,NA,NA,NA,1
LOC111108225,NA,NA,NA,NA,NA,NA,NA,NA,NA,NA,131.85010805,3.4587886956,0.58865377,8.905468e-11,4.855881e-10,NA,NA,NA,NA,NA,NA,NA,NA,NA,NA,1
LOC111108238,NA,NA,NA,NA,NA,NA,NA,NA,NA,NA,98.92108705,-1.9719654811,0.25062746,4.595144e-16,4.054316e-15,NA,NA,NA,NA,NA,NA,NA,NA,NA,NA,1
LOC111108244,NA,NA,NA,NA,NA,NA,NA,NA,NA,NA,498.81169559,-2.4498625357,0.77897929,9.186447e-05,0.0002423793,NA,NA,NA,NA,NA,NA,NA,NA,NA,NA,1
LOC111108252,NA,NA,NA,NA,NA,NA,NA,NA,NA,NA,89.92069635,-1.6344581668,0.44180463,4.479283e-05,0.0001236619,NA,NA,NA,NA,NA,NA,NA,NA,NA,NA,1
LOC111108253,NA,NA,NA,NA,NA,NA,NA,NA,NA,NA,84.23791725,-1.8240390046,0.24156736,6.917729e-15,5.481009e-14,NA,NA,NA,NA,NA,NA,NA,NA,NA,NA,1
LOC111108265,NA,NA,NA,NA,NA,NA,NA,NA,NA,NA,206.37737599,1.6288805908,0.19459986,1.254387e-17,1.269515e-16,NA,NA,NA,NA,NA,NA,NA,NA,NA,NA,1
LOC111108271,NA,NA,NA,NA,NA,NA,NA,NA,NA,NA,736.97220518,-3.8100364992,0.19843286,7.737208e-84,1.56496e-81,NA,NA,NA,NA,NA,NA,NA,NA,NA,NA,1
LOC111108281,NA,NA,NA,NA,NA,NA,NA,NA,NA,NA,430.42097065,-1.023442688,0.49908275,0.01970912,0.03323085,NA,NA,NA,NA,NA,NA,NA,NA,NA,NA,1
LOC111108287,NA,NA,NA,NA,NA,NA,NA,NA,NA,NA,249.52569225,-2.0403301595,0.26952622,4.293251e-15,3.476106e-14,NA,NA,NA,NA,NA,NA,NA,NA,NA,NA,1
LOC111108301,NA,NA,NA,NA,NA,NA,NA,NA,NA,NA,81.15442738,-1.3686682015,0.32052097,6.253085e-06,1.952041e-05,NA,NA,NA,NA,NA,NA,NA,NA,NA,NA,1
LOC111108303,NA,NA,NA,NA,NA,NA,NA,NA,NA,NA,53.13856575,-1.717986389,0.28898352,5.181841e-10,2.598192e-09,NA,NA,NA,NA,NA,NA,NA,NA,NA,NA,1
LOC111108307,NA,NA,NA,NA,NA,NA,NA,NA,NA,NA,84.1214466,-1.5533061204,0.25466894,2.59833e-10,1.341073e-09,NA,NA,NA,NA,NA,NA,NA,NA,NA,NA,1
LOC111108313,NA,NA,NA,NA,NA,NA,NA,NA,NA,NA,206.68980584,-1.6853701199,0.24951567,2.842316e-12,1.780808e-11,NA,NA,NA,NA,NA,NA,NA,NA,NA,NA,1
LOC111108315,NA,NA,NA,NA,NA,NA,NA,NA,NA,NA,173.26249248,1.1623128361,0.20908288,1.192135e-08,5.138596e-08,NA,NA,NA,NA,NA,NA,NA,NA,NA,NA,1
LOC111108316,NA,NA,NA,NA,NA,NA,NA,NA,NA,NA,201.56677648,3.3132545952,0.17382055,1.604885e-82,3.01831e-80,NA,NA,NA,NA,NA,NA,NA,NA,NA,NA,1
LOC111108317,NA,NA,NA,NA,NA,NA,NA,NA,NA,NA,141.85074285,2.6310689648,0.18553913,6.766646e-47,3.963849e-45,NA,NA,NA,NA,NA,NA,NA,NA,NA,NA,1
LOC111108320,NA,NA,NA,NA,NA,NA,NA,NA,NA,NA,99.36773851,1.724524463,0.34954015,1.480828e-07,5.697944e-07,NA,NA,NA,NA,NA,NA,NA,NA,NA,NA,1
LOC111108339,NA,NA,NA,NA,NA,NA,NA,NA,NA,NA,244.95761005,-1.6331602464,0.44645542,5.274645e-05,0.0001442014,NA,NA,NA,NA,NA,NA,NA,NA,NA,NA,1
LOC111108346,NA,NA,NA,NA,NA,NA,NA,NA,NA,NA,333.05965696,4.486506003,0.53144038,3.506869e-19,3.9866e-18,NA,NA,NA,NA,NA,NA,NA,NA,NA,NA,1
LOC111108357,NA,NA,NA,NA,NA,NA,NA,NA,NA,NA,116.23497703,-2.3557947693,0.35498522,2.361562e-12,1.493566e-11,NA,NA,NA,NA,NA,NA,NA,NA,NA,NA,1
LOC111108370,NA,NA,NA,NA,NA,NA,NA,NA,NA,NA,1987.90978758,2.4164274324,0.22491607,4.476091e-28,9.520574e-27,NA,NA,NA,NA,NA,NA,NA,NA,NA,NA,1
LOC111108397,NA,NA,NA,NA,NA,NA,NA,NA,NA,NA,419.51250964,1.6518955703,0.15235896,4.601416e-28,9.748454e-27,NA,NA,NA,NA,NA,NA,NA,NA,NA,NA,1
LOC111108406,NA,NA,NA,NA,NA,NA,NA,NA,NA,NA,496.43649152,-3.9057662799,0.53562181,4.903515e-15,3.949337e-14,NA,NA,NA,NA,NA,NA,NA,NA,NA,NA,1
LOC111108408,NA,NA,NA,NA,NA,NA,NA,NA,NA,NA,1489.62296739,1.8012621899,0.16064334,5.905954e-30,1.416372e-28,NA,NA,NA,NA,NA,NA,NA,NA,NA,NA,1
LOC111108412,NA,NA,NA,NA,NA,NA,NA,NA,NA,NA,239.52587579,1.0337993049,0.38875793,0.003911359,0.00771193,NA,NA,NA,NA,NA,NA,NA,NA,NA,NA,1
LOC111108414,NA,NA,NA,NA,NA,NA,NA,NA,NA,NA,226.87405766,1.7999639448,0.1796192,2.062919e-24,3.460797e-23,NA,NA,NA,NA,NA,NA,NA,NA,NA,NA,1
LOC111108415,NA,NA,NA,NA,NA,NA,NA,NA,NA,NA,174.65995635,-1.7686886158,0.24156998,4.270338e-14,3.17242e-13,NA,NA,NA,NA,NA,NA,NA,NA,NA,NA,1
LOC111108432,NA,NA,NA,NA,NA,NA,NA,NA,NA,NA,98.87506636,-1.2604840754,0.237023,3.999621e-08,1.631504e-07,NA,NA,NA,NA,NA,NA,NA,NA,NA,NA,1
LOC111108437,NA,NA,NA,NA,NA,NA,NA,NA,NA,NA,200.72218259,2.344292138,0.15348691,8.949426e-54,7.495144e-52,NA,NA,NA,NA,NA,NA,NA,NA,NA,NA,1
LOC111108439,NA,NA,NA,NA,NA,NA,NA,NA,NA,NA,156.55863118,-1.3859716119,0.36369404,4.280842e-05,0.0001185498,NA,NA,NA,NA,NA,NA,NA,NA,NA,NA,1
LOC111108442,NA,NA,NA,NA,NA,NA,NA,NA,NA,NA,3825.19870377,1.5636864053,0.23595499,8.241838e-12,4.94972e-11,NA,NA,NA,NA,NA,NA,NA,NA,NA,NA,1
LOC111108456,NA,NA,NA,NA,NA,NA,NA,NA,NA,NA,216.88816944,-2.8144867302,0.33629738,2.562427e-18,2.722419e-17,NA,NA,NA,NA,NA,NA,NA,NA,NA,NA,1
LOC111108475,NA,NA,NA,NA,NA,NA,NA,NA,NA,NA,218.97189046,-4.2439657319,0.28757518,4.293946e-51,3.218958e-49,NA,NA,NA,NA,NA,NA,NA,NA,NA,NA,1
LOC111108482,NA,NA,NA,NA,NA,NA,NA,NA,NA,NA,177.58696517,4.7942114747,0.37469899,1.885645e-39,7.744871e-38,NA,NA,NA,NA,NA,NA,NA,NA,NA,NA,1
LOC111108483,NA,NA,NA,NA,NA,NA,NA,NA,NA,NA,34.74747345,2.8311820706,0.29799622,9.19646e-23,1.396403e-21,NA,NA,NA,NA,NA,NA,NA,NA,NA,NA,1
LOC111108484,NA,NA,NA,NA,NA,NA,NA,NA,NA,NA,73.45766071,2.1404335099,0.67231644,0.0001305216,0.0003371546,NA,NA,NA,NA,NA,NA,NA,NA,NA,NA,1
LOC111108492,NA,NA,NA,NA,NA,NA,NA,NA,NA,NA,60.74249549,-1.3375458727,0.27841334,5.252831e-07,1.880145e-06,NA,NA,NA,NA,NA,NA,NA,NA,NA,NA,1
LOC111108494,NA,NA,NA,NA,NA,NA,NA,NA,NA,NA,134.24074246,-1.9207919737,0.24876819,1.588315e-15,1.327103e-14,NA,NA,NA,NA,NA,NA,NA,NA,NA,NA,1
LOC111108499,NA,NA,NA,NA,NA,NA,NA,NA,NA,NA,345.30796678,1.0873354037,0.46106296,0.00839236,0.01538934,NA,NA,NA,NA,NA,NA,NA,NA,NA,NA,1
LOC111108500,NA,NA,NA,NA,NA,NA,NA,NA,NA,NA,1853.39295247,-1.6489056402,0.43789904,3.372846e-05,9.475082e-05,NA,NA,NA,NA,NA,NA,NA,NA,NA,NA,1
LOC111108503,NA,NA,NA,NA,NA,NA,NA,NA,NA,NA,180.27047044,-3.1241137655,0.21541046,4.05007e-49,2.783125e-47,NA,NA,NA,NA,NA,NA,NA,NA,NA,NA,1
LOC111108510,NA,NA,NA,NA,NA,NA,NA,NA,NA,NA,73.46864923,-1.1599933504,0.22601164,1.257701e-07,4.863836e-07,NA,NA,NA,NA,NA,NA,NA,NA,NA,NA,1
LOC111108542,NA,NA,NA,NA,NA,NA,NA,NA,NA,NA,125.43664486,-1.2777296969,0.3449362,7.715929e-05,0.0002056558,NA,NA,NA,NA,NA,NA,NA,NA,NA,NA,1
LOC111108578,NA,NA,NA,NA,NA,NA,NA,NA,NA,NA,32.49045589,1.3583496707,0.34151817,2.255015e-05,6.498323e-05,NA,NA,NA,NA,NA,NA,NA,NA,NA,NA,1
LOC111108585,NA,NA,NA,NA,NA,NA,NA,NA,NA,NA,34.18300174,3.8621072193,0.33627178,3.010219e-32,8.447526e-31,NA,NA,NA,NA,NA,NA,NA,NA,NA,NA,1
LOC111108586,NA,NA,NA,NA,NA,NA,NA,NA,NA,NA,66.63383515,1.0001069554,0.21651446,2.086355e-06,6.898744e-06,NA,NA,NA,NA,NA,NA,NA,NA,NA,NA,1
LOC111108589,NA,NA,NA,NA,NA,NA,NA,NA,NA,NA,180.23308209,1.5739195119,0.56470941,0.00117235,0.002557508,NA,NA,NA,NA,NA,NA,NA,NA,NA,NA,1
LOC111108595,NA,NA,NA,NA,NA,NA,NA,NA,NA,NA,58.51419619,-1.1470842259,0.24543962,1.319972e-06,4.482136e-06,NA,NA,NA,NA,NA,NA,NA,NA,NA,NA,1
LOC111108596,NA,NA,NA,NA,NA,NA,NA,NA,NA,NA,54.17756129,-1.5124898619,0.38624069,2.28435e-05,6.577554e-05,NA,NA,NA,NA,NA,NA,NA,NA,NA,NA,1
LOC111108598,NA,NA,NA,NA,NA,NA,NA,NA,NA,NA,173.63211698,2.6025615811,0.32021856,2.429199e-17,2.402307e-16,NA,NA,NA,NA,NA,NA,NA,NA,NA,NA,1
LOC111108607,NA,NA,NA,NA,NA,NA,NA,NA,NA,NA,138.01993667,-1.2689033879,0.32931815,4.313326e-05,0.0001193877,NA,NA,NA,NA,NA,NA,NA,NA,NA,NA,1
LOC111108614,NA,NA,NA,NA,NA,NA,NA,NA,NA,NA,116.50773007,-2.0833302335,0.23641457,1.335057e-19,1.577928e-18,NA,NA,NA,NA,NA,NA,NA,NA,NA,NA,1
LOC111108620,NA,NA,NA,NA,NA,NA,NA,NA,NA,NA,108.29065799,-1.9011990824,0.33233174,1.484991e-09,7.046968e-09,NA,NA,NA,NA,NA,NA,NA,NA,NA,NA,1
LOC111108649,NA,NA,NA,NA,NA,NA,NA,NA,NA,NA,327.04213693,-1.4729163326,0.24016221,2.389081e-10,1.236049e-09,NA,NA,NA,NA,NA,NA,NA,NA,NA,NA,1
LOC111108650,NA,NA,NA,NA,NA,NA,NA,NA,NA,NA,88.52962178,-1.1780929496,0.39651448,0.001225985,0.002664752,NA,NA,NA,NA,NA,NA,NA,NA,NA,NA,1
LOC111108664,NA,NA,NA,NA,NA,NA,NA,NA,NA,NA,90.84205282,-2.4163963447,0.24732557,1.061471e-23,1.7137e-22,NA,NA,NA,NA,NA,NA,NA,NA,NA,NA,1
LOC111108666,NA,NA,NA,NA,NA,NA,NA,NA,NA,NA,56.86564085,1.1638605506,0.23376207,2.794581e-07,1.036691e-06,NA,NA,NA,NA,NA,NA,NA,NA,NA,NA,1
LOC111108668,NA,NA,NA,NA,NA,NA,NA,NA,NA,NA,53.86127113,2.3915339147,0.28563395,4.03072e-18,4.21966e-17,NA,NA,NA,NA,NA,NA,NA,NA,NA,NA,1
LOC111108670,NA,NA,NA,NA,NA,NA,NA,NA,NA,NA,121.01666855,1.1820317488,0.22625343,7.455417e-08,2.965568e-07,NA,NA,NA,NA,NA,NA,NA,NA,NA,NA,1
LOC111108671,NA,NA,NA,NA,NA,NA,NA,NA,NA,NA,247.93489611,2.780110901,0.33879243,1.043402e-17,1.062228e-16,NA,NA,NA,NA,NA,NA,NA,NA,NA,NA,1
LOC111108673,NA,NA,NA,NA,NA,NA,NA,NA,NA,NA,121.09430248,3.2063027092,0.33771223,6.859867e-23,1.05054e-21,NA,NA,NA,NA,NA,NA,NA,NA,NA,NA,1
LOC111108678,NA,NA,NA,NA,NA,NA,NA,NA,NA,NA,156.17561606,2.335711168,0.20646585,8.856297e-31,2.239139e-29,NA,NA,NA,NA,NA,NA,NA,NA,NA,NA,1
LOC111108679,NA,NA,NA,NA,NA,NA,NA,NA,NA,NA,104.36440592,1.5702722388,0.24658483,4.552085e-11,2.557566e-10,NA,NA,NA,NA,NA,NA,NA,NA,NA,NA,1
LOC111108691,NA,NA,NA,NA,NA,NA,NA,NA,NA,NA,133.49259264,-1.1854897149,0.35533399,0.0003509702,0.0008433985,NA,NA,NA,NA,NA,NA,NA,NA,NA,NA,1
LOC111108692,NA,NA,NA,NA,NA,NA,NA,NA,NA,NA,120.4141685,-1.4616085456,0.18106138,1.958872e-16,1.784122e-15,NA,NA,NA,NA,NA,NA,NA,NA,NA,NA,1
LOC111108693,NA,NA,NA,NA,NA,NA,NA,NA,NA,NA,202.47773743,3.4226111501,0.50202615,2.162036e-13,1.509904e-12,NA,NA,NA,NA,NA,NA,NA,NA,NA,NA,1
LOC111108701,NA,NA,NA,NA,NA,NA,NA,NA,NA,NA,47.49705393,1.3352480365,0.50581662,0.002662244,0.00543191,NA,NA,NA,NA,NA,NA,NA,NA,NA,NA,1
LOC111108724,NA,NA,NA,NA,NA,NA,NA,NA,NA,NA,135.8098717,-1.3495483257,0.21593046,1.378081e-10,7.386512e-10,NA,NA,NA,NA,NA,NA,NA,NA,NA,NA,1
LOC111108731,NA,NA,NA,NA,NA,NA,NA,NA,NA,NA,38.73781379,1.3139261648,0.28079621,1.007218e-06,3.474059e-06,NA,NA,NA,NA,NA,NA,NA,NA,NA,NA,1
LOC111108733,NA,NA,NA,NA,NA,NA,NA,NA,NA,NA,40.36120292,1.7812863463,0.364206,1.681625e-07,6.426745e-07,NA,NA,NA,NA,NA,NA,NA,NA,NA,NA,1
LOC111108734,NA,NA,NA,NA,NA,NA,NA,NA,NA,NA,27.2572255,1.5366076904,0.38459005,1.578525e-05,4.634289e-05,NA,NA,NA,NA,NA,NA,NA,NA,NA,NA,1
LOC111108741,NA,NA,NA,NA,NA,NA,NA,NA,NA,NA,113.98969516,3.4326575939,0.47253097,8.875355e-15,6.949877e-14,NA,NA,NA,NA,NA,NA,NA,NA,NA,NA,1
LOC111108744,NA,NA,NA,NA,NA,NA,NA,NA,NA,NA,55.65366227,1.3229377699,0.3154214,9.390792e-06,2.855866e-05,NA,NA,NA,NA,NA,NA,NA,NA,NA,NA,1
LOC111108746,NA,NA,NA,NA,NA,NA,NA,NA,NA,NA,37.81992695,1.5941613494,0.433794,5.26214e-05,0.0001439034,NA,NA,NA,NA,NA,NA,NA,NA,NA,NA,1
LOC111108748,NA,NA,NA,NA,NA,NA,NA,NA,NA,NA,382.12126245,-1.3989831143,0.4283196,0.00032538,0.0007854252,NA,NA,NA,NA,NA,NA,NA,NA,NA,NA,1
LOC111108759,NA,NA,NA,NA,NA,NA,NA,NA,NA,NA,92.60190589,1.1369054057,0.34272044,0.0004024341,0.0009552908,NA,NA,NA,NA,NA,NA,NA,NA,NA,NA,1
LOC111108764,NA,NA,NA,NA,NA,NA,NA,NA,NA,NA,63.98682215,-1.3152342997,0.30017463,4.099304e-06,1.31171e-05,NA,NA,NA,NA,NA,NA,NA,NA,NA,NA,1
LOC111108767,NA,NA,NA,NA,NA,NA,NA,NA,NA,NA,61.43589222,-1.5905007507,0.32163309,1.731957e-07,6.606383e-07,NA,NA,NA,NA,NA,NA,NA,NA,NA,NA,1
LOC111108779,NA,NA,NA,NA,NA,NA,NA,NA,NA,NA,34.07574691,3.0368292983,0.37302321,1.374922e-17,1.383959e-16,NA,NA,NA,NA,NA,NA,NA,NA,NA,NA,1
LOC111108783,NA,NA,NA,NA,NA,NA,NA,NA,NA,NA,203.54290565,-1.3373758842,0.28813273,1.167236e-06,3.991313e-06,NA,NA,NA,NA,NA,NA,NA,NA,NA,NA,1
LOC111108788,NA,NA,NA,NA,NA,NA,NA,NA,NA,NA,25.2236416,1.1242650999,0.46769074,0.007055831,0.01314699,NA,NA,NA,NA,NA,NA,NA,NA,NA,NA,1
LOC111108810,NA,NA,NA,NA,NA,NA,NA,NA,NA,NA,131.44727922,-3.5467323747,0.25190181,1.251776e-46,7.144746e-45,NA,NA,NA,NA,NA,NA,NA,NA,NA,NA,1
LOC111108816,NA,NA,NA,NA,NA,NA,NA,NA,NA,NA,32.26727699,2.4718832691,0.40088815,4.385268e-11,2.469016e-10,NA,NA,NA,NA,NA,NA,NA,NA,NA,NA,1
LOC111108826,NA,NA,NA,NA,NA,NA,NA,NA,NA,NA,834.15657147,4.3460458806,0.21116489,6.180001e-96,1.840267e-93,NA,NA,NA,NA,NA,NA,NA,NA,NA,NA,1
LOC111108839,NA,NA,NA,NA,NA,NA,NA,NA,NA,NA,81.57676792,1.6645827728,0.37006547,1.376941e-06,4.663764e-06,NA,NA,NA,NA,NA,NA,NA,NA,NA,NA,1
LOC111108855,NA,NA,NA,NA,NA,NA,NA,NA,NA,NA,67.6557798,1.2897349127,0.4273568,0.000892058,0.001992263,NA,NA,NA,NA,NA,NA,NA,NA,NA,NA,1
LOC111108857,NA,NA,NA,NA,NA,NA,NA,NA,NA,NA,117.47764467,-1.6966041885,0.24027672,3.225676e-13,2.21804e-12,NA,NA,NA,NA,NA,NA,NA,NA,NA,NA,1
LOC111108878,NA,NA,NA,NA,NA,NA,NA,NA,NA,NA,186.69982861,1.0598262862,0.43478292,0.007055077,0.01314699,NA,NA,NA,NA,NA,NA,NA,NA,NA,NA,1
LOC111108929,NA,NA,NA,NA,NA,NA,NA,NA,NA,NA,24.17379933,1.9843182745,0.53398828,2.391148e-05,6.859273e-05,NA,NA,NA,NA,NA,NA,NA,NA,NA,NA,1
LOC111108973,NA,NA,NA,NA,NA,NA,NA,NA,NA,NA,59.59998711,-1.2232291426,0.51706816,0.00674339,0.01261002,NA,NA,NA,NA,NA,NA,NA,NA,NA,NA,1
LOC111108994,NA,NA,NA,NA,NA,NA,NA,NA,NA,NA,85.21956497,-1.160407925,0.33061486,0.0001928995,0.000483602,NA,NA,NA,NA,NA,NA,NA,NA,NA,NA,1
LOC111109005,NA,NA,NA,NA,NA,NA,NA,NA,NA,NA,21.00737769,2.0337290152,0.3027774,2.144167e-12,1.363314e-11,NA,NA,NA,NA,NA,NA,NA,NA,NA,NA,1
LOC111109014,NA,NA,NA,NA,NA,NA,NA,NA,NA,NA,53.726597,3.8868443707,0.32518004,1.192552e-34,3.782296e-33,NA,NA,NA,NA,NA,NA,NA,NA,NA,NA,1
LOC111109019,NA,NA,NA,NA,NA,NA,NA,NA,NA,NA,352.40123981,5.3491688007,0.34746712,1.415312e-55,1.296764e-53,NA,NA,NA,NA,NA,NA,NA,NA,NA,NA,1
LOC111109030,NA,NA,NA,NA,NA,NA,NA,NA,NA,NA,21.60071617,1.2729852449,0.37568296,0.0002556979,0.0006286884,NA,NA,NA,NA,NA,NA,NA,NA,NA,NA,1
LOC111109074,NA,NA,NA,NA,NA,NA,NA,NA,NA,NA,24.96543218,1.2830454343,0.26969984,7.196211e-07,2.525113e-06,NA,NA,NA,NA,NA,NA,NA,NA,NA,NA,1
LOC111109075,NA,NA,NA,NA,NA,NA,NA,NA,NA,NA,21.18099962,1.975386418,0.33322037,3.835395e-10,1.951373e-09,NA,NA,NA,NA,NA,NA,NA,NA,NA,NA,1
LOC111109076,NA,NA,NA,NA,NA,NA,NA,NA,NA,NA,20.87873649,1.0981793527,0.32049413,0.0002863521,0.000695918,NA,NA,NA,NA,NA,NA,NA,NA,NA,NA,1
LOC111109103,NA,NA,NA,NA,NA,NA,NA,NA,NA,NA,726.29591191,-4.0536841294,0.21096908,5.07037e-84,1.045276e-81,NA,NA,NA,NA,NA,NA,NA,NA,NA,NA,1
LOC111109130,NA,NA,NA,NA,NA,NA,NA,NA,NA,NA,69.69402152,-2.375452404,0.25165223,2.760492e-22,4.042688e-21,NA,NA,NA,NA,NA,NA,NA,NA,NA,NA,1
LOC111109132,NA,NA,NA,NA,NA,NA,NA,NA,NA,NA,102.21397861,-1.0680127103,0.17005661,1.693378e-10,9.000007e-10,NA,NA,NA,NA,NA,NA,NA,NA,NA,NA,1
LOC111109164,NA,NA,NA,NA,NA,NA,NA,NA,NA,NA,23.65771209,1.633528837,0.41568564,1.776147e-05,5.188092e-05,NA,NA,NA,NA,NA,NA,NA,NA,NA,NA,1
LOC111109165,NA,NA,NA,NA,NA,NA,NA,NA,NA,NA,22.24375646,3.4958092617,0.47103371,2.615538e-15,2.151847e-14,NA,NA,NA,NA,NA,NA,NA,NA,NA,NA,1
LOC111109168,NA,NA,NA,NA,NA,NA,NA,NA,NA,NA,769.40447189,7.7118332763,0.187945,0,0,NA,NA,NA,NA,NA,NA,NA,NA,NA,NA,1
LOC111109188,NA,NA,NA,NA,NA,NA,NA,NA,NA,NA,305.51379871,-1.3118166036,0.33626684,3.322795e-05,9.35163e-05,NA,NA,NA,NA,NA,NA,NA,NA,NA,NA,1
LOC111109321,NA,NA,NA,NA,NA,NA,NA,NA,NA,NA,193.34966174,-2.6784051798,0.1914646,9.694543e-46,5.329513e-44,NA,NA,NA,NA,NA,NA,NA,NA,NA,NA,1
LOC111109352,NA,NA,NA,NA,NA,NA,NA,NA,NA,NA,357.44347859,-1.3944196607,0.19143243,1.018898e-13,7.325679e-13,NA,NA,NA,NA,NA,NA,NA,NA,NA,NA,1
LOC111109369,NA,NA,NA,NA,NA,NA,NA,NA,NA,NA,114.92928615,2.3814771644,0.18799732,6.626221e-38,2.510003e-36,NA,NA,NA,NA,NA,NA,NA,NA,NA,NA,1
LOC111109372,NA,NA,NA,NA,NA,NA,NA,NA,NA,NA,34.83084015,2.8229234346,0.44476216,9.105232e-12,5.437776e-11,NA,NA,NA,NA,NA,NA,NA,NA,NA,NA,1
LOC111109375,NA,NA,NA,NA,NA,NA,NA,NA,NA,NA,64.17088498,3.939166313,0.32355542,7.817483e-36,2.660426e-34,NA,NA,NA,NA,NA,NA,NA,NA,NA,NA,1
LOC111109377,NA,NA,NA,NA,NA,NA,NA,NA,NA,NA,180.38513874,4.6987578954,0.25385057,2.100251e-78,3.637478e-76,NA,NA,NA,NA,NA,NA,NA,NA,NA,NA,1
LOC111109392,NA,NA,NA,NA,NA,NA,NA,NA,NA,NA,344.14988203,1.1290286008,0.39034367,0.00168988,0.003576755,NA,NA,NA,NA,NA,NA,NA,NA,NA,NA,1
LOC111109403,NA,NA,NA,NA,NA,NA,NA,NA,NA,NA,84.41355536,1.4320275019,0.28067754,9.846674e-08,3.855235e-07,NA,NA,NA,NA,NA,NA,NA,NA,NA,NA,1
LOC111109404,NA,NA,NA,NA,NA,NA,NA,NA,NA,NA,210.3864228,-3.7434451648,0.25138948,8.160425e-52,6.248554e-50,NA,NA,NA,NA,NA,NA,NA,NA,NA,NA,1
LOC111109421,NA,NA,NA,NA,NA,NA,NA,NA,NA,NA,98.4748065,4.2396122968,0.37335665,1.03793e-31,2.824014e-30,NA,NA,NA,NA,NA,NA,NA,NA,NA,NA,1
LOC111109429,NA,NA,NA,NA,NA,NA,NA,NA,NA,NA,191.20009863,1.2508349425,0.29440682,8.222749e-06,2.525003e-05,NA,NA,NA,NA,NA,NA,NA,NA,NA,NA,1
LOC111109448,NA,NA,NA,NA,NA,NA,NA,NA,NA,NA,51.70574145,1.7302990577,0.30299107,2.062678e-09,9.660076e-09,NA,NA,NA,NA,NA,NA,NA,NA,NA,NA,1
LOC111109449,NA,NA,NA,NA,NA,NA,NA,NA,NA,NA,77.25806425,1.2558136676,0.23832961,5.256211e-08,2.117496e-07,NA,NA,NA,NA,NA,NA,NA,NA,NA,NA,1
LOC111109453,NA,NA,NA,NA,NA,NA,NA,NA,NA,NA,130.25883756,-1.0208525745,0.23941861,1.055964e-05,3.179758e-05,NA,NA,NA,NA,NA,NA,NA,NA,NA,NA,1
LOC111109469,NA,NA,NA,NA,NA,NA,NA,NA,NA,NA,99.76255031,-2.9002771077,0.31342242,8.905745e-22,1.249602e-20,NA,NA,NA,NA,NA,NA,NA,NA,NA,NA,1
LOC111109482,NA,NA,NA,NA,NA,NA,NA,NA,NA,NA,383.21078605,-3.3159185243,0.25296692,8.713255e-41,3.908205e-39,NA,NA,NA,NA,NA,NA,NA,NA,NA,NA,1
LOC111109497,NA,NA,NA,NA,NA,NA,NA,NA,NA,NA,25.240758,2.49985146,0.31682458,1.878303e-16,1.716574e-15,NA,NA,NA,NA,NA,NA,NA,NA,NA,NA,1
LOC111109498,NA,NA,NA,NA,NA,NA,NA,NA,NA,NA,67.12251274,1.4516187933,0.27157262,2.572019e-08,1.068684e-07,NA,NA,NA,NA,NA,NA,NA,NA,NA,NA,1
LOC111109520,NA,NA,NA,NA,NA,NA,NA,NA,NA,NA,124.06135633,-1.8150873484,0.24640526,2.844236e-14,2.133675e-13,NA,NA,NA,NA,NA,NA,NA,NA,NA,NA,1
LOC111109525,NA,NA,NA,NA,NA,NA,NA,NA,NA,NA,225.68617104,-1.3252176813,0.42399599,0.0005914642,0.001365015,NA,NA,NA,NA,NA,NA,NA,NA,NA,NA,1
LOC111109542,NA,NA,NA,NA,NA,NA,NA,NA,NA,NA,16.86447471,2.1805558066,0.33147552,4.434955e-12,2.71828e-11,NA,NA,NA,NA,NA,NA,NA,NA,NA,NA,1
LOC111109575,NA,NA,NA,NA,NA,NA,NA,NA,NA,NA,76.10200333,-1.7991496588,0.4634324,1.652419e-05,4.841193e-05,NA,NA,NA,NA,NA,NA,NA,NA,NA,NA,1
LOC111109576,NA,NA,NA,NA,NA,NA,NA,NA,NA,NA,98.89786729,-2.5198302956,0.25752892,8.129302e-24,1.320396e-22,NA,NA,NA,NA,NA,NA,NA,NA,NA,NA,1
LOC111109608,NA,NA,NA,NA,NA,NA,NA,NA,NA,NA,59.07352103,-1.1770424164,0.28356974,1.407874e-05,4.164571e-05,NA,NA,NA,NA,NA,NA,NA,NA,NA,NA,1
LOC111109617,NA,NA,NA,NA,NA,NA,NA,NA,NA,NA,58.26223113,2.0374417221,0.36907078,3.834368e-09,1.737296e-08,NA,NA,NA,NA,NA,NA,NA,NA,NA,NA,1
LOC111109620,NA,NA,NA,NA,NA,NA,NA,NA,NA,NA,69.46240453,-1.3819695937,0.23430573,1.171541e-09,5.631801e-09,NA,NA,NA,NA,NA,NA,NA,NA,NA,NA,1
LOC111109622,NA,NA,NA,NA,NA,NA,NA,NA,NA,NA,243.46304094,1.2773669751,0.38115748,0.0002904048,0.0007054473,NA,NA,NA,NA,NA,NA,NA,NA,NA,NA,1
LOC111109627,NA,NA,NA,NA,NA,NA,NA,NA,NA,NA,213.9506602,1.7077420694,0.25252712,2.594928e-12,1.635369e-11,NA,NA,NA,NA,NA,NA,NA,NA,NA,NA,1
LOC111109643,NA,NA,NA,NA,NA,NA,NA,NA,NA,NA,95.33856184,-1.908866365,0.35905993,1.458785e-08,6.232833e-08,NA,NA,NA,NA,NA,NA,NA,NA,NA,NA,1
LOC111109647,NA,NA,NA,NA,NA,NA,NA,NA,NA,NA,52.40077739,2.6549979986,0.29502188,1.199985e-20,1.544278e-19,NA,NA,NA,NA,NA,NA,NA,NA,NA,NA,1
LOC111109649,NA,NA,NA,NA,NA,NA,NA,NA,NA,NA,339.97753254,1.2447761012,0.3353439,7.863167e-05,0.00020932,NA,NA,NA,NA,NA,NA,NA,NA,NA,NA,1
LOC111109667,NA,NA,NA,NA,NA,NA,NA,NA,NA,NA,65.35299419,-1.1040510916,0.39982292,0.002622166,0.005355234,NA,NA,NA,NA,NA,NA,NA,NA,NA,NA,1
LOC111109681,NA,NA,NA,NA,NA,NA,NA,NA,NA,NA,79.10425616,2.8901236806,0.3391558,6.444691e-19,7.16671e-18,NA,NA,NA,NA,NA,NA,NA,NA,NA,NA,1
LOC111109685,NA,NA,NA,NA,NA,NA,NA,NA,NA,NA,217.52325042,3.7404045747,0.40697657,7.757551e-22,1.092785e-20,NA,NA,NA,NA,NA,NA,NA,NA,NA,NA,1
LOC111109700,NA,NA,NA,NA,NA,NA,NA,NA,NA,NA,278.39722523,1.7845729765,0.48059597,3.32834e-05,9.364778e-05,NA,NA,NA,NA,NA,NA,NA,NA,NA,NA,1
LOC111109702,NA,NA,NA,NA,NA,NA,NA,NA,NA,NA,46.20225519,2.9352149268,0.37633197,2.391741e-16,2.161844e-15,NA,NA,NA,NA,NA,NA,NA,NA,NA,NA,1
LOC111109717,NA,NA,NA,NA,NA,NA,NA,NA,NA,NA,208.36975762,2.9323437143,0.16699888,2.131065e-70,3.046002e-68,NA,NA,NA,NA,NA,NA,NA,NA,NA,NA,1
LOC111109720,NA,NA,NA,NA,NA,NA,NA,NA,NA,NA,29.18672206,1.3844638409,0.38878486,0.0001137911,0.000296726,NA,NA,NA,NA,NA,NA,NA,NA,NA,NA,1
LOC111109733,NA,NA,NA,NA,NA,NA,NA,NA,NA,NA,90.33675792,-1.3629517604,0.31073939,3.731913e-06,1.197788e-05,NA,NA,NA,NA,NA,NA,NA,NA,NA,NA,1
LOC111109745,NA,NA,NA,NA,NA,NA,NA,NA,NA,NA,2997.18547192,-1.5878641658,0.26905156,8.293923e-10,4.063567e-09,NA,NA,NA,NA,NA,NA,NA,NA,NA,NA,1
LOC111109757,NA,NA,NA,NA,NA,NA,NA,NA,NA,NA,112.86846327,-2.9533256909,0.29192292,1.834447e-25,3.299542e-24,NA,NA,NA,NA,NA,NA,NA,NA,NA,NA,1
LOC111109761,NA,NA,NA,NA,NA,NA,NA,NA,NA,NA,51.89653091,3.3249263842,0.31156055,3.924097e-28,8.39647e-27,NA,NA,NA,NA,NA,NA,NA,NA,NA,NA,1
LOC111109763,NA,NA,NA,NA,NA,NA,NA,NA,NA,NA,205.71755774,-3.0225794699,0.31652004,4.77437e-23,7.364209e-22,NA,NA,NA,NA,NA,NA,NA,NA,NA,NA,1
LOC111109766,NA,NA,NA,NA,NA,NA,NA,NA,NA,NA,1243.25596226,1.5704410151,0.18130624,1.113842e-18,1.214688e-17,NA,NA,NA,NA,NA,NA,NA,NA,NA,NA,1
LOC111109768,NA,NA,NA,NA,NA,NA,NA,NA,NA,NA,841.70481281,1.8975338419,0.17393832,1.501368e-28,3.304859e-27,NA,NA,NA,NA,NA,NA,NA,NA,NA,NA,1
LOC111109808,NA,NA,NA,NA,NA,NA,NA,NA,NA,NA,36.76823729,2.0751986905,0.3698921,2.167623e-09,1.012502e-08,NA,NA,NA,NA,NA,NA,NA,NA,NA,NA,1
LOC111109831,NA,NA,NA,NA,NA,NA,NA,NA,NA,NA,98.08445147,-2.1488215901,0.24395921,1.261453e-19,1.499199e-18,NA,NA,NA,NA,NA,NA,NA,NA,NA,NA,1
LOC111109841,NA,NA,NA,NA,NA,NA,NA,NA,NA,NA,62.30723027,2.6738734562,0.33230376,4.350549e-17,4.209195e-16,NA,NA,NA,NA,NA,NA,NA,NA,NA,NA,1
LOC111109845,NA,NA,NA,NA,NA,NA,NA,NA,NA,NA,100.56905483,1.0169108787,0.24934403,2.390876e-05,6.859273e-05,NA,NA,NA,NA,NA,NA,NA,NA,NA,NA,1
LOC111109847,NA,NA,NA,NA,NA,NA,NA,NA,NA,NA,572.87168643,-2.4097096115,0.22218103,1.487094e-28,3.280174e-27,NA,NA,NA,NA,NA,NA,NA,NA,NA,NA,1
LOC111109860,NA,NA,NA,NA,NA,NA,NA,NA,NA,NA,323.99481526,-1.3071043053,0.21237417,2.68943e-10,1.386091e-09,NA,NA,NA,NA,NA,NA,NA,NA,NA,NA,1
LOC111109885,NA,NA,NA,NA,NA,NA,NA,NA,NA,NA,723.70633373,1.0680337784,0.21569603,3.662874e-07,1.33831e-06,NA,NA,NA,NA,NA,NA,NA,NA,NA,NA,1
LOC111109886,NA,NA,NA,NA,NA,NA,NA,NA,NA,NA,451.27633905,2.3955964704,0.19283623,1.428314e-36,5.05331e-35,NA,NA,NA,NA,NA,NA,NA,NA,NA,NA,1
LOC111109943,NA,NA,NA,NA,NA,NA,NA,NA,NA,NA,76.44760174,-1.9216866662,0.28833254,3.624871e-12,2.247693e-11,NA,NA,NA,NA,NA,NA,NA,NA,NA,NA,1
LOC111109963,NA,NA,NA,NA,NA,NA,NA,NA,NA,NA,471.43542741,6.9057314354,0.25059221,1.404121e-169,2.508696e-166,NA,NA,NA,NA,NA,NA,NA,NA,NA,NA,1
LOC111109985,NA,NA,NA,NA,NA,NA,NA,NA,NA,NA,50.06088153,2.6245093242,0.46971665,1.172099e-09,5.63196e-09,NA,NA,NA,NA,NA,NA,NA,NA,NA,NA,1
LOC111110003,NA,NA,NA,NA,NA,NA,NA,NA,NA,NA,80.67591127,-1.3475370057,0.29111037,1.221101e-06,4.163551e-06,NA,NA,NA,NA,NA,NA,NA,NA,NA,NA,1
LOC111110004,NA,NA,NA,NA,NA,NA,NA,NA,NA,NA,219.01215069,-1.9295906681,0.3754008,3.653981e-08,1.496206e-07,NA,NA,NA,NA,NA,NA,NA,NA,NA,NA,1
LOC111110008,NA,NA,NA,NA,NA,NA,NA,NA,NA,NA,432.88161569,1.8259626456,0.37226638,1.458053e-07,5.61434e-07,NA,NA,NA,NA,NA,NA,NA,NA,NA,NA,1
LOC111110033,NA,NA,NA,NA,NA,NA,NA,NA,NA,NA,72.47082004,1.8356481025,0.37720408,1.745023e-07,6.650071e-07,NA,NA,NA,NA,NA,NA,NA,NA,NA,NA,1
LOC111110055,NA,NA,NA,NA,NA,NA,NA,NA,NA,NA,196.37826028,-3.5012621976,0.26117919,1.429602e-42,6.903303e-41,NA,NA,NA,NA,NA,NA,NA,NA,NA,NA,1
LOC111110099,NA,NA,NA,NA,NA,NA,NA,NA,NA,NA,86.11917821,4.4554430256,0.28947149,2.576333e-55,2.320865e-53,NA,NA,NA,NA,NA,NA,NA,NA,NA,NA,1
LOC111110123,NA,NA,NA,NA,NA,NA,NA,NA,NA,NA,41.04128473,2.5362265059,0.36855473,3.474415e-13,2.38144e-12,NA,NA,NA,NA,NA,NA,NA,NA,NA,NA,1
LOC111110124,NA,NA,NA,NA,NA,NA,NA,NA,NA,NA,885.14177126,-5.6294999209,0.32212926,1.523347e-70,2.206795e-68,NA,NA,NA,NA,NA,NA,NA,NA,NA,NA,1
LOC111110126,NA,NA,NA,NA,NA,NA,NA,NA,NA,NA,44.13792118,3.4586610601,0.26833689,1.357074e-39,5.616924e-38,NA,NA,NA,NA,NA,NA,NA,NA,NA,NA,1
LOC111110156,NA,NA,NA,NA,NA,NA,NA,NA,NA,NA,260.78261938,2.70833819,0.56703816,7.875196e-08,3.118659e-07,NA,NA,NA,NA,NA,NA,NA,NA,NA,NA,1
LOC111110163,NA,NA,NA,NA,NA,NA,NA,NA,NA,NA,396.82604426,-3.5260292191,0.32275177,2.130362e-29,4.900747e-28,NA,NA,NA,NA,NA,NA,NA,NA,NA,NA,1
LOC111110185,NA,NA,NA,NA,NA,NA,NA,NA,NA,NA,404.34052611,1.110153073,0.30370732,0.0001188875,0.0003088885,NA,NA,NA,NA,NA,NA,NA,NA,NA,NA,1
LOC111110204,NA,NA,NA,NA,NA,NA,NA,NA,NA,NA,180.8949301,-1.3029869453,0.15056353,1.802964e-18,1.932778e-17,NA,NA,NA,NA,NA,NA,NA,NA,NA,NA,1
LOC111110267,NA,NA,NA,NA,NA,NA,NA,NA,NA,NA,339.32847137,2.581237392,0.32553097,1.247852e-16,1.160188e-15,NA,NA,NA,NA,NA,NA,NA,NA,NA,NA,1
LOC111110270,NA,NA,NA,NA,NA,NA,NA,NA,NA,NA,88.12548019,2.2700486703,0.46360134,7.769208e-08,3.078962e-07,NA,NA,NA,NA,NA,NA,NA,NA,NA,NA,1
LOC111110272,NA,NA,NA,NA,NA,NA,NA,NA,NA,NA,46.67937587,1.0490217134,0.27144147,5.609864e-05,0.0001524018,NA,NA,NA,NA,NA,NA,NA,NA,NA,NA,1
LOC111110280,NA,NA,NA,NA,NA,NA,NA,NA,NA,NA,36.30162479,1.0468169148,0.26698987,4.466389e-05,0.0001233695,NA,NA,NA,NA,NA,NA,NA,NA,NA,NA,1
LOC111110282,NA,NA,NA,NA,NA,NA,NA,NA,NA,NA,89.437535,-1.0802891059,0.33719329,0.0006475697,0.001485226,NA,NA,NA,NA,NA,NA,NA,NA,NA,NA,1
LOC111110284,NA,NA,NA,NA,NA,NA,NA,NA,NA,NA,100.4078616,-1.1782187315,0.25774531,2.067439e-06,6.84464e-06,NA,NA,NA,NA,NA,NA,NA,NA,NA,NA,1
LOC111110287,NA,NA,NA,NA,NA,NA,NA,NA,NA,NA,165.75746978,-3.2849854017,0.28887835,1.722117e-31,4.603764e-30,NA,NA,NA,NA,NA,NA,NA,NA,NA,NA,1
LOC111110289,NA,NA,NA,NA,NA,NA,NA,NA,NA,NA,115.66516048,-1.6771326296,0.31009921,1.265955e-08,5.443659e-08,NA,NA,NA,NA,NA,NA,NA,NA,NA,NA,1
LOC111110297,NA,NA,NA,NA,NA,NA,NA,NA,NA,NA,1444.63992898,1.4909265269,0.09617665,9.217925e-55,7.969044e-53,NA,NA,NA,NA,NA,NA,NA,NA,NA,NA,1
LOC111110298,NA,NA,NA,NA,NA,NA,NA,NA,NA,NA,63.92926438,-1.0127278021,0.34378523,0.001670382,0.003540933,NA,NA,NA,NA,NA,NA,NA,NA,NA,NA,1
LOC111110316,NA,NA,NA,NA,NA,NA,NA,NA,NA,NA,258.96900674,-2.0587447216,0.20516676,1.216987e-24,2.087376e-23,NA,NA,NA,NA,NA,NA,NA,NA,NA,NA,1
LOC111110318,NA,NA,NA,NA,NA,NA,NA,NA,NA,NA,48.21931218,2.2918365018,0.70860629,8.672049e-05,0.0002297118,NA,NA,NA,NA,NA,NA,NA,NA,NA,NA,1
LOC111110330,NA,NA,NA,NA,NA,NA,NA,NA,NA,NA,130.78709679,-2.0600796267,0.2183524,4.423725e-22,6.417095e-21,NA,NA,NA,NA,NA,NA,NA,NA,NA,NA,1
LOC111110332,NA,NA,NA,NA,NA,NA,NA,NA,NA,NA,30.59373415,2.5525846287,0.60842847,1.421246e-06,4.806232e-06,NA,NA,NA,NA,NA,NA,NA,NA,NA,NA,1
LOC111110334,NA,NA,NA,NA,NA,NA,NA,NA,NA,NA,36.20279584,1.4382900574,0.30667795,7.895925e-07,2.758042e-06,NA,NA,NA,NA,NA,NA,NA,NA,NA,NA,1
LOC111110347,NA,NA,NA,NA,NA,NA,NA,NA,NA,NA,260.4167773,-2.1356613341,0.19208573,1.040498e-29,2.462282e-28,NA,NA,NA,NA,NA,NA,NA,NA,NA,NA,1
LOC111110355,NA,NA,NA,NA,NA,NA,NA,NA,NA,NA,45.88133876,1.7297625944,0.57746131,0.0004732515,0.001112068,NA,NA,NA,NA,NA,NA,NA,NA,NA,NA,1
LOC111110359,NA,NA,NA,NA,NA,NA,NA,NA,NA,NA,526.87948101,1.3657376796,0.2998189,1.689411e-06,5.661296e-06,NA,NA,NA,NA,NA,NA,NA,NA,NA,NA,1
LOC111110366,NA,NA,NA,NA,NA,NA,NA,NA,NA,NA,79.26165091,-1.6310223114,0.54459702,0.0005576002,0.001292986,NA,NA,NA,NA,NA,NA,NA,NA,NA,NA,1
LOC111110368,NA,NA,NA,NA,NA,NA,NA,NA,NA,NA,367.31348685,1.1694812879,0.16958416,2.339566e-12,1.482278e-11,NA,NA,NA,NA,NA,NA,NA,NA,NA,NA,1
LOC111110384,NA,NA,NA,NA,NA,NA,NA,NA,NA,NA,141.81762877,1.2383789513,0.35466964,0.0001843766,0.0004637534,NA,NA,NA,NA,NA,NA,NA,NA,NA,NA,1
LOC111110406,NA,NA,NA,NA,NA,NA,NA,NA,NA,NA,85.18915789,-1.3264574087,0.21716135,3.499751e-10,1.78654e-09,NA,NA,NA,NA,NA,NA,NA,NA,NA,NA,1
LOC111110418,NA,NA,NA,NA,NA,NA,NA,NA,NA,NA,198.84765406,-3.0678489102,0.33960131,5.770026e-21,7.64582e-20,NA,NA,NA,NA,NA,NA,NA,NA,NA,NA,1
LOC111110442,NA,NA,NA,NA,NA,NA,NA,NA,NA,NA,133.83654575,-1.6062642657,0.25692285,9.097681e-11,4.95313e-10,NA,NA,NA,NA,NA,NA,NA,NA,NA,NA,1
LOC111110467,NA,NA,NA,NA,NA,NA,NA,NA,NA,NA,121.59579586,2.0880493187,0.26617861,4.672038e-16,4.11877e-15,NA,NA,NA,NA,NA,NA,NA,NA,NA,NA,1
LOC111110491,NA,NA,NA,NA,NA,NA,NA,NA,NA,NA,88.71580753,-1.9616879768,0.2169814,2.025317e-20,2.563329e-19,NA,NA,NA,NA,NA,NA,NA,NA,NA,NA,1
LOC111110494,NA,NA,NA,NA,NA,NA,NA,NA,NA,NA,96.81710802,2.0114756658,0.26145691,1.722988e-15,1.435154e-14,NA,NA,NA,NA,NA,NA,NA,NA,NA,NA,1
LOC111110539,NA,NA,NA,NA,NA,NA,NA,NA,NA,NA,139.64348558,-2.5993969924,0.28723728,8.068254e-21,1.056065e-19,NA,NA,NA,NA,NA,NA,NA,NA,NA,NA,1
LOC111110542,NA,NA,NA,NA,NA,NA,NA,NA,NA,NA,142.6643323,-1.2530416024,0.23030909,2.047199e-08,8.619785e-08,NA,NA,NA,NA,NA,NA,NA,NA,NA,NA,1
LOC111110582,NA,NA,NA,NA,NA,NA,NA,NA,NA,NA,222.61413641,1.2689601591,0.33301458,5.124339e-05,0.0001404215,NA,NA,NA,NA,NA,NA,NA,NA,NA,NA,1
LOC111110601,NA,NA,NA,NA,NA,NA,NA,NA,NA,NA,226.73359575,1.234313111,0.13383262,1.162291e-20,1.497567e-19,NA,NA,NA,NA,NA,NA,NA,NA,NA,NA,1
LOC111110618,NA,NA,NA,NA,NA,NA,NA,NA,NA,NA,51.09403762,1.6499817862,0.27091092,2.353208e-10,1.218078e-09,NA,NA,NA,NA,NA,NA,NA,NA,NA,NA,1
LOC111110630,NA,NA,NA,NA,NA,NA,NA,NA,NA,NA,253.60958833,-1.1572128228,0.15377975,2.350539e-14,1.783282e-13,NA,NA,NA,NA,NA,NA,NA,NA,NA,NA,1
LOC111110636,NA,NA,NA,NA,NA,NA,NA,NA,NA,NA,628.03049237,1.1034866274,0.11641952,1.242459e-21,1.727517e-20,NA,NA,NA,NA,NA,NA,NA,NA,NA,NA,1
LOC111110638,NA,NA,NA,NA,NA,NA,NA,NA,NA,NA,184.30706404,-3.773131971,0.28358611,4.52453e-42,2.127323e-40,NA,NA,NA,NA,NA,NA,NA,NA,NA,NA,1
LOC111110642,NA,NA,NA,NA,NA,NA,NA,NA,NA,NA,38.9218968,3.9817909295,0.48222051,2.389439e-18,2.541149e-17,NA,NA,NA,NA,NA,NA,NA,NA,NA,NA,1
LOC111110677,NA,NA,NA,NA,NA,NA,NA,NA,NA,NA,2450.35212283,1.6966637616,0.37274707,1.015299e-06,3.49968e-06,NA,NA,NA,NA,NA,NA,NA,NA,NA,NA,1
LOC111110681,NA,NA,NA,NA,NA,NA,NA,NA,NA,NA,46.9945758,1.6631421766,0.90855739,0.01102876,0.01972363,NA,NA,NA,NA,NA,NA,NA,NA,NA,NA,1
LOC111110683,NA,NA,NA,NA,NA,NA,NA,NA,NA,NA,56.55913525,1.7430565636,0.58683717,0.0005020193,0.001173751,NA,NA,NA,NA,NA,NA,NA,NA,NA,NA,1
LOC111110726,NA,NA,NA,NA,NA,NA,NA,NA,NA,NA,60.72894478,-1.3585525244,0.31696499,5.912529e-06,1.855454e-05,NA,NA,NA,NA,NA,NA,NA,NA,NA,NA,1
LOC111110757,NA,NA,NA,NA,NA,NA,NA,NA,NA,NA,548.16834219,2.8578279135,0.34223174,2.864252e-18,3.028085e-17,NA,NA,NA,NA,NA,NA,NA,NA,NA,NA,1
LOC111110774,NA,NA,NA,NA,NA,NA,NA,NA,NA,NA,72.25249734,5.2623436874,0.3667768,9.12238e-49,5.999504e-47,NA,NA,NA,NA,NA,NA,NA,NA,NA,NA,1
LOC111110784,NA,NA,NA,NA,NA,NA,NA,NA,NA,NA,104.04608444,-2.2613795851,0.3304961,6.509299e-13,4.374902e-12,NA,NA,NA,NA,NA,NA,NA,NA,NA,NA,1
LOC111110791,NA,NA,NA,NA,NA,NA,NA,NA,NA,NA,263.81335284,1.0612322496,0.25800865,1.943114e-05,5.643507e-05,NA,NA,NA,NA,NA,NA,NA,NA,NA,NA,1
LOC111110793,NA,NA,NA,NA,NA,NA,NA,NA,NA,NA,489.91465683,-1.9691432153,0.25285522,8.748073e-16,7.460568e-15,NA,NA,NA,NA,NA,NA,NA,NA,NA,NA,1
LOC111110798,NA,NA,NA,NA,NA,NA,NA,NA,NA,NA,217.21833602,1.9921647838,0.27804789,9.605143e-14,6.938486e-13,NA,NA,NA,NA,NA,NA,NA,NA,NA,NA,1
LOC111110800,NA,NA,NA,NA,NA,NA,NA,NA,NA,NA,83.06568529,2.9291754691,0.31602253,7.500522e-22,1.057968e-20,NA,NA,NA,NA,NA,NA,NA,NA,NA,NA,1
LOC111110801,NA,NA,NA,NA,NA,NA,NA,NA,NA,NA,45.0810412,2.8050609592,0.41172064,4.106263e-13,2.803767e-12,NA,NA,NA,NA,NA,NA,NA,NA,NA,NA,1
LOC111110811,NA,NA,NA,NA,NA,NA,NA,NA,NA,NA,84.84404588,1.1809348311,0.2026433,2.411275e-09,1.116582e-08,NA,NA,NA,NA,NA,NA,NA,NA,NA,NA,1
LOC111110830,NA,NA,NA,NA,NA,NA,NA,NA,NA,NA,60.27346682,-1.4283983147,0.21363726,6.827872e-12,4.12365e-11,NA,NA,NA,NA,NA,NA,NA,NA,NA,NA,1
LOC111110841,NA,NA,NA,NA,NA,NA,NA,NA,NA,NA,82.02722256,-1.7034772356,0.23918938,2.056161e-13,1.440657e-12,NA,NA,NA,NA,NA,NA,NA,NA,NA,NA,1
LOC111110847,NA,NA,NA,NA,NA,NA,NA,NA,NA,NA,197.18588708,-2.4451486889,0.21629394,8.493266e-31,2.15243e-29,NA,NA,NA,NA,NA,NA,NA,NA,NA,NA,1
LOC111110860,NA,NA,NA,NA,NA,NA,NA,NA,NA,NA,207.31559212,1.495444619,0.27028415,8.388307e-09,3.694439e-08,NA,NA,NA,NA,NA,NA,NA,NA,NA,NA,1
LOC111110874,NA,NA,NA,NA,NA,NA,NA,NA,NA,NA,107.90494617,-1.4765651246,0.19074616,2.736736e-15,2.248108e-14,NA,NA,NA,NA,NA,NA,NA,NA,NA,NA,1
LOC111110897,NA,NA,NA,NA,NA,NA,NA,NA,NA,NA,63.01995262,1.299365356,0.27813469,1.068176e-06,3.673677e-06,NA,NA,NA,NA,NA,NA,NA,NA,NA,NA,1
LOC111110920,NA,NA,NA,NA,NA,NA,NA,NA,NA,NA,1071.33391286,1.5359229143,0.30032465,7.836594e-08,3.104519e-07,NA,NA,NA,NA,NA,NA,NA,NA,NA,NA,1
LOC111110929,NA,NA,NA,NA,NA,NA,NA,NA,NA,NA,37.29831328,1.6908534754,0.27146318,9.222372e-11,5.018469e-10,NA,NA,NA,NA,NA,NA,NA,NA,NA,NA,1
LOC111110930,NA,NA,NA,NA,NA,NA,NA,NA,NA,NA,38.26272929,-1.0359810658,0.25660947,2.781017e-05,7.916225e-05,NA,NA,NA,NA,NA,NA,NA,NA,NA,NA,1
LOC111110931,NA,NA,NA,NA,NA,NA,NA,NA,NA,NA,101.24303877,1.8438434304,0.23460358,5.994858e-16,5.224787e-15,NA,NA,NA,NA,NA,NA,NA,NA,NA,NA,1
LOC111110946,NA,NA,NA,NA,NA,NA,NA,NA,NA,NA,233.77470816,1.5519761265,0.31308481,1.732327e-07,6.606383e-07,NA,NA,NA,NA,NA,NA,NA,NA,NA,NA,1
LOC111110947,NA,NA,NA,NA,NA,NA,NA,NA,NA,NA,304.21848758,6.3893929245,0.27623099,1.136698e-120,6.769668e-118,NA,NA,NA,NA,NA,NA,NA,NA,NA,NA,1
LOC111110953,NA,NA,NA,NA,NA,NA,NA,NA,NA,NA,56.10858945,1.1071393907,0.43575351,0.004967558,0.009582908,NA,NA,NA,NA,NA,NA,NA,NA,NA,NA,1
LOC111110958,NA,NA,NA,NA,NA,NA,NA,NA,NA,NA,185.1319773,-2.0482908388,0.24219679,3.131577e-18,3.288002e-17,NA,NA,NA,NA,NA,NA,NA,NA,NA,NA,1
LOC111110970,NA,NA,NA,NA,NA,NA,NA,NA,NA,NA,41.94587138,1.1161758219,0.56226678,0.02005577,0.03373574,NA,NA,NA,NA,NA,NA,NA,NA,NA,NA,1
LOC111110976,NA,NA,NA,NA,NA,NA,NA,NA,NA,NA,115.56687737,-1.2484033815,0.31533577,2.875632e-05,8.170362e-05,NA,NA,NA,NA,NA,NA,NA,NA,NA,NA,1
LOC111111025,NA,NA,NA,NA,NA,NA,NA,NA,NA,NA,74.26000384,-2.1182363106,0.41551482,3.428613e-08,1.41093e-07,NA,NA,NA,NA,NA,NA,NA,NA,NA,NA,1
LOC111111034,NA,NA,NA,NA,NA,NA,NA,NA,NA,NA,120.24508706,-1.8413785078,0.19494618,5.539364e-22,7.949395e-21,NA,NA,NA,NA,NA,NA,NA,NA,NA,NA,1
LOC111111035,NA,NA,NA,NA,NA,NA,NA,NA,NA,NA,285.87299418,1.2703846987,0.3315456,4.69448e-05,0.0001293365,NA,NA,NA,NA,NA,NA,NA,NA,NA,NA,1
LOC111111056,NA,NA,NA,NA,NA,NA,NA,NA,NA,NA,62.81255909,-1.5622711273,0.33218914,6.086138e-07,2.159662e-06,NA,NA,NA,NA,NA,NA,NA,NA,NA,NA,1
LOC111111059,NA,NA,NA,NA,NA,NA,NA,NA,NA,NA,34.94308108,2.1253413273,0.33210278,1.567958e-11,9.164944e-11,NA,NA,NA,NA,NA,NA,NA,NA,NA,NA,1
LOC111111095,NA,NA,NA,NA,NA,NA,NA,NA,NA,NA,152.46150104,-1.0600827351,0.26154366,2.517536e-05,7.20448e-05,NA,NA,NA,NA,NA,NA,NA,NA,NA,NA,1
LOC111111104,NA,NA,NA,NA,NA,NA,NA,NA,NA,NA,28.42440574,1.206400357,0.53532489,0.009231158,0.0167697,NA,NA,NA,NA,NA,NA,NA,NA,NA,NA,1
LOC111111106,NA,NA,NA,NA,NA,NA,NA,NA,NA,NA,79.74404551,3.5046317805,0.34724863,1.451493e-25,2.632827e-24,NA,NA,NA,NA,NA,NA,NA,NA,NA,NA,1
LOC111111118,NA,NA,NA,NA,NA,NA,NA,NA,NA,NA,191.6184335,-1.0823846162,0.23348438,1.731251e-06,5.788838e-06,NA,NA,NA,NA,NA,NA,NA,NA,NA,NA,1
LOC111111128,NA,NA,NA,NA,NA,NA,NA,NA,NA,NA,168.22162276,-1.5028946464,0.23951947,9.269886e-11,5.039208e-10,NA,NA,NA,NA,NA,NA,NA,NA,NA,NA,1
LOC111111163,NA,NA,NA,NA,NA,NA,NA,NA,NA,NA,30.1760809,2.1340791244,0.44536989,1.601705e-07,6.136626e-07,NA,NA,NA,NA,NA,NA,NA,NA,NA,NA,1
LOC111111172,NA,NA,NA,NA,NA,NA,NA,NA,NA,NA,57.44403979,-1.2723472647,0.26592709,6.387799e-07,2.258483e-06,NA,NA,NA,NA,NA,NA,NA,NA,NA,NA,1
LOC111111185,NA,NA,NA,NA,NA,NA,NA,NA,NA,NA,51.08103558,1.4527308736,0.4269738,0.0001839577,0.0004628085,NA,NA,NA,NA,NA,NA,NA,NA,NA,NA,1
LOC111111190,NA,NA,NA,NA,NA,NA,NA,NA,NA,NA,105.11868709,-1.0588655143,0.47392768,0.01202064,0.02127827,NA,NA,NA,NA,NA,NA,NA,NA,NA,NA,1
LOC111111213,NA,NA,NA,NA,NA,NA,NA,NA,NA,NA,1636.76714063,1.8096204334,0.15860475,6.186646e-31,1.575317e-29,NA,NA,NA,NA,NA,NA,NA,NA,NA,NA,1
LOC111111216,NA,NA,NA,NA,NA,NA,NA,NA,NA,NA,31.15538363,1.2358179919,0.2380257,8.216281e-08,3.25013e-07,NA,NA,NA,NA,NA,NA,NA,NA,NA,NA,1
LOC111111227,NA,NA,NA,NA,NA,NA,NA,NA,NA,NA,25.88842483,1.2186323227,0.41126033,0.001185218,0.002582952,NA,NA,NA,NA,NA,NA,NA,NA,NA,NA,1
LOC111111230,NA,NA,NA,NA,NA,NA,NA,NA,NA,NA,94.99377087,-1.3887051372,0.45262734,0.0006489367,0.001488043,NA,NA,NA,NA,NA,NA,NA,NA,NA,NA,1
LOC111111283,NA,NA,NA,NA,NA,NA,NA,NA,NA,NA,81.64531328,1.8834728902,0.21665791,5.158569e-19,5.784504e-18,NA,NA,NA,NA,NA,NA,NA,NA,NA,NA,1
LOC111111297,NA,NA,NA,NA,NA,NA,NA,NA,NA,NA,632.95735747,-2.6478563948,0.31758095,4.00343e-18,4.199293e-17,NA,NA,NA,NA,NA,NA,NA,NA,NA,NA,1
LOC111111304,NA,NA,NA,NA,NA,NA,NA,NA,NA,NA,34.10709404,1.8106651762,0.26906194,2.768266e-12,1.739497e-11,NA,NA,NA,NA,NA,NA,NA,NA,NA,NA,1
LOC111111338,NA,NA,NA,NA,NA,NA,NA,NA,NA,NA,109.33607805,4.1568468701,0.27655407,7.639742e-53,6.157747e-51,NA,NA,NA,NA,NA,NA,NA,NA,NA,NA,1
LOC111111341,NA,NA,NA,NA,NA,NA,NA,NA,NA,NA,83.15523271,2.4982631535,0.38278254,4.107853e-12,2.52791e-11,NA,NA,NA,NA,NA,NA,NA,NA,NA,NA,1
LOC111111343,NA,NA,NA,NA,NA,NA,NA,NA,NA,NA,76.97525401,-2.2465265302,0.32890689,7.226995e-13,4.833025e-12,NA,NA,NA,NA,NA,NA,NA,NA,NA,NA,1
LOC111111359,NA,NA,NA,NA,NA,NA,NA,NA,NA,NA,69.88247165,-2.1184135107,0.26212471,6.583333e-17,6.295569e-16,NA,NA,NA,NA,NA,NA,NA,NA,NA,NA,1
LOC111111372,NA,NA,NA,NA,NA,NA,NA,NA,NA,NA,58.1779574,1.7172437421,0.24850428,9.127128e-13,6.04341e-12,NA,NA,NA,NA,NA,NA,NA,NA,NA,NA,1
LOC111111392,NA,NA,NA,NA,NA,NA,NA,NA,NA,NA,455.0624301,-2.733778106,0.54019692,1.814445e-08,7.675946e-08,NA,NA,NA,NA,NA,NA,NA,NA,NA,NA,1
LOC111111393,NA,NA,NA,NA,NA,NA,NA,NA,NA,NA,95.19963557,3.9467913104,0.49386546,2.160496e-17,2.148471e-16,NA,NA,NA,NA,NA,NA,NA,NA,NA,NA,1
LOC111111401,NA,NA,NA,NA,NA,NA,NA,NA,NA,NA,23.28317528,1.6433763812,0.39246366,5.832998e-06,1.831032e-05,NA,NA,NA,NA,NA,NA,NA,NA,NA,NA,1
LOC111111429,NA,NA,NA,NA,NA,NA,NA,NA,NA,NA,28.09998192,2.0144829672,0.3485209,8.794615e-10,4.299055e-09,NA,NA,NA,NA,NA,NA,NA,NA,NA,NA,1
LOC111111431,NA,NA,NA,NA,NA,NA,NA,NA,NA,NA,70.63681124,1.0098238409,0.37900731,0.00397698,0.007825481,NA,NA,NA,NA,NA,NA,NA,NA,NA,NA,1
LOC111111442,NA,NA,NA,NA,NA,NA,NA,NA,NA,NA,344.61822802,-1.0876185896,0.43387625,0.005614462,0.01068282,NA,NA,NA,NA,NA,NA,NA,NA,NA,NA,1
LOC111111451,NA,NA,NA,NA,NA,NA,NA,NA,NA,NA,59.8639848,2.0774531427,0.21746185,1.38373e-22,2.07173e-21,NA,NA,NA,NA,NA,NA,NA,NA,NA,NA,1
LOC111111501,NA,NA,NA,NA,NA,NA,NA,NA,NA,NA,45.03665086,2.3867000404,0.34787504,4.845814e-13,3.29196e-12,NA,NA,NA,NA,NA,NA,NA,NA,NA,NA,1
LOC111111504,NA,NA,NA,NA,NA,NA,NA,NA,NA,NA,157.97355761,-1.9169296673,0.19658949,2.552515e-23,4.029891e-22,NA,NA,NA,NA,NA,NA,NA,NA,NA,NA,1
LOC111111509,NA,NA,NA,NA,NA,NA,NA,NA,NA,NA,1303.59478517,2.4632189229,0.19532238,1.233944e-37,4.593014e-36,NA,NA,NA,NA,NA,NA,NA,NA,NA,NA,1
LOC111111543,NA,NA,NA,NA,NA,NA,NA,NA,NA,NA,55.94082103,2.3950087162,0.2993692,8.82327e-17,8.311551e-16,NA,NA,NA,NA,NA,NA,NA,NA,NA,NA,1
LOC111111546,NA,NA,NA,NA,NA,NA,NA,NA,NA,NA,65.54938873,-1.0796851934,0.28075681,5.81981e-05,0.0001576658,NA,NA,NA,NA,NA,NA,NA,NA,NA,NA,1
LOC111111548,NA,NA,NA,NA,NA,NA,NA,NA,NA,NA,205.38097482,2.3350607356,0.17124845,1.937261e-43,9.704412e-42,NA,NA,NA,NA,NA,NA,NA,NA,NA,NA,1
LOC111111549,NA,NA,NA,NA,NA,NA,NA,NA,NA,NA,66.60237317,1.1106780485,0.24938502,3.949145e-06,1.264859e-05,NA,NA,NA,NA,NA,NA,NA,NA,NA,NA,1
LOC111111550,NA,NA,NA,NA,NA,NA,NA,NA,NA,NA,74.53952981,4.2105668038,0.2812382,1.805448e-52,1.433659e-50,NA,NA,NA,NA,NA,NA,NA,NA,NA,NA,1
LOC111111556,NA,NA,NA,NA,NA,NA,NA,NA,NA,NA,115.57471286,1.5122710778,0.3387005,2.052229e-06,6.796384e-06,NA,NA,NA,NA,NA,NA,NA,NA,NA,NA,1
LOC111111571,NA,NA,NA,NA,NA,NA,NA,NA,NA,NA,136.10588108,-1.3810424867,0.19628754,6.358325e-13,4.276113e-12,NA,NA,NA,NA,NA,NA,NA,NA,NA,NA,1
LOC111111586,NA,NA,NA,NA,NA,NA,NA,NA,NA,NA,76.47873113,-1.91728549,0.29814583,1.746378e-11,1.017455e-10,NA,NA,NA,NA,NA,NA,NA,NA,NA,NA,1
LOC111111596,NA,NA,NA,NA,NA,NA,NA,NA,NA,NA,187.68213671,4.0281261544,0.22542247,3.751206e-73,5.663793e-71,NA,NA,NA,NA,NA,NA,NA,NA,NA,NA,1
LOC111111630,NA,NA,NA,NA,NA,NA,NA,NA,NA,NA,32.93308663,2.2339743872,0.42580833,1.311858e-08,5.629751e-08,NA,NA,NA,NA,NA,NA,NA,NA,NA,NA,1
LOC111111637,NA,NA,NA,NA,NA,NA,NA,NA,NA,NA,20.36113909,1.0503594013,0.32384025,0.0005874831,0.001356704,NA,NA,NA,NA,NA,NA,NA,NA,NA,NA,1
LOC111111638,NA,NA,NA,NA,NA,NA,NA,NA,NA,NA,70.81432472,-1.4919638264,0.43576631,0.000159863,0.000405329,NA,NA,NA,NA,NA,NA,NA,NA,NA,NA,1
LOC111111650,NA,NA,NA,NA,NA,NA,NA,NA,NA,NA,80.08180336,2.1778984722,0.19473937,4.708205e-30,1.134201e-28,NA,NA,NA,NA,NA,NA,NA,NA,NA,NA,1
LOC111111675,NA,NA,NA,NA,NA,NA,NA,NA,NA,NA,27.13742879,2.125836855,0.37564633,1.51601e-09,7.187805e-09,NA,NA,NA,NA,NA,NA,NA,NA,NA,NA,1
LOC111111677,NA,NA,NA,NA,NA,NA,NA,NA,NA,NA,50.33565904,3.1696940369,0.25418221,3.599831e-37,1.299333e-35,NA,NA,NA,NA,NA,NA,NA,NA,NA,NA,1
LOC111111678,NA,NA,NA,NA,NA,NA,NA,NA,NA,NA,154.92044694,4.7560191423,0.38382494,3.191313e-37,1.167607e-35,NA,NA,NA,NA,NA,NA,NA,NA,NA,NA,1
LOC111111679,NA,NA,NA,NA,NA,NA,NA,NA,NA,NA,204.81111459,2.8007039179,0.20152115,3.074174e-45,1.656037e-43,NA,NA,NA,NA,NA,NA,NA,NA,NA,NA,1
LOC111111683,NA,NA,NA,NA,NA,NA,NA,NA,NA,NA,58.22255379,4.1007067139,0.34748734,6.343416e-34,1.937363e-32,NA,NA,NA,NA,NA,NA,NA,NA,NA,NA,1
LOC111111686,NA,NA,NA,NA,NA,NA,NA,NA,NA,NA,43.85381995,3.0970664982,0.29363349,1.809928e-27,3.731236e-26,NA,NA,NA,NA,NA,NA,NA,NA,NA,NA,1
LOC111111694,NA,NA,NA,NA,NA,NA,NA,NA,NA,NA,34.36119395,2.9287703109,0.28530309,4.077245e-26,7.668082e-25,NA,NA,NA,NA,NA,NA,NA,NA,NA,NA,1
LOC111111695,NA,NA,NA,NA,NA,NA,NA,NA,NA,NA,67.54055257,1.8610693463,0.39519543,3.659252e-07,1.337442e-06,NA,NA,NA,NA,NA,NA,NA,NA,NA,NA,1
LOC111111724,NA,NA,NA,NA,NA,NA,NA,NA,NA,NA,31.1049203,1.1538192165,0.37487519,0.0008952096,0.001998469,NA,NA,NA,NA,NA,NA,NA,NA,NA,NA,1
LOC111111741,NA,NA,NA,NA,NA,NA,NA,NA,NA,NA,226.28991519,2.4886178092,0.35523813,1.534578e-13,1.086571e-12,NA,NA,NA,NA,NA,NA,NA,NA,NA,NA,1
LOC111111742,NA,NA,NA,NA,NA,NA,NA,NA,NA,NA,136.34659851,2.5872719371,0.3352053,6.599003e-16,5.700347e-15,NA,NA,NA,NA,NA,NA,NA,NA,NA,NA,1
LOC111111758,NA,NA,NA,NA,NA,NA,NA,NA,NA,NA,36.6167034,1.1226112797,0.26895556,1.373135e-05,4.067423e-05,NA,NA,NA,NA,NA,NA,NA,NA,NA,NA,1
LOC111111802,NA,NA,NA,NA,NA,NA,NA,NA,NA,NA,20.66967334,2.0852957981,0.35608295,5.022828e-10,2.52082e-09,NA,NA,NA,NA,NA,NA,NA,NA,NA,NA,1
LOC111111816,NA,NA,NA,NA,NA,NA,NA,NA,NA,NA,62.04222383,-2.0997086641,0.50880703,3.685241e-06,1.183516e-05,NA,NA,NA,NA,NA,NA,NA,NA,NA,NA,1
LOC111111835,NA,NA,NA,NA,NA,NA,NA,NA,NA,NA,187.29015979,4.6222522623,0.17756002,2.83657e-151,3.801004e-148,NA,NA,NA,NA,NA,NA,NA,NA,NA,NA,1
LOC111111852,NA,NA,NA,NA,NA,NA,NA,NA,NA,NA,90.80561677,2.030789979,0.31737201,1.812253e-11,1.052403e-10,NA,NA,NA,NA,NA,NA,NA,NA,NA,NA,1
LOC111111855,NA,NA,NA,NA,NA,NA,NA,NA,NA,NA,264.9794053,-2.2112648276,0.44449484,5.673478e-08,2.277891e-07,NA,NA,NA,NA,NA,NA,NA,NA,NA,NA,1
LOC111111867,NA,NA,NA,NA,NA,NA,NA,NA,NA,NA,50.50609428,-1.2415358194,0.28205732,4.171621e-06,1.333327e-05,NA,NA,NA,NA,NA,NA,NA,NA,NA,NA,1
LOC111111875,NA,NA,NA,NA,NA,NA,NA,NA,NA,NA,90.79517679,1.3730411801,0.24785009,9.759526e-09,4.265068e-08,NA,NA,NA,NA,NA,NA,NA,NA,NA,NA,1
LOC111111886,NA,NA,NA,NA,NA,NA,NA,NA,NA,NA,112.21914543,-1.0023846553,0.51292235,0.02529918,0.04163451,NA,NA,NA,NA,NA,NA,NA,NA,NA,NA,1
LOC111111941,NA,NA,NA,NA,NA,NA,NA,NA,NA,NA,154.61577191,-1.5658554496,0.40180069,2.265967e-05,6.528129e-05,NA,NA,NA,NA,NA,NA,NA,NA,NA,NA,1
LOC111111957,NA,NA,NA,NA,NA,NA,NA,NA,NA,NA,144.19386881,-1.0603396008,0.31334913,0.0003519602,0.000845588,NA,NA,NA,NA,NA,NA,NA,NA,NA,NA,1
LOC111111990,NA,NA,NA,NA,NA,NA,NA,NA,NA,NA,60.81777907,-1.3226251786,0.40493116,0.0003662911,0.0008768737,NA,NA,NA,NA,NA,NA,NA,NA,NA,NA,1
LOC111112007,NA,NA,NA,NA,NA,NA,NA,NA,NA,NA,254.0140341,-2.6185151498,0.21280293,4.808737e-36,1.646954e-34,NA,NA,NA,NA,NA,NA,NA,NA,NA,NA,1
LOC111112011,NA,NA,NA,NA,NA,NA,NA,NA,NA,NA,98.14888503,-2.5414141613,0.27982182,6.394928e-21,8.452975e-20,NA,NA,NA,NA,NA,NA,NA,NA,NA,NA,1
LOC111112014,NA,NA,NA,NA,NA,NA,NA,NA,NA,NA,220.79966457,-1.4647216542,0.3310432,2.668332e-06,8.720891e-06,NA,NA,NA,NA,NA,NA,NA,NA,NA,NA,1
LOC111112024,NA,NA,NA,NA,NA,NA,NA,NA,NA,NA,78.37108391,-1.611028911,0.22936697,4.828648e-13,3.283507e-12,NA,NA,NA,NA,NA,NA,NA,NA,NA,NA,1
LOC111112028,NA,NA,NA,NA,NA,NA,NA,NA,NA,NA,166.37924858,-1.8166793866,0.2484586,4.260795e-14,3.167526e-13,NA,NA,NA,NA,NA,NA,NA,NA,NA,NA,1
LOC111112036,NA,NA,NA,NA,NA,NA,NA,NA,NA,NA,171.58171034,1.8267115717,0.19555862,1.529724e-21,2.105088e-20,NA,NA,NA,NA,NA,NA,NA,NA,NA,NA,1
LOC111112040,NA,NA,NA,NA,NA,NA,NA,NA,NA,NA,81.79455054,1.7349166573,0.19155528,2.48046e-20,3.120955e-19,NA,NA,NA,NA,NA,NA,NA,NA,NA,NA,1
LOC111112043,NA,NA,NA,NA,NA,NA,NA,NA,NA,NA,26.37077955,2.0931442655,0.33342391,3.620221e-11,2.052288e-10,NA,NA,NA,NA,NA,NA,NA,NA,NA,NA,1
LOC111112048,NA,NA,NA,NA,NA,NA,NA,NA,NA,NA,318.2742442,-1.9086831797,0.52302348,3.495363e-05,9.791036e-05,NA,NA,NA,NA,NA,NA,NA,NA,NA,NA,1
LOC111112064,NA,NA,NA,NA,NA,NA,NA,NA,NA,NA,95.09506451,-2.3895079327,0.41116553,4.279747e-10,2.164098e-09,NA,NA,NA,NA,NA,NA,NA,NA,NA,NA,1
LOC111112084,NA,NA,NA,NA,NA,NA,NA,NA,NA,NA,78.83841271,1.1902052605,0.31353356,6.095047e-05,0.0001648307,NA,NA,NA,NA,NA,NA,NA,NA,NA,NA,1
LOC111112088,NA,NA,NA,NA,NA,NA,NA,NA,NA,NA,61.53112431,2.9359743332,0.29041163,2.005498e-25,3.601163e-24,NA,NA,NA,NA,NA,NA,NA,NA,NA,NA,1
LOC111112096,NA,NA,NA,NA,NA,NA,NA,NA,NA,NA,290.25123114,-1.8386602808,0.34131809,1.102957e-08,4.784515e-08,NA,NA,NA,NA,NA,NA,NA,NA,NA,NA,1
LOC111112103,NA,NA,NA,NA,NA,NA,NA,NA,NA,NA,36.84077245,3.9882676504,0.61977478,1.728121e-12,1.111305e-11,NA,NA,NA,NA,NA,NA,NA,NA,NA,NA,1
LOC111112114,NA,NA,NA,NA,NA,NA,NA,NA,NA,NA,404.68903182,2.803448175,0.36398825,5.897763e-16,5.148536e-15,NA,NA,NA,NA,NA,NA,NA,NA,NA,NA,1
LOC111112117,NA,NA,NA,NA,NA,NA,NA,NA,NA,NA,705.40159542,-1.8306864304,0.17190038,2.794562e-27,5.673807e-26,NA,NA,NA,NA,NA,NA,NA,NA,NA,NA,1
LOC111112129,NA,NA,NA,NA,NA,NA,NA,NA,NA,NA,80.64536744,-1.1855009244,0.33500232,0.0001669531,0.0004218093,NA,NA,NA,NA,NA,NA,NA,NA,NA,NA,1
LOC111112130,NA,NA,NA,NA,NA,NA,NA,NA,NA,NA,357.32737211,-3.6137705923,0.27706878,1.630447e-40,7.282665e-39,NA,NA,NA,NA,NA,NA,NA,NA,NA,NA,1
LOC111112161,NA,NA,NA,NA,NA,NA,NA,NA,NA,NA,1284.34556056,-2.2397252718,0.16030422,2.062549e-45,1.116693e-43,NA,NA,NA,NA,NA,NA,NA,NA,NA,NA,1
LOC111112166,NA,NA,NA,NA,NA,NA,NA,NA,NA,NA,134.23825931,-1.3297230682,0.42980958,0.0006533653,0.001497237,NA,NA,NA,NA,NA,NA,NA,NA,NA,NA,1
LOC111112184,NA,NA,NA,NA,NA,NA,NA,NA,NA,NA,26.76985417,2.986435601,0.33836457,4.056093e-20,5.015146e-19,NA,NA,NA,NA,NA,NA,NA,NA,NA,NA,1
LOC111112206,NA,NA,NA,NA,NA,NA,NA,NA,NA,NA,1432.02724883,-2.6056461263,0.39970805,3.792768e-12,2.343428e-11,NA,NA,NA,NA,NA,NA,NA,NA,NA,NA,1
LOC111112210,NA,NA,NA,NA,NA,NA,NA,NA,NA,NA,238.41230442,-1.8433443869,0.19567379,7.014058e-22,9.919618e-21,NA,NA,NA,NA,NA,NA,NA,NA,NA,NA,1
LOC111112213,NA,NA,NA,NA,NA,NA,NA,NA,NA,NA,56.5212998,1.2371057976,0.18014527,2.602732e-12,1.639324e-11,NA,NA,NA,NA,NA,NA,NA,NA,NA,NA,1
LOC111112228,NA,NA,NA,NA,NA,NA,NA,NA,NA,NA,126.84984905,-2.1892531848,0.32435093,1.367327e-12,8.8781e-12,NA,NA,NA,NA,NA,NA,NA,NA,NA,NA,1
LOC111112237,NA,NA,NA,NA,NA,NA,NA,NA,NA,NA,142.24575411,3.0530863654,0.23872744,6.960368e-39,2.753327e-37,NA,NA,NA,NA,NA,NA,NA,NA,NA,NA,1
LOC111112238,NA,NA,NA,NA,NA,NA,NA,NA,NA,NA,25.92809905,1.5095477171,0.4425247,0.0001626917,0.0004118194,NA,NA,NA,NA,NA,NA,NA,NA,NA,NA,1
LOC111112239,NA,NA,NA,NA,NA,NA,NA,NA,NA,NA,52.02676825,4.0484174255,0.31561683,2.003561e-39,8.197778e-38,NA,NA,NA,NA,NA,NA,NA,NA,NA,NA,1
LOC111112262,NA,NA,NA,NA,NA,NA,NA,NA,NA,NA,69.84366526,2.4739333904,0.38592546,9.113887e-12,5.439915e-11,NA,NA,NA,NA,NA,NA,NA,NA,NA,NA,1
LOC111112291,NA,NA,NA,NA,NA,NA,NA,NA,NA,NA,53.44335078,-1.146940347,0.28757795,2.943918e-05,8.351097e-05,NA,NA,NA,NA,NA,NA,NA,NA,NA,NA,1
LOC111112301,NA,NA,NA,NA,NA,NA,NA,NA,NA,NA,157.5710921,-1.7224899568,0.35851869,2.852038e-07,1.056457e-06,NA,NA,NA,NA,NA,NA,NA,NA,NA,NA,1
LOC111112303,NA,NA,NA,NA,NA,NA,NA,NA,NA,NA,97.64911141,-1.0346000797,0.28785051,0.0001664446,0.000420723,NA,NA,NA,NA,NA,NA,NA,NA,NA,NA,1
LOC111112304,NA,NA,NA,NA,NA,NA,NA,NA,NA,NA,300.34399661,-3.2662854758,0.42923874,7.66939e-16,6.582535e-15,NA,NA,NA,NA,NA,NA,NA,NA,NA,NA,1
LOC111112332,NA,NA,NA,NA,NA,NA,NA,NA,NA,NA,148.84347451,-2.2322951025,0.22792263,1.060058e-23,1.7137e-22,NA,NA,NA,NA,NA,NA,NA,NA,NA,NA,1
LOC111112350,NA,NA,NA,NA,NA,NA,NA,NA,NA,NA,44.28612399,-1.2436062254,0.29261474,8.262228e-06,2.534223e-05,NA,NA,NA,NA,NA,NA,NA,NA,NA,NA,1
LOC111112360,NA,NA,NA,NA,NA,NA,NA,NA,NA,NA,35.19574373,1.5415017134,0.42645577,7.228846e-05,0.0001934429,NA,NA,NA,NA,NA,NA,NA,NA,NA,NA,1
LOC111112363,NA,NA,NA,NA,NA,NA,NA,NA,NA,NA,75.14975682,-1.02452141,0.55358177,0.03076226,0.04961208,NA,NA,NA,NA,NA,NA,NA,NA,NA,NA,1
LOC111112403,NA,NA,NA,NA,NA,NA,NA,NA,NA,NA,74.09500409,-1.8626891389,0.2122626,2.577343e-19,2.954985e-18,NA,NA,NA,NA,NA,NA,NA,NA,NA,NA,1
LOC111112412,NA,NA,NA,NA,NA,NA,NA,NA,NA,NA,64.47327055,2.904244226,0.97588849,7.906641e-05,0.0002103728,NA,NA,NA,NA,NA,NA,NA,NA,NA,NA,1
LOC111112414,NA,NA,NA,NA,NA,NA,NA,NA,NA,NA,57.02475648,1.572332935,0.25811872,2.646756e-10,1.364753e-09,NA,NA,NA,NA,NA,NA,NA,NA,NA,NA,1
LOC111112466,NA,NA,NA,NA,NA,NA,NA,NA,NA,NA,1246.70405187,-4.5192275593,0.52850333,1.351441e-19,1.593778e-18,NA,NA,NA,NA,NA,NA,NA,NA,NA,NA,1
LOC111112476,NA,NA,NA,NA,NA,NA,NA,NA,NA,NA,67.39051534,2.7622818192,0.70699674,3.590251e-06,1.155087e-05,NA,NA,NA,NA,NA,NA,NA,NA,NA,NA,1
LOC111112477,NA,NA,NA,NA,NA,NA,NA,NA,NA,NA,138.03493342,3.7230195632,0.66357593,3.247766e-10,1.662658e-09,NA,NA,NA,NA,NA,NA,NA,NA,NA,NA,1
LOC111112488,NA,NA,NA,NA,NA,NA,NA,NA,NA,NA,1354.80290926,-1.2558372905,0.56239737,0.009008184,0.0164175,NA,NA,NA,NA,NA,NA,NA,NA,NA,NA,1
LOC111112494,NA,NA,NA,NA,NA,NA,NA,NA,NA,NA,390.47502326,-3.8821114945,0.38249826,6.141632e-26,1.145014e-24,NA,NA,NA,NA,NA,NA,NA,NA,NA,NA,1
LOC111112498,NA,NA,NA,NA,NA,NA,NA,NA,NA,NA,379.38152316,-2.6762293641,0.30847057,2.110895e-19,2.449003e-18,NA,NA,NA,NA,NA,NA,NA,NA,NA,NA,1
LOC111112499,NA,NA,NA,NA,NA,NA,NA,NA,NA,NA,31.25270378,1.5402696215,0.38647308,1.636485e-05,4.797134e-05,NA,NA,NA,NA,NA,NA,NA,NA,NA,NA,1
LOC111112573,NA,NA,NA,NA,NA,NA,NA,NA,NA,NA,1120.40386212,1.6345932121,0.4314281,3.145518e-05,8.885364e-05,NA,NA,NA,NA,NA,NA,NA,NA,NA,NA,1
LOC111112576,NA,NA,NA,NA,NA,NA,NA,NA,NA,NA,72.07004676,1.5524688931,0.21280875,7.332013e-14,5.346883e-13,NA,NA,NA,NA,NA,NA,NA,NA,NA,NA,1
LOC111112587,NA,NA,NA,NA,NA,NA,NA,NA,NA,NA,349.59702045,1.2182093419,0.51461231,0.006767573,0.01265011,NA,NA,NA,NA,NA,NA,NA,NA,NA,NA,1
LOC111112596,NA,NA,NA,NA,NA,NA,NA,NA,NA,NA,229.29022954,-2.6094949466,0.3051839,6.77224e-19,7.515363e-18,NA,NA,NA,NA,NA,NA,NA,NA,NA,NA,1
LOC111112599,NA,NA,NA,NA,NA,NA,NA,NA,NA,NA,158.26700263,-2.1208216791,0.18709448,9.093232e-31,2.28825e-29,NA,NA,NA,NA,NA,NA,NA,NA,NA,NA,1
LOC111112603,NA,NA,NA,NA,NA,NA,NA,NA,NA,NA,159.4064873,-3.1099205674,0.39730813,1.615546e-16,1.484032e-15,NA,NA,NA,NA,NA,NA,NA,NA,NA,NA,1
LOC111112617,NA,NA,NA,NA,NA,NA,NA,NA,NA,NA,25.73496212,1.8003661777,0.40372717,1.326571e-06,4.501692e-06,NA,NA,NA,NA,NA,NA,NA,NA,NA,NA,1
LOC111112623,NA,NA,NA,NA,NA,NA,NA,NA,NA,NA,177.63113453,1.7616652958,0.25536807,9.242004e-13,6.115696e-12,NA,NA,NA,NA,NA,NA,NA,NA,NA,NA,1
LOC111112624,NA,NA,NA,NA,NA,NA,NA,NA,NA,NA,45.25542442,-1.8127041404,0.27766782,1.077007e-11,6.37874e-11,NA,NA,NA,NA,NA,NA,NA,NA,NA,NA,1
LOC111112640,NA,NA,NA,NA,NA,NA,NA,NA,NA,NA,779.42344284,-1.9027042533,0.22959781,1.648218e-17,1.649757e-16,NA,NA,NA,NA,NA,NA,NA,NA,NA,NA,1
LOC111112643,NA,NA,NA,NA,NA,NA,NA,NA,NA,NA,64.15596432,-1.0654185732,0.25988096,2.048507e-05,5.933531e-05,NA,NA,NA,NA,NA,NA,NA,NA,NA,NA,1
LOC111112664,NA,NA,NA,NA,NA,NA,NA,NA,NA,NA,62.27278629,-1.4480451047,0.25375154,3.311756e-09,1.515238e-08,NA,NA,NA,NA,NA,NA,NA,NA,NA,NA,1
LOC111112666,NA,NA,NA,NA,NA,NA,NA,NA,NA,NA,103.66051164,-1.1444076194,0.28208307,2.208845e-05,6.377274e-05,NA,NA,NA,NA,NA,NA,NA,NA,NA,NA,1
LOC111112703,NA,NA,NA,NA,NA,NA,NA,NA,NA,NA,107.00664059,-1.0140407739,0.26892282,8.574758e-05,0.000227247,NA,NA,NA,NA,NA,NA,NA,NA,NA,NA,1
LOC111112704,NA,NA,NA,NA,NA,NA,NA,NA,NA,NA,37.63626717,1.9130242881,0.3439399,3.658972e-09,1.662042e-08,NA,NA,NA,NA,NA,NA,NA,NA,NA,NA,1
LOC111112734,NA,NA,NA,NA,NA,NA,NA,NA,NA,NA,298.6251546,-3.9197235843,0.31829023,1.407939e-36,4.997716e-35,NA,NA,NA,NA,NA,NA,NA,NA,NA,NA,1
LOC111112736,NA,NA,NA,NA,NA,NA,NA,NA,NA,NA,282.02549762,-2.8545409957,0.21949504,5.092138e-40,2.192278e-38,NA,NA,NA,NA,NA,NA,NA,NA,NA,NA,1
LOC111112737,NA,NA,NA,NA,NA,NA,NA,NA,NA,NA,24.31282699,2.2124146992,0.28186419,3.777065e-16,3.343529e-15,NA,NA,NA,NA,NA,NA,NA,NA,NA,NA,1
LOC111112739,NA,NA,NA,NA,NA,NA,NA,NA,NA,NA,20.13554027,2.896416775,0.33816797,4.397818e-19,4.952164e-18,NA,NA,NA,NA,NA,NA,NA,NA,NA,NA,1
LOC111112743,NA,NA,NA,NA,NA,NA,NA,NA,NA,NA,96.90651247,-2.4618247479,0.24067315,9.802239e-26,1.799315e-24,NA,NA,NA,NA,NA,NA,NA,NA,NA,NA,1
LOC111112749,NA,NA,NA,NA,NA,NA,NA,NA,NA,NA,599.05029202,-1.8145104343,0.28988186,6.22498e-11,3.450454e-10,NA,NA,NA,NA,NA,NA,NA,NA,NA,NA,1
LOC111112750,NA,NA,NA,NA,NA,NA,NA,NA,NA,NA,144.59695997,-1.7158239669,0.42148175,8.589209e-06,2.626999e-05,NA,NA,NA,NA,NA,NA,NA,NA,NA,NA,1
LOC111112753,NA,NA,NA,NA,NA,NA,NA,NA,NA,NA,300.15899381,2.9747612022,0.37683874,1.085323e-16,1.014356e-15,NA,NA,NA,NA,NA,NA,NA,NA,NA,NA,1
LOC111112758,NA,NA,NA,NA,NA,NA,NA,NA,NA,NA,890.27486782,-1.3626790785,0.20924375,2.435947e-11,1.39868e-10,NA,NA,NA,NA,NA,NA,NA,NA,NA,NA,1
LOC111112761,NA,NA,NA,NA,NA,NA,NA,NA,NA,NA,902.32871728,1.0783375739,0.27999658,5.698429e-05,0.0001545728,NA,NA,NA,NA,NA,NA,NA,NA,NA,NA,1
LOC111112770,NA,NA,NA,NA,NA,NA,NA,NA,NA,NA,46.11538618,-1.2507013137,0.26439594,8.6195e-07,2.994201e-06,NA,NA,NA,NA,NA,NA,NA,NA,NA,NA,1
LOC111112772,NA,NA,NA,NA,NA,NA,NA,NA,NA,NA,25.12797385,1.1303015287,0.3579282,0.0007071341,0.001610811,NA,NA,NA,NA,NA,NA,NA,NA,NA,NA,1
LOC111112792,NA,NA,NA,NA,NA,NA,NA,NA,NA,NA,59.31178839,2.4222492684,0.22674845,8.602696e-28,1.801189e-26,NA,NA,NA,NA,NA,NA,NA,NA,NA,NA,1
LOC111112794,NA,NA,NA,NA,NA,NA,NA,NA,NA,NA,193.9432244,-3.5061224749,0.24617752,1.280494e-47,7.980754e-46,NA,NA,NA,NA,NA,NA,NA,NA,NA,NA,1
LOC111112796,NA,NA,NA,NA,NA,NA,NA,NA,NA,NA,91.01574245,2.4961728428,0.42959164,3.746075e-10,1.90774e-09,NA,NA,NA,NA,NA,NA,NA,NA,NA,NA,1
LOC111112812,NA,NA,NA,NA,NA,NA,NA,NA,NA,NA,152.9306262,2.4125423566,0.419886,6.129289e-10,3.046174e-09,NA,NA,NA,NA,NA,NA,NA,NA,NA,NA,1
LOC111112814,NA,NA,NA,NA,NA,NA,NA,NA,NA,NA,200.99207145,3.2271044268,0.41831442,3.519942e-16,3.123657e-15,NA,NA,NA,NA,NA,NA,NA,NA,NA,NA,1
LOC111112828,NA,NA,NA,NA,NA,NA,NA,NA,NA,NA,52.69367396,-1.2162105485,0.22707951,3.462721e-08,1.422236e-07,NA,NA,NA,NA,NA,NA,NA,NA,NA,NA,1
LOC111112844,NA,NA,NA,NA,NA,NA,NA,NA,NA,NA,1255.46361792,-1.9673287621,0.20517021,1.153129e-22,1.733736e-21,NA,NA,NA,NA,NA,NA,NA,NA,NA,NA,1
LOC111112845,NA,NA,NA,NA,NA,NA,NA,NA,NA,NA,1232.28831474,-1.5134352323,0.199673,9.072367e-15,7.098962e-14,NA,NA,NA,NA,NA,NA,NA,NA,NA,NA,1
LOC111112846,NA,NA,NA,NA,NA,NA,NA,NA,NA,NA,313.1661457,-2.7978742991,0.4539534,3.017633e-11,1.719778e-10,NA,NA,NA,NA,NA,NA,NA,NA,NA,NA,1
LOC111112848,NA,NA,NA,NA,NA,NA,NA,NA,NA,NA,92.21502801,1.0179309121,0.47871018,0.01658972,0.02842739,NA,NA,NA,NA,NA,NA,NA,NA,NA,NA,1
LOC111112864,NA,NA,NA,NA,NA,NA,NA,NA,NA,NA,356.16053715,-1.4800871856,0.16443255,6.181607e-20,7.540776e-19,NA,NA,NA,NA,NA,NA,NA,NA,NA,NA,1
LOC111112883,NA,NA,NA,NA,NA,NA,NA,NA,NA,NA,75.98315604,1.0136024303,0.29098708,0.0002597939,0.0006371518,NA,NA,NA,NA,NA,NA,NA,NA,NA,NA,1
LOC111112886,NA,NA,NA,NA,NA,NA,NA,NA,NA,NA,123.4155762,-1.9096719826,0.27167341,2.899647e-13,2.00414e-12,NA,NA,NA,NA,NA,NA,NA,NA,NA,NA,1
LOC111112912,NA,NA,NA,NA,NA,NA,NA,NA,NA,NA,435.53724686,-2.213547115,0.2729389,4.566985e-17,4.39875e-16,NA,NA,NA,NA,NA,NA,NA,NA,NA,NA,1
LOC111112925,NA,NA,NA,NA,NA,NA,NA,NA,NA,NA,104.12856253,-2.1016377865,0.23734149,8.87638e-20,1.069155e-18,NA,NA,NA,NA,NA,NA,NA,NA,NA,NA,1
LOC111112938,NA,NA,NA,NA,NA,NA,NA,NA,NA,NA,83.4435979,-2.0631053873,0.28965331,1.174581e-13,8.406222e-13,NA,NA,NA,NA,NA,NA,NA,NA,NA,NA,1
LOC111112939,NA,NA,NA,NA,NA,NA,NA,NA,NA,NA,109.00490852,-1.1329029304,0.24224496,1.326057e-06,4.50137e-06,NA,NA,NA,NA,NA,NA,NA,NA,NA,NA,1
LOC111112942,NA,NA,NA,NA,NA,NA,NA,NA,NA,NA,160.97545588,-1.337135613,0.41802387,0.0004528062,0.001067066,NA,NA,NA,NA,NA,NA,NA,NA,NA,NA,1
LOC111112949,NA,NA,NA,NA,NA,NA,NA,NA,NA,NA,66.83299308,-1.1158490524,0.3447116,0.0005495642,0.001276561,NA,NA,NA,NA,NA,NA,NA,NA,NA,NA,1
LOC111112952,NA,NA,NA,NA,NA,NA,NA,NA,NA,NA,389.99012843,-2.5980298006,0.1957239,1.898263e-41,8.733639e-40,NA,NA,NA,NA,NA,NA,NA,NA,NA,NA,1
LOC111112966,NA,NA,NA,NA,NA,NA,NA,NA,NA,NA,66.7629208,-1.7370538587,0.25037286,7.281714e-13,4.863549e-12,NA,NA,NA,NA,NA,NA,NA,NA,NA,NA,1
LOC111112980,NA,NA,NA,NA,NA,NA,NA,NA,NA,NA,56.05380428,2.7951804628,0.26993748,1.837489e-26,3.555574e-25,NA,NA,NA,NA,NA,NA,NA,NA,NA,NA,1
LOC111112993,NA,NA,NA,NA,NA,NA,NA,NA,NA,NA,79098.85327638,3.1919217283,0.2908872,1.648992e-29,3.842868e-28,NA,NA,NA,NA,NA,NA,NA,NA,NA,NA,1
LOC111113003,NA,NA,NA,NA,NA,NA,NA,NA,NA,NA,88.91564834,-1.7200356393,0.43072225,1.184706e-05,3.538604e-05,NA,NA,NA,NA,NA,NA,NA,NA,NA,NA,1
LOC111113004,NA,NA,NA,NA,NA,NA,NA,NA,NA,NA,62.57488303,-1.2760290693,0.34783988,8.897096e-05,0.0002351501,NA,NA,NA,NA,NA,NA,NA,NA,NA,NA,1
LOC111113006,NA,NA,NA,NA,NA,NA,NA,NA,NA,NA,74.99544351,1.0463503264,0.39475604,0.003944035,0.007770641,NA,NA,NA,NA,NA,NA,NA,NA,NA,NA,1
LOC111113010,NA,NA,NA,NA,NA,NA,NA,NA,NA,NA,86.24876017,-1.5478022317,0.28684899,1.668857e-08,7.0796e-08,NA,NA,NA,NA,NA,NA,NA,NA,NA,NA,1
LOC111113027,NA,NA,NA,NA,NA,NA,NA,NA,NA,NA,126.61876839,-1.6305336255,0.18735021,7.041057e-19,7.805597e-18,NA,NA,NA,NA,NA,NA,NA,NA,NA,NA,1
LOC111113034,NA,NA,NA,NA,NA,NA,NA,NA,NA,NA,315.52206916,1.2241523586,0.16305413,2.444444e-14,1.851903e-13,NA,NA,NA,NA,NA,NA,NA,NA,NA,NA,1
LOC111113036,NA,NA,NA,NA,NA,NA,NA,NA,NA,NA,73.18846826,-2.0973820423,0.28625872,2.490414e-14,1.882739e-13,NA,NA,NA,NA,NA,NA,NA,NA,NA,NA,1
LOC111113039,NA,NA,NA,NA,NA,NA,NA,NA,NA,NA,146.43341452,-1.7858174945,0.21419977,1.296507e-17,1.309949e-16,NA,NA,NA,NA,NA,NA,NA,NA,NA,NA,1
LOC111113043,NA,NA,NA,NA,NA,NA,NA,NA,NA,NA,37.37802752,2.5902932371,0.28655819,8.95864e-21,1.166909e-19,NA,NA,NA,NA,NA,NA,NA,NA,NA,NA,1
LOC111113045,NA,NA,NA,NA,NA,NA,NA,NA,NA,NA,46.91816879,3.1456796123,0.39544027,5.64783e-17,5.40578e-16,NA,NA,NA,NA,NA,NA,NA,NA,NA,NA,1
LOC111113064,NA,NA,NA,NA,NA,NA,NA,NA,NA,NA,44.14758163,3.6168574933,0.33733084,1.814095e-28,3.960713e-27,NA,NA,NA,NA,NA,NA,NA,NA,NA,NA,1
LOC111113072,NA,NA,NA,NA,NA,NA,NA,NA,NA,NA,45.36510026,2.4397757551,0.27779905,1.08191e-19,1.295874e-18,NA,NA,NA,NA,NA,NA,NA,NA,NA,NA,1
LOC111113099,NA,NA,NA,NA,NA,NA,NA,NA,NA,NA,27.89764924,2.1439269676,0.45443248,2.271336e-07,8.543413e-07,NA,NA,NA,NA,NA,NA,NA,NA,NA,NA,1
LOC111113107,NA,NA,NA,NA,NA,NA,NA,NA,NA,NA,56.45180394,1.5635513635,0.44942542,0.0001163034,0.0003028351,NA,NA,NA,NA,NA,NA,NA,NA,NA,NA,1
LOC111113115,NA,NA,NA,NA,NA,NA,NA,NA,NA,NA,117.40691063,1.9812101308,0.25583287,1.210346e-15,1.021647e-14,NA,NA,NA,NA,NA,NA,NA,NA,NA,NA,1
LOC111113124,NA,NA,NA,NA,NA,NA,NA,NA,NA,NA,201.06867308,-1.0699309426,0.23283316,2.138527e-06,7.058193e-06,NA,NA,NA,NA,NA,NA,NA,NA,NA,NA,1
LOC111113129,NA,NA,NA,NA,NA,NA,NA,NA,NA,NA,82.65951122,-1.011269439,0.40563184,0.006470663,0.01214382,NA,NA,NA,NA,NA,NA,NA,NA,NA,NA,1
LOC111113136,NA,NA,NA,NA,NA,NA,NA,NA,NA,NA,85.5889345,-1.3638934952,0.18430405,4.485008e-14,3.318101e-13,NA,NA,NA,NA,NA,NA,NA,NA,NA,NA,1
LOC111113137,NA,NA,NA,NA,NA,NA,NA,NA,NA,NA,41.39215234,1.7775183139,0.35214388,7.55117e-08,3.000317e-07,NA,NA,NA,NA,NA,NA,NA,NA,NA,NA,1
LOC111113168,NA,NA,NA,NA,NA,NA,NA,NA,NA,NA,472.96513232,-1.1848355202,0.16419596,2.297322e-13,1.600214e-12,NA,NA,NA,NA,NA,NA,NA,NA,NA,NA,1
LOC111113169,NA,NA,NA,NA,NA,NA,NA,NA,NA,NA,94.02988504,1.9718861606,0.25446859,1.181235e-15,9.978596e-15,NA,NA,NA,NA,NA,NA,NA,NA,NA,NA,1
LOC111113170,NA,NA,NA,NA,NA,NA,NA,NA,NA,NA,133.57736009,1.3551757263,0.22726465,8.22704e-10,4.034486e-09,NA,NA,NA,NA,NA,NA,NA,NA,NA,NA,1
LOC111113178,NA,NA,NA,NA,NA,NA,NA,NA,NA,NA,118.61477614,-2.4361804641,0.41251127,2.287938e-10,1.187734e-09,NA,NA,NA,NA,NA,NA,NA,NA,NA,NA,1
LOC111113183,NA,NA,NA,NA,NA,NA,NA,NA,NA,NA,183.30091601,-2.3731989337,0.43190585,2.7446e-09,1.263836e-08,NA,NA,NA,NA,NA,NA,NA,NA,NA,NA,1
LOC111113184,NA,NA,NA,NA,NA,NA,NA,NA,NA,NA,32.9410086,1.0569772852,0.25383471,1.566476e-05,4.60198e-05,NA,NA,NA,NA,NA,NA,NA,NA,NA,NA,1
LOC111113194,NA,NA,NA,NA,NA,NA,NA,NA,NA,NA,117.78499726,-2.4432105372,0.30139109,3.489668e-17,3.407035e-16,NA,NA,NA,NA,NA,NA,NA,NA,NA,NA,1
LOC111113199,NA,NA,NA,NA,NA,NA,NA,NA,NA,NA,170.40085735,1.2379151883,0.27982558,3.786597e-06,1.213885e-05,NA,NA,NA,NA,NA,NA,NA,NA,NA,NA,1
LOC111113207,NA,NA,NA,NA,NA,NA,NA,NA,NA,NA,34.97332745,1.5843706943,0.50800507,0.0004003825,0.0009510526,NA,NA,NA,NA,NA,NA,NA,NA,NA,NA,1
LOC111113248,NA,NA,NA,NA,NA,NA,NA,NA,NA,NA,90.02705403,-1.2003671447,0.24356572,3.439189e-07,1.263039e-06,NA,NA,NA,NA,NA,NA,NA,NA,NA,NA,1
LOC111113251,NA,NA,NA,NA,NA,NA,NA,NA,NA,NA,28.30567579,1.6350137971,0.50217408,0.000230825,0.000571465,NA,NA,NA,NA,NA,NA,NA,NA,NA,NA,1
LOC111113265,NA,NA,NA,NA,NA,NA,NA,NA,NA,NA,95.75521332,-1.016370834,0.37017729,0.003096842,0.006234394,NA,NA,NA,NA,NA,NA,NA,NA,NA,NA,1
LOC111113298,NA,NA,NA,NA,NA,NA,NA,NA,NA,NA,920.07262782,-2.9078999234,0.2499161,1.137529e-32,3.251817e-31,NA,NA,NA,NA,NA,NA,NA,NA,NA,NA,1
LOC111113318,NA,NA,NA,NA,NA,NA,NA,NA,NA,NA,74.99031996,-1.9410654526,0.28421054,1.131518e-12,7.418036e-12,NA,NA,NA,NA,NA,NA,NA,NA,NA,NA,1
LOC111113321,NA,NA,NA,NA,NA,NA,NA,NA,NA,NA,73.25442929,2.6018604815,0.4628864,9.945108e-10,4.821871e-09,NA,NA,NA,NA,NA,NA,NA,NA,NA,NA,1
LOC111113322,NA,NA,NA,NA,NA,NA,NA,NA,NA,NA,773.58947944,2.9040260175,0.44011938,1.59462e-12,1.028539e-11,NA,NA,NA,NA,NA,NA,NA,NA,NA,NA,1
LOC111113326,NA,NA,NA,NA,NA,NA,NA,NA,NA,NA,291.10146205,-4.4765577096,0.30636116,3.186039e-50,2.323424e-48,NA,NA,NA,NA,NA,NA,NA,NA,NA,NA,1
LOC111113327,NA,NA,NA,NA,NA,NA,NA,NA,NA,NA,220.51628374,5.0679571153,0.35975294,4.215475e-47,2.538758e-45,NA,NA,NA,NA,NA,NA,NA,NA,NA,NA,1
LOC111113339,NA,NA,NA,NA,NA,NA,NA,NA,NA,NA,40.0475457,3.2110341235,0.36052432,1.600565e-20,2.047501e-19,NA,NA,NA,NA,NA,NA,NA,NA,NA,NA,1
LOC111113357,NA,NA,NA,NA,NA,NA,NA,NA,NA,NA,184.84310009,-1.6084900549,0.29464911,1.064271e-08,4.632149e-08,NA,NA,NA,NA,NA,NA,NA,NA,NA,NA,1
LOC111113363,NA,NA,NA,NA,NA,NA,NA,NA,NA,NA,187.46425366,-2.5256183361,0.38969688,5.372465e-12,3.272319e-11,NA,NA,NA,NA,NA,NA,NA,NA,NA,NA,1
LOC111113375,NA,NA,NA,NA,NA,NA,NA,NA,NA,NA,50.40168088,1.8422182775,0.26870616,1.098012e-12,7.221279e-12,NA,NA,NA,NA,NA,NA,NA,NA,NA,NA,1
LOC111113376,NA,NA,NA,NA,NA,NA,NA,NA,NA,NA,24.8435112,1.6154894263,0.28983456,5.482795e-09,2.45512e-08,NA,NA,NA,NA,NA,NA,NA,NA,NA,NA,1
LOC111113385,NA,NA,NA,NA,NA,NA,NA,NA,NA,NA,77.04152031,1.6524064627,0.32307882,6.492525e-08,2.597979e-07,NA,NA,NA,NA,NA,NA,NA,NA,NA,NA,1
LOC111113390,NA,NA,NA,NA,NA,NA,NA,NA,NA,NA,311.16895853,-1.6103478346,0.13490382,1.71862e-33,5.117669e-32,NA,NA,NA,NA,NA,NA,NA,NA,NA,NA,1
LOC111113416,NA,NA,NA,NA,NA,NA,NA,NA,NA,NA,242.77366437,-1.2700349639,0.2996747,8.378168e-06,2.566846e-05,NA,NA,NA,NA,NA,NA,NA,NA,NA,NA,1
LOC111113424,NA,NA,NA,NA,NA,NA,NA,NA,NA,NA,111.70466479,-2.0038758948,0.20604911,2.884379e-23,4.527166e-22,NA,NA,NA,NA,NA,NA,NA,NA,NA,NA,1
LOC111113428,NA,NA,NA,NA,NA,NA,NA,NA,NA,NA,55.9890115,-1.7168054863,0.25589954,3.699657e-12,2.292504e-11,NA,NA,NA,NA,NA,NA,NA,NA,NA,NA,1
LOC111113430,NA,NA,NA,NA,NA,NA,NA,NA,NA,NA,149.28082516,1.6879783235,0.20572198,4.578325e-17,4.405713e-16,NA,NA,NA,NA,NA,NA,NA,NA,NA,NA,1
LOC111113448,NA,NA,NA,NA,NA,NA,NA,NA,NA,NA,42.4647143,1.499472486,0.3100372,3.473509e-07,1.274333e-06,NA,NA,NA,NA,NA,NA,NA,NA,NA,NA,1
LOC111113501,NA,NA,NA,NA,NA,NA,NA,NA,NA,NA,50.21496084,4.1279134868,0.283606,9.105544e-50,6.421804e-48,NA,NA,NA,NA,NA,NA,NA,NA,NA,NA,1
LOC111113508,NA,NA,NA,NA,NA,NA,NA,NA,NA,NA,68.71464414,3.9651448356,0.28160555,9.283267e-47,5.408512e-45,NA,NA,NA,NA,NA,NA,NA,NA,NA,NA,1
LOC111113511,NA,NA,NA,NA,NA,NA,NA,NA,NA,NA,956.2321543,-2.0926551354,0.32028674,6.784398e-12,4.099704e-11,NA,NA,NA,NA,NA,NA,NA,NA,NA,NA,1
LOC111113512,NA,NA,NA,NA,NA,NA,NA,NA,NA,NA,156.96020029,-2.0803847171,0.3088841,1.765952e-12,1.134952e-11,NA,NA,NA,NA,NA,NA,NA,NA,NA,NA,1
LOC111113559,NA,NA,NA,NA,NA,NA,NA,NA,NA,NA,239.13827489,1.8492624801,0.43670991,3.403231e-06,1.097222e-05,NA,NA,NA,NA,NA,NA,NA,NA,NA,NA,1
LOC111113584,NA,NA,NA,NA,NA,NA,NA,NA,NA,NA,273.49596601,5.8110234664,0.42532851,1.004088e-44,5.328626e-43,NA,NA,NA,NA,NA,NA,NA,NA,NA,NA,1
LOC111113666,NA,NA,NA,NA,NA,NA,NA,NA,NA,NA,494.23827646,1.5811739564,0.16520531,2.502965e-22,3.680629e-21,NA,NA,NA,NA,NA,NA,NA,NA,NA,NA,1
LOC111113680,NA,NA,NA,NA,NA,NA,NA,NA,NA,NA,26.27243868,2.7632379863,0.36121374,9.241083e-16,7.874755e-15,NA,NA,NA,NA,NA,NA,NA,NA,NA,NA,1
LOC111113682,NA,NA,NA,NA,NA,NA,NA,NA,NA,NA,37.60825155,2.8591549216,0.36000678,8.309874e-17,7.848621e-16,NA,NA,NA,NA,NA,NA,NA,NA,NA,NA,1
LOC111113685,NA,NA,NA,NA,NA,NA,NA,NA,NA,NA,48.64603143,3.6332408862,0.41418652,3.738318e-20,4.651726e-19,NA,NA,NA,NA,NA,NA,NA,NA,NA,NA,1
LOC111113707,NA,NA,NA,NA,NA,NA,NA,NA,NA,NA,79.66791349,1.001942103,0.22168199,3.341697e-06,1.078681e-05,NA,NA,NA,NA,NA,NA,NA,NA,NA,NA,1
LOC111113726,NA,NA,NA,NA,NA,NA,NA,NA,NA,NA,45.20819887,3.1995275132,0.35647036,8.672987e-21,1.131076e-19,NA,NA,NA,NA,NA,NA,NA,NA,NA,NA,1
LOC111113734,NA,NA,NA,NA,NA,NA,NA,NA,NA,NA,34.9821443,4.2424211395,0.35233631,3.267634e-35,1.077817e-33,NA,NA,NA,NA,NA,NA,NA,NA,NA,NA,1
LOC111113736,NA,NA,NA,NA,NA,NA,NA,NA,NA,NA,59.58503225,1.1178822646,0.31279531,0.0001608531,0.0004076466,NA,NA,NA,NA,NA,NA,NA,NA,NA,NA,1
LOC111113745,NA,NA,NA,NA,NA,NA,NA,NA,NA,NA,165.09488583,-2.3664158822,0.18982455,8.598738e-37,3.072616e-35,NA,NA,NA,NA,NA,NA,NA,NA,NA,NA,1
LOC111113751,NA,NA,NA,NA,NA,NA,NA,NA,NA,NA,52.11225669,1.6573004836,0.19879046,1.592069e-17,1.596537e-16,NA,NA,NA,NA,NA,NA,NA,NA,NA,NA,1
LOC111113813,NA,NA,NA,NA,NA,NA,NA,NA,NA,NA,50.84039088,1.6924908763,0.28514632,5.715406e-10,2.852381e-09,NA,NA,NA,NA,NA,NA,NA,NA,NA,NA,1
LOC111113825,NA,NA,NA,NA,NA,NA,NA,NA,NA,NA,211.10748051,5.1274630136,0.29524863,1.376885e-69,1.91691e-67,NA,NA,NA,NA,NA,NA,NA,NA,NA,NA,1
LOC111113828,NA,NA,NA,NA,NA,NA,NA,NA,NA,NA,17.8124289,2.5276870043,0.31310984,4.149885e-17,4.025951e-16,NA,NA,NA,NA,NA,NA,NA,NA,NA,NA,1
LOC111113830,NA,NA,NA,NA,NA,NA,NA,NA,NA,NA,52.03999103,1.3882135143,0.28264101,2.828742e-07,1.048552e-06,NA,NA,NA,NA,NA,NA,NA,NA,NA,NA,1
LOC111113840,NA,NA,NA,NA,NA,NA,NA,NA,NA,NA,37.19609872,1.2286628366,0.4265877,0.001519078,0.003247438,NA,NA,NA,NA,NA,NA,NA,NA,NA,NA,1
LOC111113851,NA,NA,NA,NA,NA,NA,NA,NA,NA,NA,137.60393318,5.4746400953,0.26128913,1.392283e-99,4.52281e-97,NA,NA,NA,NA,NA,NA,NA,NA,NA,NA,1
LOC111113858,NA,NA,NA,NA,NA,NA,NA,NA,NA,NA,263.32093761,3.3816296043,0.44703026,9.761445e-16,8.278694e-15,NA,NA,NA,NA,NA,NA,NA,NA,NA,NA,1
LOC111113887,NA,NA,NA,NA,NA,NA,NA,NA,NA,NA,106.52734472,2.2002338821,0.1466626,6.682539e-52,5.153728e-50,NA,NA,NA,NA,NA,NA,NA,NA,NA,NA,1
LOC111113970,NA,NA,NA,NA,NA,NA,NA,NA,NA,NA,122.07969602,2.8087721997,0.40943082,2.946936e-13,2.034202e-12,NA,NA,NA,NA,NA,NA,NA,NA,NA,NA,1
LOC111113981,NA,NA,NA,NA,NA,NA,NA,NA,NA,NA,37.82694693,2.9812944276,0.33130007,8.610785e-21,1.124332e-19,NA,NA,NA,NA,NA,NA,NA,NA,NA,NA,1
LOC111113985,NA,NA,NA,NA,NA,NA,NA,NA,NA,NA,45.70411884,1.131530545,0.26541487,9.139318e-06,2.785712e-05,NA,NA,NA,NA,NA,NA,NA,NA,NA,NA,1
LOC111114002,NA,NA,NA,NA,NA,NA,NA,NA,NA,NA,54.75490845,2.0192947508,0.23308041,5.460073e-19,6.116195e-18,NA,NA,NA,NA,NA,NA,NA,NA,NA,NA,1
LOC111114019,NA,NA,NA,NA,NA,NA,NA,NA,NA,NA,8091.3012571,-1.0508471259,0.26709872,4.201392e-05,0.0001164699,NA,NA,NA,NA,NA,NA,NA,NA,NA,NA,1
LOC111114020,NA,NA,NA,NA,NA,NA,NA,NA,NA,NA,21.62541404,2.1573465594,0.36153474,2.308063e-10,1.196443e-09,NA,NA,NA,NA,NA,NA,NA,NA,NA,NA,1
LOC111114067,NA,NA,NA,NA,NA,NA,NA,NA,NA,NA,3958.26512101,1.4177365394,0.48607518,0.001011203,0.002235993,NA,NA,NA,NA,NA,NA,NA,NA,NA,NA,1
LOC111114110,NA,NA,NA,NA,NA,NA,NA,NA,NA,NA,68.76384334,-1.9843468907,0.29080408,1.104882e-12,7.261808e-12,NA,NA,NA,NA,NA,NA,NA,NA,NA,NA,1
LOC111114129,NA,NA,NA,NA,NA,NA,NA,NA,NA,NA,36.7900558,2.8036106349,0.3696787,1.4724e-15,1.233135e-14,NA,NA,NA,NA,NA,NA,NA,NA,NA,NA,1
LOC111114159,NA,NA,NA,NA,NA,NA,NA,NA,NA,NA,151.10037335,-1.006453491,0.25404666,3.969496e-05,0.0001104412,NA,NA,NA,NA,NA,NA,NA,NA,NA,NA,1
LOC111114166,NA,NA,NA,NA,NA,NA,NA,NA,NA,NA,67.97879716,2.2009443058,0.62469684,3.560608e-05,9.960783e-05,NA,NA,NA,NA,NA,NA,NA,NA,NA,NA,1
LOC111114173,NA,NA,NA,NA,NA,NA,NA,NA,NA,NA,206.3441728,-1.6922648188,0.47554312,7.010327e-05,0.0001880178,NA,NA,NA,NA,NA,NA,NA,NA,NA,NA,1
LOC111114174,NA,NA,NA,NA,NA,NA,NA,NA,NA,NA,46.75853513,1.9286460444,0.32221148,2.900559e-10,1.490604e-09,NA,NA,NA,NA,NA,NA,NA,NA,NA,NA,1
LOC111114190,NA,NA,NA,NA,NA,NA,NA,NA,NA,NA,84.50462064,-1.3196257442,0.28578355,1.345822e-06,4.561242e-06,NA,NA,NA,NA,NA,NA,NA,NA,NA,NA,1
LOC111114192,NA,NA,NA,NA,NA,NA,NA,NA,NA,NA,25.11895338,1.9675437766,0.3024807,9.917239e-12,5.899711e-11,NA,NA,NA,NA,NA,NA,NA,NA,NA,NA,1
LOC111114212,NA,NA,NA,NA,NA,NA,NA,NA,NA,NA,957.65441125,1.3569686284,0.20605355,1.506617e-11,8.81601e-11,NA,NA,NA,NA,NA,NA,NA,NA,NA,NA,1
LOC111114220,NA,NA,NA,NA,NA,NA,NA,NA,NA,NA,139.36217972,3.1440582651,0.18228575,4.028075e-68,5.465945e-66,NA,NA,NA,NA,NA,NA,NA,NA,NA,NA,1
LOC111114221,NA,NA,NA,NA,NA,NA,NA,NA,NA,NA,45.07858762,3.4152663458,0.64117392,2.096318e-09,9.804768e-09,NA,NA,NA,NA,NA,NA,NA,NA,NA,NA,1
LOC111114272,NA,NA,NA,NA,NA,NA,NA,NA,NA,NA,18.54095359,1.0646236435,0.32843863,0.0005803957,0.001342361,NA,NA,NA,NA,NA,NA,NA,NA,NA,NA,1
LOC111114286,NA,NA,NA,NA,NA,NA,NA,NA,NA,NA,39.34561777,2.449733656,0.37304634,3.338047e-12,2.079248e-11,NA,NA,NA,NA,NA,NA,NA,NA,NA,NA,1
LOC111114331,NA,NA,NA,NA,NA,NA,NA,NA,NA,NA,71.52737357,-1.5660041644,0.27301621,2.31208e-09,1.074827e-08,NA,NA,NA,NA,NA,NA,NA,NA,NA,NA,1
LOC111114333,NA,NA,NA,NA,NA,NA,NA,NA,NA,NA,224.09741873,-1.3972720713,0.27473049,1.131183e-07,4.401554e-07,NA,NA,NA,NA,NA,NA,NA,NA,NA,NA,1
LOC111114352,NA,NA,NA,NA,NA,NA,NA,NA,NA,NA,42.17241518,1.1493658831,0.23361056,3.855899e-07,1.40405e-06,NA,NA,NA,NA,NA,NA,NA,NA,NA,NA,1
LOC111114372,NA,NA,NA,NA,NA,NA,NA,NA,NA,NA,19.04176388,1.0282505696,0.31607601,0.0005846403,0.001350721,NA,NA,NA,NA,NA,NA,NA,NA,NA,NA,1
LOC111114379,NA,NA,NA,NA,NA,NA,NA,NA,NA,NA,40.94729468,-1.2161036827,0.27152999,3.029938e-06,9.824844e-06,NA,NA,NA,NA,NA,NA,NA,NA,NA,NA,1
LOC111114426,NA,NA,NA,NA,NA,NA,NA,NA,NA,NA,184.9597152,1.3314088526,0.27049799,2.925512e-07,1.082177e-06,NA,NA,NA,NA,NA,NA,NA,NA,NA,NA,1
LOC111114451,NA,NA,NA,NA,NA,NA,NA,NA,NA,NA,58.58039293,-1.3057564489,0.24087481,2.115054e-08,8.881072e-08,NA,NA,NA,NA,NA,NA,NA,NA,NA,NA,1
LOC111114455,NA,NA,NA,NA,NA,NA,NA,NA,NA,NA,116.98027629,-1.9254515172,0.4522798,2.727312e-06,8.900088e-06,NA,NA,NA,NA,NA,NA,NA,NA,NA,NA,1
LOC111114457,NA,NA,NA,NA,NA,NA,NA,NA,NA,NA,292.35798862,-2.1562273673,0.28753204,6.253657e-15,4.984327e-14,NA,NA,NA,NA,NA,NA,NA,NA,NA,NA,1
LOC111114473,NA,NA,NA,NA,NA,NA,NA,NA,NA,NA,53.1320032,-1.2501430433,0.32044671,3.642714e-05,0.000101825,NA,NA,NA,NA,NA,NA,NA,NA,NA,NA,1
LOC111114476,NA,NA,NA,NA,NA,NA,NA,NA,NA,NA,183.21955098,-3.3026559129,0.41568372,5.294943e-17,5.072546e-16,NA,NA,NA,NA,NA,NA,NA,NA,NA,NA,1
LOC111114485,NA,NA,NA,NA,NA,NA,NA,NA,NA,NA,73.95665454,-2.5107499741,0.28897308,2.279739e-19,2.630657e-18,NA,NA,NA,NA,NA,NA,NA,NA,NA,NA,1
LOC111114521,NA,NA,NA,NA,NA,NA,NA,NA,NA,NA,27.97479702,1.7197218561,0.34474422,1.126734e-07,4.385836e-07,NA,NA,NA,NA,NA,NA,NA,NA,NA,NA,1
LOC111114522,NA,NA,NA,NA,NA,NA,NA,NA,NA,NA,93.37460304,3.3512111787,0.21277189,1.989988e-57,1.975247e-55,NA,NA,NA,NA,NA,NA,NA,NA,NA,NA,1
LOC111114523,NA,NA,NA,NA,NA,NA,NA,NA,NA,NA,58.92242246,3.0057140704,0.42033793,3.037059e-14,2.273552e-13,NA,NA,NA,NA,NA,NA,NA,NA,NA,NA,1
LOC111114532,NA,NA,NA,NA,NA,NA,NA,NA,NA,NA,221.39199988,-3.2563010945,0.28672922,2.090028e-31,5.504939e-30,NA,NA,NA,NA,NA,NA,NA,NA,NA,NA,1
LOC111114537,NA,NA,NA,NA,NA,NA,NA,NA,NA,NA,341.63872388,-1.8011632933,0.14983278,4.610353e-34,1.420201e-32,NA,NA,NA,NA,NA,NA,NA,NA,NA,NA,1
LOC111114565,NA,NA,NA,NA,NA,NA,NA,NA,NA,NA,71.60614719,1.9612204135,0.40496204,1.612783e-07,6.174655e-07,NA,NA,NA,NA,NA,NA,NA,NA,NA,NA,1
LOC111114570,NA,NA,NA,NA,NA,NA,NA,NA,NA,NA,36.17385853,2.1773973407,0.77798077,0.0004182986,0.0009885295,NA,NA,NA,NA,NA,NA,NA,NA,NA,NA,1
LOC111114573,NA,NA,NA,NA,NA,NA,NA,NA,NA,NA,55.90961244,-1.3186510882,0.23577169,7.820559e-09,3.452899e-08,NA,NA,NA,NA,NA,NA,NA,NA,NA,NA,1
LOC111114597,NA,NA,NA,NA,NA,NA,NA,NA,NA,NA,3383.43407174,1.4010480045,0.29517585,6.341363e-07,2.244286e-06,NA,NA,NA,NA,NA,NA,NA,NA,NA,NA,1
LOC111114610,NA,NA,NA,NA,NA,NA,NA,NA,NA,NA,1199.54207634,1.5119462394,0.5485655,0.001424088,0.003059977,NA,NA,NA,NA,NA,NA,NA,NA,NA,NA,1
LOC111114628,NA,NA,NA,NA,NA,NA,NA,NA,NA,NA,42.70078402,1.2943255635,0.25668945,1.66293e-07,6.359832e-07,NA,NA,NA,NA,NA,NA,NA,NA,NA,NA,1
LOC111114656,NA,NA,NA,NA,NA,NA,NA,NA,NA,NA,75.21925934,1.3374503068,0.36737414,9.02905e-05,0.0002385515,NA,NA,NA,NA,NA,NA,NA,NA,NA,NA,1
LOC111114723,NA,NA,NA,NA,NA,NA,NA,NA,NA,NA,119.45471837,1.6616880947,0.3902521,4.144424e-06,1.325029e-05,NA,NA,NA,NA,NA,NA,NA,NA,NA,NA,1
LOC111114726,NA,NA,NA,NA,NA,NA,NA,NA,NA,NA,44.58301048,1.0306068832,0.41962502,0.006982443,0.0130245,NA,NA,NA,NA,NA,NA,NA,NA,NA,NA,1
LOC111114733,NA,NA,NA,NA,NA,NA,NA,NA,NA,NA,29.74588564,1.9468229501,0.30443645,2.111058e-11,1.21735e-10,NA,NA,NA,NA,NA,NA,NA,NA,NA,NA,1
LOC111114735,NA,NA,NA,NA,NA,NA,NA,NA,NA,NA,180.93733738,3.7257978731,0.26091425,6.379866e-48,4.070962e-46,NA,NA,NA,NA,NA,NA,NA,NA,NA,NA,1
LOC111114736,NA,NA,NA,NA,NA,NA,NA,NA,NA,NA,169.95933784,3.1185637555,0.13755554,3.090693e-115,1.656611e-112,NA,NA,NA,NA,NA,NA,NA,NA,NA,NA,1
LOC111114737,NA,NA,NA,NA,NA,NA,NA,NA,NA,NA,149.87542809,4.73073948,0.23394495,7.65855e-93,2.105119e-90,NA,NA,NA,NA,NA,NA,NA,NA,NA,NA,1
LOC111114738,NA,NA,NA,NA,NA,NA,NA,NA,NA,NA,107.58013951,1.6690521099,0.18340672,1.850279e-20,2.352905e-19,NA,NA,NA,NA,NA,NA,NA,NA,NA,NA,1
LOC111114741,NA,NA,NA,NA,NA,NA,NA,NA,NA,NA,30.95013646,3.214659665,0.32266189,6.850278e-25,1.196009e-23,NA,NA,NA,NA,NA,NA,NA,NA,NA,NA,1
LOC111114744,NA,NA,NA,NA,NA,NA,NA,NA,NA,NA,89.39613288,-1.1966502404,0.29022513,1.543402e-05,4.542907e-05,NA,NA,NA,NA,NA,NA,NA,NA,NA,NA,1
LOC111114746,NA,NA,NA,NA,NA,NA,NA,NA,NA,NA,46.80390564,2.2026171582,0.27523492,1.114549e-16,1.039858e-15,NA,NA,NA,NA,NA,NA,NA,NA,NA,NA,1
LOC111114756,NA,NA,NA,NA,NA,NA,NA,NA,NA,NA,22.42962478,1.3085447851,0.28256952,1.283662e-06,4.362342e-06,NA,NA,NA,NA,NA,NA,NA,NA,NA,NA,1
LOC111114758,NA,NA,NA,NA,NA,NA,NA,NA,NA,NA,53.95727067,1.6556007742,0.34653806,3.629871e-07,1.328062e-06,NA,NA,NA,NA,NA,NA,NA,NA,NA,NA,1
LOC111114765,NA,NA,NA,NA,NA,NA,NA,NA,NA,NA,64.51991379,-1.3456471064,0.23680777,4.467144e-09,2.015479e-08,NA,NA,NA,NA,NA,NA,NA,NA,NA,NA,1
LOC111114820,NA,NA,NA,NA,NA,NA,NA,NA,NA,NA,174.3950544,1.0867281089,0.27634469,4.035603e-05,0.0001122222,NA,NA,NA,NA,NA,NA,NA,NA,NA,NA,1
LOC111114830,NA,NA,NA,NA,NA,NA,NA,NA,NA,NA,127.23077651,2.9526971967,0.25437232,1.507491e-32,4.297954e-31,NA,NA,NA,NA,NA,NA,NA,NA,NA,NA,1
LOC111114882,NA,NA,NA,NA,NA,NA,NA,NA,NA,NA,509.45018348,1.9563460705,0.32356754,1.914157e-10,1.008342e-09,NA,NA,NA,NA,NA,NA,NA,NA,NA,NA,1
LOC111114894,NA,NA,NA,NA,NA,NA,NA,NA,NA,NA,49.15768645,1.5952826268,0.41329748,2.515997e-05,7.202e-05,NA,NA,NA,NA,NA,NA,NA,NA,NA,NA,1
LOC111114898,NA,NA,NA,NA,NA,NA,NA,NA,NA,NA,217.94456894,-2.8654780157,0.24367706,2.758658e-33,8.1244e-32,NA,NA,NA,NA,NA,NA,NA,NA,NA,NA,1
LOC111114902,NA,NA,NA,NA,NA,NA,NA,NA,NA,NA,58.92806062,-1.5904454361,0.2721616,1.171301e-09,5.631801e-09,NA,NA,NA,NA,NA,NA,NA,NA,NA,NA,1
LOC111114906,NA,NA,NA,NA,NA,NA,NA,NA,NA,NA,45.58740403,1.3967614029,0.39265957,0.0001132499,0.0002956023,NA,NA,NA,NA,NA,NA,NA,NA,NA,NA,1
LOC111114914,NA,NA,NA,NA,NA,NA,NA,NA,NA,NA,66.45220086,-1.114912315,0.24915748,3.559419e-06,1.145855e-05,NA,NA,NA,NA,NA,NA,NA,NA,NA,NA,1
LOC111114916,NA,NA,NA,NA,NA,NA,NA,NA,NA,NA,55.63918471,2.3662022449,0.45471383,1.372279e-08,5.879629e-08,NA,NA,NA,NA,NA,NA,NA,NA,NA,NA,1
LOC111114925,NA,NA,NA,NA,NA,NA,NA,NA,NA,NA,25.39857405,2.1974764654,0.35198025,3.886309e-11,2.198482e-10,NA,NA,NA,NA,NA,NA,NA,NA,NA,NA,1
LOC111114934,NA,NA,NA,NA,NA,NA,NA,NA,NA,NA,180.4068135,-1.1625033593,0.28424944,1.871789e-05,5.452602e-05,NA,NA,NA,NA,NA,NA,NA,NA,NA,NA,1
LOC111114937,NA,NA,NA,NA,NA,NA,NA,NA,NA,NA,2917.38373334,2.9465619349,0.3468842,7.693302e-19,8.511063e-18,NA,NA,NA,NA,NA,NA,NA,NA,NA,NA,1
LOC111114952,NA,NA,NA,NA,NA,NA,NA,NA,NA,NA,57.05110354,3.1680282031,0.31714793,5.485819e-25,9.640652e-24,NA,NA,NA,NA,NA,NA,NA,NA,NA,NA,1
LOC111114977,NA,NA,NA,NA,NA,NA,NA,NA,NA,NA,54.65852358,-1.5949015539,0.28964937,8.326707e-09,3.670325e-08,NA,NA,NA,NA,NA,NA,NA,NA,NA,NA,1
LOC111114997,NA,NA,NA,NA,NA,NA,NA,NA,NA,NA,41.00218154,1.1884069039,0.36049446,0.0004023785,0.0009552908,NA,NA,NA,NA,NA,NA,NA,NA,NA,NA,1
LOC111115044,NA,NA,NA,NA,NA,NA,NA,NA,NA,NA,36.04837191,3.3689736464,0.26100652,1.148051e-39,4.826316e-38,NA,NA,NA,NA,NA,NA,NA,NA,NA,NA,1
LOC111115050,NA,NA,NA,NA,NA,NA,NA,NA,NA,NA,45.99683625,-1.1280115663,0.23384446,6.459204e-07,2.282224e-06,NA,NA,NA,NA,NA,NA,NA,NA,NA,NA,1
LOC111115087,NA,NA,NA,NA,NA,NA,NA,NA,NA,NA,110.18615267,-1.5565698307,0.25424655,2.238677e-10,1.164416e-09,NA,NA,NA,NA,NA,NA,NA,NA,NA,NA,1
LOC111115123,NA,NA,NA,NA,NA,NA,NA,NA,NA,NA,1594.53310342,2.1854260051,0.14825505,3.363779e-50,2.436467e-48,NA,NA,NA,NA,NA,NA,NA,NA,NA,NA,1
LOC111115134,NA,NA,NA,NA,NA,NA,NA,NA,NA,NA,68.56400514,1.0734251088,0.22570226,9.743092e-07,3.369224e-06,NA,NA,NA,NA,NA,NA,NA,NA,NA,NA,1
LOC111115164,NA,NA,NA,NA,NA,NA,NA,NA,NA,NA,41.46842157,1.5732973244,0.33003615,4.363227e-07,1.580196e-06,NA,NA,NA,NA,NA,NA,NA,NA,NA,NA,1
LOC111115184,NA,NA,NA,NA,NA,NA,NA,NA,NA,NA,215.12230154,1.334889464,0.16596921,3.028039e-16,2.702796e-15,NA,NA,NA,NA,NA,NA,NA,NA,NA,NA,1
LOC111115189,NA,NA,NA,NA,NA,NA,NA,NA,NA,NA,69.00673386,1.7452449887,0.25432125,1.222501e-12,7.978877e-12,NA,NA,NA,NA,NA,NA,NA,NA,NA,NA,1
LOC111115219,NA,NA,NA,NA,NA,NA,NA,NA,NA,NA,81.46399168,3.0734500956,0.42455674,1.488971e-14,1.148329e-13,NA,NA,NA,NA,NA,NA,NA,NA,NA,NA,1
LOC111115224,NA,NA,NA,NA,NA,NA,NA,NA,NA,NA,81.53227082,-1.1586555873,0.23727068,4.587818e-07,1.65594e-06,NA,NA,NA,NA,NA,NA,NA,NA,NA,NA,1
LOC111115228,NA,NA,NA,NA,NA,NA,NA,NA,NA,NA,27.77776152,1.875495485,0.28880626,1.226942e-11,7.238757e-11,NA,NA,NA,NA,NA,NA,NA,NA,NA,NA,1
LOC111115234,NA,NA,NA,NA,NA,NA,NA,NA,NA,NA,26.30866943,2.4571112137,0.33141793,7.999575e-15,6.291668e-14,NA,NA,NA,NA,NA,NA,NA,NA,NA,NA,1
LOC111115251,NA,NA,NA,NA,NA,NA,NA,NA,NA,NA,275.51325882,1.2239106685,0.34582461,0.0001576932,0.0004008706,NA,NA,NA,NA,NA,NA,NA,NA,NA,NA,1
LOC111115268,NA,NA,NA,NA,NA,NA,NA,NA,NA,NA,27.45761369,2.5100305237,0.45965707,2.77464e-09,1.276572e-08,NA,NA,NA,NA,NA,NA,NA,NA,NA,NA,1
LOC111115341,NA,NA,NA,NA,NA,NA,NA,NA,NA,NA,114.64577856,1.3213760311,0.24915398,3.954998e-08,1.613916e-07,NA,NA,NA,NA,NA,NA,NA,NA,NA,NA,1
LOC111115380,NA,NA,NA,NA,NA,NA,NA,NA,NA,NA,33.13144068,3.1065259583,0.34513772,7.506299e-21,9.849147e-20,NA,NA,NA,NA,NA,NA,NA,NA,NA,NA,1
LOC111115386,NA,NA,NA,NA,NA,NA,NA,NA,NA,NA,368.45843456,-2.339538062,0.49669129,1.775889e-07,6.755689e-07,NA,NA,NA,NA,NA,NA,NA,NA,NA,NA,1
LOC111115421,NA,NA,NA,NA,NA,NA,NA,NA,NA,NA,155.79550229,1.3964495766,0.22615553,2.069005e-10,1.084583e-09,NA,NA,NA,NA,NA,NA,NA,NA,NA,NA,1
LOC111115441,NA,NA,NA,NA,NA,NA,NA,NA,NA,NA,946.93408504,1.1812647442,0.26215406,2.802981e-06,9.124797e-06,NA,NA,NA,NA,NA,NA,NA,NA,NA,NA,1
LOC111115455,NA,NA,NA,NA,NA,NA,NA,NA,NA,NA,29.52533245,3.152542135,0.31129359,1.370934e-25,2.49939e-24,NA,NA,NA,NA,NA,NA,NA,NA,NA,NA,1
LOC111115469,NA,NA,NA,NA,NA,NA,NA,NA,NA,NA,106.64243643,-1.9561083098,0.39475026,9.195448e-08,3.612136e-07,NA,NA,NA,NA,NA,NA,NA,NA,NA,NA,1
LOC111115473,NA,NA,NA,NA,NA,NA,NA,NA,NA,NA,75.21850366,-1.0314079464,0.23180309,4.471741e-06,1.426274e-05,NA,NA,NA,NA,NA,NA,NA,NA,NA,NA,1
LOC111115487,NA,NA,NA,NA,NA,NA,NA,NA,NA,NA,52.70882763,-1.7932158829,0.24898506,9.938483e-14,7.159982e-13,NA,NA,NA,NA,NA,NA,NA,NA,NA,NA,1
LOC111115528,NA,NA,NA,NA,NA,NA,NA,NA,NA,NA,68.23877322,3.6469791043,0.30452553,1.070189e-34,3.40428e-33,NA,NA,NA,NA,NA,NA,NA,NA,NA,NA,1
LOC111115529,NA,NA,NA,NA,NA,NA,NA,NA,NA,NA,112.97664075,-1.1825790482,0.2549357,1.486702e-06,5.010201e-06,NA,NA,NA,NA,NA,NA,NA,NA,NA,NA,1
LOC111115570,NA,NA,NA,NA,NA,NA,NA,NA,NA,NA,46.44763824,2.4182948007,0.26390185,3.498226e-21,4.740958e-20,NA,NA,NA,NA,NA,NA,NA,NA,NA,NA,1
LOC111115572,NA,NA,NA,NA,NA,NA,NA,NA,NA,NA,71.66570779,1.4156312889,0.23551756,5.591751e-10,2.79327e-09,NA,NA,NA,NA,NA,NA,NA,NA,NA,NA,1
LOC111115578,NA,NA,NA,NA,NA,NA,NA,NA,NA,NA,51.24645784,2.9036210797,0.56517773,9.928411e-09,4.335339e-08,NA,NA,NA,NA,NA,NA,NA,NA,NA,NA,1
LOC111115586,NA,NA,NA,NA,NA,NA,NA,NA,NA,NA,77.87769201,-1.0720850227,0.21711569,3.908748e-07,1.421363e-06,NA,NA,NA,NA,NA,NA,NA,NA,NA,NA,1
LOC111115621,NA,NA,NA,NA,NA,NA,NA,NA,NA,NA,305.83748254,1.1080285626,0.43907882,0.005206426,0.009982631,NA,NA,NA,NA,NA,NA,NA,NA,NA,NA,1
LOC111115624,NA,NA,NA,NA,NA,NA,NA,NA,NA,NA,230.85183927,1.0040229659,0.33493065,0.001428769,0.00306942,NA,NA,NA,NA,NA,NA,NA,NA,NA,NA,1
LOC111115641,NA,NA,NA,NA,NA,NA,NA,NA,NA,NA,19.03931265,1.137574839,0.3894141,0.001524037,0.003257112,NA,NA,NA,NA,NA,NA,NA,NA,NA,NA,1
LOC111115675,NA,NA,NA,NA,NA,NA,NA,NA,NA,NA,229.4070131,-2.2176283965,0.33637309,3.820868e-12,2.35943e-11,NA,NA,NA,NA,NA,NA,NA,NA,NA,NA,1
LOC111115685,NA,NA,NA,NA,NA,NA,NA,NA,NA,NA,25.39504831,1.3625525492,0.26624454,1.009592e-07,3.947054e-07,NA,NA,NA,NA,NA,NA,NA,NA,NA,NA,1
LOC111115698,NA,NA,NA,NA,NA,NA,NA,NA,NA,NA,44.01057537,-1.0581760212,0.41465988,0.00515297,0.009888979,NA,NA,NA,NA,NA,NA,NA,NA,NA,NA,1
LOC111115720,NA,NA,NA,NA,NA,NA,NA,NA,NA,NA,51.74667258,-1.3174431194,0.24489487,2.614887e-08,1.085654e-07,NA,NA,NA,NA,NA,NA,NA,NA,NA,NA,1
LOC111115769,NA,NA,NA,NA,NA,NA,NA,NA,NA,NA,1044.38586466,1.4498085922,0.41155306,0.0001185641,0.0003081976,NA,NA,NA,NA,NA,NA,NA,NA,NA,NA,1
LOC111115771,NA,NA,NA,NA,NA,NA,NA,NA,NA,NA,251.9393341,1.4878306248,0.43956869,0.000185411,0.0004658088,NA,NA,NA,NA,NA,NA,NA,NA,NA,NA,1
LOC111115844,NA,NA,NA,NA,NA,NA,NA,NA,NA,NA,403.8622596,-1.5182154237,0.21004157,1.269743e-13,9.056316e-13,NA,NA,NA,NA,NA,NA,NA,NA,NA,NA,1
LOC111115850,NA,NA,NA,NA,NA,NA,NA,NA,NA,NA,157.88737124,4.9182595503,0.32114166,6.302951e-55,5.538331e-53,NA,NA,NA,NA,NA,NA,NA,NA,NA,NA,1
LOC111115851,NA,NA,NA,NA,NA,NA,NA,NA,NA,NA,18.65189807,2.2983422095,0.46763414,6.803296e-08,2.720303e-07,NA,NA,NA,NA,NA,NA,NA,NA,NA,NA,1
LOC111115863,NA,NA,NA,NA,NA,NA,NA,NA,NA,NA,33.05290776,1.3498969601,0.36906413,8.292119e-05,0.000220192,NA,NA,NA,NA,NA,NA,NA,NA,NA,NA,1
LOC111115908,NA,NA,NA,NA,NA,NA,NA,NA,NA,NA,120.91106892,1.1055266525,0.38565712,0.001893651,0.003967931,NA,NA,NA,NA,NA,NA,NA,NA,NA,NA,1
LOC111115911,NA,NA,NA,NA,NA,NA,NA,NA,NA,NA,241.81751536,-1.4080908746,0.20405388,1.593578e-12,1.028486e-11,NA,NA,NA,NA,NA,NA,NA,NA,NA,NA,1
LOC111115943,NA,NA,NA,NA,NA,NA,NA,NA,NA,NA,225.33916639,1.0509830797,0.17812143,1.855532e-09,8.73575e-09,NA,NA,NA,NA,NA,NA,NA,NA,NA,NA,1
LOC111115959,NA,NA,NA,NA,NA,NA,NA,NA,NA,NA,626.10135067,1.0595864104,0.20798218,1.760031e-07,6.704878e-07,NA,NA,NA,NA,NA,NA,NA,NA,NA,NA,1
LOC111115985,NA,NA,NA,NA,NA,NA,NA,NA,NA,NA,5762.33235896,2.7674875881,0.43246796,6.902267e-12,4.166233e-11,NA,NA,NA,NA,NA,NA,NA,NA,NA,NA,1
LOC111115989,NA,NA,NA,NA,NA,NA,NA,NA,NA,NA,46.46484466,2.5083241299,0.28710584,1.496812e-19,1.757484e-18,NA,NA,NA,NA,NA,NA,NA,NA,NA,NA,1
LOC111115993,NA,NA,NA,NA,NA,NA,NA,NA,NA,NA,76.29990644,-1.1845951787,0.32026182,9.037351e-05,0.0002386805,NA,NA,NA,NA,NA,NA,NA,NA,NA,NA,1
LOC111116033,NA,NA,NA,NA,NA,NA,NA,NA,NA,NA,382.50015171,1.3703151688,0.23535267,1.881264e-09,8.849205e-09,NA,NA,NA,NA,NA,NA,NA,NA,NA,NA,1
LOC111116048,NA,NA,NA,NA,NA,NA,NA,NA,NA,NA,25.26106276,1.3633905219,0.42382625,0.0004083847,0.00096813,NA,NA,NA,NA,NA,NA,NA,NA,NA,NA,1
LOC111116053,NA,NA,NA,NA,NA,NA,NA,NA,NA,NA,79.99600781,2.515480622,0.34313218,1.386432e-14,1.072334e-13,NA,NA,NA,NA,NA,NA,NA,NA,NA,NA,1
LOC111116062,NA,NA,NA,NA,NA,NA,NA,NA,NA,NA,77.33729748,2.1927131029,0.17463979,3.495376e-37,1.265893e-35,NA,NA,NA,NA,NA,NA,NA,NA,NA,NA,1
LOC111116071,NA,NA,NA,NA,NA,NA,NA,NA,NA,NA,91.03876439,1.3401816205,0.23112503,2.271381e-09,1.056823e-08,NA,NA,NA,NA,NA,NA,NA,NA,NA,NA,1
LOC111116085,NA,NA,NA,NA,NA,NA,NA,NA,NA,NA,155.16146565,-2.6929521376,0.58743843,2.024884e-07,7.651305e-07,NA,NA,NA,NA,NA,NA,NA,NA,NA,NA,1
LOC111116124,NA,NA,NA,NA,NA,NA,NA,NA,NA,NA,420.08257299,-2.7122896322,0.39042764,1.784459e-13,1.258513e-12,NA,NA,NA,NA,NA,NA,NA,NA,NA,NA,1
LOC111116134,NA,NA,NA,NA,NA,NA,NA,NA,NA,NA,124.73784536,-1.8687140447,0.21519522,5.737038e-19,6.406359e-18,NA,NA,NA,NA,NA,NA,NA,NA,NA,NA,1
LOC111116135,NA,NA,NA,NA,NA,NA,NA,NA,NA,NA,50.60617139,1.7583930025,0.37625967,5.132372e-07,1.840717e-06,NA,NA,NA,NA,NA,NA,NA,NA,NA,NA,1
LOC111116150,NA,NA,NA,NA,NA,NA,NA,NA,NA,NA,106.94824931,-1.5865370682,0.22389461,3.208846e-13,2.207884e-12,NA,NA,NA,NA,NA,NA,NA,NA,NA,NA,1
LOC111116158,NA,NA,NA,NA,NA,NA,NA,NA,NA,NA,439.46911096,-1.3221468201,0.27628553,5.902713e-07,2.096656e-06,NA,NA,NA,NA,NA,NA,NA,NA,NA,NA,1
LOC111116229,NA,NA,NA,NA,NA,NA,NA,NA,NA,NA,21.63877622,1.7548249966,0.35805153,1.666036e-07,6.36944e-07,NA,NA,NA,NA,NA,NA,NA,NA,NA,NA,1
LOC111116237,NA,NA,NA,NA,NA,NA,NA,NA,NA,NA,23.53115144,1.1623017197,0.32541297,0.0001523394,0.0003882734,NA,NA,NA,NA,NA,NA,NA,NA,NA,NA,1
LOC111116238,NA,NA,NA,NA,NA,NA,NA,NA,NA,NA,28.16371258,1.1646356906,0.28410888,1.791221e-05,5.230697e-05,NA,NA,NA,NA,NA,NA,NA,NA,NA,NA,1
LOC111116264,NA,NA,NA,NA,NA,NA,NA,NA,NA,NA,3590.79208537,1.39110705,0.21794903,5.482136e-11,3.060859e-10,NA,NA,NA,NA,NA,NA,NA,NA,NA,NA,1
LOC111116311,NA,NA,NA,NA,NA,NA,NA,NA,NA,NA,155.34993296,-1.341230147,0.17962159,2.802638e-14,2.108371e-13,NA,NA,NA,NA,NA,NA,NA,NA,NA,NA,1
LOC111116352,NA,NA,NA,NA,NA,NA,NA,NA,NA,NA,590.64563762,-1.3143440959,0.32234242,1.578771e-05,4.634289e-05,NA,NA,NA,NA,NA,NA,NA,NA,NA,NA,1
LOC111116477,NA,NA,NA,NA,NA,NA,NA,NA,NA,NA,4639.20251388,1.0780527461,0.43752965,0.006402522,0.01202436,NA,NA,NA,NA,NA,NA,NA,NA,NA,NA,1
LOC111116503,NA,NA,NA,NA,NA,NA,NA,NA,NA,NA,75.00011309,2.7260081406,0.27318684,9.360856e-25,1.618522e-23,NA,NA,NA,NA,NA,NA,NA,NA,NA,NA,1
LOC111116508,NA,NA,NA,NA,NA,NA,NA,NA,NA,NA,66.1851454,1.214499789,0.51990978,0.007385301,0.01369257,NA,NA,NA,NA,NA,NA,NA,NA,NA,NA,1
LOC111116509,NA,NA,NA,NA,NA,NA,NA,NA,NA,NA,4964.60872138,-4.109584356,0.74811288,4.390746e-10,2.218134e-09,NA,NA,NA,NA,NA,NA,NA,NA,NA,NA,1
LOC111116531,NA,NA,NA,NA,NA,NA,NA,NA,NA,NA,118.10166523,3.5815632123,0.31738345,3.660239e-31,9.523728e-30,NA,NA,NA,NA,NA,NA,NA,NA,NA,NA,1
LOC111116533,NA,NA,NA,NA,NA,NA,NA,NA,NA,NA,48.04321946,3.6219530563,0.65298127,5.109496e-10,2.563117e-09,NA,NA,NA,NA,NA,NA,NA,NA,NA,NA,1
LOC111116557,NA,NA,NA,NA,NA,NA,NA,NA,NA,NA,409.24474637,2.1076776517,0.24496639,8.08374e-19,8.924582e-18,NA,NA,NA,NA,NA,NA,NA,NA,NA,NA,1
LOC111116589,NA,NA,NA,NA,NA,NA,NA,NA,NA,NA,23.4622361,2.389848915,0.41206216,4.589225e-10,2.31404e-09,NA,NA,NA,NA,NA,NA,NA,NA,NA,NA,1
LOC111116590,NA,NA,NA,NA,NA,NA,NA,NA,NA,NA,57.13869677,-1.6991255276,0.27532144,1.308873e-10,7.029617e-10,NA,NA,NA,NA,NA,NA,NA,NA,NA,NA,1
LOC111116607,NA,NA,NA,NA,NA,NA,NA,NA,NA,NA,172.35480288,-1.6183938883,0.29636297,1.036712e-08,4.515869e-08,NA,NA,NA,NA,NA,NA,NA,NA,NA,NA,1
LOC111116632,NA,NA,NA,NA,NA,NA,NA,NA,NA,NA,260.02299622,-1.7729116311,0.45157271,1.439557e-05,4.250082e-05,NA,NA,NA,NA,NA,NA,NA,NA,NA,NA,1
LOC111116633,NA,NA,NA,NA,NA,NA,NA,NA,NA,NA,88.7906316,-1.8302600739,0.27100118,2.273612e-12,1.441344e-11,NA,NA,NA,NA,NA,NA,NA,NA,NA,NA,1
LOC111116646,NA,NA,NA,NA,NA,NA,NA,NA,NA,NA,31.82001242,1.2633398064,0.26579525,7.567203e-07,2.648398e-06,NA,NA,NA,NA,NA,NA,NA,NA,NA,NA,1
LOC111116653,NA,NA,NA,NA,NA,NA,NA,NA,NA,NA,56.56411549,-1.0563380946,0.40377253,0.004300199,0.0084044,NA,NA,NA,NA,NA,NA,NA,NA,NA,NA,1
LOC111116677,NA,NA,NA,NA,NA,NA,NA,NA,NA,NA,82.43244136,2.0753669415,0.23550049,1.345789e-19,1.588862e-18,NA,NA,NA,NA,NA,NA,NA,NA,NA,NA,1
LOC111116692,NA,NA,NA,NA,NA,NA,NA,NA,NA,NA,75.6380442,-1.6127812246,0.38199567,5.260657e-06,1.662566e-05,NA,NA,NA,NA,NA,NA,NA,NA,NA,NA,1
LOC111116710,NA,NA,NA,NA,NA,NA,NA,NA,NA,NA,21.36959653,1.969695216,0.28643632,7.807324e-13,5.201648e-12,NA,NA,NA,NA,NA,NA,NA,NA,NA,NA,1
LOC111116714,NA,NA,NA,NA,NA,NA,NA,NA,NA,NA,387.8688387,-2.362076471,0.34156779,3.411763e-13,2.339993e-12,NA,NA,NA,NA,NA,NA,NA,NA,NA,NA,1
LOC111116740,NA,NA,NA,NA,NA,NA,NA,NA,NA,NA,41.00900419,-1.1011233121,0.33167217,0.00041903,0.0009896458,NA,NA,NA,NA,NA,NA,NA,NA,NA,NA,1
LOC111116778,NA,NA,NA,NA,NA,NA,NA,NA,NA,NA,58.81488203,1.234100338,0.28896318,7.635573e-06,2.360246e-05,NA,NA,NA,NA,NA,NA,NA,NA,NA,NA,1
LOC111116795,NA,NA,NA,NA,NA,NA,NA,NA,NA,NA,354.19991264,-3.6005999408,0.19824436,2.490972e-75,3.985556e-73,NA,NA,NA,NA,NA,NA,NA,NA,NA,NA,1
LOC111116818,NA,NA,NA,NA,NA,NA,NA,NA,NA,NA,112.07918762,2.238787874,0.30071035,8.408469e-15,6.603574e-14,NA,NA,NA,NA,NA,NA,NA,NA,NA,NA,1
LOC111116886,NA,NA,NA,NA,NA,NA,NA,NA,NA,NA,18.96283581,1.075292204,0.3491725,0.0009931549,0.002200624,NA,NA,NA,NA,NA,NA,NA,NA,NA,NA,1
LOC111116905,NA,NA,NA,NA,NA,NA,NA,NA,NA,NA,92.68540767,-1.7706625951,0.31544982,3.413443e-09,1.559766e-08,NA,NA,NA,NA,NA,NA,NA,NA,NA,NA,1
LOC111116966,NA,NA,NA,NA,NA,NA,NA,NA,NA,NA,97.29091477,-1.0656377193,0.29552108,0.0001527564,0.0003891512,NA,NA,NA,NA,NA,NA,NA,NA,NA,NA,1
LOC111116974,NA,NA,NA,NA,NA,NA,NA,NA,NA,NA,617.15380741,1.7423401406,0.43319218,1.012676e-05,3.057997e-05,NA,NA,NA,NA,NA,NA,NA,NA,NA,NA,1
LOC111116982,NA,NA,NA,NA,NA,NA,NA,NA,NA,NA,39.47233715,2.8960015857,0.43718257,1.350782e-12,8.786641e-12,NA,NA,NA,NA,NA,NA,NA,NA,NA,NA,1
LOC111116988,NA,NA,NA,NA,NA,NA,NA,NA,NA,NA,138.56366643,-1.8843904566,0.36236446,2.843789e-08,1.175681e-07,NA,NA,NA,NA,NA,NA,NA,NA,NA,NA,1
LOC111116995,NA,NA,NA,NA,NA,NA,NA,NA,NA,NA,251.50658412,1.039061218,0.43739714,0.008573576,0.01568408,NA,NA,NA,NA,NA,NA,NA,NA,NA,NA,1
LOC111117013,NA,NA,NA,NA,NA,NA,NA,NA,NA,NA,165.72516103,-1.1950351225,0.17538192,4.011728e-12,2.473015e-11,NA,NA,NA,NA,NA,NA,NA,NA,NA,NA,1
LOC111117020,NA,NA,NA,NA,NA,NA,NA,NA,NA,NA,37.22181979,2.3335044487,0.41684997,1.609421e-09,7.610316e-09,NA,NA,NA,NA,NA,NA,NA,NA,NA,NA,1
LOC111117024,NA,NA,NA,NA,NA,NA,NA,NA,NA,NA,88.04688435,-1.057748931,0.2892687,0.0001269588,0.0003285056,NA,NA,NA,NA,NA,NA,NA,NA,NA,NA,1
LOC111117034,NA,NA,NA,NA,NA,NA,NA,NA,NA,NA,42.71755538,1.5523054771,0.46346646,0.0001898265,0.0004763435,NA,NA,NA,NA,NA,NA,NA,NA,NA,NA,1
LOC111117092,NA,NA,NA,NA,NA,NA,NA,NA,NA,NA,128.5741258,-2.1920701704,0.22863657,8.449176e-23,1.288409e-21,NA,NA,NA,NA,NA,NA,NA,NA,NA,NA,1
LOC111117131,NA,NA,NA,NA,NA,NA,NA,NA,NA,NA,25.22920516,2.9797644498,0.36949779,2.727886e-17,2.685302e-16,NA,NA,NA,NA,NA,NA,NA,NA,NA,NA,1
LOC111117177,NA,NA,NA,NA,NA,NA,NA,NA,NA,NA,35.86705367,1.2251431251,0.24149768,1.567859e-07,6.013398e-07,NA,NA,NA,NA,NA,NA,NA,NA,NA,NA,1
LOC111117219,NA,NA,NA,NA,NA,NA,NA,NA,NA,NA,66.35548789,4.433805692,0.46588808,2.203047e-23,3.488429e-22,NA,NA,NA,NA,NA,NA,NA,NA,NA,NA,1
LOC111117288,NA,NA,NA,NA,NA,NA,NA,NA,NA,NA,85.91440448,2.0893732678,0.44458602,2.693959e-07,1.002751e-06,NA,NA,NA,NA,NA,NA,NA,NA,NA,NA,1
LOC111117323,NA,NA,NA,NA,NA,NA,NA,NA,NA,NA,205.0086179,-3.4751438899,0.69681117,1.160381e-08,5.017862e-08,NA,NA,NA,NA,NA,NA,NA,NA,NA,NA,1
LOC111117335,NA,NA,NA,NA,NA,NA,NA,NA,NA,NA,57.48430222,-1.9166371029,0.32365283,4.360662e-10,2.203974e-09,NA,NA,NA,NA,NA,NA,NA,NA,NA,NA,1
LOC111117337,NA,NA,NA,NA,NA,NA,NA,NA,NA,NA,74.83762769,1.6111423042,0.29619716,1.182855e-08,5.102698e-08,NA,NA,NA,NA,NA,NA,NA,NA,NA,NA,1
LOC111117339,NA,NA,NA,NA,NA,NA,NA,NA,NA,NA,20.61681663,1.2924386371,0.34222578,5.668411e-05,0.0001538364,NA,NA,NA,NA,NA,NA,NA,NA,NA,NA,1
LOC111117345,NA,NA,NA,NA,NA,NA,NA,NA,NA,NA,155.90595249,-1.1257923864,0.32565791,0.0002464576,0.000608061,NA,NA,NA,NA,NA,NA,NA,NA,NA,NA,1
LOC111117350,NA,NA,NA,NA,NA,NA,NA,NA,NA,NA,208.55036357,-1.9025660955,0.18058337,8.459037e-27,1.679276e-25,NA,NA,NA,NA,NA,NA,NA,NA,NA,NA,1
LOC111117415,NA,NA,NA,NA,NA,NA,NA,NA,NA,NA,84.2142061,2.2901496635,0.34031014,1.365451e-12,8.875703e-12,NA,NA,NA,NA,NA,NA,NA,NA,NA,NA,1
LOC111117417,NA,NA,NA,NA,NA,NA,NA,NA,NA,NA,819.1781367,1.0127900202,0.39346311,0.005144023,0.009873576,NA,NA,NA,NA,NA,NA,NA,NA,NA,NA,1
LOC111117422,NA,NA,NA,NA,NA,NA,NA,NA,NA,NA,208.13465488,3.8190551771,0.24343636,3.77256e-57,3.676532e-55,NA,NA,NA,NA,NA,NA,NA,NA,NA,NA,1
LOC111117447,NA,NA,NA,NA,NA,NA,NA,NA,NA,NA,70.64291975,-2.0721080774,0.51730119,6.437503e-06,2.007273e-05,NA,NA,NA,NA,NA,NA,NA,NA,NA,NA,1
LOC111117449,NA,NA,NA,NA,NA,NA,NA,NA,NA,NA,208.8200929,1.2451929874,0.52842613,0.006681693,0.01250484,NA,NA,NA,NA,NA,NA,NA,NA,NA,NA,1
LOC111117456,NA,NA,NA,NA,NA,NA,NA,NA,NA,NA,122.48345648,-1.5338931048,0.48556484,0.0003795267,0.0009059287,NA,NA,NA,NA,NA,NA,NA,NA,NA,NA,1
LOC111117469,NA,NA,NA,NA,NA,NA,NA,NA,NA,NA,189.69759876,-1.5628599298,0.41203342,3.472136e-05,9.733602e-05,NA,NA,NA,NA,NA,NA,NA,NA,NA,NA,1
LOC111117551,NA,NA,NA,NA,NA,NA,NA,NA,NA,NA,84.4356014,-2.3511759818,0.27642111,1.360781e-18,1.473493e-17,NA,NA,NA,NA,NA,NA,NA,NA,NA,NA,1
LOC111117570,NA,NA,NA,NA,NA,NA,NA,NA,NA,NA,87.06935138,-1.9919107583,0.3591554,3.550657e-09,1.618326e-08,NA,NA,NA,NA,NA,NA,NA,NA,NA,NA,1
LOC111117604,NA,NA,NA,NA,NA,NA,NA,NA,NA,NA,79.40924153,1.4582322028,0.34171482,5.503663e-06,1.732904e-05,NA,NA,NA,NA,NA,NA,NA,NA,NA,NA,1
LOC111117607,NA,NA,NA,NA,NA,NA,NA,NA,NA,NA,622.80773795,-2.0903871908,0.25644539,3.861708e-17,3.749774e-16,NA,NA,NA,NA,NA,NA,NA,NA,NA,NA,1
LOC111117622,NA,NA,NA,NA,NA,NA,NA,NA,NA,NA,147.39123369,-2.5523405336,0.27229974,4.186773e-22,6.089852e-21,NA,NA,NA,NA,NA,NA,NA,NA,NA,NA,1
LOC111117632,NA,NA,NA,NA,NA,NA,NA,NA,NA,NA,39.59542475,-1.2162749216,0.35406187,0.0002346079,0.0005796258,NA,NA,NA,NA,NA,NA,NA,NA,NA,NA,1
LOC111117634,NA,NA,NA,NA,NA,NA,NA,NA,NA,NA,28.79251198,2.0312059437,0.35656067,1.401898e-09,6.66741e-09,NA,NA,NA,NA,NA,NA,NA,NA,NA,NA,1
LOC111117643,NA,NA,NA,NA,NA,NA,NA,NA,NA,NA,42.26236914,1.5635096171,0.32082372,2.603702e-07,9.707434e-07,NA,NA,NA,NA,NA,NA,NA,NA,NA,NA,1
LOC111117650,NA,NA,NA,NA,NA,NA,NA,NA,NA,NA,78.0788546,-1.5271267507,0.27229188,5.173545e-09,2.323435e-08,NA,NA,NA,NA,NA,NA,NA,NA,NA,NA,1
LOC111117670,NA,NA,NA,NA,NA,NA,NA,NA,NA,NA,116.2922865,-2.4225653879,0.56396626,1.094103e-06,3.756816e-06,NA,NA,NA,NA,NA,NA,NA,NA,NA,NA,1
LOC111117675,NA,NA,NA,NA,NA,NA,NA,NA,NA,NA,365.99763932,1.0202050127,0.46729483,0.01439725,0.02503869,NA,NA,NA,NA,NA,NA,NA,NA,NA,NA,1
LOC111117697,NA,NA,NA,NA,NA,NA,NA,NA,NA,NA,251.77367045,-1.7147887975,0.38062736,1.228616e-06,4.18558e-06,NA,NA,NA,NA,NA,NA,NA,NA,NA,NA,1
LOC111117733,NA,NA,NA,NA,NA,NA,NA,NA,NA,NA,271.5290254,-3.1684755984,0.26421076,1.289507e-34,4.053816e-33,NA,NA,NA,NA,NA,NA,NA,NA,NA,NA,1
LOC111117735,NA,NA,NA,NA,NA,NA,NA,NA,NA,NA,105.98403554,-1.8989001545,0.36295933,2.347004e-08,9.8051e-08,NA,NA,NA,NA,NA,NA,NA,NA,NA,NA,1
LOC111117739,NA,NA,NA,NA,NA,NA,NA,NA,NA,NA,264.41269871,-1.9684529023,0.25988025,4.620163e-15,3.73234e-14,NA,NA,NA,NA,NA,NA,NA,NA,NA,NA,1
LOC111117741,NA,NA,NA,NA,NA,NA,NA,NA,NA,NA,115.54832597,-2.9008106662,0.37911352,7.886601e-16,6.752745e-15,NA,NA,NA,NA,NA,NA,NA,NA,NA,NA,1
LOC111117742,NA,NA,NA,NA,NA,NA,NA,NA,NA,NA,117.38120946,-2.055646241,0.24938578,1.899435e-17,1.892374e-16,NA,NA,NA,NA,NA,NA,NA,NA,NA,NA,1
LOC111117749,NA,NA,NA,NA,NA,NA,NA,NA,NA,NA,189.45006465,-1.7803830246,0.31554007,2.83866e-09,1.304907e-08,NA,NA,NA,NA,NA,NA,NA,NA,NA,NA,1
LOC111117750,NA,NA,NA,NA,NA,NA,NA,NA,NA,NA,204.95361263,-2.2106408759,0.35865656,6.317073e-11,3.497884e-10,NA,NA,NA,NA,NA,NA,NA,NA,NA,NA,1
LOC111117751,NA,NA,NA,NA,NA,NA,NA,NA,NA,NA,66.57638377,-1.0373498368,0.33226902,0.0009063177,0.002020848,NA,NA,NA,NA,NA,NA,NA,NA,NA,NA,1
LOC111117756,NA,NA,NA,NA,NA,NA,NA,NA,NA,NA,511.39496213,5.9364359142,0.55401009,4.194965e-29,9.487347e-28,NA,NA,NA,NA,NA,NA,NA,NA,NA,NA,1
LOC111117806,NA,NA,NA,NA,NA,NA,NA,NA,NA,NA,35.66121515,1.3379165983,0.37977487,0.000141159,0.0003620153,NA,NA,NA,NA,NA,NA,NA,NA,NA,NA,1
LOC111117810,NA,NA,NA,NA,NA,NA,NA,NA,NA,NA,95.64053272,1.0451313026,0.22565916,1.856518e-06,6.184546e-06,NA,NA,NA,NA,NA,NA,NA,NA,NA,NA,1
LOC111117811,NA,NA,NA,NA,NA,NA,NA,NA,NA,NA,89.16798095,2.4233142359,0.2147063,1.071171e-30,2.682933e-29,NA,NA,NA,NA,NA,NA,NA,NA,NA,NA,1
LOC111117812,NA,NA,NA,NA,NA,NA,NA,NA,NA,NA,69.85140153,1.1581012052,0.20876965,1.283087e-08,5.512904e-08,NA,NA,NA,NA,NA,NA,NA,NA,NA,NA,1
LOC111117813,NA,NA,NA,NA,NA,NA,NA,NA,NA,NA,99.26722543,1.4090389352,0.20822955,4.0442e-12,2.490168e-11,NA,NA,NA,NA,NA,NA,NA,NA,NA,NA,1
LOC111117814,NA,NA,NA,NA,NA,NA,NA,NA,NA,NA,133.58946299,3.1189012794,0.23498114,1.157803e-41,5.373007e-40,NA,NA,NA,NA,NA,NA,NA,NA,NA,NA,1
LOC111117815,NA,NA,NA,NA,NA,NA,NA,NA,NA,NA,155.72066884,2.1150276392,0.12741643,7.437374e-63,8.958276e-61,NA,NA,NA,NA,NA,NA,NA,NA,NA,NA,1
LOC111117816,NA,NA,NA,NA,NA,NA,NA,NA,NA,NA,102.54640225,1.8816382089,0.25591988,2.84367e-14,2.133675e-13,NA,NA,NA,NA,NA,NA,NA,NA,NA,NA,1
LOC111117835,NA,NA,NA,NA,NA,NA,NA,NA,NA,NA,251.2700904,4.4727805349,0.17850246,2.096076e-140,1.872494e-137,NA,NA,NA,NA,NA,NA,NA,NA,NA,NA,1
LOC111117882,NA,NA,NA,NA,NA,NA,NA,NA,NA,NA,114.21074875,1.1031408653,0.15273447,2.44796e-13,1.701825e-12,NA,NA,NA,NA,NA,NA,NA,NA,NA,NA,1
LOC111117904,NA,NA,NA,NA,NA,NA,NA,NA,NA,NA,131.54429511,-1.4073276118,0.35539488,2.248232e-05,6.484006e-05,NA,NA,NA,NA,NA,NA,NA,NA,NA,NA,1
LOC111117917,NA,NA,NA,NA,NA,NA,NA,NA,NA,NA,101.61050217,2.1314743739,0.44363029,1.507969e-07,5.798218e-07,NA,NA,NA,NA,NA,NA,NA,NA,NA,NA,1
LOC111117922,NA,NA,NA,NA,NA,NA,NA,NA,NA,NA,255.37989225,-1.7420079759,0.17974424,5.997749e-23,9.211442e-22,NA,NA,NA,NA,NA,NA,NA,NA,NA,NA,1
LOC111117946,NA,NA,NA,NA,NA,NA,NA,NA,NA,NA,594.12307758,1.0842218985,0.17475743,2.69745e-10,1.389556e-09,NA,NA,NA,NA,NA,NA,NA,NA,NA,NA,1
LOC111117947,NA,NA,NA,NA,NA,NA,NA,NA,NA,NA,98.91654257,-1.1084926968,0.23534205,1.164528e-06,3.983326e-06,NA,NA,NA,NA,NA,NA,NA,NA,NA,NA,1
LOC111117948,NA,NA,NA,NA,NA,NA,NA,NA,NA,NA,44.57865563,1.7735984317,0.57910776,0.0003538659,0.0008494049,NA,NA,NA,NA,NA,NA,NA,NA,NA,NA,1
LOC111117952,NA,NA,NA,NA,NA,NA,NA,NA,NA,NA,798.11347549,1.3267770812,0.22503498,1.292051e-09,6.166866e-09,NA,NA,NA,NA,NA,NA,NA,NA,NA,NA,1
LOC111117953,NA,NA,NA,NA,NA,NA,NA,NA,NA,NA,599.17082822,-2.0499470268,0.17696463,5.719654e-32,1.584359e-30,NA,NA,NA,NA,NA,NA,NA,NA,NA,NA,1
LOC111117955,NA,NA,NA,NA,NA,NA,NA,NA,NA,NA,345.17630429,-2.0680447842,0.21273893,2.736582e-23,4.307806e-22,NA,NA,NA,NA,NA,NA,NA,NA,NA,NA,1
LOC111117964,NA,NA,NA,NA,NA,NA,NA,NA,NA,NA,6109.7084688,1.7677413628,0.13999994,2.657652e-37,9.756859e-36,NA,NA,NA,NA,NA,NA,NA,NA,NA,NA,1
LOC111117987,NA,NA,NA,NA,NA,NA,NA,NA,NA,NA,170.27060274,2.5165045527,0.42512982,1.900485e-10,1.001632e-09,NA,NA,NA,NA,NA,NA,NA,NA,NA,NA,1
LOC111117989,NA,NA,NA,NA,NA,NA,NA,NA,NA,NA,380.27885928,1.2207522868,0.1757241,1.520042e-12,9.833944e-12,NA,NA,NA,NA,NA,NA,NA,NA,NA,NA,1
LOC111117991,NA,NA,NA,NA,NA,NA,NA,NA,NA,NA,74.02299882,1.7183949881,0.28068438,1.73076e-10,9.185022e-10,NA,NA,NA,NA,NA,NA,NA,NA,NA,NA,1
LOC111117994,NA,NA,NA,NA,NA,NA,NA,NA,NA,NA,350.29087957,2.4225422611,0.42390618,7.252135e-10,3.574385e-09,NA,NA,NA,NA,NA,NA,NA,NA,NA,NA,1
LOC111117995,NA,NA,NA,NA,NA,NA,NA,NA,NA,NA,49.75869794,-1.0731324942,0.25013959,8.770294e-06,2.68009e-05,NA,NA,NA,NA,NA,NA,NA,NA,NA,NA,1
LOC111118002,NA,NA,NA,NA,NA,NA,NA,NA,NA,NA,261.31314665,1.3478807749,0.15840941,5.956543e-18,6.169482e-17,NA,NA,NA,NA,NA,NA,NA,NA,NA,NA,1
LOC111118003,NA,NA,NA,NA,NA,NA,NA,NA,NA,NA,320.40317223,1.525394793,0.1610063,6.941327e-22,9.829726e-21,NA,NA,NA,NA,NA,NA,NA,NA,NA,NA,1
LOC111118004,NA,NA,NA,NA,NA,NA,NA,NA,NA,NA,8268.45219215,1.1941002278,0.18250073,2.547547e-11,1.460412e-10,NA,NA,NA,NA,NA,NA,NA,NA,NA,NA,1
LOC111118005,NA,NA,NA,NA,NA,NA,NA,NA,NA,NA,89.42624,-1.4018794492,0.19143956,7.555138e-14,5.498376e-13,NA,NA,NA,NA,NA,NA,NA,NA,NA,NA,1
LOC111118011,NA,NA,NA,NA,NA,NA,NA,NA,NA,NA,564.4207211,-1.2821664443,0.23965133,3.245307e-08,1.33858e-07,NA,NA,NA,NA,NA,NA,NA,NA,NA,NA,1
LOC111118019,NA,NA,NA,NA,NA,NA,NA,NA,NA,NA,104.55344108,1.5136402509,0.29798504,9.744407e-08,3.817984e-07,NA,NA,NA,NA,NA,NA,NA,NA,NA,NA,1
LOC111118022,NA,NA,NA,NA,NA,NA,NA,NA,NA,NA,129.07267844,1.2701097993,0.25570588,2.546855e-07,9.509679e-07,NA,NA,NA,NA,NA,NA,NA,NA,NA,NA,1
LOC111118054,NA,NA,NA,NA,NA,NA,NA,NA,NA,NA,96.4381069,1.793822197,0.29168391,1.290017e-10,6.937783e-10,NA,NA,NA,NA,NA,NA,NA,NA,NA,NA,1
LOC111118056,NA,NA,NA,NA,NA,NA,NA,NA,NA,NA,40.92168771,1.0553341147,0.36204211,0.001742083,0.003676207,NA,NA,NA,NA,NA,NA,NA,NA,NA,NA,1
LOC111118060,NA,NA,NA,NA,NA,NA,NA,NA,NA,NA,216.29106228,1.009303298,0.24282483,1.721509e-05,5.035356e-05,NA,NA,NA,NA,NA,NA,NA,NA,NA,NA,1
LOC111118069,NA,NA,NA,NA,NA,NA,NA,NA,NA,NA,114.77753676,2.5902852537,0.57613766,3.49825e-07,1.282971e-06,NA,NA,NA,NA,NA,NA,NA,NA,NA,NA,1
LOC111118083,NA,NA,NA,NA,NA,NA,NA,NA,NA,NA,2049.55414774,1.0389111358,0.12274936,1.355705e-17,1.367183e-16,NA,NA,NA,NA,NA,NA,NA,NA,NA,NA,1
LOC111118084,NA,NA,NA,NA,NA,NA,NA,NA,NA,NA,45.39687609,1.1242644506,0.40739345,0.002561769,0.005240872,NA,NA,NA,NA,NA,NA,NA,NA,NA,NA,1
LOC111118085,NA,NA,NA,NA,NA,NA,NA,NA,NA,NA,44.78743566,1.5441568413,0.29385667,3.64307e-08,1.492879e-07,NA,NA,NA,NA,NA,NA,NA,NA,NA,NA,1
LOC111118087,NA,NA,NA,NA,NA,NA,NA,NA,NA,NA,253.29786938,1.168542909,0.39357332,0.001251316,0.002716506,NA,NA,NA,NA,NA,NA,NA,NA,NA,NA,1
LOC111118090,NA,NA,NA,NA,NA,NA,NA,NA,NA,NA,282.89147616,-2.7614778713,0.23196936,5.432201e-34,1.668573e-32,NA,NA,NA,NA,NA,NA,NA,NA,NA,NA,1
LOC111118091,NA,NA,NA,NA,NA,NA,NA,NA,NA,NA,252.20548079,-1.1851369337,0.3667819,0.0005083858,0.001187859,NA,NA,NA,NA,NA,NA,NA,NA,NA,NA,1
LOC111118095,NA,NA,NA,NA,NA,NA,NA,NA,NA,NA,177.81355485,-2.0010169698,0.30175113,4.032284e-12,2.484258e-11,NA,NA,NA,NA,NA,NA,NA,NA,NA,NA,1
LOC111118105,NA,NA,NA,NA,NA,NA,NA,NA,NA,NA,88.26183309,1.5756731212,0.20152811,1.267364e-15,1.068093e-14,NA,NA,NA,NA,NA,NA,NA,NA,NA,NA,1
LOC111118124,NA,NA,NA,NA,NA,NA,NA,NA,NA,NA,198.80714844,-3.4423209625,0.31356131,1.264817e-29,2.973428e-28,NA,NA,NA,NA,NA,NA,NA,NA,NA,NA,1
LOC111118129,NA,NA,NA,NA,NA,NA,NA,NA,NA,NA,356.29345101,1.8969826548,0.36237928,2.315187e-08,9.687279e-08,NA,NA,NA,NA,NA,NA,NA,NA,NA,NA,1
LOC111118149,NA,NA,NA,NA,NA,NA,NA,NA,NA,NA,98.64818296,1.0290839158,0.40341666,0.005374905,0.01026893,NA,NA,NA,NA,NA,NA,NA,NA,NA,NA,1
LOC111118150,NA,NA,NA,NA,NA,NA,NA,NA,NA,NA,507.95531004,-3.2338233842,0.37828549,3.679096e-19,4.173535e-18,NA,NA,NA,NA,NA,NA,NA,NA,NA,NA,1
LOC111118166,NA,NA,NA,NA,NA,NA,NA,NA,NA,NA,954.43877056,-2.649929318,0.45020614,1.971475e-10,1.036499e-09,NA,NA,NA,NA,NA,NA,NA,NA,NA,NA,1
LOC111118175,NA,NA,NA,NA,NA,NA,NA,NA,NA,NA,61.05544836,-1.4075389055,0.30411783,1.116771e-06,3.829744e-06,NA,NA,NA,NA,NA,NA,NA,NA,NA,NA,1
LOC111118182,NA,NA,NA,NA,NA,NA,NA,NA,NA,NA,1643.18757982,1.8113578838,0.44940263,8.742721e-06,2.672426e-05,NA,NA,NA,NA,NA,NA,NA,NA,NA,NA,1
LOC111118185,NA,NA,NA,NA,NA,NA,NA,NA,NA,NA,314.04985557,1.4259848243,0.37072914,3.481986e-05,9.758663e-05,NA,NA,NA,NA,NA,NA,NA,NA,NA,NA,1
LOC111118191,NA,NA,NA,NA,NA,NA,NA,NA,NA,NA,45.09802003,3.5949472796,0.45738805,8.168996e-17,7.722367e-16,NA,NA,NA,NA,NA,NA,NA,NA,NA,NA,1
LOC111118192,NA,NA,NA,NA,NA,NA,NA,NA,NA,NA,79.82916945,-1.1243991162,0.40493451,0.002432112,0.004998512,NA,NA,NA,NA,NA,NA,NA,NA,NA,NA,1
LOC111118193,NA,NA,NA,NA,NA,NA,NA,NA,NA,NA,145.33430955,1.982672625,0.45769431,1.784167e-06,5.960195e-06,NA,NA,NA,NA,NA,NA,NA,NA,NA,NA,1
LOC111118198,NA,NA,NA,NA,NA,NA,NA,NA,NA,NA,17.46312075,1.6587064295,0.4831116,0.0001178785,0.0003065642,NA,NA,NA,NA,NA,NA,NA,NA,NA,NA,1
LOC111118209,NA,NA,NA,NA,NA,NA,NA,NA,NA,NA,797.04031507,-3.3426975397,0.5464165,2.287668e-11,1.315655e-10,NA,NA,NA,NA,NA,NA,NA,NA,NA,NA,1
LOC111118211,NA,NA,NA,NA,NA,NA,NA,NA,NA,NA,140.11995278,-1.0722797951,0.30110939,0.0001796431,0.0004525908,NA,NA,NA,NA,NA,NA,NA,NA,NA,NA,1
LOC111118216,NA,NA,NA,NA,NA,NA,NA,NA,NA,NA,3174.78511659,1.8972744775,0.11863452,2.086562e-58,2.150764e-56,NA,NA,NA,NA,NA,NA,NA,NA,NA,NA,1
LOC111118218,NA,NA,NA,NA,NA,NA,NA,NA,NA,NA,115.86350128,-2.8008853983,0.31369126,1.944725e-20,2.467154e-19,NA,NA,NA,NA,NA,NA,NA,NA,NA,NA,1
LOC111118244,NA,NA,NA,NA,NA,NA,NA,NA,NA,NA,386.17697109,2.2520071549,0.19153839,5.630027e-33,1.640051e-31,NA,NA,NA,NA,NA,NA,NA,NA,NA,NA,1
LOC111118255,NA,NA,NA,NA,NA,NA,NA,NA,NA,NA,180.14754163,1.1981089303,0.1506508,7.687593e-16,6.59288e-15,NA,NA,NA,NA,NA,NA,NA,NA,NA,NA,1
LOC111118259,NA,NA,NA,NA,NA,NA,NA,NA,NA,NA,31.73391573,3.5249547442,0.34066046,1.035717e-26,2.048503e-25,NA,NA,NA,NA,NA,NA,NA,NA,NA,NA,1
LOC111118273,NA,NA,NA,NA,NA,NA,NA,NA,NA,NA,508.50250661,2.5925612371,0.43488981,1.33942e-10,7.190079e-10,NA,NA,NA,NA,NA,NA,NA,NA,NA,NA,1
LOC111118274,NA,NA,NA,NA,NA,NA,NA,NA,NA,NA,256.58600419,-2.1096320733,0.19865841,2.552666e-27,5.212302e-26,NA,NA,NA,NA,NA,NA,NA,NA,NA,NA,1
LOC111118298,NA,NA,NA,NA,NA,NA,NA,NA,NA,NA,114.29639963,1.2357407219,0.37376067,0.0003628475,0.0008692124,NA,NA,NA,NA,NA,NA,NA,NA,NA,NA,1
LOC111118304,NA,NA,NA,NA,NA,NA,NA,NA,NA,NA,1675.6262981,1.0682760016,0.23591763,2.948442e-06,9.572167e-06,NA,NA,NA,NA,NA,NA,NA,NA,NA,NA,1
LOC111118319,NA,NA,NA,NA,NA,NA,NA,NA,NA,NA,29.59712164,1.9922876784,0.61134995,0.0001277959,0.0003304323,NA,NA,NA,NA,NA,NA,NA,NA,NA,NA,1
LOC111118329,NA,NA,NA,NA,NA,NA,NA,NA,NA,NA,1097.85400582,1.279057813,0.4952563,0.003422043,0.006832612,NA,NA,NA,NA,NA,NA,NA,NA,NA,NA,1
LOC111118336,NA,NA,NA,NA,NA,NA,NA,NA,NA,NA,46.97991004,-1.0121042292,0.23410134,8.172422e-06,2.510988e-05,NA,NA,NA,NA,NA,NA,NA,NA,NA,NA,1
LOC111118350,NA,NA,NA,NA,NA,NA,NA,NA,NA,NA,177.82336007,1.1516928739,0.44246888,0.003907385,0.00770693,NA,NA,NA,NA,NA,NA,NA,NA,NA,NA,1
LOC111118351,NA,NA,NA,NA,NA,NA,NA,NA,NA,NA,269.96915135,4.0739771889,0.70144849,7.631144e-11,4.190874e-10,NA,NA,NA,NA,NA,NA,NA,NA,NA,NA,1
LOC111118359,NA,NA,NA,NA,NA,NA,NA,NA,NA,NA,247.52330269,1.0671508911,0.30404067,0.0002193435,0.0005454332,NA,NA,NA,NA,NA,NA,NA,NA,NA,NA,1
LOC111118363,NA,NA,NA,NA,NA,NA,NA,NA,NA,NA,259.51056339,-2.7322130454,0.23061745,1.107789e-33,3.335813e-32,NA,NA,NA,NA,NA,NA,NA,NA,NA,NA,1
LOC111118364,NA,NA,NA,NA,NA,NA,NA,NA,NA,NA,155.79767303,-2.7801168354,0.22967849,4.765145e-35,1.552655e-33,NA,NA,NA,NA,NA,NA,NA,NA,NA,NA,1
LOC111118367,NA,NA,NA,NA,NA,NA,NA,NA,NA,NA,4264.54941487,1.2524207064,0.2594509,5.318449e-07,1.901093e-06,NA,NA,NA,NA,NA,NA,NA,NA,NA,NA,1
LOC111118381,NA,NA,NA,NA,NA,NA,NA,NA,NA,NA,42.01360916,1.2620019754,0.4290503,0.001190967,0.002592843,NA,NA,NA,NA,NA,NA,NA,NA,NA,NA,1
LOC111118404,NA,NA,NA,NA,NA,NA,NA,NA,NA,NA,536.10738419,3.7105827255,0.3343942,2.771404e-30,6.736836e-29,NA,NA,NA,NA,NA,NA,NA,NA,NA,NA,1
LOC111118418,NA,NA,NA,NA,NA,NA,NA,NA,NA,NA,85.42914097,1.4052657282,0.23739776,9.931905e-10,4.817648e-09,NA,NA,NA,NA,NA,NA,NA,NA,NA,NA,1
LOC111118428,NA,NA,NA,NA,NA,NA,NA,NA,NA,NA,1320.64433557,1.2453362394,0.3239046,4.621316e-05,0.000127419,NA,NA,NA,NA,NA,NA,NA,NA,NA,NA,1
LOC111118429,NA,NA,NA,NA,NA,NA,NA,NA,NA,NA,252.99362399,1.3954642466,0.25690608,1.735468e-08,7.356351e-08,NA,NA,NA,NA,NA,NA,NA,NA,NA,NA,1
LOC111118431,NA,NA,NA,NA,NA,NA,NA,NA,NA,NA,215.46187475,2.4253467249,0.3696819,3.589545e-12,2.229428e-11,NA,NA,NA,NA,NA,NA,NA,NA,NA,NA,1
LOC111118441,NA,NA,NA,NA,NA,NA,NA,NA,NA,NA,323.05081403,1.1668975565,0.24200272,6.178872e-07,2.18967e-06,NA,NA,NA,NA,NA,NA,NA,NA,NA,NA,1
LOC111118445,NA,NA,NA,NA,NA,NA,NA,NA,NA,NA,90.59514013,3.8425059834,0.50745669,6.30696e-16,5.465692e-15,NA,NA,NA,NA,NA,NA,NA,NA,NA,NA,1
LOC111118446,NA,NA,NA,NA,NA,NA,NA,NA,NA,NA,145.07976821,1.2180990633,0.2521041,5.465883e-07,1.950541e-06,NA,NA,NA,NA,NA,NA,NA,NA,NA,NA,1
LOC111118447,NA,NA,NA,NA,NA,NA,NA,NA,NA,NA,96.12309712,1.3530604053,0.49489294,0.001962748,0.004100693,NA,NA,NA,NA,NA,NA,NA,NA,NA,NA,1
LOC111118453,NA,NA,NA,NA,NA,NA,NA,NA,NA,NA,69.0541783,1.0780197391,0.35947772,0.001290341,0.002794436,NA,NA,NA,NA,NA,NA,NA,NA,NA,NA,1
LOC111118456,NA,NA,NA,NA,NA,NA,NA,NA,NA,NA,189.41880091,1.8956395571,0.28075818,2.07981e-12,1.326327e-11,NA,NA,NA,NA,NA,NA,NA,NA,NA,NA,1
LOC111118470,NA,NA,NA,NA,NA,NA,NA,NA,NA,NA,117.11394082,-3.0125479499,0.38484327,1.767865e-16,1.618404e-15,NA,NA,NA,NA,NA,NA,NA,NA,NA,NA,1
LOC111118493,NA,NA,NA,NA,NA,NA,NA,NA,NA,NA,1166.14621894,1.2262658017,0.32224593,5.572751e-05,0.0001515472,NA,NA,NA,NA,NA,NA,NA,NA,NA,NA,1
LOC111118497,NA,NA,NA,NA,NA,NA,NA,NA,NA,NA,1803.96977902,1.8009120435,0.14968497,4.076771e-34,1.266753e-32,NA,NA,NA,NA,NA,NA,NA,NA,NA,NA,1
LOC111118510,NA,NA,NA,NA,NA,NA,NA,NA,NA,NA,7180.63504075,2.7721209983,0.49921918,1.195012e-09,5.736914e-09,NA,NA,NA,NA,NA,NA,NA,NA,NA,NA,1
LOC111118511,NA,NA,NA,NA,NA,NA,NA,NA,NA,NA,94.73631066,2.0455133056,0.38344222,1.069857e-08,4.652682e-08,NA,NA,NA,NA,NA,NA,NA,NA,NA,NA,1
LOC111118519,NA,NA,NA,NA,NA,NA,NA,NA,NA,NA,175.69077327,1.8844006929,0.40920686,5.839742e-07,2.075664e-06,NA,NA,NA,NA,NA,NA,NA,NA,NA,NA,1
LOC111118537,NA,NA,NA,NA,NA,NA,NA,NA,NA,NA,94.34205501,3.3659833071,0.33158969,8.942946e-26,1.647223e-24,NA,NA,NA,NA,NA,NA,NA,NA,NA,NA,1
LOC111118539,NA,NA,NA,NA,NA,NA,NA,NA,NA,NA,857.04366343,1.8583536241,0.30750616,2.267635e-10,1.178335e-09,NA,NA,NA,NA,NA,NA,NA,NA,NA,NA,1
LOC111118540,NA,NA,NA,NA,NA,NA,NA,NA,NA,NA,6775.2036425,2.026649543,0.22414404,1.823482e-20,2.321583e-19,NA,NA,NA,NA,NA,NA,NA,NA,NA,NA,1
LOC111118548,NA,NA,NA,NA,NA,NA,NA,NA,NA,NA,50.53911999,-1.5598322557,0.32089296,2.789727e-07,1.035881e-06,NA,NA,NA,NA,NA,NA,NA,NA,NA,NA,1
LOC111118551,NA,NA,NA,NA,NA,NA,NA,NA,NA,NA,169.9848,1.3831240018,0.19461577,3.796719e-13,2.597372e-12,NA,NA,NA,NA,NA,NA,NA,NA,NA,NA,1
LOC111118567,NA,NA,NA,NA,NA,NA,NA,NA,NA,NA,106.24994193,-1.6957073641,0.27891704,2.341151e-10,1.21278e-09,NA,NA,NA,NA,NA,NA,NA,NA,NA,NA,1
LOC111118568,NA,NA,NA,NA,NA,NA,NA,NA,NA,NA,428.30175425,-1.0759196739,0.32212687,0.000403598,0.0009578417,NA,NA,NA,NA,NA,NA,NA,NA,NA,NA,1
LOC111118572,NA,NA,NA,NA,NA,NA,NA,NA,NA,NA,31.55745361,1.0911576431,0.23102696,1.118773e-06,3.834157e-06,NA,NA,NA,NA,NA,NA,NA,NA,NA,NA,1
LOC111118579,NA,NA,NA,NA,NA,NA,NA,NA,NA,NA,157.83583282,1.8171897882,0.2950234,1.170403e-10,6.317585e-10,NA,NA,NA,NA,NA,NA,NA,NA,NA,NA,1
LOC111118584,NA,NA,NA,NA,NA,NA,NA,NA,NA,NA,81.04944615,1.3142993909,0.25044631,5.411561e-08,2.175992e-07,NA,NA,NA,NA,NA,NA,NA,NA,NA,NA,1
LOC111118590,NA,NA,NA,NA,NA,NA,NA,NA,NA,NA,319.57455237,-3.3531354176,0.24834799,4.375519e-43,2.171554e-41,NA,NA,NA,NA,NA,NA,NA,NA,NA,NA,1
LOC111118610,NA,NA,NA,NA,NA,NA,NA,NA,NA,NA,38.1079121,1.8118058717,0.28265842,2.359677e-11,1.355613e-10,NA,NA,NA,NA,NA,NA,NA,NA,NA,NA,1
LOC111118647,NA,NA,NA,NA,NA,NA,NA,NA,NA,NA,32240.20267256,2.5636413311,0.3654674,1.311811e-13,9.31916e-13,NA,NA,NA,NA,NA,NA,NA,NA,NA,NA,1
LOC111118652,NA,NA,NA,NA,NA,NA,NA,NA,NA,NA,977.77792153,-2.9107786121,0.40708955,3.359112e-14,2.512888e-13,NA,NA,NA,NA,NA,NA,NA,NA,NA,NA,1
LOC111118661,NA,NA,NA,NA,NA,NA,NA,NA,NA,NA,67.70355209,1.0678741095,0.20284425,7.01098e-08,2.798127e-07,NA,NA,NA,NA,NA,NA,NA,NA,NA,NA,1
LOC111118667,NA,NA,NA,NA,NA,NA,NA,NA,NA,NA,138.22413733,-1.2401912457,0.21113414,1.67716e-09,7.920332e-09,NA,NA,NA,NA,NA,NA,NA,NA,NA,NA,1
LOC111118686,NA,NA,NA,NA,NA,NA,NA,NA,NA,NA,895.12079583,3.3912599384,0.30770033,8.170663e-30,1.950768e-28,NA,NA,NA,NA,NA,NA,NA,NA,NA,NA,1
LOC111118731,NA,NA,NA,NA,NA,NA,NA,NA,NA,NA,349.31574817,-1.0047973402,0.16537682,6.697118e-10,3.316079e-09,NA,NA,NA,NA,NA,NA,NA,NA,NA,NA,1
LOC111118733,NA,NA,NA,NA,NA,NA,NA,NA,NA,NA,110.92663462,1.3794905309,0.27885527,2.392882e-07,8.964124e-07,NA,NA,NA,NA,NA,NA,NA,NA,NA,NA,1
LOC111118737,NA,NA,NA,NA,NA,NA,NA,NA,NA,NA,55.81580204,1.3986231502,0.37360454,5.489172e-05,0.0001494639,NA,NA,NA,NA,NA,NA,NA,NA,NA,NA,1
LOC111118738,NA,NA,NA,NA,NA,NA,NA,NA,NA,NA,1116.62772596,1.4773446427,0.16662831,2.105281e-19,2.445136e-18,NA,NA,NA,NA,NA,NA,NA,NA,NA,NA,1
LOC111118746,NA,NA,NA,NA,NA,NA,NA,NA,NA,NA,126.20117484,-1.1765285755,0.28042281,1.158287e-05,3.465485e-05,NA,NA,NA,NA,NA,NA,NA,NA,NA,NA,1
LOC111118770,NA,NA,NA,NA,NA,NA,NA,NA,NA,NA,83.36588082,2.6362445534,1.24018616,0.00100349,0.002221229,NA,NA,NA,NA,NA,NA,NA,NA,NA,NA,1
LOC111118776,NA,NA,NA,NA,NA,NA,NA,NA,NA,NA,277.55245878,1.5898318916,0.13849191,3.905142e-31,1.011186e-29,NA,NA,NA,NA,NA,NA,NA,NA,NA,NA,1
LOC111118780,NA,NA,NA,NA,NA,NA,NA,NA,NA,NA,115.4684354,-1.8616615798,0.30574505,1.698937e-10,9.020605e-10,NA,NA,NA,NA,NA,NA,NA,NA,NA,NA,1
LOC111118794,NA,NA,NA,NA,NA,NA,NA,NA,NA,NA,225.67846504,-1.2379214892,0.14948739,4.866993e-17,4.675104e-16,NA,NA,NA,NA,NA,NA,NA,NA,NA,NA,1
LOC111118797,NA,NA,NA,NA,NA,NA,NA,NA,NA,NA,562.09060076,1.4443517999,0.41648067,0.0001466195,0.0003746749,NA,NA,NA,NA,NA,NA,NA,NA,NA,NA,1
LOC111118807,NA,NA,NA,NA,NA,NA,NA,NA,NA,NA,38.1282786,1.5023346607,0.47116723,0.0003611142,0.000865447,NA,NA,NA,NA,NA,NA,NA,NA,NA,NA,1
LOC111118817,NA,NA,NA,NA,NA,NA,NA,NA,NA,NA,49.33207974,1.0531463884,0.20249048,1.007584e-07,3.940643e-07,NA,NA,NA,NA,NA,NA,NA,NA,NA,NA,1
LOC111118818,NA,NA,NA,NA,NA,NA,NA,NA,NA,NA,130.4775556,-2.7034868128,0.27391028,2.843415e-24,4.7258e-23,NA,NA,NA,NA,NA,NA,NA,NA,NA,NA,1
LOC111118830,NA,NA,NA,NA,NA,NA,NA,NA,NA,NA,231.64351536,-1.4559275866,0.35793152,1.322043e-05,3.923672e-05,NA,NA,NA,NA,NA,NA,NA,NA,NA,NA,1
LOC111118832,NA,NA,NA,NA,NA,NA,NA,NA,NA,NA,1866.65055494,1.4148153651,0.14684864,1.753441e-22,2.603447e-21,NA,NA,NA,NA,NA,NA,NA,NA,NA,NA,1
LOC111118835,NA,NA,NA,NA,NA,NA,NA,NA,NA,NA,236.7051558,1.4930333269,0.14288945,4.032479e-26,7.597219e-25,NA,NA,NA,NA,NA,NA,NA,NA,NA,NA,1
LOC111118841,NA,NA,NA,NA,NA,NA,NA,NA,NA,NA,238.99498494,-1.1252218971,0.42661899,0.003672623,0.00728107,NA,NA,NA,NA,NA,NA,NA,NA,NA,NA,1
LOC111118843,NA,NA,NA,NA,NA,NA,NA,NA,NA,NA,173.34183672,-1.6865878131,0.18979468,1.260203e-19,1.499199e-18,NA,NA,NA,NA,NA,NA,NA,NA,NA,NA,1
LOC111118868,NA,NA,NA,NA,NA,NA,NA,NA,NA,NA,235.76799108,-2.1372675032,0.53478802,6.052622e-06,1.894831e-05,NA,NA,NA,NA,NA,NA,NA,NA,NA,NA,1
LOC111118869,NA,NA,NA,NA,NA,NA,NA,NA,NA,NA,225.70582494,2.9689225314,0.36680908,2.165475e-17,2.151427e-16,NA,NA,NA,NA,NA,NA,NA,NA,NA,NA,1
LOC111118870,NA,NA,NA,NA,NA,NA,NA,NA,NA,NA,329.44849524,-2.8205258381,0.40508655,1.415796e-13,1.003792e-12,NA,NA,NA,NA,NA,NA,NA,NA,NA,NA,1
LOC111118874,NA,NA,NA,NA,NA,NA,NA,NA,NA,NA,182.66908804,-1.3926029614,0.29210505,5.792213e-07,2.060137e-06,NA,NA,NA,NA,NA,NA,NA,NA,NA,NA,1
LOC111118875,NA,NA,NA,NA,NA,NA,NA,NA,NA,NA,502.3894124,-4.8303723758,0.27557223,9.721834e-71,1.427645e-68,NA,NA,NA,NA,NA,NA,NA,NA,NA,NA,1
LOC111118882,NA,NA,NA,NA,NA,NA,NA,NA,NA,NA,80.81565151,-1.1801169906,0.20601337,4.3527e-09,1.964828e-08,NA,NA,NA,NA,NA,NA,NA,NA,NA,NA,1
LOC111118894,NA,NA,NA,NA,NA,NA,NA,NA,NA,NA,542.15024438,2.1215287538,0.33342639,2.004689e-11,1.15913e-10,NA,NA,NA,NA,NA,NA,NA,NA,NA,NA,1
LOC111118904,NA,NA,NA,NA,NA,NA,NA,NA,NA,NA,218.48041084,-1.3833850431,0.1491232,5.619139e-21,7.464333e-20,NA,NA,NA,NA,NA,NA,NA,NA,NA,NA,1
LOC111118912,NA,NA,NA,NA,NA,NA,NA,NA,NA,NA,113.5373304,-1.7931642379,0.27652384,1.484594e-11,8.696641e-11,NA,NA,NA,NA,NA,NA,NA,NA,NA,NA,1
LOC111118939,NA,NA,NA,NA,NA,NA,NA,NA,NA,NA,168.93409137,-1.2063498456,0.38230696,0.0006393112,0.001467855,NA,NA,NA,NA,NA,NA,NA,NA,NA,NA,1
LOC111118943,NA,NA,NA,NA,NA,NA,NA,NA,NA,NA,454.09627734,-1.1925076062,0.27119378,4.571672e-06,1.455981e-05,NA,NA,NA,NA,NA,NA,NA,NA,NA,NA,1
LOC111118959,NA,NA,NA,NA,NA,NA,NA,NA,NA,NA,1138.45596111,1.7626946475,0.15999993,5.634295e-29,1.260953e-27,NA,NA,NA,NA,NA,NA,NA,NA,NA,NA,1
LOC111118975,NA,NA,NA,NA,NA,NA,NA,NA,NA,NA,123.02477124,-1.711501235,0.23051935,2.160858e-14,1.642865e-13,NA,NA,NA,NA,NA,NA,NA,NA,NA,NA,1
LOC111119006,NA,NA,NA,NA,NA,NA,NA,NA,NA,NA,258.10132935,-3.8986120508,0.32073213,1.016953e-35,3.406792e-34,NA,NA,NA,NA,NA,NA,NA,NA,NA,NA,1
LOC111119014,NA,NA,NA,NA,NA,NA,NA,NA,NA,NA,290.83724281,-3.5349805645,0.47305068,1.72123e-15,1.434805e-14,NA,NA,NA,NA,NA,NA,NA,NA,NA,NA,1
LOC111119023,NA,NA,NA,NA,NA,NA,NA,NA,NA,NA,232.40318755,1.3503778006,0.2842166,6.698159e-07,2.361982e-06,NA,NA,NA,NA,NA,NA,NA,NA,NA,NA,1
LOC111119033,NA,NA,NA,NA,NA,NA,NA,NA,NA,NA,104.51986431,-2.2649485351,0.28781941,2.995721e-16,2.676177e-15,NA,NA,NA,NA,NA,NA,NA,NA,NA,NA,1
LOC111119050,NA,NA,NA,NA,NA,NA,NA,NA,NA,NA,118.39300422,-1.3572113924,0.1712508,7.598496e-16,6.526913e-15,NA,NA,NA,NA,NA,NA,NA,NA,NA,NA,1
LOC111119055,NA,NA,NA,NA,NA,NA,NA,NA,NA,NA,82.3966612,1.4423114563,0.21039139,2.074974e-12,1.324031e-11,NA,NA,NA,NA,NA,NA,NA,NA,NA,NA,1
LOC111119074,NA,NA,NA,NA,NA,NA,NA,NA,NA,NA,91.54430176,1.219409845,0.28994388,1.041556e-05,3.140782e-05,NA,NA,NA,NA,NA,NA,NA,NA,NA,NA,1
LOC111119075,NA,NA,NA,NA,NA,NA,NA,NA,NA,NA,58.71960001,1.1657273999,0.24309413,7.063125e-07,2.482515e-06,NA,NA,NA,NA,NA,NA,NA,NA,NA,NA,1
LOC111119084,NA,NA,NA,NA,NA,NA,NA,NA,NA,NA,740.1950584,-2.10509871,0.30764269,8.094011e-13,5.389304e-12,NA,NA,NA,NA,NA,NA,NA,NA,NA,NA,1
LOC111119088,NA,NA,NA,NA,NA,NA,NA,NA,NA,NA,80.37477493,-1.4447620773,0.2590976,7.093757e-09,3.143657e-08,NA,NA,NA,NA,NA,NA,NA,NA,NA,NA,1
LOC111119089,NA,NA,NA,NA,NA,NA,NA,NA,NA,NA,39.1427036,2.2868278549,0.40770338,1.610093e-09,7.610316e-09,NA,NA,NA,NA,NA,NA,NA,NA,NA,NA,1
LOC111119090,NA,NA,NA,NA,NA,NA,NA,NA,NA,NA,288.00661832,1.5133746951,0.24520633,1.754882e-10,9.294632e-10,NA,NA,NA,NA,NA,NA,NA,NA,NA,NA,1
LOC111119094,NA,NA,NA,NA,NA,NA,NA,NA,NA,NA,100.00331004,-1.144165351,0.21781718,6.737868e-08,2.695147e-07,NA,NA,NA,NA,NA,NA,NA,NA,NA,NA,1
LOC111119104,NA,NA,NA,NA,NA,NA,NA,NA,NA,NA,147.87413684,-1.7409291379,0.44642376,1.689568e-05,4.944626e-05,NA,NA,NA,NA,NA,NA,NA,NA,NA,NA,1
LOC111119123,NA,NA,NA,NA,NA,NA,NA,NA,NA,NA,8423.16091431,2.1377031101,0.34818497,8.15877e-11,4.464626e-10,NA,NA,NA,NA,NA,NA,NA,NA,NA,NA,1
LOC111119132,NA,NA,NA,NA,NA,NA,NA,NA,NA,NA,214.1856272,1.9315734586,0.33173807,7.750475e-10,3.809495e-09,NA,NA,NA,NA,NA,NA,NA,NA,NA,NA,1
LOC111119147,NA,NA,NA,NA,NA,NA,NA,NA,NA,NA,269.54478136,1.3852925886,0.32857875,7.750672e-06,2.392786e-05,NA,NA,NA,NA,NA,NA,NA,NA,NA,NA,1
LOC111119150,NA,NA,NA,NA,NA,NA,NA,NA,NA,NA,117.48943652,1.0119319986,0.29782114,0.0003565524,0.0008552791,NA,NA,NA,NA,NA,NA,NA,NA,NA,NA,1
LOC111119156,NA,NA,NA,NA,NA,NA,NA,NA,NA,NA,285.02952304,-1.126040195,0.20191411,1.132291e-08,4.904309e-08,NA,NA,NA,NA,NA,NA,NA,NA,NA,NA,1
LOC111119158,NA,NA,NA,NA,NA,NA,NA,NA,NA,NA,19404.44090202,6.784836905,0.27699061,6.893984e-135,4.9269e-132,NA,NA,NA,NA,NA,NA,NA,NA,NA,NA,1
LOC111119159,NA,NA,NA,NA,NA,NA,NA,NA,NA,NA,222.99866829,-1.4467817222,0.15593757,5.040426e-21,6.737328e-20,NA,NA,NA,NA,NA,NA,NA,NA,NA,NA,1
LOC111119160,NA,NA,NA,NA,NA,NA,NA,NA,NA,NA,90.9811848,-1.3376550241,0.19049007,7.489402e-13,4.999153e-12,NA,NA,NA,NA,NA,NA,NA,NA,NA,NA,1
LOC111119163,NA,NA,NA,NA,NA,NA,NA,NA,NA,NA,839.46023357,-4.2123548399,0.26997879,1.126104e-56,1.077843e-54,NA,NA,NA,NA,NA,NA,NA,NA,NA,NA,1
LOC111119169,NA,NA,NA,NA,NA,NA,NA,NA,NA,NA,2166.76317784,-2.4446944311,0.11499975,1.925986e-101,6.882189e-99,NA,NA,NA,NA,NA,NA,NA,NA,NA,NA,1
LOC111119171,NA,NA,NA,NA,NA,NA,NA,NA,NA,NA,33.08283069,1.4245510575,0.22568074,8.226318e-11,4.499292e-10,NA,NA,NA,NA,NA,NA,NA,NA,NA,NA,1
LOC111119173,NA,NA,NA,NA,NA,NA,NA,NA,NA,NA,46.81943154,1.5711958661,0.62188941,0.002503165,0.005131751,NA,NA,NA,NA,NA,NA,NA,NA,NA,NA,1
LOC111119177,NA,NA,NA,NA,NA,NA,NA,NA,NA,NA,241.2578346,-1.4249297945,0.17367519,6.968032e-17,6.633864e-16,NA,NA,NA,NA,NA,NA,NA,NA,NA,NA,1
LOC111119178,NA,NA,NA,NA,NA,NA,NA,NA,NA,NA,322.74262308,-1.3564058738,0.2079089,2.275903e-11,1.309591e-10,NA,NA,NA,NA,NA,NA,NA,NA,NA,NA,1
LOC111119192,NA,NA,NA,NA,NA,NA,NA,NA,NA,NA,39.35534712,1.2650096112,0.23357653,2.311755e-08,9.676696e-08,NA,NA,NA,NA,NA,NA,NA,NA,NA,NA,1
LOC111119195,NA,NA,NA,NA,NA,NA,NA,NA,NA,NA,8728.8816543,1.5416295387,0.38144108,1.288583e-05,3.83073e-05,NA,NA,NA,NA,NA,NA,NA,NA,NA,NA,1
LOC111119203,NA,NA,NA,NA,NA,NA,NA,NA,NA,NA,295.47912777,1.7424795389,0.34055984,5.562794e-08,2.234288e-07,NA,NA,NA,NA,NA,NA,NA,NA,NA,NA,1
LOC111119208,NA,NA,NA,NA,NA,NA,NA,NA,NA,NA,37.72771369,1.7391681279,0.23501426,2.483466e-14,1.878812e-13,NA,NA,NA,NA,NA,NA,NA,NA,NA,NA,1
LOC111119213,NA,NA,NA,NA,NA,NA,NA,NA,NA,NA,96.38220062,1.5450788027,0.46739043,0.0002242347,0.0005563054,NA,NA,NA,NA,NA,NA,NA,NA,NA,NA,1
LOC111119216,NA,NA,NA,NA,NA,NA,NA,NA,NA,NA,252.17851623,-2.7815477049,0.24396224,1.942632e-31,5.14198e-30,NA,NA,NA,NA,NA,NA,NA,NA,NA,NA,1
LOC111119217,NA,NA,NA,NA,NA,NA,NA,NA,NA,NA,62.51842069,2.2736086162,0.24488136,1.362063e-21,1.884041e-20,NA,NA,NA,NA,NA,NA,NA,NA,NA,NA,1
LOC111119220,NA,NA,NA,NA,NA,NA,NA,NA,NA,NA,66.64565221,-1.3336970138,0.2346849,4.536141e-09,2.045748e-08,NA,NA,NA,NA,NA,NA,NA,NA,NA,NA,1
LOC111119230,NA,NA,NA,NA,NA,NA,NA,NA,NA,NA,26.67770909,2.8560174578,0.53863439,4.353048e-09,1.964828e-08,NA,NA,NA,NA,NA,NA,NA,NA,NA,NA,1
LOC111119231,NA,NA,NA,NA,NA,NA,NA,NA,NA,NA,240.68416107,-1.0624008146,0.5671175,0.02775711,0.04526258,NA,NA,NA,NA,NA,NA,NA,NA,NA,NA,1
LOC111119240,NA,NA,NA,NA,NA,NA,NA,NA,NA,NA,501.07857477,-1.3910124027,0.18616804,2.504132e-14,1.891775e-13,NA,NA,NA,NA,NA,NA,NA,NA,NA,NA,1
LOC111119241,NA,NA,NA,NA,NA,NA,NA,NA,NA,NA,109.10852143,-2.1075404541,0.64189898,9.76809e-05,0.0002570298,NA,NA,NA,NA,NA,NA,NA,NA,NA,NA,1
LOC111119245,NA,NA,NA,NA,NA,NA,NA,NA,NA,NA,141.09626448,-2.8282169876,0.36272804,2.723666e-16,2.449471e-15,NA,NA,NA,NA,NA,NA,NA,NA,NA,NA,1
LOC111119250,NA,NA,NA,NA,NA,NA,NA,NA,NA,NA,331.18357109,1.8364810984,0.13033817,6.943687e-46,3.876892e-44,NA,NA,NA,NA,NA,NA,NA,NA,NA,NA,1
LOC111119258,NA,NA,NA,NA,NA,NA,NA,NA,NA,NA,228.40730168,1.2216463485,0.17149202,4.278718e-13,2.917803e-12,NA,NA,NA,NA,NA,NA,NA,NA,NA,NA,1
LOC111119261,NA,NA,NA,NA,NA,NA,NA,NA,NA,NA,25642.95854929,6.9786919349,0.34828197,9.043798e-92,2.364622e-89,NA,NA,NA,NA,NA,NA,NA,NA,NA,NA,1
LOC111119263,NA,NA,NA,NA,NA,NA,NA,NA,NA,NA,99.22358056,1.2373985525,0.20466155,5.879006e-10,2.926868e-09,NA,NA,NA,NA,NA,NA,NA,NA,NA,NA,1
LOC111119269,NA,NA,NA,NA,NA,NA,NA,NA,NA,NA,3160.11951878,2.0692305481,0.3776895,4.63118e-09,2.085977e-08,NA,NA,NA,NA,NA,NA,NA,NA,NA,NA,1
LOC111119275,NA,NA,NA,NA,NA,NA,NA,NA,NA,NA,56.16155143,1.5101733541,0.42481907,9.544218e-05,0.0002513858,NA,NA,NA,NA,NA,NA,NA,NA,NA,NA,1
LOC111119278,NA,NA,NA,NA,NA,NA,NA,NA,NA,NA,122.8626266,-2.0802205483,0.26953363,1.285529e-15,1.082551e-14,NA,NA,NA,NA,NA,NA,NA,NA,NA,NA,1
LOC111119280,NA,NA,NA,NA,NA,NA,NA,NA,NA,NA,539.60848762,1.5488915104,0.11820724,7.885824e-40,3.354604e-38,NA,NA,NA,NA,NA,NA,NA,NA,NA,NA,1
LOC111119285,NA,NA,NA,NA,NA,NA,NA,NA,NA,NA,629.80178783,-1.5294418906,0.32256806,5.309926e-07,1.899313e-06,NA,NA,NA,NA,NA,NA,NA,NA,NA,NA,1
LOC111119287,NA,NA,NA,NA,NA,NA,NA,NA,NA,NA,195.68672073,-3.6837241778,0.27175321,1.643161e-43,8.308813e-42,NA,NA,NA,NA,NA,NA,NA,NA,NA,NA,1
LOC111119295,NA,NA,NA,NA,NA,NA,NA,NA,NA,NA,107.61869818,2.6693693926,0.65198341,1.874009e-06,6.238935e-06,NA,NA,NA,NA,NA,NA,NA,NA,NA,NA,1
LOC111119319,NA,NA,NA,NA,NA,NA,NA,NA,NA,NA,200.45848853,-3.0097165736,0.31201612,1.896023e-23,3.015634e-22,NA,NA,NA,NA,NA,NA,NA,NA,NA,NA,1
LOC111119328,NA,NA,NA,NA,NA,NA,NA,NA,NA,NA,434.70878956,-3.094097662,0.28374513,3.828479e-29,8.676807e-28,NA,NA,NA,NA,NA,NA,NA,NA,NA,NA,1
LOC111119330,NA,NA,NA,NA,NA,NA,NA,NA,NA,NA,119.72262264,-2.3233823446,0.27944925,7.214716e-18,7.429564e-17,NA,NA,NA,NA,NA,NA,NA,NA,NA,NA,1
LOC111119332,NA,NA,NA,NA,NA,NA,NA,NA,NA,NA,27.95274593,1.5422304096,0.3625118,5.105165e-06,1.617239e-05,NA,NA,NA,NA,NA,NA,NA,NA,NA,NA,1
LOC111119333,NA,NA,NA,NA,NA,NA,NA,NA,NA,NA,383.64789863,-1.6887315984,0.24301288,7.259781e-13,4.851923e-12,NA,NA,NA,NA,NA,NA,NA,NA,NA,NA,1
LOC111119350,NA,NA,NA,NA,NA,NA,NA,NA,NA,NA,72.35735824,1.8919548229,0.2886568,7.998042e-12,4.808694e-11,NA,NA,NA,NA,NA,NA,NA,NA,NA,NA,1
LOC111119358,NA,NA,NA,NA,NA,NA,NA,NA,NA,NA,122.369119,-1.7489452119,0.25286159,8.302942e-13,5.514717e-12,NA,NA,NA,NA,NA,NA,NA,NA,NA,NA,1
LOC111119359,NA,NA,NA,NA,NA,NA,NA,NA,NA,NA,10095.68196671,1.4727494623,0.43408936,0.0001845311,0.0004640331,NA,NA,NA,NA,NA,NA,NA,NA,NA,NA,1
LOC111119360,NA,NA,NA,NA,NA,NA,NA,NA,NA,NA,793.35007707,-1.8220653921,0.28600421,2.997903e-11,1.709443e-10,NA,NA,NA,NA,NA,NA,NA,NA,NA,NA,1
LOC111119364,NA,NA,NA,NA,NA,NA,NA,NA,NA,NA,64.45075322,4.6069459016,0.58371251,2.940137e-17,2.883647e-16,NA,NA,NA,NA,NA,NA,NA,NA,NA,NA,1
LOC111119368,NA,NA,NA,NA,NA,NA,NA,NA,NA,NA,136.13009034,-1.5823524603,0.23998786,1.003659e-11,5.964091e-11,NA,NA,NA,NA,NA,NA,NA,NA,NA,NA,1
LOC111119383,NA,NA,NA,NA,NA,NA,NA,NA,NA,NA,53.0088829,1.1128692228,0.33294078,0.000380312,0.0009076013,NA,NA,NA,NA,NA,NA,NA,NA,NA,NA,1
LOC111119386,NA,NA,NA,NA,NA,NA,NA,NA,NA,NA,73.71965508,-1.3143639721,0.26063487,1.608974e-07,6.162274e-07,NA,NA,NA,NA,NA,NA,NA,NA,NA,NA,1
LOC111119389,NA,NA,NA,NA,NA,NA,NA,NA,NA,NA,56.25291637,-1.272197251,0.22935027,1.090853e-08,4.738228e-08,NA,NA,NA,NA,NA,NA,NA,NA,NA,NA,1
LOC111119391,NA,NA,NA,NA,NA,NA,NA,NA,NA,NA,84.11302773,-1.6514374295,0.2100889,8.040684e-16,6.879181e-15,NA,NA,NA,NA,NA,NA,NA,NA,NA,NA,1
LOC111119395,NA,NA,NA,NA,NA,NA,NA,NA,NA,NA,219.87823369,-2.8434206984,0.23314433,1.460464e-35,4.847112e-34,NA,NA,NA,NA,NA,NA,NA,NA,NA,NA,1
LOC111119397,NA,NA,NA,NA,NA,NA,NA,NA,NA,NA,2402.05338014,1.1428674101,0.10090452,4.453966e-30,1.077799e-28,NA,NA,NA,NA,NA,NA,NA,NA,NA,NA,1
LOC111119398,NA,NA,NA,NA,NA,NA,NA,NA,NA,NA,125.71096291,-3.0869248918,0.26519367,9.105788e-33,2.610001e-31,NA,NA,NA,NA,NA,NA,NA,NA,NA,NA,1
LOC111119400,NA,NA,NA,NA,NA,NA,NA,NA,NA,NA,242.28777677,-1.028596999,0.23208325,4.866924e-06,1.544964e-05,NA,NA,NA,NA,NA,NA,NA,NA,NA,NA,1
LOC111119401,NA,NA,NA,NA,NA,NA,NA,NA,NA,NA,273.29627654,-1.3203641336,0.24780463,3.457414e-08,1.421146e-07,NA,NA,NA,NA,NA,NA,NA,NA,NA,NA,1
LOC111119404,NA,NA,NA,NA,NA,NA,NA,NA,NA,NA,100.86482574,1.2071906114,0.18988304,8.494081e-11,4.638642e-10,NA,NA,NA,NA,NA,NA,NA,NA,NA,NA,1
LOC111119405,NA,NA,NA,NA,NA,NA,NA,NA,NA,NA,287.83064553,1.3685135394,0.24007325,3.883673e-09,1.758892e-08,NA,NA,NA,NA,NA,NA,NA,NA,NA,NA,1
LOC111119409,NA,NA,NA,NA,NA,NA,NA,NA,NA,NA,267.74383354,-1.9712101516,0.16465457,6.454063e-34,1.965556e-32,NA,NA,NA,NA,NA,NA,NA,NA,NA,NA,1
LOC111119422,NA,NA,NA,NA,NA,NA,NA,NA,NA,NA,974.97274397,1.0807954759,0.4137629,0.004207107,0.008230411,NA,NA,NA,NA,NA,NA,NA,NA,NA,NA,1
LOC111119428,NA,NA,NA,NA,NA,NA,NA,NA,NA,NA,116.69118939,1.6393599747,0.265428,1.396258e-10,7.476466e-10,NA,NA,NA,NA,NA,NA,NA,NA,NA,NA,1
LOC111119435,NA,NA,NA,NA,NA,NA,NA,NA,NA,NA,80.97120161,-1.8046850876,0.31988733,2.742693e-09,1.263501e-08,NA,NA,NA,NA,NA,NA,NA,NA,NA,NA,1
LOC111119443,NA,NA,NA,NA,NA,NA,NA,NA,NA,NA,478.95902348,2.3089597644,0.21323005,2.034911e-28,4.424796e-27,NA,NA,NA,NA,NA,NA,NA,NA,NA,NA,1
LOC111119444,NA,NA,NA,NA,NA,NA,NA,NA,NA,NA,20.91928158,1.3549177443,0.33149145,1.42244e-05,4.203021e-05,NA,NA,NA,NA,NA,NA,NA,NA,NA,NA,1
LOC111119449,NA,NA,NA,NA,NA,NA,NA,NA,NA,NA,741.1246993,1.3692397395,0.42642337,0.0004129609,0.0009774655,NA,NA,NA,NA,NA,NA,NA,NA,NA,NA,1
LOC111119454,NA,NA,NA,NA,NA,NA,NA,NA,NA,NA,357.24559287,-1.1531158528,0.18328518,1.406485e-10,7.52747e-10,NA,NA,NA,NA,NA,NA,NA,NA,NA,NA,1
LOC111119460,NA,NA,NA,NA,NA,NA,NA,NA,NA,NA,298.22588105,1.1977386048,0.12143348,2.542063e-23,4.019309e-22,NA,NA,NA,NA,NA,NA,NA,NA,NA,NA,1
LOC111119466,NA,NA,NA,NA,NA,NA,NA,NA,NA,NA,190.51316625,-3.249612585,0.23781503,5.171743e-44,2.665437e-42,NA,NA,NA,NA,NA,NA,NA,NA,NA,NA,1
LOC111119484,NA,NA,NA,NA,NA,NA,NA,NA,NA,NA,64.66825652,3.5603595609,0.30887567,2.308173e-32,6.528658e-31,NA,NA,NA,NA,NA,NA,NA,NA,NA,NA,1
LOC111119485,NA,NA,NA,NA,NA,NA,NA,NA,NA,NA,96.17871516,-1.527476272,0.31142774,2.352886e-07,8.822292e-07,NA,NA,NA,NA,NA,NA,NA,NA,NA,NA,1
LOC111119490,NA,NA,NA,NA,NA,NA,NA,NA,NA,NA,126.63166053,1.2675048262,0.26117183,4.565873e-07,1.648574e-06,NA,NA,NA,NA,NA,NA,NA,NA,NA,NA,1
LOC111119496,NA,NA,NA,NA,NA,NA,NA,NA,NA,NA,48.71125521,1.0500864302,0.31813046,0.0004804266,0.00112794,NA,NA,NA,NA,NA,NA,NA,NA,NA,NA,1
LOC111119498,NA,NA,NA,NA,NA,NA,NA,NA,NA,NA,62.86387697,1.2446074606,0.29531118,9.652627e-06,2.928847e-05,NA,NA,NA,NA,NA,NA,NA,NA,NA,NA,1
LOC111119499,NA,NA,NA,NA,NA,NA,NA,NA,NA,NA,197.15203334,3.2787478865,0.17162996,7.356095e-83,1.43377e-80,NA,NA,NA,NA,NA,NA,NA,NA,NA,NA,1
LOC111119500,NA,NA,NA,NA,NA,NA,NA,NA,NA,NA,156.89741991,1.842411962,0.24743546,1.494555e-14,1.151806e-13,NA,NA,NA,NA,NA,NA,NA,NA,NA,NA,1
LOC111119513,NA,NA,NA,NA,NA,NA,NA,NA,NA,NA,219.31377089,2.6585685127,0.5940005,3.513077e-07,1.287968e-06,NA,NA,NA,NA,NA,NA,NA,NA,NA,NA,1
LOC111119514,NA,NA,NA,NA,NA,NA,NA,NA,NA,NA,265.04801586,1.3582424419,0.24864637,1.546509e-08,6.586641e-08,NA,NA,NA,NA,NA,NA,NA,NA,NA,NA,1
LOC111119516,NA,NA,NA,NA,NA,NA,NA,NA,NA,NA,40.95650477,1.7459770608,0.66136056,0.001359223,0.002932355,NA,NA,NA,NA,NA,NA,NA,NA,NA,NA,1
LOC111119518,NA,NA,NA,NA,NA,NA,NA,NA,NA,NA,230.71129542,1.3789269026,0.3394743,1.527992e-05,4.498784e-05,NA,NA,NA,NA,NA,NA,NA,NA,NA,NA,1
LOC111119530,NA,NA,NA,NA,NA,NA,NA,NA,NA,NA,120.08747107,-2.2155232886,0.43534132,3.11296e-08,1.285475e-07,NA,NA,NA,NA,NA,NA,NA,NA,NA,NA,1
LOC111119532,NA,NA,NA,NA,NA,NA,NA,NA,NA,NA,145.58197063,1.3640593799,0.1521991,1.052644e-19,1.262231e-18,NA,NA,NA,NA,NA,NA,NA,NA,NA,NA,1
LOC111119535,NA,NA,NA,NA,NA,NA,NA,NA,NA,NA,992.18088024,1.6695857087,0.27142079,1.55796e-10,8.30499e-10,NA,NA,NA,NA,NA,NA,NA,NA,NA,NA,1
LOC111119539,NA,NA,NA,NA,NA,NA,NA,NA,NA,NA,49.87526211,-1.6841278824,0.2661963,4.968246e-11,2.787001e-10,NA,NA,NA,NA,NA,NA,NA,NA,NA,NA,1
LOC111119549,NA,NA,NA,NA,NA,NA,NA,NA,NA,NA,142.91083855,-2.5462648736,0.49262189,1.301482e-08,5.587458e-08,NA,NA,NA,NA,NA,NA,NA,NA,NA,NA,1
LOC111119553,NA,NA,NA,NA,NA,NA,NA,NA,NA,NA,1314.35018138,-1.1891137379,0.38309674,0.0007799456,0.001763556,NA,NA,NA,NA,NA,NA,NA,NA,NA,NA,1
LOC111119555,NA,NA,NA,NA,NA,NA,NA,NA,NA,NA,95.57402175,-1.4301685263,0.25109081,3.626452e-09,1.647968e-08,NA,NA,NA,NA,NA,NA,NA,NA,NA,NA,1
LOC111119558,NA,NA,NA,NA,NA,NA,NA,NA,NA,NA,361.33268724,-1.3351349585,0.1507051,2.786235e-19,3.184269e-18,NA,NA,NA,NA,NA,NA,NA,NA,NA,NA,1
LOC111119561,NA,NA,NA,NA,NA,NA,NA,NA,NA,NA,61.80469874,-1.4832282548,0.31822945,8.470749e-07,2.946347e-06,NA,NA,NA,NA,NA,NA,NA,NA,NA,NA,1
LOC111119585,NA,NA,NA,NA,NA,NA,NA,NA,NA,NA,66.24535957,-1.7637013921,0.24283127,6.646826e-14,4.857122e-13,NA,NA,NA,NA,NA,NA,NA,NA,NA,NA,1
LOC111119588,NA,NA,NA,NA,NA,NA,NA,NA,NA,NA,61.21254027,1.3469031974,0.27577944,3.467431e-07,1.272974e-06,NA,NA,NA,NA,NA,NA,NA,NA,NA,NA,1
LOC111119592,NA,NA,NA,NA,NA,NA,NA,NA,NA,NA,1541.34884636,-3.0267881335,0.2619142,2.56013e-32,7.222261e-31,NA,NA,NA,NA,NA,NA,NA,NA,NA,NA,1
LOC111119596,NA,NA,NA,NA,NA,NA,NA,NA,NA,NA,193.10126165,-1.1064436853,0.27859843,3.340703e-05,9.394632e-05,NA,NA,NA,NA,NA,NA,NA,NA,NA,NA,1
LOC111119599,NA,NA,NA,NA,NA,NA,NA,NA,NA,NA,130.79905047,1.2340986768,0.60954292,0.01531465,0.02646671,NA,NA,NA,NA,NA,NA,NA,NA,NA,NA,1
LOC111119608,NA,NA,NA,NA,NA,NA,NA,NA,NA,NA,68.77333604,-2.1879355611,0.34429419,1.919592e-11,1.111725e-10,NA,NA,NA,NA,NA,NA,NA,NA,NA,NA,1
LOC111119617,NA,NA,NA,NA,NA,NA,NA,NA,NA,NA,43.81571324,1.3091796039,0.28653055,1.724101e-06,5.768529e-06,NA,NA,NA,NA,NA,NA,NA,NA,NA,NA,1
LOC111119621,NA,NA,NA,NA,NA,NA,NA,NA,NA,NA,413.71707193,-3.8772826151,0.34095991,1.097287e-31,2.977953e-30,NA,NA,NA,NA,NA,NA,NA,NA,NA,NA,1
LOC111119624,NA,NA,NA,NA,NA,NA,NA,NA,NA,NA,124.05176633,-2.7787984063,0.41687724,1.159472e-12,7.59288e-12,NA,NA,NA,NA,NA,NA,NA,NA,NA,NA,1
LOC111119628,NA,NA,NA,NA,NA,NA,NA,NA,NA,NA,373.47709322,-1.16124764,0.24535441,9.681147e-07,3.348883e-06,NA,NA,NA,NA,NA,NA,NA,NA,NA,NA,1
LOC111119634,NA,NA,NA,NA,NA,NA,NA,NA,NA,NA,79.34578643,-1.5387190814,0.34469352,1.975737e-06,6.555214e-06,NA,NA,NA,NA,NA,NA,NA,NA,NA,NA,1
LOC111119637,NA,NA,NA,NA,NA,NA,NA,NA,NA,NA,969.18776688,1.851661491,0.143197,4.675394e-39,1.863205e-37,NA,NA,NA,NA,NA,NA,NA,NA,NA,NA,1
LOC111119638,NA,NA,NA,NA,NA,NA,NA,NA,NA,NA,63.23683154,2.2856797652,0.58906249,7.820805e-06,2.412634e-05,NA,NA,NA,NA,NA,NA,NA,NA,NA,NA,1
LOC111119640,NA,NA,NA,NA,NA,NA,NA,NA,NA,NA,1475.85998059,1.894962095,0.16413833,1.134916e-31,3.06456e-30,NA,NA,NA,NA,NA,NA,NA,NA,NA,NA,1
LOC111119644,NA,NA,NA,NA,NA,NA,NA,NA,NA,NA,124.62350688,-1.1868777114,0.47720384,0.005136743,0.009864902,NA,NA,NA,NA,NA,NA,NA,NA,NA,NA,1
LOC111119669,NA,NA,NA,NA,NA,NA,NA,NA,NA,NA,383.26113212,-1.0630596593,0.14920487,5.27166e-13,3.569943e-12,NA,NA,NA,NA,NA,NA,NA,NA,NA,NA,1
LOC111119690,NA,NA,NA,NA,NA,NA,NA,NA,NA,NA,233.69984935,-3.5819706497,0.24127935,1.798655e-51,1.357858e-49,NA,NA,NA,NA,NA,NA,NA,NA,NA,NA,1
LOC111119693,NA,NA,NA,NA,NA,NA,NA,NA,NA,NA,70.9927801,-1.3379960421,0.21368346,1.301567e-10,6.993885e-10,NA,NA,NA,NA,NA,NA,NA,NA,NA,NA,1
LOC111119706,NA,NA,NA,NA,NA,NA,NA,NA,NA,NA,1600.28972097,2.1559479069,0.26828876,9.075397e-17,8.534057e-16,NA,NA,NA,NA,NA,NA,NA,NA,NA,NA,1
LOC111119729,NA,NA,NA,NA,NA,NA,NA,NA,NA,NA,504.49891254,1.0372400518,0.14182101,1.359452e-13,9.64482e-13,NA,NA,NA,NA,NA,NA,NA,NA,NA,NA,1
LOC111119744,NA,NA,NA,NA,NA,NA,NA,NA,NA,NA,52.35368834,-1.1486725595,0.25432856,2.793206e-06,9.101266e-06,NA,NA,NA,NA,NA,NA,NA,NA,NA,NA,1
LOC111119756,NA,NA,NA,NA,NA,NA,NA,NA,NA,NA,170.15696083,2.3723602132,0.25995316,5.238824e-21,6.985099e-20,NA,NA,NA,NA,NA,NA,NA,NA,NA,NA,1
LOC111119759,NA,NA,NA,NA,NA,NA,NA,NA,NA,NA,59.77787029,1.3343119858,0.22880883,1.881282e-09,8.849205e-09,NA,NA,NA,NA,NA,NA,NA,NA,NA,NA,1
LOC111119768,NA,NA,NA,NA,NA,NA,NA,NA,NA,NA,208.06535077,-1.3467249885,0.30164783,2.663612e-06,8.708118e-06,NA,NA,NA,NA,NA,NA,NA,NA,NA,NA,1
LOC111119770,NA,NA,NA,NA,NA,NA,NA,NA,NA,NA,838.66984658,1.0365802121,0.20266807,1.630898e-07,6.239553e-07,NA,NA,NA,NA,NA,NA,NA,NA,NA,NA,1
LOC111119775,NA,NA,NA,NA,NA,NA,NA,NA,NA,NA,122.09585032,-1.5938793144,0.19359793,4.217426e-17,4.087776e-16,NA,NA,NA,NA,NA,NA,NA,NA,NA,NA,1
LOC111119776,NA,NA,NA,NA,NA,NA,NA,NA,NA,NA,420.95006846,1.2369880359,0.4208861,0.001245974,0.002706725,NA,NA,NA,NA,NA,NA,NA,NA,NA,NA,1
LOC111119781,NA,NA,NA,NA,NA,NA,NA,NA,NA,NA,358.50067512,1.5290347589,0.22254012,1.624958e-12,1.046848e-11,NA,NA,NA,NA,NA,NA,NA,NA,NA,NA,1
LOC111119782,NA,NA,NA,NA,NA,NA,NA,NA,NA,NA,24.40653721,1.8016441156,0.2890668,7.542255e-11,4.144181e-10,NA,NA,NA,NA,NA,NA,NA,NA,NA,NA,1
LOC111119786,NA,NA,NA,NA,NA,NA,NA,NA,NA,NA,33.30039164,1.7711782346,0.34082433,3.465908e-08,1.423e-07,NA,NA,NA,NA,NA,NA,NA,NA,NA,NA,1
LOC111119788,NA,NA,NA,NA,NA,NA,NA,NA,NA,NA,40.23916812,1.1411449193,0.25761969,4.234828e-06,1.353125e-05,NA,NA,NA,NA,NA,NA,NA,NA,NA,NA,1
LOC111119802,NA,NA,NA,NA,NA,NA,NA,NA,NA,NA,200.28495906,-1.009969502,0.19137043,7.03362e-08,2.804032e-07,NA,NA,NA,NA,NA,NA,NA,NA,NA,NA,1
LOC111119805,NA,NA,NA,NA,NA,NA,NA,NA,NA,NA,200.48771273,-1.7959903531,0.18658737,1.050448e-22,1.586029e-21,NA,NA,NA,NA,NA,NA,NA,NA,NA,NA,1
LOC111119821,NA,NA,NA,NA,NA,NA,NA,NA,NA,NA,131.75106843,-2.5747808037,0.32709248,1.994073e-16,1.813101e-15,NA,NA,NA,NA,NA,NA,NA,NA,NA,NA,1
LOC111119836,NA,NA,NA,NA,NA,NA,NA,NA,NA,NA,184.83639241,1.7952224676,1.12800219,0.0124509,0.02196374,NA,NA,NA,NA,NA,NA,NA,NA,NA,NA,1
LOC111119843,NA,NA,NA,NA,NA,NA,NA,NA,NA,NA,123.90074798,-2.8898373088,0.38313767,1.846233e-15,1.536616e-14,NA,NA,NA,NA,NA,NA,NA,NA,NA,NA,1
LOC111119844,NA,NA,NA,NA,NA,NA,NA,NA,NA,NA,83.39868527,3.6025109219,0.65514881,6.803475e-10,3.367186e-09,NA,NA,NA,NA,NA,NA,NA,NA,NA,NA,1
LOC111119846,NA,NA,NA,NA,NA,NA,NA,NA,NA,NA,1689.20146899,2.4885825932,0.21247485,7.165965e-33,2.076193e-31,NA,NA,NA,NA,NA,NA,NA,NA,NA,NA,1
LOC111119854,NA,NA,NA,NA,NA,NA,NA,NA,NA,NA,469.20726207,-3.2229612468,0.2090542,4.067737e-55,3.633845e-53,NA,NA,NA,NA,NA,NA,NA,NA,NA,NA,1
LOC111119855,NA,NA,NA,NA,NA,NA,NA,NA,NA,NA,2076.52874636,1.4564097818,0.35277473,1.016935e-05,3.069993e-05,NA,NA,NA,NA,NA,NA,NA,NA,NA,NA,1
LOC111119882,NA,NA,NA,NA,NA,NA,NA,NA,NA,NA,576.79625067,2.0762074928,0.32062289,1.02263e-11,6.073457e-11,NA,NA,NA,NA,NA,NA,NA,NA,NA,NA,1
LOC111119893,NA,NA,NA,NA,NA,NA,NA,NA,NA,NA,177.43815553,-2.9871619565,0.35321156,1.016932e-18,1.115295e-17,NA,NA,NA,NA,NA,NA,NA,NA,NA,NA,1
LOC111119897,NA,NA,NA,NA,NA,NA,NA,NA,NA,NA,238.04766542,4.7253444024,0.59394326,1.627948e-17,1.630991e-16,NA,NA,NA,NA,NA,NA,NA,NA,NA,NA,1
LOC111119905,NA,NA,NA,NA,NA,NA,NA,NA,NA,NA,1573.61702682,1.2118227557,0.12956243,3.527764e-21,4.774954e-20,NA,NA,NA,NA,NA,NA,NA,NA,NA,NA,1
LOC111119906,NA,NA,NA,NA,NA,NA,NA,NA,NA,NA,67.39961308,-1.5306607256,0.3161165,3.213094e-07,1.184877e-06,NA,NA,NA,NA,NA,NA,NA,NA,NA,NA,1
LOC111119913,NA,NA,NA,NA,NA,NA,NA,NA,NA,NA,296.41558655,-1.7524634438,0.43342152,9.106465e-06,2.776488e-05,NA,NA,NA,NA,NA,NA,NA,NA,NA,NA,1
LOC111119914,NA,NA,NA,NA,NA,NA,NA,NA,NA,NA,815.2467032,-1.1881209007,0.36900264,0.000526515,0.001226742,NA,NA,NA,NA,NA,NA,NA,NA,NA,NA,1
LOC111119917,NA,NA,NA,NA,NA,NA,NA,NA,NA,NA,2223.10756761,1.2853722359,0.32470248,2.725512e-05,7.766479e-05,NA,NA,NA,NA,NA,NA,NA,NA,NA,NA,1
LOC111119923,NA,NA,NA,NA,NA,NA,NA,NA,NA,NA,2810.42161564,-1.1186325995,0.28996384,5.25215e-05,0.0001436669,NA,NA,NA,NA,NA,NA,NA,NA,NA,NA,1
LOC111119924,NA,NA,NA,NA,NA,NA,NA,NA,NA,NA,68.28265927,-1.8519457134,0.2307403,1.544227e-16,1.422175e-15,NA,NA,NA,NA,NA,NA,NA,NA,NA,NA,1
LOC111119932,NA,NA,NA,NA,NA,NA,NA,NA,NA,NA,140.04740997,1.0069503946,0.38742048,0.004825008,0.009339849,NA,NA,NA,NA,NA,NA,NA,NA,NA,NA,1
LOC111119941,NA,NA,NA,NA,NA,NA,NA,NA,NA,NA,903.08168776,-2.2505730133,0.25183669,3.462109e-20,4.330666e-19,NA,NA,NA,NA,NA,NA,NA,NA,NA,NA,1
LOC111119942,NA,NA,NA,NA,NA,NA,NA,NA,NA,NA,69.73604265,-1.2838971467,0.36528312,0.0001579999,0.0004014598,NA,NA,NA,NA,NA,NA,NA,NA,NA,NA,1
LOC111119946,NA,NA,NA,NA,NA,NA,NA,NA,NA,NA,183.1140655,1.3880375768,0.20342488,2.821906e-12,1.769055e-11,NA,NA,NA,NA,NA,NA,NA,NA,NA,NA,1
LOC111119964,NA,NA,NA,NA,NA,NA,NA,NA,NA,NA,57.15223686,1.5737305812,0.48507339,0.0002654795,0.0006493133,NA,NA,NA,NA,NA,NA,NA,NA,NA,NA,1
LOC111119975,NA,NA,NA,NA,NA,NA,NA,NA,NA,NA,190.42514416,2.3322642784,0.42063049,2.186088e-09,1.01935e-08,NA,NA,NA,NA,NA,NA,NA,NA,NA,NA,1
LOC111119983,NA,NA,NA,NA,NA,NA,NA,NA,NA,NA,22.87891713,1.8144502426,0.27232319,4.340526e-12,2.666501e-11,NA,NA,NA,NA,NA,NA,NA,NA,NA,NA,1
LOC111119988,NA,NA,NA,NA,NA,NA,NA,NA,NA,NA,215.05014477,-1.240444727,0.5546758,0.009149248,0.01664629,NA,NA,NA,NA,NA,NA,NA,NA,NA,NA,1
LOC111119989,NA,NA,NA,NA,NA,NA,NA,NA,NA,NA,83.81924063,1.2579794301,0.18332776,2.621234e-12,1.650008e-11,NA,NA,NA,NA,NA,NA,NA,NA,NA,NA,1
LOC111120002,NA,NA,NA,NA,NA,NA,NA,NA,NA,NA,337.5294516,-2.0570114782,0.29743654,5.200477e-13,3.526193e-12,NA,NA,NA,NA,NA,NA,NA,NA,NA,NA,1
LOC111120008,NA,NA,NA,NA,NA,NA,NA,NA,NA,NA,197.2202557,1.1527418409,0.21540835,3.882663e-08,1.585002e-07,NA,NA,NA,NA,NA,NA,NA,NA,NA,NA,1
LOC111120009,NA,NA,NA,NA,NA,NA,NA,NA,NA,NA,89.96767506,1.0896375226,0.26704423,2.154666e-05,6.229238e-05,NA,NA,NA,NA,NA,NA,NA,NA,NA,NA,1
LOC111120010,NA,NA,NA,NA,NA,NA,NA,NA,NA,NA,70.20334662,-1.042051517,0.22089051,1.226563e-06,4.180845e-06,NA,NA,NA,NA,NA,NA,NA,NA,NA,NA,1
LOC111120018,NA,NA,NA,NA,NA,NA,NA,NA,NA,NA,32.5341565,1.1043729072,0.39942041,0.002592699,0.005299092,NA,NA,NA,NA,NA,NA,NA,NA,NA,NA,1
LOC111120020,NA,NA,NA,NA,NA,NA,NA,NA,NA,NA,113.73404536,-2.0339352407,0.19481729,1.908272e-26,3.685887e-25,NA,NA,NA,NA,NA,NA,NA,NA,NA,NA,1
LOC111120021,NA,NA,NA,NA,NA,NA,NA,NA,NA,NA,122.84020682,2.505674904,0.34628498,2.835141e-14,2.129833e-13,NA,NA,NA,NA,NA,NA,NA,NA,NA,NA,1
LOC111120024,NA,NA,NA,NA,NA,NA,NA,NA,NA,NA,115.05226401,1.2450377068,0.29843401,1.16361e-05,3.480442e-05,NA,NA,NA,NA,NA,NA,NA,NA,NA,NA,1
LOC111120025,NA,NA,NA,NA,NA,NA,NA,NA,NA,NA,105.96091168,-1.2316218463,0.22235666,1.211844e-08,5.219353e-08,NA,NA,NA,NA,NA,NA,NA,NA,NA,NA,1
LOC111120026,NA,NA,NA,NA,NA,NA,NA,NA,NA,NA,39.86730359,1.2310487819,0.30897813,2.653923e-05,7.574561e-05,NA,NA,NA,NA,NA,NA,NA,NA,NA,NA,1
LOC111120033,NA,NA,NA,NA,NA,NA,NA,NA,NA,NA,130.35061555,1.0574535476,0.20637177,1.510766e-07,5.806887e-07,NA,NA,NA,NA,NA,NA,NA,NA,NA,NA,1
LOC111120035,NA,NA,NA,NA,NA,NA,NA,NA,NA,NA,65.91834636,-1.4588261477,0.24860409,1.246688e-09,5.953007e-09,NA,NA,NA,NA,NA,NA,NA,NA,NA,NA,1
LOC111120037,NA,NA,NA,NA,NA,NA,NA,NA,NA,NA,88.38942449,-1.4185494004,0.3670497,3.270193e-05,9.218108e-05,NA,NA,NA,NA,NA,NA,NA,NA,NA,NA,1
LOC111120039,NA,NA,NA,NA,NA,NA,NA,NA,NA,NA,122.05521757,2.2040622646,0.24292596,1.064883e-20,1.377026e-19,NA,NA,NA,NA,NA,NA,NA,NA,NA,NA,1
LOC111120041,NA,NA,NA,NA,NA,NA,NA,NA,NA,NA,203.47910639,1.2500946178,0.22710093,1.434243e-08,6.132863e-08,NA,NA,NA,NA,NA,NA,NA,NA,NA,NA,1
LOC111120044,NA,NA,NA,NA,NA,NA,NA,NA,NA,NA,58.45241846,1.779440347,0.37118382,2.743454e-07,1.019405e-06,NA,NA,NA,NA,NA,NA,NA,NA,NA,NA,1
LOC111120056,NA,NA,NA,NA,NA,NA,NA,NA,NA,NA,38.64490365,1.2068383288,0.34351657,0.000178198,0.0004493208,NA,NA,NA,NA,NA,NA,NA,NA,NA,NA,1
LOC111120062,NA,NA,NA,NA,NA,NA,NA,NA,NA,NA,492.75287824,-4.4457276318,0.19703894,1.464812e-114,7.477518e-112,NA,NA,NA,NA,NA,NA,NA,NA,NA,NA,1
LOC111120070,NA,NA,NA,NA,NA,NA,NA,NA,NA,NA,171.05653127,2.5701820953,0.20400117,1.275424e-37,4.730983e-36,NA,NA,NA,NA,NA,NA,NA,NA,NA,NA,1
LOC111120071,NA,NA,NA,NA,NA,NA,NA,NA,NA,NA,772.85572821,2.5100144781,0.22225018,8.934032e-31,2.253478e-29,NA,NA,NA,NA,NA,NA,NA,NA,NA,NA,1
LOC111120079,NA,NA,NA,NA,NA,NA,NA,NA,NA,NA,523.50539895,1.6803146578,0.26135219,2.558866e-11,1.466117e-10,NA,NA,NA,NA,NA,NA,NA,NA,NA,NA,1
LOC111120082,NA,NA,NA,NA,NA,NA,NA,NA,NA,NA,174.40164646,-2.1777884435,0.35347052,6.723646e-11,3.71342e-10,NA,NA,NA,NA,NA,NA,NA,NA,NA,NA,1
LOC111120085,NA,NA,NA,NA,NA,NA,NA,NA,NA,NA,81.79361941,-1.9124060791,0.24236365,4.200611e-16,3.709271e-15,NA,NA,NA,NA,NA,NA,NA,NA,NA,NA,1
LOC111120089,NA,NA,NA,NA,NA,NA,NA,NA,NA,NA,79.47243996,-1.3671735886,0.21700868,9.720503e-11,5.278814e-10,NA,NA,NA,NA,NA,NA,NA,NA,NA,NA,1
LOC111120105,NA,NA,NA,NA,NA,NA,NA,NA,NA,NA,68.87188725,-1.0888998008,0.31914114,0.0003058322,0.0007414113,NA,NA,NA,NA,NA,NA,NA,NA,NA,NA,1
LOC111120106,NA,NA,NA,NA,NA,NA,NA,NA,NA,NA,79.73481769,-1.5927678111,0.39827262,1.4198e-05,4.196377e-05,NA,NA,NA,NA,NA,NA,NA,NA,NA,NA,1
LOC111120109,NA,NA,NA,NA,NA,NA,NA,NA,NA,NA,6610.34067306,3.8653909166,1.55931475,4.713054e-05,0.0001298148,NA,NA,NA,NA,NA,NA,NA,NA,NA,NA,1
LOC111120118,NA,NA,NA,NA,NA,NA,NA,NA,NA,NA,883.02530513,-1.9112664828,0.32569099,6.078221e-10,3.022195e-09,NA,NA,NA,NA,NA,NA,NA,NA,NA,NA,1
LOC111120123,NA,NA,NA,NA,NA,NA,NA,NA,NA,NA,191.45681948,-2.8585431268,0.57574343,2.553933e-08,1.06323e-07,NA,NA,NA,NA,NA,NA,NA,NA,NA,NA,1
LOC111120135,NA,NA,NA,NA,NA,NA,NA,NA,NA,NA,156.45279952,-2.0871732025,0.18026041,5.766865e-32,1.593319e-30,NA,NA,NA,NA,NA,NA,NA,NA,NA,NA,1
LOC111120141,NA,NA,NA,NA,NA,NA,NA,NA,NA,NA,3409.70585649,5.6215597306,0.40711137,1.497155e-45,8.18852e-44,NA,NA,NA,NA,NA,NA,NA,NA,NA,NA,1
LOC111120142,NA,NA,NA,NA,NA,NA,NA,NA,NA,NA,17333.05445897,2.4860292242,0.42930193,4.266055e-10,2.159212e-09,NA,NA,NA,NA,NA,NA,NA,NA,NA,NA,1
LOC111120154,NA,NA,NA,NA,NA,NA,NA,NA,NA,NA,161.16557947,-1.0749318038,0.26216489,2.017814e-05,5.849369e-05,NA,NA,NA,NA,NA,NA,NA,NA,NA,NA,1
LOC111120164,NA,NA,NA,NA,NA,NA,NA,NA,NA,NA,189.31908217,-1.1752743681,0.17736707,1.494508e-11,8.749934e-11,NA,NA,NA,NA,NA,NA,NA,NA,NA,NA,1
LOC111120218,NA,NA,NA,NA,NA,NA,NA,NA,NA,NA,54.37688238,2.8500779519,0.30173698,1.528962e-22,2.282796e-21,NA,NA,NA,NA,NA,NA,NA,NA,NA,NA,1
LOC111120228,NA,NA,NA,NA,NA,NA,NA,NA,NA,NA,84.50705592,-1.558332341,0.20903273,2.189933e-14,1.66379e-13,NA,NA,NA,NA,NA,NA,NA,NA,NA,NA,1
LOC111120232,NA,NA,NA,NA,NA,NA,NA,NA,NA,NA,437.65047007,1.3001031757,0.25445848,1.160168e-07,4.509427e-07,NA,NA,NA,NA,NA,NA,NA,NA,NA,NA,1
LOC111120236,NA,NA,NA,NA,NA,NA,NA,NA,NA,NA,184.65153656,-1.3256064304,0.18334683,1.687027e-13,1.191366e-12,NA,NA,NA,NA,NA,NA,NA,NA,NA,NA,1
LOC111120278,NA,NA,NA,NA,NA,NA,NA,NA,NA,NA,127.29365736,-3.3239862726,0.27981292,4.384723e-34,1.354589e-32,NA,NA,NA,NA,NA,NA,NA,NA,NA,NA,1
LOC111120281,NA,NA,NA,NA,NA,NA,NA,NA,NA,NA,54.18677134,1.7865342054,0.39782926,1.171842e-06,4.004508e-06,NA,NA,NA,NA,NA,NA,NA,NA,NA,NA,1
LOC111120320,NA,NA,NA,NA,NA,NA,NA,NA,NA,NA,150.03664204,-2.0812266703,0.38801132,8.63276e-09,3.798981e-08,NA,NA,NA,NA,NA,NA,NA,NA,NA,NA,1
LOC111120341,NA,NA,NA,NA,NA,NA,NA,NA,NA,NA,749.16732148,1.5068494739,0.22243071,3.290692e-12,2.052136e-11,NA,NA,NA,NA,NA,NA,NA,NA,NA,NA,1
LOC111120343,NA,NA,NA,NA,NA,NA,NA,NA,NA,NA,53.36857963,-1.2593793018,0.28838325,4.762925e-06,1.512846e-05,NA,NA,NA,NA,NA,NA,NA,NA,NA,NA,1
LOC111120358,NA,NA,NA,NA,NA,NA,NA,NA,NA,NA,58.80089149,-1.3366924026,0.22961789,1.992234e-09,9.354687e-09,NA,NA,NA,NA,NA,NA,NA,NA,NA,NA,1
LOC111120363,NA,NA,NA,NA,NA,NA,NA,NA,NA,NA,46.95204775,1.7206099542,0.46559914,3.957453e-05,0.0001101347,NA,NA,NA,NA,NA,NA,NA,NA,NA,NA,1
LOC111120378,NA,NA,NA,NA,NA,NA,NA,NA,NA,NA,94.80120875,4.9591024777,0.35201593,4.487579e-47,2.687533e-45,NA,NA,NA,NA,NA,NA,NA,NA,NA,NA,1
LOC111120390,NA,NA,NA,NA,NA,NA,NA,NA,NA,NA,1087.63423485,-1.1382851695,0.17593449,4.476112e-11,2.517519e-10,NA,NA,NA,NA,NA,NA,NA,NA,NA,NA,1
LOC111120446,NA,NA,NA,NA,NA,NA,NA,NA,NA,NA,34.16593494,2.4979439045,0.56054861,4.757924e-07,1.714452e-06,NA,NA,NA,NA,NA,NA,NA,NA,NA,NA,1
LOC111120463,NA,NA,NA,NA,NA,NA,NA,NA,NA,NA,186.19388631,1.8092649663,0.24364635,1.834479e-14,1.403684e-13,NA,NA,NA,NA,NA,NA,NA,NA,NA,NA,1
LOC111120465,NA,NA,NA,NA,NA,NA,NA,NA,NA,NA,35.45607515,2.8923755599,0.30499866,1.02258e-22,1.546129e-21,NA,NA,NA,NA,NA,NA,NA,NA,NA,NA,1
LOC111120466,NA,NA,NA,NA,NA,NA,NA,NA,NA,NA,80.65579317,-1.0714721333,0.21340677,2.550054e-07,9.518306e-07,NA,NA,NA,NA,NA,NA,NA,NA,NA,NA,1
LOC111120475,NA,NA,NA,NA,NA,NA,NA,NA,NA,NA,118.98948127,-2.173733175,0.31962797,9.814434e-13,6.478493e-12,NA,NA,NA,NA,NA,NA,NA,NA,NA,NA,1
LOC111120479,NA,NA,NA,NA,NA,NA,NA,NA,NA,NA,426.77501864,-3.9875278211,0.30122495,9.622317e-42,4.484836e-40,NA,NA,NA,NA,NA,NA,NA,NA,NA,NA,1
LOC111120480,NA,NA,NA,NA,NA,NA,NA,NA,NA,NA,246.41628906,-1.0372684391,0.20820353,3.259768e-07,1.201262e-06,NA,NA,NA,NA,NA,NA,NA,NA,NA,NA,1
LOC111120482,NA,NA,NA,NA,NA,NA,NA,NA,NA,NA,157.9474172,-2.9653691127,0.33523675,3.478392e-20,4.345963e-19,NA,NA,NA,NA,NA,NA,NA,NA,NA,NA,1
LOC111120503,NA,NA,NA,NA,NA,NA,NA,NA,NA,NA,224.27582459,-1.5799012301,0.19320308,6.844219e-17,6.527582e-16,NA,NA,NA,NA,NA,NA,NA,NA,NA,NA,1
LOC111120505,NA,NA,NA,NA,NA,NA,NA,NA,NA,NA,221.00578124,-1.6244147664,0.15902707,3.764328e-25,6.70739e-24,NA,NA,NA,NA,NA,NA,NA,NA,NA,NA,1
LOC111120507,NA,NA,NA,NA,NA,NA,NA,NA,NA,NA,4254.22967454,2.1363572131,0.35533496,1.804707e-10,9.530277e-10,NA,NA,NA,NA,NA,NA,NA,NA,NA,NA,1
LOC111120508,NA,NA,NA,NA,NA,NA,NA,NA,NA,NA,131.54943071,-1.7615039191,0.25629144,1.105529e-12,7.261808e-12,NA,NA,NA,NA,NA,NA,NA,NA,NA,NA,1
LOC111120510,NA,NA,NA,NA,NA,NA,NA,NA,NA,NA,123.97712427,2.2615456549,0.34283578,3.504562e-12,2.179171e-11,NA,NA,NA,NA,NA,NA,NA,NA,NA,NA,1
LOC111120519,NA,NA,NA,NA,NA,NA,NA,NA,NA,NA,61.88721565,1.5560171223,0.21846495,2.588079e-13,1.79342e-12,NA,NA,NA,NA,NA,NA,NA,NA,NA,NA,1
LOC111120525,NA,NA,NA,NA,NA,NA,NA,NA,NA,NA,305.28914449,-1.7912686125,0.39853796,1.142004e-06,3.910022e-06,NA,NA,NA,NA,NA,NA,NA,NA,NA,NA,1
LOC111120530,NA,NA,NA,NA,NA,NA,NA,NA,NA,NA,1585.74572366,-1.8008950976,0.27245097,6.344225e-12,3.84455e-11,NA,NA,NA,NA,NA,NA,NA,NA,NA,NA,1
LOC111120532,NA,NA,NA,NA,NA,NA,NA,NA,NA,NA,171.98882958,-3.2277976617,0.21468897,1.394004e-52,1.115203e-50,NA,NA,NA,NA,NA,NA,NA,NA,NA,NA,1
LOC111120551,NA,NA,NA,NA,NA,NA,NA,NA,NA,NA,209.38861906,1.7947947482,0.5246076,9.875099e-05,0.000259718,NA,NA,NA,NA,NA,NA,NA,NA,NA,NA,1
LOC111120574,NA,NA,NA,NA,NA,NA,NA,NA,NA,NA,8080.62567214,4.4226380839,0.60412452,2.671121e-15,2.195891e-14,NA,NA,NA,NA,NA,NA,NA,NA,NA,NA,1
LOC111120575,NA,NA,NA,NA,NA,NA,NA,NA,NA,NA,74.60279398,-1.7864552179,0.23911723,1.349616e-14,1.044613e-13,NA,NA,NA,NA,NA,NA,NA,NA,NA,NA,1
LOC111120588,NA,NA,NA,NA,NA,NA,NA,NA,NA,NA,392.92843164,1.778465335,0.37656184,3.902685e-07,1.420122e-06,NA,NA,NA,NA,NA,NA,NA,NA,NA,NA,1
LOC111120591,NA,NA,NA,NA,NA,NA,NA,NA,NA,NA,3641.46366979,1.2230059451,0.1731862,6.675746e-13,4.481152e-12,NA,NA,NA,NA,NA,NA,NA,NA,NA,NA,1
LOC111120593,NA,NA,NA,NA,NA,NA,NA,NA,NA,NA,78.47595348,-2.0182440582,0.26968954,8.595492e-15,6.74551e-14,NA,NA,NA,NA,NA,NA,NA,NA,NA,NA,1
LOC111120595,NA,NA,NA,NA,NA,NA,NA,NA,NA,NA,27.65323533,1.9639740826,0.50984903,1.435922e-05,4.241689e-05,NA,NA,NA,NA,NA,NA,NA,NA,NA,NA,1
LOC111120598,NA,NA,NA,NA,NA,NA,NA,NA,NA,NA,299.46776506,1.4752923656,0.29930262,2.257679e-07,8.495023e-07,NA,NA,NA,NA,NA,NA,NA,NA,NA,NA,1
LOC111120600,NA,NA,NA,NA,NA,NA,NA,NA,NA,NA,1055.66655788,1.5474475998,0.24611012,7.945974e-11,4.352624e-10,NA,NA,NA,NA,NA,NA,NA,NA,NA,NA,1
LOC111120601,NA,NA,NA,NA,NA,NA,NA,NA,NA,NA,717.33790363,1.854415772,0.23933388,1.422912e-15,1.193554e-14,NA,NA,NA,NA,NA,NA,NA,NA,NA,NA,1
LOC111120603,NA,NA,NA,NA,NA,NA,NA,NA,NA,NA,712.38513232,1.4027858449,0.1219031,3.793065e-31,9.845439e-30,NA,NA,NA,NA,NA,NA,NA,NA,NA,NA,1
LOC111120604,NA,NA,NA,NA,NA,NA,NA,NA,NA,NA,429.48840844,-2.2370931946,0.38199928,4.034176e-10,2.04765e-09,NA,NA,NA,NA,NA,NA,NA,NA,NA,NA,1
LOC111120618,NA,NA,NA,NA,NA,NA,NA,NA,NA,NA,65.09258166,-1.6414063944,0.32967076,1.341449e-07,5.176504e-07,NA,NA,NA,NA,NA,NA,NA,NA,NA,NA,1
LOC111120619,NA,NA,NA,NA,NA,NA,NA,NA,NA,NA,6797.7500034,1.3831875835,0.4756798,0.001098461,0.002409064,NA,NA,NA,NA,NA,NA,NA,NA,NA,NA,1
LOC111120621,NA,NA,NA,NA,NA,NA,NA,NA,NA,NA,299.98272805,-3.4226358527,0.321874,5.46722e-28,1.153712e-26,NA,NA,NA,NA,NA,NA,NA,NA,NA,NA,1
LOC111120623,NA,NA,NA,NA,NA,NA,NA,NA,NA,NA,231.03053889,-1.8031948206,0.3987471,9.845048e-07,3.40119e-06,NA,NA,NA,NA,NA,NA,NA,NA,NA,NA,1
LOC111120624,NA,NA,NA,NA,NA,NA,NA,NA,NA,NA,49.87111447,3.1750193208,0.25707761,1.596968e-36,5.61295e-35,NA,NA,NA,NA,NA,NA,NA,NA,NA,NA,1
LOC111120628,NA,NA,NA,NA,NA,NA,NA,NA,NA,NA,402.53134317,1.1423813355,0.42854597,0.003301023,0.006613151,NA,NA,NA,NA,NA,NA,NA,NA,NA,NA,1
LOC111120630,NA,NA,NA,NA,NA,NA,NA,NA,NA,NA,172.83952563,-1.1765052882,0.19979334,1.681609e-09,7.937846e-09,NA,NA,NA,NA,NA,NA,NA,NA,NA,NA,1
LOC111120636,NA,NA,NA,NA,NA,NA,NA,NA,NA,NA,44.46383832,-1.0182063792,0.33005347,0.001052247,0.002317668,NA,NA,NA,NA,NA,NA,NA,NA,NA,NA,1
LOC111120638,NA,NA,NA,NA,NA,NA,NA,NA,NA,NA,144.82611431,-1.3869332468,0.38769216,0.0001065175,0.0002789124,NA,NA,NA,NA,NA,NA,NA,NA,NA,NA,1
LOC111120641,NA,NA,NA,NA,NA,NA,NA,NA,NA,NA,2308.04366022,1.3510135627,0.40468004,0.0002716436,0.0006628771,NA,NA,NA,NA,NA,NA,NA,NA,NA,NA,1
LOC111120642,NA,NA,NA,NA,NA,NA,NA,NA,NA,NA,7343.31482094,-1.3530720591,0.36726641,7.441935e-05,0.0001986987,NA,NA,NA,NA,NA,NA,NA,NA,NA,NA,1
LOC111120649,NA,NA,NA,NA,NA,NA,NA,NA,NA,NA,114.43383077,-1.3182385083,0.42787716,0.0006941338,0.001583216,NA,NA,NA,NA,NA,NA,NA,NA,NA,NA,1
LOC111120650,NA,NA,NA,NA,NA,NA,NA,NA,NA,NA,2820.99503666,-2.7306151196,0.47625336,4.427699e-10,2.234696e-09,NA,NA,NA,NA,NA,NA,NA,NA,NA,NA,1
LOC111120657,NA,NA,NA,NA,NA,NA,NA,NA,NA,NA,170.08421688,1.1870056178,0.41429268,0.001693334,0.003581089,NA,NA,NA,NA,NA,NA,NA,NA,NA,NA,1
LOC111120662,NA,NA,NA,NA,NA,NA,NA,NA,NA,NA,109.47447665,-2.0618088978,0.2559679,8.891304e-17,8.368286e-16,NA,NA,NA,NA,NA,NA,NA,NA,NA,NA,1
LOC111120666,NA,NA,NA,NA,NA,NA,NA,NA,NA,NA,426.24820844,3.0182531021,0.18070363,4.848371e-64,5.974085e-62,NA,NA,NA,NA,NA,NA,NA,NA,NA,NA,1
LOC111120668,NA,NA,NA,NA,NA,NA,NA,NA,NA,NA,386.34761407,-3.3360486014,0.29262542,1.185247e-31,3.192425e-30,NA,NA,NA,NA,NA,NA,NA,NA,NA,NA,1
LOC111120670,NA,NA,NA,NA,NA,NA,NA,NA,NA,NA,86.76707833,-1.4784637437,0.25637954,2.214782e-09,1.031384e-08,NA,NA,NA,NA,NA,NA,NA,NA,NA,NA,1
LOC111120676,NA,NA,NA,NA,NA,NA,NA,NA,NA,NA,906.57845259,1.2447344938,0.18584654,8.325401e-12,4.997105e-11,NA,NA,NA,NA,NA,NA,NA,NA,NA,NA,1
LOC111120683,NA,NA,NA,NA,NA,NA,NA,NA,NA,NA,110.72844748,-1.9332923282,0.25447901,4.094205e-15,3.324991e-14,NA,NA,NA,NA,NA,NA,NA,NA,NA,NA,1
LOC111120685,NA,NA,NA,NA,NA,NA,NA,NA,NA,NA,508.0301962,-1.4033252579,0.78681944,0.01927648,0.03257312,NA,NA,NA,NA,NA,NA,NA,NA,NA,NA,1
LOC111120688,NA,NA,NA,NA,NA,NA,NA,NA,NA,NA,99.76485671,-2.3274012006,0.23438759,2.426007e-24,4.050902e-23,NA,NA,NA,NA,NA,NA,NA,NA,NA,NA,1
LOC111120689,NA,NA,NA,NA,NA,NA,NA,NA,NA,NA,471.28135838,-2.6892156761,0.23916991,1.289132e-30,3.198958e-29,NA,NA,NA,NA,NA,NA,NA,NA,NA,NA,1
LOC111120696,NA,NA,NA,NA,NA,NA,NA,NA,NA,NA,323.72698039,1.4734529799,0.32144277,1.245825e-06,4.23976e-06,NA,NA,NA,NA,NA,NA,NA,NA,NA,NA,1
LOC111120699,NA,NA,NA,NA,NA,NA,NA,NA,NA,NA,633.98082411,1.5027349498,0.169586,2.114219e-19,2.450208e-18,NA,NA,NA,NA,NA,NA,NA,NA,NA,NA,1
LOC111120700,NA,NA,NA,NA,NA,NA,NA,NA,NA,NA,223.6655872,1.6590046366,0.22039816,1.075568e-14,8.373339e-14,NA,NA,NA,NA,NA,NA,NA,NA,NA,NA,1
LOC111120702,NA,NA,NA,NA,NA,NA,NA,NA,NA,NA,706.17362074,1.4239550231,0.17964129,6.783389e-16,5.850931e-15,NA,NA,NA,NA,NA,NA,NA,NA,NA,NA,1
LOC111120712,NA,NA,NA,NA,NA,NA,NA,NA,NA,NA,179.9217216,1.2801148816,0.40785469,0.0006062692,0.001397679,NA,NA,NA,NA,NA,NA,NA,NA,NA,NA,1
LOC111120729,NA,NA,NA,NA,NA,NA,NA,NA,NA,NA,1154.06596628,2.1202388828,0.26253151,6.872816e-17,6.54903e-16,NA,NA,NA,NA,NA,NA,NA,NA,NA,NA,1
LOC111120730,NA,NA,NA,NA,NA,NA,NA,NA,NA,NA,288.20870957,-3.5046391634,0.27382914,4.22004e-39,1.694338e-37,NA,NA,NA,NA,NA,NA,NA,NA,NA,NA,1
LOC111120744,NA,NA,NA,NA,NA,NA,NA,NA,NA,NA,383.52332731,-4.6038591554,0.40068453,1.746954e-32,4.967465e-31,NA,NA,NA,NA,NA,NA,NA,NA,NA,NA,1
LOC111120759,NA,NA,NA,NA,NA,NA,NA,NA,NA,NA,75.90324699,-1.6248495399,0.22119024,4.476466e-14,3.316359e-13,NA,NA,NA,NA,NA,NA,NA,NA,NA,NA,1
LOC111120761,NA,NA,NA,NA,NA,NA,NA,NA,NA,NA,208.20363832,-1.836953259,0.22074982,1.366857e-17,1.377135e-16,NA,NA,NA,NA,NA,NA,NA,NA,NA,NA,1
LOC111120766,NA,NA,NA,NA,NA,NA,NA,NA,NA,NA,327.45506699,1.1038696441,0.31585677,0.0002207675,0.0005484654,NA,NA,NA,NA,NA,NA,NA,NA,NA,NA,1
LOC111120767,NA,NA,NA,NA,NA,NA,NA,NA,NA,NA,275.72027435,-4.205032678,0.31106162,1.927384e-43,9.700261e-42,NA,NA,NA,NA,NA,NA,NA,NA,NA,NA,1
LOC111120770,NA,NA,NA,NA,NA,NA,NA,NA,NA,NA,26.10332462,1.4872179871,0.38056222,2.457755e-05,7.040924e-05,NA,NA,NA,NA,NA,NA,NA,NA,NA,NA,1
LOC111120771,NA,NA,NA,NA,NA,NA,NA,NA,NA,NA,666.64685664,2.1135436445,0.40762427,2.174348e-08,9.122899e-08,NA,NA,NA,NA,NA,NA,NA,NA,NA,NA,1
LOC111120773,NA,NA,NA,NA,NA,NA,NA,NA,NA,NA,38.24373816,1.6351274137,0.29371876,5.526e-09,2.473433e-08,NA,NA,NA,NA,NA,NA,NA,NA,NA,NA,1
LOC111120783,NA,NA,NA,NA,NA,NA,NA,NA,NA,NA,220.61686612,-3.2140098484,0.35269473,2.44748e-21,3.342291e-20,NA,NA,NA,NA,NA,NA,NA,NA,NA,NA,1
LOC111120784,NA,NA,NA,NA,NA,NA,NA,NA,NA,NA,121.52867413,1.6267959592,0.25245621,2.532284e-11,1.452439e-10,NA,NA,NA,NA,NA,NA,NA,NA,NA,NA,1
LOC111120793,NA,NA,NA,NA,NA,NA,NA,NA,NA,NA,107.03656718,-2.2228053016,0.57214955,8.424253e-06,2.578755e-05,NA,NA,NA,NA,NA,NA,NA,NA,NA,NA,1
LOC111120794,NA,NA,NA,NA,NA,NA,NA,NA,NA,NA,341.77588405,1.3094474783,0.28781755,1.890636e-06,6.292337e-06,NA,NA,NA,NA,NA,NA,NA,NA,NA,NA,1
LOC111120798,NA,NA,NA,NA,NA,NA,NA,NA,NA,NA,82.74161925,1.2023592842,0.27568517,5.312363e-06,1.677918e-05,NA,NA,NA,NA,NA,NA,NA,NA,NA,NA,1
LOC111120800,NA,NA,NA,NA,NA,NA,NA,NA,NA,NA,66.66451739,-2.0498803148,0.31700763,1.129823e-11,6.684164e-11,NA,NA,NA,NA,NA,NA,NA,NA,NA,NA,1
LOC111120808,NA,NA,NA,NA,NA,NA,NA,NA,NA,NA,985.16696528,1.953010208,0.2461646,2.793295e-16,2.503689e-15,NA,NA,NA,NA,NA,NA,NA,NA,NA,NA,1
LOC111120809,NA,NA,NA,NA,NA,NA,NA,NA,NA,NA,144.07503153,1.3283133483,0.37596201,0.0001378842,0.0003542949,NA,NA,NA,NA,NA,NA,NA,NA,NA,NA,1
LOC111120813,NA,NA,NA,NA,NA,NA,NA,NA,NA,NA,220.2068962,1.8030180142,0.28619143,4.884683e-11,2.742996e-10,NA,NA,NA,NA,NA,NA,NA,NA,NA,NA,1
LOC111120816,NA,NA,NA,NA,NA,NA,NA,NA,NA,NA,849.15993213,-3.477724763,0.22389687,5.4869e-56,5.070652e-54,NA,NA,NA,NA,NA,NA,NA,NA,NA,NA,1
LOC111120827,NA,NA,NA,NA,NA,NA,NA,NA,NA,NA,136.7858346,-1.1081854899,0.30740504,0.0001447602,0.0003702766,NA,NA,NA,NA,NA,NA,NA,NA,NA,NA,1
LOC111120832,NA,NA,NA,NA,NA,NA,NA,NA,NA,NA,71.84325017,1.4564279907,0.26035491,6.285177e-09,2.800378e-08,NA,NA,NA,NA,NA,NA,NA,NA,NA,NA,1
LOC111120841,NA,NA,NA,NA,NA,NA,NA,NA,NA,NA,114.84263822,-1.9301294966,0.21437206,2.982177e-20,3.739057e-19,NA,NA,NA,NA,NA,NA,NA,NA,NA,NA,1
LOC111120846,NA,NA,NA,NA,NA,NA,NA,NA,NA,NA,51.61008912,-1.4798142998,0.33376133,2.497095e-06,8.181191e-06,NA,NA,NA,NA,NA,NA,NA,NA,NA,NA,1
LOC111120847,NA,NA,NA,NA,NA,NA,NA,NA,NA,NA,102.29148321,-1.306311036,0.43237339,0.0008603508,0.001929086,NA,NA,NA,NA,NA,NA,NA,NA,NA,NA,1
LOC111120850,NA,NA,NA,NA,NA,NA,NA,NA,NA,NA,195.34105744,1.2572691863,0.33776205,7.408819e-05,0.0001978638,NA,NA,NA,NA,NA,NA,NA,NA,NA,NA,1
LOC111120857,NA,NA,NA,NA,NA,NA,NA,NA,NA,NA,60.04985379,-1.2130629789,0.27165315,3.236977e-06,1.046138e-05,NA,NA,NA,NA,NA,NA,NA,NA,NA,NA,1
LOC111120861,NA,NA,NA,NA,NA,NA,NA,NA,NA,NA,116.69031162,1.5309318124,0.37375963,1.038839e-05,3.13347e-05,NA,NA,NA,NA,NA,NA,NA,NA,NA,NA,1
LOC111120862,NA,NA,NA,NA,NA,NA,NA,NA,NA,NA,27.63486123,1.965381585,0.32603844,2.111638e-10,1.104232e-09,NA,NA,NA,NA,NA,NA,NA,NA,NA,NA,1
LOC111120868,NA,NA,NA,NA,NA,NA,NA,NA,NA,NA,44.17289574,1.9545015923,0.39217775,7.965818e-08,3.152217e-07,NA,NA,NA,NA,NA,NA,NA,NA,NA,NA,1
LOC111120869,NA,NA,NA,NA,NA,NA,NA,NA,NA,NA,117.00255199,-2.9122561692,0.23681728,3.911578e-36,1.3483e-34,NA,NA,NA,NA,NA,NA,NA,NA,NA,NA,1
LOC111120874,NA,NA,NA,NA,NA,NA,NA,NA,NA,NA,2812.3684281,1.8986021817,0.24135458,5.206829e-16,4.567693e-15,NA,NA,NA,NA,NA,NA,NA,NA,NA,NA,1
LOC111120881,NA,NA,NA,NA,NA,NA,NA,NA,NA,NA,173.06612485,2.04048497,0.31675043,1.345763e-11,7.896322e-11,NA,NA,NA,NA,NA,NA,NA,NA,NA,NA,1
LOC111120884,NA,NA,NA,NA,NA,NA,NA,NA,NA,NA,86.72111549,-1.2336534558,0.28838356,7.40385e-06,2.292584e-05,NA,NA,NA,NA,NA,NA,NA,NA,NA,NA,1
LOC111120885,NA,NA,NA,NA,NA,NA,NA,NA,NA,NA,125.63262745,-1.2064910026,0.21629055,1.00434e-08,4.383763e-08,NA,NA,NA,NA,NA,NA,NA,NA,NA,NA,1
LOC111120888,NA,NA,NA,NA,NA,NA,NA,NA,NA,NA,104.99852088,-1.0797783644,0.18981846,6.309003e-09,2.809826e-08,NA,NA,NA,NA,NA,NA,NA,NA,NA,NA,1
LOC111120889,NA,NA,NA,NA,NA,NA,NA,NA,NA,NA,1379.97383522,1.8797881025,0.16343368,1.914939e-31,5.093832e-30,NA,NA,NA,NA,NA,NA,NA,NA,NA,NA,1
LOC111120892,NA,NA,NA,NA,NA,NA,NA,NA,NA,NA,102.46326112,1.2175390041,0.40163161,0.0009511234,0.002111856,NA,NA,NA,NA,NA,NA,NA,NA,NA,NA,1
LOC111120902,NA,NA,NA,NA,NA,NA,NA,NA,NA,NA,126.04672913,-1.5499373632,0.20199104,4.141862e-15,3.361148e-14,NA,NA,NA,NA,NA,NA,NA,NA,NA,NA,1
LOC111120907,NA,NA,NA,NA,NA,NA,NA,NA,NA,NA,4952.48221044,1.6069198582,0.15282461,1.677906e-26,3.264457e-25,NA,NA,NA,NA,NA,NA,NA,NA,NA,NA,1
LOC111120912,NA,NA,NA,NA,NA,NA,NA,NA,NA,NA,2968.54588189,2.4270124553,0.27065907,2.097135e-20,2.647973e-19,NA,NA,NA,NA,NA,NA,NA,NA,NA,NA,1
LOC111120913,NA,NA,NA,NA,NA,NA,NA,NA,NA,NA,283.79048813,2.3755303876,0.15536128,6.65683e-54,5.663588e-52,NA,NA,NA,NA,NA,NA,NA,NA,NA,NA,1
LOC111120915,NA,NA,NA,NA,NA,NA,NA,NA,NA,NA,196.32767422,2.0902839525,0.26287362,1.973364e-16,1.795794e-15,NA,NA,NA,NA,NA,NA,NA,NA,NA,NA,1
LOC111120922,NA,NA,NA,NA,NA,NA,NA,NA,NA,NA,116.85334828,1.8438970424,0.32980469,3.456122e-09,1.577251e-08,NA,NA,NA,NA,NA,NA,NA,NA,NA,NA,1
LOC111120924,NA,NA,NA,NA,NA,NA,NA,NA,NA,NA,540.03773319,-2.6172794377,0.18381298,2.993883e-47,1.823547e-45,NA,NA,NA,NA,NA,NA,NA,NA,NA,NA,1
LOC111120955,NA,NA,NA,NA,NA,NA,NA,NA,NA,NA,153.787234,1.5535287647,0.46209047,0.0001810786,0.0004558861,NA,NA,NA,NA,NA,NA,NA,NA,NA,NA,1
LOC111120961,NA,NA,NA,NA,NA,NA,NA,NA,NA,NA,2223.43032527,1.0738425394,0.28897584,9.851157e-05,0.0002591519,NA,NA,NA,NA,NA,NA,NA,NA,NA,NA,1
LOC111120968,NA,NA,NA,NA,NA,NA,NA,NA,NA,NA,306.4501737,-1.0630930442,0.12638194,2.049068e-17,2.039555e-16,NA,NA,NA,NA,NA,NA,NA,NA,NA,NA,1
LOC111120973,NA,NA,NA,NA,NA,NA,NA,NA,NA,NA,66.189041,-1.4003142841,0.35976789,3.00651e-05,8.52189e-05,NA,NA,NA,NA,NA,NA,NA,NA,NA,NA,1
LOC111120980,NA,NA,NA,NA,NA,NA,NA,NA,NA,NA,143.10013883,3.6737293474,0.1994999,2.316686e-77,3.880448e-75,NA,NA,NA,NA,NA,NA,NA,NA,NA,NA,1
LOC111120998,NA,NA,NA,NA,NA,NA,NA,NA,NA,NA,441.971623,1.177656115,0.49947152,0.007372799,0.01367382,NA,NA,NA,NA,NA,NA,NA,NA,NA,NA,1
LOC111121000,NA,NA,NA,NA,NA,NA,NA,NA,NA,NA,172.11141936,-2.2520634426,0.38757914,5.19125e-10,2.601692e-09,NA,NA,NA,NA,NA,NA,NA,NA,NA,NA,1
LOC111121001,NA,NA,NA,NA,NA,NA,NA,NA,NA,NA,110.92901667,1.635322772,0.2543816,2.761769e-11,1.579838e-10,NA,NA,NA,NA,NA,NA,NA,NA,NA,NA,1
LOC111121015,NA,NA,NA,NA,NA,NA,NA,NA,NA,NA,244.07620394,1.2175596107,0.52128307,0.007356537,0.01365341,NA,NA,NA,NA,NA,NA,NA,NA,NA,NA,1
LOC111121019,NA,NA,NA,NA,NA,NA,NA,NA,NA,NA,225.54035027,1.3342882053,0.39366022,0.0002320889,0.0005739315,NA,NA,NA,NA,NA,NA,NA,NA,NA,NA,1
LOC111121024,NA,NA,NA,NA,NA,NA,NA,NA,NA,NA,1639.44258551,1.2134882495,0.24416343,2.725516e-07,1.013483e-06,NA,NA,NA,NA,NA,NA,NA,NA,NA,NA,1
LOC111121052,NA,NA,NA,NA,NA,NA,NA,NA,NA,NA,73.50421553,-1.7957930699,0.3363707,1.54071e-08,6.567161e-08,NA,NA,NA,NA,NA,NA,NA,NA,NA,NA,1
LOC111121056,NA,NA,NA,NA,NA,NA,NA,NA,NA,NA,211.61562408,1.6345224971,0.49141822,0.0001804363,0.0004543756,NA,NA,NA,NA,NA,NA,NA,NA,NA,NA,1
LOC111121063,NA,NA,NA,NA,NA,NA,NA,NA,NA,NA,79.04787044,-2.2311294837,0.25894368,6.115355e-19,6.807539e-18,NA,NA,NA,NA,NA,NA,NA,NA,NA,NA,1
LOC111121073,NA,NA,NA,NA,NA,NA,NA,NA,NA,NA,227.999168,-1.2076072791,0.2027218,1.062009e-09,5.139834e-09,NA,NA,NA,NA,NA,NA,NA,NA,NA,NA,1
LOC111121086,NA,NA,NA,NA,NA,NA,NA,NA,NA,NA,648.55924013,1.0119174576,0.34686624,0.00183129,0.003847791,NA,NA,NA,NA,NA,NA,NA,NA,NA,NA,1
LOC111121093,NA,NA,NA,NA,NA,NA,NA,NA,NA,NA,104.43153226,-1.5651206308,0.19130703,6.789941e-17,6.481582e-16,NA,NA,NA,NA,NA,NA,NA,NA,NA,NA,1
LOC111121100,NA,NA,NA,NA,NA,NA,NA,NA,NA,NA,65.93759506,-1.7012339437,0.24459733,6.815818e-13,4.569454e-12,NA,NA,NA,NA,NA,NA,NA,NA,NA,NA,1
LOC111121104,NA,NA,NA,NA,NA,NA,NA,NA,NA,NA,392.38646385,1.6521981262,0.43877874,3.355526e-05,9.433842e-05,NA,NA,NA,NA,NA,NA,NA,NA,NA,NA,1
LOC111121111,NA,NA,NA,NA,NA,NA,NA,NA,NA,NA,100.47155785,-1.2748933058,0.43720952,0.001266095,0.002745255,NA,NA,NA,NA,NA,NA,NA,NA,NA,NA,1
LOC111121119,NA,NA,NA,NA,NA,NA,NA,NA,NA,NA,79.96817017,-2.4672745055,0.30312155,2.579962e-17,2.54436e-16,NA,NA,NA,NA,NA,NA,NA,NA,NA,NA,1
LOC111121123,NA,NA,NA,NA,NA,NA,NA,NA,NA,NA,38.80285427,1.0731106716,0.36865978,0.001722946,0.003639404,NA,NA,NA,NA,NA,NA,NA,NA,NA,NA,1
LOC111121140,NA,NA,NA,NA,NA,NA,NA,NA,NA,NA,346.25705769,-1.3673768738,0.1996027,2.410272e-12,1.522576e-11,NA,NA,NA,NA,NA,NA,NA,NA,NA,NA,1
LOC111121148,NA,NA,NA,NA,NA,NA,NA,NA,NA,NA,234.6766402,-2.0202043869,0.18570179,1.746171e-28,3.820194e-27,NA,NA,NA,NA,NA,NA,NA,NA,NA,NA,1
LOC111121158,NA,NA,NA,NA,NA,NA,NA,NA,NA,NA,57.50503617,1.5580532482,0.41068946,3.489177e-05,9.77626e-05,NA,NA,NA,NA,NA,NA,NA,NA,NA,NA,1
LOC111121161,NA,NA,NA,NA,NA,NA,NA,NA,NA,NA,162.50240287,1.9796602653,0.45418758,1.587453e-06,5.332968e-06,NA,NA,NA,NA,NA,NA,NA,NA,NA,NA,1
LOC111121168,NA,NA,NA,NA,NA,NA,NA,NA,NA,NA,282.62523148,-3.0336644075,0.53924465,5.881039e-10,2.926868e-09,NA,NA,NA,NA,NA,NA,NA,NA,NA,NA,1
LOC111121180,NA,NA,NA,NA,NA,NA,NA,NA,NA,NA,61.50912981,-1.7143188245,0.628965,0.001117082,0.002446898,NA,NA,NA,NA,NA,NA,NA,NA,NA,NA,1
LOC111121196,NA,NA,NA,NA,NA,NA,NA,NA,NA,NA,2237.2520718,3.7621867404,0.41231174,1.405014e-21,1.940948e-20,NA,NA,NA,NA,NA,NA,NA,NA,NA,NA,1
LOC111121200,NA,NA,NA,NA,NA,NA,NA,NA,NA,NA,217.66263106,-2.361887742,0.29433621,7.556117e-17,7.168281e-16,NA,NA,NA,NA,NA,NA,NA,NA,NA,NA,1
LOC111121205,NA,NA,NA,NA,NA,NA,NA,NA,NA,NA,596.32838376,2.4142089079,0.32019605,3.246308e-15,2.656521e-14,NA,NA,NA,NA,NA,NA,NA,NA,NA,NA,1
LOC111121220,NA,NA,NA,NA,NA,NA,NA,NA,NA,NA,205.49978021,4.7573779321,0.34998547,4.922911e-44,2.549449e-42,NA,NA,NA,NA,NA,NA,NA,NA,NA,NA,1
LOC111121240,NA,NA,NA,NA,NA,NA,NA,NA,NA,NA,82.26642041,1.3557349885,0.2233916,4.277836e-10,2.164098e-09,NA,NA,NA,NA,NA,NA,NA,NA,NA,NA,1
LOC111121255,NA,NA,NA,NA,NA,NA,NA,NA,NA,NA,92.24552272,-1.7355415781,0.24199094,1.357593e-13,9.638014e-13,NA,NA,NA,NA,NA,NA,NA,NA,NA,NA,1
LOC111121266,NA,NA,NA,NA,NA,NA,NA,NA,NA,NA,159.31825992,-1.4526718001,0.2467632,1.123569e-09,5.415036e-09,NA,NA,NA,NA,NA,NA,NA,NA,NA,NA,1
LOC111121273,NA,NA,NA,NA,NA,NA,NA,NA,NA,NA,904.95655963,-1.5539612075,0.30480958,8.288706e-08,3.27757e-07,NA,NA,NA,NA,NA,NA,NA,NA,NA,NA,1
LOC111121281,NA,NA,NA,NA,NA,NA,NA,NA,NA,NA,114.14591431,3.8752748418,0.31620455,3.019421e-36,1.044135e-34,NA,NA,NA,NA,NA,NA,NA,NA,NA,NA,1
LOC111121293,NA,NA,NA,NA,NA,NA,NA,NA,NA,NA,63.20881013,-1.6565068535,0.23704176,5.788938e-13,3.91036e-12,NA,NA,NA,NA,NA,NA,NA,NA,NA,NA,1
LOC111121306,NA,NA,NA,NA,NA,NA,NA,NA,NA,NA,605.05020047,-2.0680279449,0.21960579,5.17409e-22,7.45514e-21,NA,NA,NA,NA,NA,NA,NA,NA,NA,NA,1
LOC111121311,NA,NA,NA,NA,NA,NA,NA,NA,NA,NA,166.07377504,5.0566122295,0.50717616,1.704899e-25,3.076855e-24,NA,NA,NA,NA,NA,NA,NA,NA,NA,NA,1
LOC111121313,NA,NA,NA,NA,NA,NA,NA,NA,NA,NA,619.25592231,1.015323802,0.31996789,0.0007839638,0.001771894,NA,NA,NA,NA,NA,NA,NA,NA,NA,NA,1
LOC111121322,NA,NA,NA,NA,NA,NA,NA,NA,NA,NA,508.04831118,1.3731360423,0.14118937,7.677914e-23,1.17414e-21,NA,NA,NA,NA,NA,NA,NA,NA,NA,NA,1
LOC111121323,NA,NA,NA,NA,NA,NA,NA,NA,NA,NA,345.13774617,-1.0145469782,0.16812542,8.552001e-10,4.182366e-09,NA,NA,NA,NA,NA,NA,NA,NA,NA,NA,1
LOC111121327,NA,NA,NA,NA,NA,NA,NA,NA,NA,NA,85.38819744,1.365497,0.24393923,7.085578e-09,3.141332e-08,NA,NA,NA,NA,NA,NA,NA,NA,NA,NA,1
LOC111121337,NA,NA,NA,NA,NA,NA,NA,NA,NA,NA,158.21773855,-1.005779376,0.21794914,2.115677e-06,6.989233e-06,NA,NA,NA,NA,NA,NA,NA,NA,NA,NA,1
LOC111121347,NA,NA,NA,NA,NA,NA,NA,NA,NA,NA,31.33632795,1.2574904614,0.46340491,0.002417915,0.004970287,NA,NA,NA,NA,NA,NA,NA,NA,NA,NA,1
LOC111121360,NA,NA,NA,NA,NA,NA,NA,NA,NA,NA,271.97394595,1.422525548,0.2252216,8.04824e-11,4.406391e-10,NA,NA,NA,NA,NA,NA,NA,NA,NA,NA,1
LOC111121363,NA,NA,NA,NA,NA,NA,NA,NA,NA,NA,150.16000081,1.3955439519,0.17185512,1.46279e-16,1.348332e-15,NA,NA,NA,NA,NA,NA,NA,NA,NA,NA,1
LOC111121370,NA,NA,NA,NA,NA,NA,NA,NA,NA,NA,3566.95983043,1.6740712683,0.46497723,6.162684e-05,0.0001664919,NA,NA,NA,NA,NA,NA,NA,NA,NA,NA,1
LOC111121381,NA,NA,NA,NA,NA,NA,NA,NA,NA,NA,36.39467477,1.4699222607,0.5808137,0.002922256,0.005911793,NA,NA,NA,NA,NA,NA,NA,NA,NA,NA,1
LOC111121384,NA,NA,NA,NA,NA,NA,NA,NA,NA,NA,133.5863063,1.6823103306,0.43718343,2.293428e-05,6.600147e-05,NA,NA,NA,NA,NA,NA,NA,NA,NA,NA,1
LOC111121393,NA,NA,NA,NA,NA,NA,NA,NA,NA,NA,438.83198989,1.7383930347,0.23786996,4.952505e-14,3.656395e-13,NA,NA,NA,NA,NA,NA,NA,NA,NA,NA,1
LOC111121412,NA,NA,NA,NA,NA,NA,NA,NA,NA,NA,92.30184049,-1.8745057965,0.24251628,1.599362e-15,1.335293e-14,NA,NA,NA,NA,NA,NA,NA,NA,NA,NA,1
LOC111121417,NA,NA,NA,NA,NA,NA,NA,NA,NA,NA,411.04539663,1.6956434276,0.37230042,1.003938e-06,3.463861e-06,NA,NA,NA,NA,NA,NA,NA,NA,NA,NA,1
LOC111121421,NA,NA,NA,NA,NA,NA,NA,NA,NA,NA,1048.07922,1.2167193564,0.2915882,1.208422e-05,3.605423e-05,NA,NA,NA,NA,NA,NA,NA,NA,NA,NA,1
LOC111121435,NA,NA,NA,NA,NA,NA,NA,NA,NA,NA,21.81814207,1.1031728289,0.33502053,0.0004599261,0.001082892,NA,NA,NA,NA,NA,NA,NA,NA,NA,NA,1
LOC111121444,NA,NA,NA,NA,NA,NA,NA,NA,NA,NA,179.30254816,1.8543612069,0.46337631,9.21217e-06,2.806322e-05,NA,NA,NA,NA,NA,NA,NA,NA,NA,NA,1
LOC111121448,NA,NA,NA,NA,NA,NA,NA,NA,NA,NA,62.13983591,-1.6660727705,0.23118009,1.174402e-13,8.406222e-13,NA,NA,NA,NA,NA,NA,NA,NA,NA,NA,1
LOC111121456,NA,NA,NA,NA,NA,NA,NA,NA,NA,NA,86.02357836,-1.1259823989,0.25216851,3.665237e-06,1.177798e-05,NA,NA,NA,NA,NA,NA,NA,NA,NA,NA,1
LOC111121463,NA,NA,NA,NA,NA,NA,NA,NA,NA,NA,72.91393742,1.8519331924,0.36750965,7.016985e-08,2.799482e-07,NA,NA,NA,NA,NA,NA,NA,NA,NA,NA,1
LOC111121476,NA,NA,NA,NA,NA,NA,NA,NA,NA,NA,632.78140338,-3.2294732389,0.37254903,1.301307e-19,1.543143e-18,NA,NA,NA,NA,NA,NA,NA,NA,NA,NA,1
LOC111121477,NA,NA,NA,NA,NA,NA,NA,NA,NA,NA,176.56106257,1.8820700272,0.42802975,1.553103e-06,5.222479e-06,NA,NA,NA,NA,NA,NA,NA,NA,NA,NA,1
LOC111121485,NA,NA,NA,NA,NA,NA,NA,NA,NA,NA,720.69957795,-1.4508817889,0.47170677,0.0005731825,0.001326823,NA,NA,NA,NA,NA,NA,NA,NA,NA,NA,1
LOC111121499,NA,NA,NA,NA,NA,NA,NA,NA,NA,NA,159.95624293,2.4376336006,0.5467626,5.119541e-07,1.83673e-06,NA,NA,NA,NA,NA,NA,NA,NA,NA,NA,1
LOC111121500,NA,NA,NA,NA,NA,NA,NA,NA,NA,NA,37.23871061,3.0791940103,0.51563286,7.275763e-11,4.003911e-10,NA,NA,NA,NA,NA,NA,NA,NA,NA,NA,1
LOC111121501,NA,NA,NA,NA,NA,NA,NA,NA,NA,NA,88.53944782,-1.6899854958,0.2192977,2.560874e-15,2.111736e-14,NA,NA,NA,NA,NA,NA,NA,NA,NA,NA,1
LOC111121505,NA,NA,NA,NA,NA,NA,NA,NA,NA,NA,53.16758384,1.5570658368,0.34707156,1.729238e-06,5.78391e-06,NA,NA,NA,NA,NA,NA,NA,NA,NA,NA,1
LOC111121514,NA,NA,NA,NA,NA,NA,NA,NA,NA,NA,57.87305791,-1.189846927,0.27930354,8.540557e-06,2.612865e-05,NA,NA,NA,NA,NA,NA,NA,NA,NA,NA,1
LOC111121532,NA,NA,NA,NA,NA,NA,NA,NA,NA,NA,13812.98353744,2.0613800665,0.51066024,5.741817e-06,1.803465e-05,NA,NA,NA,NA,NA,NA,NA,NA,NA,NA,1
LOC111121536,NA,NA,NA,NA,NA,NA,NA,NA,NA,NA,61.99814138,-1.2707730084,0.37790085,0.0002815114,0.0006852412,NA,NA,NA,NA,NA,NA,NA,NA,NA,NA,1
LOC111121544,NA,NA,NA,NA,NA,NA,NA,NA,NA,NA,107.31873739,-2.5245395336,0.32087133,2.183784e-16,1.980555e-15,NA,NA,NA,NA,NA,NA,NA,NA,NA,NA,1
LOC111121545,NA,NA,NA,NA,NA,NA,NA,NA,NA,NA,346.85864386,-2.4227529741,0.62927041,7.228288e-06,2.240811e-05,NA,NA,NA,NA,NA,NA,NA,NA,NA,NA,1
LOC111121546,NA,NA,NA,NA,NA,NA,NA,NA,NA,NA,85.62372568,-1.7068148294,0.41768916,8.159365e-06,2.507695e-05,NA,NA,NA,NA,NA,NA,NA,NA,NA,NA,1
LOC111121547,NA,NA,NA,NA,NA,NA,NA,NA,NA,NA,464.91042861,-2.2775282782,0.25547735,4.068621e-20,5.024841e-19,NA,NA,NA,NA,NA,NA,NA,NA,NA,NA,1
LOC111121549,NA,NA,NA,NA,NA,NA,NA,NA,NA,NA,202.65726866,-3.1067391503,0.33528706,6.513251e-22,9.247954e-21,NA,NA,NA,NA,NA,NA,NA,NA,NA,NA,1
LOC111121558,NA,NA,NA,NA,NA,NA,NA,NA,NA,NA,112.27595766,1.7810947645,0.18470879,9.090405e-23,1.382257e-21,NA,NA,NA,NA,NA,NA,NA,NA,NA,NA,1
LOC111121563,NA,NA,NA,NA,NA,NA,NA,NA,NA,NA,88.28440845,1.196129727,0.39119276,0.0009005411,0.002009534,NA,NA,NA,NA,NA,NA,NA,NA,NA,NA,1
LOC111121571,NA,NA,NA,NA,NA,NA,NA,NA,NA,NA,204.1660401,3.2781600522,0.36793254,1.466794e-20,1.880865e-19,NA,NA,NA,NA,NA,NA,NA,NA,NA,NA,1
LOC111121573,NA,NA,NA,NA,NA,NA,NA,NA,NA,NA,657.20025213,1.5638820329,0.34068744,1.045861e-06,3.600394e-06,NA,NA,NA,NA,NA,NA,NA,NA,NA,NA,1
LOC111121576,NA,NA,NA,NA,NA,NA,NA,NA,NA,NA,63.37053501,1.255519802,0.31545642,2.605913e-05,7.441498e-05,NA,NA,NA,NA,NA,NA,NA,NA,NA,NA,1
LOC111121589,NA,NA,NA,NA,NA,NA,NA,NA,NA,NA,99.55532537,-1.8057461797,0.27741243,1.236314e-11,7.290038e-11,NA,NA,NA,NA,NA,NA,NA,NA,NA,NA,1
LOC111121592,NA,NA,NA,NA,NA,NA,NA,NA,NA,NA,206.89531089,1.0494849406,0.21111514,3.393298e-07,1.247467e-06,NA,NA,NA,NA,NA,NA,NA,NA,NA,NA,1
LOC111121617,NA,NA,NA,NA,NA,NA,NA,NA,NA,NA,289.79429298,1.592151266,0.22577545,4.067372e-13,2.780754e-12,NA,NA,NA,NA,NA,NA,NA,NA,NA,NA,1
LOC111121627,NA,NA,NA,NA,NA,NA,NA,NA,NA,NA,217.77023539,2.5088104538,0.32971073,1.694785e-15,1.41386e-14,NA,NA,NA,NA,NA,NA,NA,NA,NA,NA,1
LOC111121649,NA,NA,NA,NA,NA,NA,NA,NA,NA,NA,547.65360968,2.024648055,0.35278391,1.10384e-09,5.327853e-09,NA,NA,NA,NA,NA,NA,NA,NA,NA,NA,1
LOC111121659,NA,NA,NA,NA,NA,NA,NA,NA,NA,NA,232.16536831,1.5411677529,0.20478227,1.311244e-14,1.015646e-13,NA,NA,NA,NA,NA,NA,NA,NA,NA,NA,1
LOC111121661,NA,NA,NA,NA,NA,NA,NA,NA,NA,NA,640.04228366,1.8286921903,0.17172688,2.82904e-27,5.732951e-26,NA,NA,NA,NA,NA,NA,NA,NA,NA,NA,1
LOC111121668,NA,NA,NA,NA,NA,NA,NA,NA,NA,NA,26.03316291,2.2468629322,0.32730591,5.680936e-13,3.844674e-12,NA,NA,NA,NA,NA,NA,NA,NA,NA,NA,1
LOC111121672,NA,NA,NA,NA,NA,NA,NA,NA,NA,NA,45.58212391,1.296502641,0.33109351,3.200833e-05,9.034474e-05,NA,NA,NA,NA,NA,NA,NA,NA,NA,NA,1
LOC111121678,NA,NA,NA,NA,NA,NA,NA,NA,NA,NA,21.55624036,1.2024723143,0.33321304,0.0001248949,0.0003234774,NA,NA,NA,NA,NA,NA,NA,NA,NA,NA,1
LOC111121694,NA,NA,NA,NA,NA,NA,NA,NA,NA,NA,53.44714078,2.224543072,0.77569386,0.0003149051,0.0007618557,NA,NA,NA,NA,NA,NA,NA,NA,NA,NA,1
LOC111121707,NA,NA,NA,NA,NA,NA,NA,NA,NA,NA,477.22431122,-1.8147316075,0.42899025,3.665125e-06,1.177798e-05,NA,NA,NA,NA,NA,NA,NA,NA,NA,NA,1
LOC111121721,NA,NA,NA,NA,NA,NA,NA,NA,NA,NA,361.02770475,1.269956877,0.13825793,1.563099e-20,2.001963e-19,NA,NA,NA,NA,NA,NA,NA,NA,NA,NA,1
LOC111121729,NA,NA,NA,NA,NA,NA,NA,NA,NA,NA,139.8586964,-2.2631451062,0.26448507,9.824603e-19,1.081312e-17,NA,NA,NA,NA,NA,NA,NA,NA,NA,NA,1
LOC111121730,NA,NA,NA,NA,NA,NA,NA,NA,NA,NA,87.85853748,-1.5848101624,0.29564935,1.91473e-08,8.077884e-08,NA,NA,NA,NA,NA,NA,NA,NA,NA,NA,1
LOC111121739,NA,NA,NA,NA,NA,NA,NA,NA,NA,NA,119.5523334,-1.2116111131,0.26755587,2.414486e-06,7.929928e-06,NA,NA,NA,NA,NA,NA,NA,NA,NA,NA,1
LOC111121740,NA,NA,NA,NA,NA,NA,NA,NA,NA,NA,161.57010799,1.5994395282,0.29036693,8.172358e-09,3.605254e-08,NA,NA,NA,NA,NA,NA,NA,NA,NA,NA,1
LOC111121754,NA,NA,NA,NA,NA,NA,NA,NA,NA,NA,307.05607602,-3.3566605966,0.26626809,5.527791e-38,2.101345e-36,NA,NA,NA,NA,NA,NA,NA,NA,NA,NA,1
LOC111121779,NA,NA,NA,NA,NA,NA,NA,NA,NA,NA,130.94000722,3.5606725743,0.44523362,2.791069e-17,2.742462e-16,NA,NA,NA,NA,NA,NA,NA,NA,NA,NA,1
LOC111121780,NA,NA,NA,NA,NA,NA,NA,NA,NA,NA,41.44235611,-1.3239118795,0.25980228,1.201631e-07,4.660449e-07,NA,NA,NA,NA,NA,NA,NA,NA,NA,NA,1
LOC111121791,NA,NA,NA,NA,NA,NA,NA,NA,NA,NA,348.77517307,-1.8952745233,0.51558761,3.22159e-05,9.090667e-05,NA,NA,NA,NA,NA,NA,NA,NA,NA,NA,1
LOC111121840,NA,NA,NA,NA,NA,NA,NA,NA,NA,NA,52.37006089,4.3054002439,0.5134602,6.469117e-19,7.186418e-18,NA,NA,NA,NA,NA,NA,NA,NA,NA,NA,1
LOC111121841,NA,NA,NA,NA,NA,NA,NA,NA,NA,NA,39.22460302,1.3209502429,0.25770227,1.029874e-07,4.021948e-07,NA,NA,NA,NA,NA,NA,NA,NA,NA,NA,1
LOC111121846,NA,NA,NA,NA,NA,NA,NA,NA,NA,NA,173.2260205,1.8089880603,0.44807879,8.533502e-06,2.611451e-05,NA,NA,NA,NA,NA,NA,NA,NA,NA,NA,1
LOC111121849,NA,NA,NA,NA,NA,NA,NA,NA,NA,NA,695.65977371,2.1953713974,0.17635575,1.339668e-36,4.771178e-35,NA,NA,NA,NA,NA,NA,NA,NA,NA,NA,1
LOC111121854,NA,NA,NA,NA,NA,NA,NA,NA,NA,NA,1236.19464303,1.3323218003,0.18070692,5.780617e-14,4.244398e-13,NA,NA,NA,NA,NA,NA,NA,NA,NA,NA,1
LOC111121857,NA,NA,NA,NA,NA,NA,NA,NA,NA,NA,136.9858484,-1.3746167971,0.1592739,1.988829e-18,2.125648e-17,NA,NA,NA,NA,NA,NA,NA,NA,NA,NA,1
LOC111121859,NA,NA,NA,NA,NA,NA,NA,NA,NA,NA,130.19013514,-1.432624271,0.27150229,3.858017e-08,1.575541e-07,NA,NA,NA,NA,NA,NA,NA,NA,NA,NA,1
LOC111121865,NA,NA,NA,NA,NA,NA,NA,NA,NA,NA,99.47452292,-2.0486190469,0.49201105,3.395123e-06,1.094937e-05,NA,NA,NA,NA,NA,NA,NA,NA,NA,NA,1
LOC111121876,NA,NA,NA,NA,NA,NA,NA,NA,NA,NA,1508.78955338,-1.5717089692,0.62006999,0.002444696,0.005020525,NA,NA,NA,NA,NA,NA,NA,NA,NA,NA,1
LOC111121880,NA,NA,NA,NA,NA,NA,NA,NA,NA,NA,52.22533189,1.1136151718,0.39325686,0.002086304,0.004341068,NA,NA,NA,NA,NA,NA,NA,NA,NA,NA,1
LOC111121884,NA,NA,NA,NA,NA,NA,NA,NA,NA,NA,100.95688049,1.1745606444,0.31200698,7.07172e-05,0.0001895695,NA,NA,NA,NA,NA,NA,NA,NA,NA,NA,1
LOC111121901,NA,NA,NA,NA,NA,NA,NA,NA,NA,NA,281.3729113,1.0528681043,0.17767211,1.585312e-09,7.499801e-09,NA,NA,NA,NA,NA,NA,NA,NA,NA,NA,1
LOC111121912,NA,NA,NA,NA,NA,NA,NA,NA,NA,NA,466.42147241,3.7668614042,0.41046023,8.622006e-22,1.212965e-20,NA,NA,NA,NA,NA,NA,NA,NA,NA,NA,1
LOC111121913,NA,NA,NA,NA,NA,NA,NA,NA,NA,NA,252.78494174,1.2334646584,0.32703167,6.310452e-05,0.0001703552,NA,NA,NA,NA,NA,NA,NA,NA,NA,NA,1
LOC111121914,NA,NA,NA,NA,NA,NA,NA,NA,NA,NA,711.70179214,-1.3149639193,0.39280729,0.0002779231,0.000676968,NA,NA,NA,NA,NA,NA,NA,NA,NA,NA,1
LOC111121924,NA,NA,NA,NA,NA,NA,NA,NA,NA,NA,768.73378839,2.7500945305,0.39369197,1.303089e-13,9.269483e-13,NA,NA,NA,NA,NA,NA,NA,NA,NA,NA,1
LOC111121928,NA,NA,NA,NA,NA,NA,NA,NA,NA,NA,98.17180209,-1.1240059548,0.20049311,9.588234e-09,4.191919e-08,NA,NA,NA,NA,NA,NA,NA,NA,NA,NA,1
LOC111121977,NA,NA,NA,NA,NA,NA,NA,NA,NA,NA,104.74102553,1.6513237009,0.45100686,5.055481e-05,0.000138641,NA,NA,NA,NA,NA,NA,NA,NA,NA,NA,1
LOC111121981,NA,NA,NA,NA,NA,NA,NA,NA,NA,NA,80.9044391,-2.0747046686,0.24636984,4.100923e-18,4.288965e-17,NA,NA,NA,NA,NA,NA,NA,NA,NA,NA,1
LOC111121983,NA,NA,NA,NA,NA,NA,NA,NA,NA,NA,52.15273243,1.0569415833,0.2402044,5.433733e-06,1.71272e-05,NA,NA,NA,NA,NA,NA,NA,NA,NA,NA,1
LOC111121989,NA,NA,NA,NA,NA,NA,NA,NA,NA,NA,527.43382236,1.6060347355,0.15027644,2.659525e-27,5.409887e-26,NA,NA,NA,NA,NA,NA,NA,NA,NA,NA,1
LOC111122023,NA,NA,NA,NA,NA,NA,NA,NA,NA,NA,174.39801765,-2.1076333055,0.18248994,7.884689e-32,2.161736e-30,NA,NA,NA,NA,NA,NA,NA,NA,NA,NA,1
LOC111122024,NA,NA,NA,NA,NA,NA,NA,NA,NA,NA,92.93201489,-1.1149924656,0.18843975,1.541637e-09,7.302851e-09,NA,NA,NA,NA,NA,NA,NA,NA,NA,NA,1
LOC111122030,NA,NA,NA,NA,NA,NA,NA,NA,NA,NA,89.54525026,1.8139439862,0.29913091,2.137883e-10,1.116867e-09,NA,NA,NA,NA,NA,NA,NA,NA,NA,NA,1
LOC111122033,NA,NA,NA,NA,NA,NA,NA,NA,NA,NA,90.77469257,1.7331872423,0.50339438,0.0001008123,0.0002649444,NA,NA,NA,NA,NA,NA,NA,NA,NA,NA,1
LOC111122043,NA,NA,NA,NA,NA,NA,NA,NA,NA,NA,74.92304401,-1.9017909947,0.22765304,9.397655e-18,9.576318e-17,NA,NA,NA,NA,NA,NA,NA,NA,NA,NA,1
LOC111122056,NA,NA,NA,NA,NA,NA,NA,NA,NA,NA,135.18401789,1.155739114,0.21044771,1.76435e-08,7.47287e-08,NA,NA,NA,NA,NA,NA,NA,NA,NA,NA,1
LOC111122062,NA,NA,NA,NA,NA,NA,NA,NA,NA,NA,78.94378908,1.3815910723,0.34093441,1.585126e-05,4.651671e-05,NA,NA,NA,NA,NA,NA,NA,NA,NA,NA,1
LOC111122071,NA,NA,NA,NA,NA,NA,NA,NA,NA,NA,48.01312528,1.656366391,0.86599263,0.009509894,0.01722644,NA,NA,NA,NA,NA,NA,NA,NA,NA,NA,1
LOC111122073,NA,NA,NA,NA,NA,NA,NA,NA,NA,NA,100.96610954,2.2276752584,0.44142774,3.822988e-08,1.56183e-07,NA,NA,NA,NA,NA,NA,NA,NA,NA,NA,1
LOC111122080,NA,NA,NA,NA,NA,NA,NA,NA,NA,NA,43.06589272,-1.5712964806,0.26217511,4.870318e-10,2.450014e-09,NA,NA,NA,NA,NA,NA,NA,NA,NA,NA,1
LOC111122099,NA,NA,NA,NA,NA,NA,NA,NA,NA,NA,174.93516845,1.3509545315,0.30306315,2.73269e-06,8.914922e-06,NA,NA,NA,NA,NA,NA,NA,NA,NA,NA,1
LOC111122124,NA,NA,NA,NA,NA,NA,NA,NA,NA,NA,65.33618009,-1.6038448565,0.281186,2.628274e-09,1.212875e-08,NA,NA,NA,NA,NA,NA,NA,NA,NA,NA,1
LOC111122130,NA,NA,NA,NA,NA,NA,NA,NA,NA,NA,118.20181944,-1.8647747892,0.20203079,4.082337e-21,5.490922e-20,NA,NA,NA,NA,NA,NA,NA,NA,NA,NA,1
LOC111122134,NA,NA,NA,NA,NA,NA,NA,NA,NA,NA,239.35324668,-1.3372368049,0.41009368,0.0003650835,0.000874178,NA,NA,NA,NA,NA,NA,NA,NA,NA,NA,1
LOC111122139,NA,NA,NA,NA,NA,NA,NA,NA,NA,NA,103.61030182,-1.0698777547,0.17908841,1.15592e-09,5.561696e-09,NA,NA,NA,NA,NA,NA,NA,NA,NA,NA,1
LOC111122144,NA,NA,NA,NA,NA,NA,NA,NA,NA,NA,29.63884246,1.1550540866,0.5063733,0.009299117,0.0168763,NA,NA,NA,NA,NA,NA,NA,NA,NA,NA,1
LOC111122145,NA,NA,NA,NA,NA,NA,NA,NA,NA,NA,345.40283919,-1.8630190816,0.19170563,3.827633e-23,5.9467e-22,NA,NA,NA,NA,NA,NA,NA,NA,NA,NA,1
LOC111122148,NA,NA,NA,NA,NA,NA,NA,NA,NA,NA,258.23755936,-3.5611570814,0.31858877,1.242436e-30,3.090234e-29,NA,NA,NA,NA,NA,NA,NA,NA,NA,NA,1
LOC111122149,NA,NA,NA,NA,NA,NA,NA,NA,NA,NA,38.32858985,1.862054017,0.32839456,2.122643e-09,9.923564e-09,NA,NA,NA,NA,NA,NA,NA,NA,NA,NA,1
LOC111122150,NA,NA,NA,NA,NA,NA,NA,NA,NA,NA,65.40364743,1.4200035658,0.4673745,0.0006813776,0.001556439,NA,NA,NA,NA,NA,NA,NA,NA,NA,NA,1
LOC111122158,NA,NA,NA,NA,NA,NA,NA,NA,NA,NA,918.2755528,-1.2274516928,0.24844897,3.108201e-07,1.148171e-06,NA,NA,NA,NA,NA,NA,NA,NA,NA,NA,1
LOC111122159,NA,NA,NA,NA,NA,NA,NA,NA,NA,NA,651.67736952,-1.1221795805,0.24186719,1.610312e-06,5.404678e-06,NA,NA,NA,NA,NA,NA,NA,NA,NA,NA,1
LOC111122168,NA,NA,NA,NA,NA,NA,NA,NA,NA,NA,102.18850952,-1.1677501219,0.19703001,1.350822e-09,6.433056e-09,NA,NA,NA,NA,NA,NA,NA,NA,NA,NA,1
LOC111122177,NA,NA,NA,NA,NA,NA,NA,NA,NA,NA,193.60350657,-1.3929272706,0.44608503,0.0005376149,0.001251245,NA,NA,NA,NA,NA,NA,NA,NA,NA,NA,1
LOC111122210,NA,NA,NA,NA,NA,NA,NA,NA,NA,NA,656.80808202,1.9612740101,0.4206333,3.922243e-07,1.425787e-06,NA,NA,NA,NA,NA,NA,NA,NA,NA,NA,1
LOC111122237,NA,NA,NA,NA,NA,NA,NA,NA,NA,NA,65.23669013,-1.5808621689,0.23556153,4.52754e-12,2.770276e-11,NA,NA,NA,NA,NA,NA,NA,NA,NA,NA,1
LOC111122250,NA,NA,NA,NA,NA,NA,NA,NA,NA,NA,196.99244916,1.0846867326,0.39748078,0.002969773,0.006002256,NA,NA,NA,NA,NA,NA,NA,NA,NA,NA,1
LOC111122252,NA,NA,NA,NA,NA,NA,NA,NA,NA,NA,41.09605613,2.3923081322,0.32751297,1.967872e-14,1.502535e-13,NA,NA,NA,NA,NA,NA,NA,NA,NA,NA,1
LOC111122260,NA,NA,NA,NA,NA,NA,NA,NA,NA,NA,166.77478144,1.8830795295,0.51393499,3.440428e-05,9.652287e-05,NA,NA,NA,NA,NA,NA,NA,NA,NA,NA,1
LOC111122273,NA,NA,NA,NA,NA,NA,NA,NA,NA,NA,362.87341995,-1.9513649885,0.21905746,6.869852e-20,8.349752e-19,NA,NA,NA,NA,NA,NA,NA,NA,NA,NA,1
LOC111122291,NA,NA,NA,NA,NA,NA,NA,NA,NA,NA,40.30040613,1.0433006941,0.40001486,0.004479152,0.008716011,NA,NA,NA,NA,NA,NA,NA,NA,NA,NA,1
LOC111122294,NA,NA,NA,NA,NA,NA,NA,NA,NA,NA,40.71607081,-1.4545756289,0.32578804,2.250007e-06,7.401067e-06,NA,NA,NA,NA,NA,NA,NA,NA,NA,NA,1
LOC111122300,NA,NA,NA,NA,NA,NA,NA,NA,NA,NA,354.94057668,-1.0651925744,0.28036389,7.15436e-05,0.0001915931,NA,NA,NA,NA,NA,NA,NA,NA,NA,NA,1
LOC111122305,NA,NA,NA,NA,NA,NA,NA,NA,NA,NA,83.77432138,-1.6302100233,0.26478397,1.602794e-10,8.522795e-10,NA,NA,NA,NA,NA,NA,NA,NA,NA,NA,1
LOC111122308,NA,NA,NA,NA,NA,NA,NA,NA,NA,NA,1020.19934453,1.0173237415,0.32971069,0.001051594,0.002316704,NA,NA,NA,NA,NA,NA,NA,NA,NA,NA,1
LOC111122313,NA,NA,NA,NA,NA,NA,NA,NA,NA,NA,1295.84367052,1.5560477041,0.15971523,4.878795e-23,7.514466e-22,NA,NA,NA,NA,NA,NA,NA,NA,NA,NA,1
LOC111122328,NA,NA,NA,NA,NA,NA,NA,NA,NA,NA,75.39609852,1.0647265117,0.38151345,0.002531417,0.005182734,NA,NA,NA,NA,NA,NA,NA,NA,NA,NA,1
LOC111122340,NA,NA,NA,NA,NA,NA,NA,NA,NA,NA,98.86036107,1.5146972942,0.27483025,9.192671e-09,4.02884e-08,NA,NA,NA,NA,NA,NA,NA,NA,NA,NA,1
LOC111122363,NA,NA,NA,NA,NA,NA,NA,NA,NA,NA,208.31200792,-3.6288515867,0.29148407,3.228457e-37,1.177179e-35,NA,NA,NA,NA,NA,NA,NA,NA,NA,NA,1
LOC111122364,NA,NA,NA,NA,NA,NA,NA,NA,NA,NA,230.85560935,-3.2921004224,0.32554863,1.410988e-25,2.56695e-24,NA,NA,NA,NA,NA,NA,NA,NA,NA,NA,1
LOC111122376,NA,NA,NA,NA,NA,NA,NA,NA,NA,NA,66.63860838,-1.4522858967,0.25216182,2.410499e-09,1.116582e-08,NA,NA,NA,NA,NA,NA,NA,NA,NA,NA,1
LOC111122388,NA,NA,NA,NA,NA,NA,NA,NA,NA,NA,82.99762195,-1.0379883159,0.33023592,0.0008430537,0.001893471,NA,NA,NA,NA,NA,NA,NA,NA,NA,NA,1
LOC111122389,NA,NA,NA,NA,NA,NA,NA,NA,NA,NA,64.87080459,-1.3171998602,0.24672443,3.278908e-08,1.351399e-07,NA,NA,NA,NA,NA,NA,NA,NA,NA,NA,1
LOC111122397,NA,NA,NA,NA,NA,NA,NA,NA,NA,NA,22.4240776,1.0555430849,0.54539092,0.02448618,0.04042375,NA,NA,NA,NA,NA,NA,NA,NA,NA,NA,1
LOC111122412,NA,NA,NA,NA,NA,NA,NA,NA,NA,NA,48.92298683,1.134120603,0.26962142,1.172254e-05,3.504339e-05,NA,NA,NA,NA,NA,NA,NA,NA,NA,NA,1
LOC111122423,NA,NA,NA,NA,NA,NA,NA,NA,NA,NA,3010.22941391,1.1871238723,0.14833212,5.197333e-16,4.563097e-15,NA,NA,NA,NA,NA,NA,NA,NA,NA,NA,1
LOC111122430,NA,NA,NA,NA,NA,NA,NA,NA,NA,NA,49.16286389,1.5221952086,0.38492927,1.917146e-05,5.574125e-05,NA,NA,NA,NA,NA,NA,NA,NA,NA,NA,1
LOC111122431,NA,NA,NA,NA,NA,NA,NA,NA,NA,NA,60.5651584,-1.9968106374,0.41963443,2.324505e-07,8.731146e-07,NA,NA,NA,NA,NA,NA,NA,NA,NA,NA,1
LOC111122447,NA,NA,NA,NA,NA,NA,NA,NA,NA,NA,38.40111505,1.7598119355,0.34844144,7.653895e-08,3.037755e-07,NA,NA,NA,NA,NA,NA,NA,NA,NA,NA,1
LOC111122450,NA,NA,NA,NA,NA,NA,NA,NA,NA,NA,45.73524909,1.9425909779,0.63379056,0.0002662722,0.000650955,NA,NA,NA,NA,NA,NA,NA,NA,NA,NA,1
LOC111122491,NA,NA,NA,NA,NA,NA,NA,NA,NA,NA,65.99967434,-1.6108082238,0.26653225,3.353553e-10,1.713541e-09,NA,NA,NA,NA,NA,NA,NA,NA,NA,NA,1
LOC111122497,NA,NA,NA,NA,NA,NA,NA,NA,NA,NA,245.37519771,-3.44136522,0.34798,1.179356e-24,2.029326e-23,NA,NA,NA,NA,NA,NA,NA,NA,NA,NA,1
LOC111122502,NA,NA,NA,NA,NA,NA,NA,NA,NA,NA,352.26621943,1.369050104,0.25192764,1.782501e-08,7.546764e-08,NA,NA,NA,NA,NA,NA,NA,NA,NA,NA,1
LOC111122517,NA,NA,NA,NA,NA,NA,NA,NA,NA,NA,146.34055658,1.1971366271,0.42100067,0.001784146,0.003757574,NA,NA,NA,NA,NA,NA,NA,NA,NA,NA,1
LOC111122524,NA,NA,NA,NA,NA,NA,NA,NA,NA,NA,71.41041765,-1.7695182231,0.22153341,2.402339e-16,2.169594e-15,NA,NA,NA,NA,NA,NA,NA,NA,NA,NA,1
LOC111122537,NA,NA,NA,NA,NA,NA,NA,NA,NA,NA,61.52723745,-1.1447657068,0.29387579,4.343208e-05,0.0001200908,NA,NA,NA,NA,NA,NA,NA,NA,NA,NA,1
LOC111122551,NA,NA,NA,NA,NA,NA,NA,NA,NA,NA,236.80399426,1.1047898485,0.37271721,0.001391376,0.002995091,NA,NA,NA,NA,NA,NA,NA,NA,NA,NA,1
LOC111122567,NA,NA,NA,NA,NA,NA,NA,NA,NA,NA,34.67180132,2.4370865778,0.3259031,5.054424e-15,4.058683e-14,NA,NA,NA,NA,NA,NA,NA,NA,NA,NA,1
LOC111122584,NA,NA,NA,NA,NA,NA,NA,NA,NA,NA,117.43392566,-1.5901180825,0.57407974,0.001202591,0.002616556,NA,NA,NA,NA,NA,NA,NA,NA,NA,NA,1
LOC111122587,NA,NA,NA,NA,NA,NA,NA,NA,NA,NA,82.11688047,-1.3628791449,0.20448309,8.720758e-12,5.219795e-11,NA,NA,NA,NA,NA,NA,NA,NA,NA,NA,1
LOC111122588,NA,NA,NA,NA,NA,NA,NA,NA,NA,NA,1204.2569178,1.4228045209,0.39877844,0.0001043869,0.0002736679,NA,NA,NA,NA,NA,NA,NA,NA,NA,NA,1
LOC111122590,NA,NA,NA,NA,NA,NA,NA,NA,NA,NA,64.35639664,1.3618090447,0.28175989,4.377146e-07,1.584166e-06,NA,NA,NA,NA,NA,NA,NA,NA,NA,NA,1
LOC111122599,NA,NA,NA,NA,NA,NA,NA,NA,NA,NA,3112.9103233,1.2469092423,0.27079096,1.595737e-06,5.359117e-06,NA,NA,NA,NA,NA,NA,NA,NA,NA,NA,1
LOC111122602,NA,NA,NA,NA,NA,NA,NA,NA,NA,NA,189.87983192,1.1077725236,0.12971031,6.401238e-18,6.617287e-17,NA,NA,NA,NA,NA,NA,NA,NA,NA,NA,1
LOC111122603,NA,NA,NA,NA,NA,NA,NA,NA,NA,NA,217.96928978,1.7481091807,0.40274721,2.489459e-06,8.161164e-06,NA,NA,NA,NA,NA,NA,NA,NA,NA,NA,1
LOC111122620,NA,NA,NA,NA,NA,NA,NA,NA,NA,NA,249.1638767,1.6417105401,0.46180411,7.714166e-05,0.0002056558,NA,NA,NA,NA,NA,NA,NA,NA,NA,NA,1
LOC111122625,NA,NA,NA,NA,NA,NA,NA,NA,NA,NA,22.14935946,1.11330906,0.44588396,0.005565203,0.01059662,NA,NA,NA,NA,NA,NA,NA,NA,NA,NA,1
LOC111122627,NA,NA,NA,NA,NA,NA,NA,NA,NA,NA,411.86223362,-1.0438405653,0.45408224,0.01041261,0.01874445,NA,NA,NA,NA,NA,NA,NA,NA,NA,NA,1
LOC111122640,NA,NA,NA,NA,NA,NA,NA,NA,NA,NA,97.32129551,-1.8260457098,0.21667099,5.639607e-18,5.846865e-17,NA,NA,NA,NA,NA,NA,NA,NA,NA,NA,1
LOC111122641,NA,NA,NA,NA,NA,NA,NA,NA,NA,NA,92.15164873,-1.8308657469,0.29538088,8.959543e-11,4.880401e-10,NA,NA,NA,NA,NA,NA,NA,NA,NA,NA,1
LOC111122642,NA,NA,NA,NA,NA,NA,NA,NA,NA,NA,838.00934247,1.5103281747,0.24602716,2.170789e-10,1.131851e-09,NA,NA,NA,NA,NA,NA,NA,NA,NA,NA,1
LOC111122663,NA,NA,NA,NA,NA,NA,NA,NA,NA,NA,614.20715893,1.0506928593,0.35171971,0.001389985,0.002993299,NA,NA,NA,NA,NA,NA,NA,NA,NA,NA,1
LOC111122668,NA,NA,NA,NA,NA,NA,NA,NA,NA,NA,257.52311237,2.0882844851,0.23331013,3.818308e-20,4.737531e-19,NA,NA,NA,NA,NA,NA,NA,NA,NA,NA,1
LOC111122717,NA,NA,NA,NA,NA,NA,NA,NA,NA,NA,70.20801212,-1.2132179151,0.22463899,2.711597e-08,1.123196e-07,NA,NA,NA,NA,NA,NA,NA,NA,NA,NA,1
LOC111122726,NA,NA,NA,NA,NA,NA,NA,NA,NA,NA,43.31602944,1.5028868487,0.50782377,0.0007699714,0.001743945,NA,NA,NA,NA,NA,NA,NA,NA,NA,NA,1
LOC111122727,NA,NA,NA,NA,NA,NA,NA,NA,NA,NA,127.24661257,-2.6093911074,0.23014679,4.82376e-31,1.240065e-29,NA,NA,NA,NA,NA,NA,NA,NA,NA,NA,1
LOC111122732,NA,NA,NA,NA,NA,NA,NA,NA,NA,NA,300.54945267,-2.6223573409,0.2124631,2.998244e-36,1.040168e-34,NA,NA,NA,NA,NA,NA,NA,NA,NA,NA,1
LOC111122738,NA,NA,NA,NA,NA,NA,NA,NA,NA,NA,62.21754302,1.1148123455,0.23968449,1.53853e-06,5.178347e-06,NA,NA,NA,NA,NA,NA,NA,NA,NA,NA,1
LOC111122745,NA,NA,NA,NA,NA,NA,NA,NA,NA,NA,1020.77301919,-2.9648362121,0.33698259,5.310494e-20,6.506113e-19,NA,NA,NA,NA,NA,NA,NA,NA,NA,NA,1
LOC111122775,NA,NA,NA,NA,NA,NA,NA,NA,NA,NA,70.18012787,1.7761622976,0.5910117,0.0004247761,0.001002996,NA,NA,NA,NA,NA,NA,NA,NA,NA,NA,1
LOC111122776,NA,NA,NA,NA,NA,NA,NA,NA,NA,NA,183.79921636,4.7655288608,0.63755839,6.575026e-16,5.684216e-15,NA,NA,NA,NA,NA,NA,NA,NA,NA,NA,1
LOC111122778,NA,NA,NA,NA,NA,NA,NA,NA,NA,NA,44.16371176,1.144506128,0.27206352,1.153336e-05,3.453565e-05,NA,NA,NA,NA,NA,NA,NA,NA,NA,NA,1
LOC111122790,NA,NA,NA,NA,NA,NA,NA,NA,NA,NA,171.33867645,1.2426788021,0.27257581,1.996661e-06,6.618492e-06,NA,NA,NA,NA,NA,NA,NA,NA,NA,NA,1
LOC111122791,NA,NA,NA,NA,NA,NA,NA,NA,NA,NA,71.90156545,-1.4675493409,0.23778497,1.887407e-10,9.95229e-10,NA,NA,NA,NA,NA,NA,NA,NA,NA,NA,1
LOC111122792,NA,NA,NA,NA,NA,NA,NA,NA,NA,NA,174.54480818,1.5297973738,0.22812083,5.079206e-12,3.097218e-11,NA,NA,NA,NA,NA,NA,NA,NA,NA,NA,1
LOC111122805,NA,NA,NA,NA,NA,NA,NA,NA,NA,NA,134.38888013,1.9829046274,0.35461271,2.771773e-09,1.275801e-08,NA,NA,NA,NA,NA,NA,NA,NA,NA,NA,1
LOC111122806,NA,NA,NA,NA,NA,NA,NA,NA,NA,NA,410.55345658,1.9576294039,0.22360261,2.67302e-19,3.05814e-18,NA,NA,NA,NA,NA,NA,NA,NA,NA,NA,1
LOC111122810,NA,NA,NA,NA,NA,NA,NA,NA,NA,NA,75.76952828,2.4018060245,0.45981021,1.175994e-08,5.079234e-08,NA,NA,NA,NA,NA,NA,NA,NA,NA,NA,1
LOC111122815,NA,NA,NA,NA,NA,NA,NA,NA,NA,NA,1681.20345516,1.1706925977,0.21362815,1.846615e-08,7.805879e-08,NA,NA,NA,NA,NA,NA,NA,NA,NA,NA,1
LOC111122822,NA,NA,NA,NA,NA,NA,NA,NA,NA,NA,40.11233904,1.1698343424,0.39193218,0.001187185,0.002585988,NA,NA,NA,NA,NA,NA,NA,NA,NA,NA,1
LOC111122832,NA,NA,NA,NA,NA,NA,NA,NA,NA,NA,76.12391702,-1.3038563307,0.21874961,9.026653e-10,4.398442e-09,NA,NA,NA,NA,NA,NA,NA,NA,NA,NA,1
LOC111122836,NA,NA,NA,NA,NA,NA,NA,NA,NA,NA,168.52144234,1.2664641169,0.48996055,0.003466991,0.006912059,NA,NA,NA,NA,NA,NA,NA,NA,NA,NA,1
LOC111122853,NA,NA,NA,NA,NA,NA,NA,NA,NA,NA,135.68694753,-1.0061564849,0.53333555,0.02922532,0.04735421,NA,NA,NA,NA,NA,NA,NA,NA,NA,NA,1
LOC111122859,NA,NA,NA,NA,NA,NA,NA,NA,NA,NA,724.85868696,-1.2933002372,0.15783759,9.301207e-17,8.738732e-16,NA,NA,NA,NA,NA,NA,NA,NA,NA,NA,1
LOC111122865,NA,NA,NA,NA,NA,NA,NA,NA,NA,NA,35.58766166,2.5364831628,0.28393719,2.498107e-20,3.139474e-19,NA,NA,NA,NA,NA,NA,NA,NA,NA,NA,1
LOC111122879,NA,NA,NA,NA,NA,NA,NA,NA,NA,NA,55.74983146,2.686827983,0.53794973,2.704505e-08,1.120692e-07,NA,NA,NA,NA,NA,NA,NA,NA,NA,NA,1
LOC111122897,NA,NA,NA,NA,NA,NA,NA,NA,NA,NA,59.21047888,1.0453661259,0.2415285,7.663818e-06,2.368294e-05,NA,NA,NA,NA,NA,NA,NA,NA,NA,NA,1
LOC111122907,NA,NA,NA,NA,NA,NA,NA,NA,NA,NA,347.2917802,3.0581558422,0.36202263,1.031944e-18,1.129973e-17,NA,NA,NA,NA,NA,NA,NA,NA,NA,NA,1
LOC111122911,NA,NA,NA,NA,NA,NA,NA,NA,NA,NA,1617.06337007,-1.4711563888,0.24557401,5.800023e-10,2.890574e-09,NA,NA,NA,NA,NA,NA,NA,NA,NA,NA,1
LOC111122922,NA,NA,NA,NA,NA,NA,NA,NA,NA,NA,23.36705851,1.6621998173,0.30156091,7.240371e-09,3.207305e-08,NA,NA,NA,NA,NA,NA,NA,NA,NA,NA,1
LOC111122923,NA,NA,NA,NA,NA,NA,NA,NA,NA,NA,163.8483754,2.4074698398,0.32960252,1.934595e-14,1.478179e-13,NA,NA,NA,NA,NA,NA,NA,NA,NA,NA,1
LOC111122968,NA,NA,NA,NA,NA,NA,NA,NA,NA,NA,111.97358302,-1.3115683397,0.34872101,5.857097e-05,0.0001585557,NA,NA,NA,NA,NA,NA,NA,NA,NA,NA,1
LOC111122986,NA,NA,NA,NA,NA,NA,NA,NA,NA,NA,51.53708495,1.2401585741,0.20203041,3.288625e-10,1.681167e-09,NA,NA,NA,NA,NA,NA,NA,NA,NA,NA,1
LOC111122989,NA,NA,NA,NA,NA,NA,NA,NA,NA,NA,63.88200881,-1.0386314426,0.4822988,0.01509857,0.0261312,NA,NA,NA,NA,NA,NA,NA,NA,NA,NA,1
LOC111122990,NA,NA,NA,NA,NA,NA,NA,NA,NA,NA,97.08084647,1.8907390084,0.63481485,0.0003836139,0.0009152773,NA,NA,NA,NA,NA,NA,NA,NA,NA,NA,1
LOC111122995,NA,NA,NA,NA,NA,NA,NA,NA,NA,NA,94.61020279,-1.6020979255,0.22760785,4.397322e-13,2.996776e-12,NA,NA,NA,NA,NA,NA,NA,NA,NA,NA,1
LOC111123000,NA,NA,NA,NA,NA,NA,NA,NA,NA,NA,87.35674238,-1.4749453473,0.51298892,0.001050974,0.002316291,NA,NA,NA,NA,NA,NA,NA,NA,NA,NA,1
LOC111123001,NA,NA,NA,NA,NA,NA,NA,NA,NA,NA,358.71186153,-2.7330006042,0.26683432,6.309005e-26,1.174176e-24,NA,NA,NA,NA,NA,NA,NA,NA,NA,NA,1
LOC111123003,NA,NA,NA,NA,NA,NA,NA,NA,NA,NA,2920.20626003,1.3109124244,0.12848824,6.939386e-25,1.207633e-23,NA,NA,NA,NA,NA,NA,NA,NA,NA,NA,1
LOC111123004,NA,NA,NA,NA,NA,NA,NA,NA,NA,NA,138.17409755,2.0867420575,0.29265345,1.072682e-13,7.707205e-13,NA,NA,NA,NA,NA,NA,NA,NA,NA,NA,1
LOC111123011,NA,NA,NA,NA,NA,NA,NA,NA,NA,NA,24.86343546,1.382668442,0.29694421,1.013644e-06,3.495099e-06,NA,NA,NA,NA,NA,NA,NA,NA,NA,NA,1
LOC111123023,NA,NA,NA,NA,NA,NA,NA,NA,NA,NA,112.52291662,-2.1613531282,0.43404039,5.952231e-08,2.385343e-07,NA,NA,NA,NA,NA,NA,NA,NA,NA,NA,1
LOC111123029,NA,NA,NA,NA,NA,NA,NA,NA,NA,NA,74.0982644,1.7634492057,0.51825176,0.0001111424,0.0002903841,NA,NA,NA,NA,NA,NA,NA,NA,NA,NA,1
LOC111123038,NA,NA,NA,NA,NA,NA,NA,NA,NA,NA,106.26839814,-1.7023361083,0.21348446,2.981354e-16,2.665564e-15,NA,NA,NA,NA,NA,NA,NA,NA,NA,NA,1
LOC111123039,NA,NA,NA,NA,NA,NA,NA,NA,NA,NA,22.08417264,2.7598788107,0.42985253,6.060914e-12,3.68224e-11,NA,NA,NA,NA,NA,NA,NA,NA,NA,NA,1
LOC111123076,NA,NA,NA,NA,NA,NA,NA,NA,NA,NA,58.62233598,1.3628759974,0.31176036,3.990228e-06,1.277254e-05,NA,NA,NA,NA,NA,NA,NA,NA,NA,NA,1
LOC111123093,NA,NA,NA,NA,NA,NA,NA,NA,NA,NA,565.28880568,2.4913262645,0.34845061,5.416582e-14,3.985296e-13,NA,NA,NA,NA,NA,NA,NA,NA,NA,NA,1
LOC111123101,NA,NA,NA,NA,NA,NA,NA,NA,NA,NA,200.93032244,-2.1000576871,0.3665797,1.047947e-09,5.074071e-09,NA,NA,NA,NA,NA,NA,NA,NA,NA,NA,1
LOC111123111,NA,NA,NA,NA,NA,NA,NA,NA,NA,NA,54.53380556,3.1945799412,0.40881123,1.656202e-16,1.518775e-15,NA,NA,NA,NA,NA,NA,NA,NA,NA,NA,1
LOC111123121,NA,NA,NA,NA,NA,NA,NA,NA,NA,NA,61.54624507,1.6003607559,0.51612152,0.0004143522,0.0009801094,NA,NA,NA,NA,NA,NA,NA,NA,NA,NA,1
LOC111123123,NA,NA,NA,NA,NA,NA,NA,NA,NA,NA,171.95298313,-1.7369694595,0.47415771,4.368402e-05,0.0001207562,NA,NA,NA,NA,NA,NA,NA,NA,NA,NA,1
LOC111123125,NA,NA,NA,NA,NA,NA,NA,NA,NA,NA,109.54378221,-1.651016987,0.41476719,1.397342e-05,4.136843e-05,NA,NA,NA,NA,NA,NA,NA,NA,NA,NA,1
LOC111123127,NA,NA,NA,NA,NA,NA,NA,NA,NA,NA,1616.00072649,1.6199749999,0.26099724,1.18638e-10,6.400601e-10,NA,NA,NA,NA,NA,NA,NA,NA,NA,NA,1
LOC111123128,NA,NA,NA,NA,NA,NA,NA,NA,NA,NA,464.90380093,1.7388510145,0.30267262,1.663233e-09,7.858023e-09,NA,NA,NA,NA,NA,NA,NA,NA,NA,NA,1
LOC111123132,NA,NA,NA,NA,NA,NA,NA,NA,NA,NA,60.90660038,-1.1849982702,0.35585829,0.0003592002,0.0008614375,NA,NA,NA,NA,NA,NA,NA,NA,NA,NA,1
LOC111123134,NA,NA,NA,NA,NA,NA,NA,NA,NA,NA,28.31358467,1.2742753024,0.29659563,6.41687e-06,2.001421e-05,NA,NA,NA,NA,NA,NA,NA,NA,NA,NA,1
LOC111123147,NA,NA,NA,NA,NA,NA,NA,NA,NA,NA,125.88390933,-1.3205527003,0.35137317,5.842657e-05,0.0001582048,NA,NA,NA,NA,NA,NA,NA,NA,NA,NA,1
LOC111123195,NA,NA,NA,NA,NA,NA,NA,NA,NA,NA,78.76233632,2.1231793516,0.22369122,2.345601e-22,3.453962e-21,NA,NA,NA,NA,NA,NA,NA,NA,NA,NA,1
LOC111123198,NA,NA,NA,NA,NA,NA,NA,NA,NA,NA,248.53001336,-1.8868100579,0.21919553,1.084579e-18,1.183981e-17,NA,NA,NA,NA,NA,NA,NA,NA,NA,NA,1
LOC111123199,NA,NA,NA,NA,NA,NA,NA,NA,NA,NA,118.92475262,-2.0498569185,0.18924254,2.792599e-28,6.023472e-27,NA,NA,NA,NA,NA,NA,NA,NA,NA,NA,1
LOC111123205,NA,NA,NA,NA,NA,NA,NA,NA,NA,NA,38.52290912,1.8315560499,0.6913111,0.001146549,0.002506322,NA,NA,NA,NA,NA,NA,NA,NA,NA,NA,1
LOC111123211,NA,NA,NA,NA,NA,NA,NA,NA,NA,NA,2960.4126385,1.2402448019,0.16930256,9.429527e-14,6.816219e-13,NA,NA,NA,NA,NA,NA,NA,NA,NA,NA,1
LOC111123220,NA,NA,NA,NA,NA,NA,NA,NA,NA,NA,104.13285566,1.1446068271,0.20524052,1.103295e-08,4.784515e-08,NA,NA,NA,NA,NA,NA,NA,NA,NA,NA,1
LOC111123221,NA,NA,NA,NA,NA,NA,NA,NA,NA,NA,86.94412077,-1.2401270302,0.20789216,9.633326e-10,4.683413e-09,NA,NA,NA,NA,NA,NA,NA,NA,NA,NA,1
LOC111123228,NA,NA,NA,NA,NA,NA,NA,NA,NA,NA,62.4439243,-1.4641194235,0.24932949,1.205791e-09,5.78348e-09,NA,NA,NA,NA,NA,NA,NA,NA,NA,NA,1
LOC111123240,NA,NA,NA,NA,NA,NA,NA,NA,NA,NA,358.5475688,-1.0997605955,0.23883948,1.965159e-06,6.522137e-06,NA,NA,NA,NA,NA,NA,NA,NA,NA,NA,1
LOC111123256,NA,NA,NA,NA,NA,NA,NA,NA,NA,NA,55.13538199,-1.2735522797,0.28145984,2.24294e-06,7.380086e-06,NA,NA,NA,NA,NA,NA,NA,NA,NA,NA,1
LOC111123272,NA,NA,NA,NA,NA,NA,NA,NA,NA,NA,244.38523448,3.0227017461,0.54687682,1.041867e-09,5.046912e-09,NA,NA,NA,NA,NA,NA,NA,NA,NA,NA,1
LOC111123278,NA,NA,NA,NA,NA,NA,NA,NA,NA,NA,481.04904036,-1.4915367263,0.61984737,0.003951846,0.00778317,NA,NA,NA,NA,NA,NA,NA,NA,NA,NA,1
LOC111123286,NA,NA,NA,NA,NA,NA,NA,NA,NA,NA,4760.94594452,1.2431473568,0.47846898,0.003458262,0.006897684,NA,NA,NA,NA,NA,NA,NA,NA,NA,NA,1
LOC111123305,NA,NA,NA,NA,NA,NA,NA,NA,NA,NA,1147.56004058,1.9034207668,0.43426436,1.600682e-06,5.374039e-06,NA,NA,NA,NA,NA,NA,NA,NA,NA,NA,1
LOC111123308,NA,NA,NA,NA,NA,NA,NA,NA,NA,NA,25.18814712,1.1766018683,0.42155586,0.002160082,0.004486743,NA,NA,NA,NA,NA,NA,NA,NA,NA,NA,1
LOC111123316,NA,NA,NA,NA,NA,NA,NA,NA,NA,NA,20.43755168,1.623302895,0.50077774,0.0002472671,0.0006099179,NA,NA,NA,NA,NA,NA,NA,NA,NA,NA,1
LOC111123319,NA,NA,NA,NA,NA,NA,NA,NA,NA,NA,44.58460066,1.5314749771,0.28676682,2.327176e-08,9.72955e-08,NA,NA,NA,NA,NA,NA,NA,NA,NA,NA,1
LOC111123323,NA,NA,NA,NA,NA,NA,NA,NA,NA,NA,20.4646088,1.0748416681,0.30130618,0.0001748813,0.0004412161,NA,NA,NA,NA,NA,NA,NA,NA,NA,NA,1
LOC111123325,NA,NA,NA,NA,NA,NA,NA,NA,NA,NA,62.29268744,2.1664027741,0.48661249,7.782374e-07,2.721039e-06,NA,NA,NA,NA,NA,NA,NA,NA,NA,NA,1
LOC111123337,NA,NA,NA,NA,NA,NA,NA,NA,NA,NA,146.73536487,-2.0707467184,0.27404345,4.565015e-15,3.69057e-14,NA,NA,NA,NA,NA,NA,NA,NA,NA,NA,1
LOC111123343,NA,NA,NA,NA,NA,NA,NA,NA,NA,NA,42.33201125,1.3738190896,0.20008354,2.137928e-12,1.360153e-11,NA,NA,NA,NA,NA,NA,NA,NA,NA,NA,1
LOC111123346,NA,NA,NA,NA,NA,NA,NA,NA,NA,NA,218.58507243,1.5732537106,0.22169203,3.038303e-13,2.094573e-12,NA,NA,NA,NA,NA,NA,NA,NA,NA,NA,1
LOC111123347,NA,NA,NA,NA,NA,NA,NA,NA,NA,NA,300.79992441,1.5118319609,0.27696858,1.245001e-08,5.357854e-08,NA,NA,NA,NA,NA,NA,NA,NA,NA,NA,1
LOC111123353,NA,NA,NA,NA,NA,NA,NA,NA,NA,NA,21.4151228,2.2495171004,0.33713541,2.132504e-12,1.358278e-11,NA,NA,NA,NA,NA,NA,NA,NA,NA,NA,1
LOC111123357,NA,NA,NA,NA,NA,NA,NA,NA,NA,NA,114.62234632,1.1439377044,0.37009287,0.0008692011,0.001945675,NA,NA,NA,NA,NA,NA,NA,NA,NA,NA,1
LOC111123358,NA,NA,NA,NA,NA,NA,NA,NA,NA,NA,94.3296139,1.5747046259,0.25641371,1.930574e-10,1.015992e-09,NA,NA,NA,NA,NA,NA,NA,NA,NA,NA,1
LOC111123367,NA,NA,NA,NA,NA,NA,NA,NA,NA,NA,30.33847161,2.4597923973,0.2902003,1.532527e-18,1.649467e-17,NA,NA,NA,NA,NA,NA,NA,NA,NA,NA,1
LOC111123372,NA,NA,NA,NA,NA,NA,NA,NA,NA,NA,109.72093003,-2.8357856033,0.28298234,5.443971e-25,9.58282e-24,NA,NA,NA,NA,NA,NA,NA,NA,NA,NA,1
LOC111123388,NA,NA,NA,NA,NA,NA,NA,NA,NA,NA,70.05937847,2.8853365422,0.41578008,1.555872e-13,1.100921e-12,NA,NA,NA,NA,NA,NA,NA,NA,NA,NA,1
LOC111123399,NA,NA,NA,NA,NA,NA,NA,NA,NA,NA,117.83526694,1.7693709508,0.26886076,8.105266e-12,4.870429e-11,NA,NA,NA,NA,NA,NA,NA,NA,NA,NA,1
LOC111123411,NA,NA,NA,NA,NA,NA,NA,NA,NA,NA,64.0286281,1.1323994862,0.35677888,0.0006675001,0.001527669,NA,NA,NA,NA,NA,NA,NA,NA,NA,NA,1
LOC111123415,NA,NA,NA,NA,NA,NA,NA,NA,NA,NA,1524.09579014,-1.1299508763,0.26848745,1.167469e-05,3.491008e-05,NA,NA,NA,NA,NA,NA,NA,NA,NA,NA,1
LOC111123416,NA,NA,NA,NA,NA,NA,NA,NA,NA,NA,326.83390186,-2.0505697299,0.22252885,3.561346e-21,4.814329e-20,NA,NA,NA,NA,NA,NA,NA,NA,NA,NA,1
LOC111123422,NA,NA,NA,NA,NA,NA,NA,NA,NA,NA,183.83556062,1.6117112025,0.46292273,0.0001065516,0.0002789335,NA,NA,NA,NA,NA,NA,NA,NA,NA,NA,1
LOC111123432,NA,NA,NA,NA,NA,NA,NA,NA,NA,NA,62.77932826,-1.7770284025,0.26800408,5.730553e-12,3.486466e-11,NA,NA,NA,NA,NA,NA,NA,NA,NA,NA,1
LOC111123451,NA,NA,NA,NA,NA,NA,NA,NA,NA,NA,1013.79368094,1.6075758338,0.2544494,5.94155e-11,3.305315e-10,NA,NA,NA,NA,NA,NA,NA,NA,NA,NA,1
LOC111123453,NA,NA,NA,NA,NA,NA,NA,NA,NA,NA,59.41961169,1.0854786196,0.48810482,0.01188345,0.02108068,NA,NA,NA,NA,NA,NA,NA,NA,NA,NA,1
LOC111123464,NA,NA,NA,NA,NA,NA,NA,NA,NA,NA,42.67676255,1.5611086649,0.35617563,2.770933e-06,9.034185e-06,NA,NA,NA,NA,NA,NA,NA,NA,NA,NA,1
LOC111123475,NA,NA,NA,NA,NA,NA,NA,NA,NA,NA,56.87647406,1.1236452258,0.42647053,0.003710657,0.00734865,NA,NA,NA,NA,NA,NA,NA,NA,NA,NA,1
LOC111123479,NA,NA,NA,NA,NA,NA,NA,NA,NA,NA,491.53476535,1.9151866843,0.41884088,6.494187e-07,2.293828e-06,NA,NA,NA,NA,NA,NA,NA,NA,NA,NA,1
LOC111123492,NA,NA,NA,NA,NA,NA,NA,NA,NA,NA,1217.73769763,1.256818371,0.2488623,1.687271e-07,6.443728e-07,NA,NA,NA,NA,NA,NA,NA,NA,NA,NA,1
LOC111123494,NA,NA,NA,NA,NA,NA,NA,NA,NA,NA,229.00602208,-2.2328587795,0.40921235,4.133317e-09,1.871164e-08,NA,NA,NA,NA,NA,NA,NA,NA,NA,NA,1
LOC111123535,NA,NA,NA,NA,NA,NA,NA,NA,NA,NA,168.77273754,2.7512025882,0.21024061,1.951732e-40,8.681561e-39,NA,NA,NA,NA,NA,NA,NA,NA,NA,NA,1
LOC111123540,NA,NA,NA,NA,NA,NA,NA,NA,NA,NA,601.87559886,-1.451254316,0.68457592,0.008630302,0.01578247,NA,NA,NA,NA,NA,NA,NA,NA,NA,NA,1
LOC111123623,NA,NA,NA,NA,NA,NA,NA,NA,NA,NA,3099.06158743,1.3952984984,0.40215217,0.0001574789,0.0004004207,NA,NA,NA,NA,NA,NA,NA,NA,NA,NA,1
LOC111123624,NA,NA,NA,NA,NA,NA,NA,NA,NA,NA,104.79224862,1.9342469657,0.41313959,3.727953e-07,1.360233e-06,NA,NA,NA,NA,NA,NA,NA,NA,NA,NA,1
LOC111123661,NA,NA,NA,NA,NA,NA,NA,NA,NA,NA,133.84743258,-1.5698476782,0.28755867,1.130612e-08,4.899013e-08,NA,NA,NA,NA,NA,NA,NA,NA,NA,NA,1
LOC111123666,NA,NA,NA,NA,NA,NA,NA,NA,NA,NA,327.33282396,-1.9151338817,0.28566414,2.800253e-12,1.757099e-11,NA,NA,NA,NA,NA,NA,NA,NA,NA,NA,1
LOC111123675,NA,NA,NA,NA,NA,NA,NA,NA,NA,NA,53.1938328,2.0486623414,0.63907967,0.0001401909,0.000359877,NA,NA,NA,NA,NA,NA,NA,NA,NA,NA,1
LOC111123691,NA,NA,NA,NA,NA,NA,NA,NA,NA,NA,457.69715364,1.3208137864,0.47524075,0.001801816,0.003791063,NA,NA,NA,NA,NA,NA,NA,NA,NA,NA,1
LOC111123734,NA,NA,NA,NA,NA,NA,NA,NA,NA,NA,2050.0302243,-1.2403067874,0.39969763,0.0007253472,0.001649495,NA,NA,NA,NA,NA,NA,NA,NA,NA,NA,1
LOC111123743,NA,NA,NA,NA,NA,NA,NA,NA,NA,NA,215.62463866,1.2602463368,0.30683813,1.506947e-05,4.44048e-05,NA,NA,NA,NA,NA,NA,NA,NA,NA,NA,1
LOC111123753,NA,NA,NA,NA,NA,NA,NA,NA,NA,NA,210.23697202,1.2457105131,0.1945251,5.939319e-11,3.305315e-10,NA,NA,NA,NA,NA,NA,NA,NA,NA,NA,1
LOC111123781,NA,NA,NA,NA,NA,NA,NA,NA,NA,NA,33.34102879,1.2238693688,0.65838767,0.0223573,0.03726216,NA,NA,NA,NA,NA,NA,NA,NA,NA,NA,1
LOC111123784,NA,NA,NA,NA,NA,NA,NA,NA,NA,NA,298.22568163,-1.0205307959,0.21282689,8.590779e-07,2.986159e-06,NA,NA,NA,NA,NA,NA,NA,NA,NA,NA,1
LOC111123791,NA,NA,NA,NA,NA,NA,NA,NA,NA,NA,378.08205709,1.1436040094,0.23595477,5.634293e-07,2.007966e-06,NA,NA,NA,NA,NA,NA,NA,NA,NA,NA,1
LOC111123795,NA,NA,NA,NA,NA,NA,NA,NA,NA,NA,71.59164906,4.2349714275,0.34874854,9.44484e-36,3.17394e-34,NA,NA,NA,NA,NA,NA,NA,NA,NA,NA,1
LOC111123806,NA,NA,NA,NA,NA,NA,NA,NA,NA,NA,738.9487143,1.2013524446,0.39909306,0.001044176,0.002302256,NA,NA,NA,NA,NA,NA,NA,NA,NA,NA,1
LOC111123827,NA,NA,NA,NA,NA,NA,NA,NA,NA,NA,251.99305419,-1.0585430222,0.15613613,6.125245e-12,3.716051e-11,NA,NA,NA,NA,NA,NA,NA,NA,NA,NA,1
LOC111123841,NA,NA,NA,NA,NA,NA,NA,NA,NA,NA,64.49952617,-1.2236326795,0.25231268,4.955078e-07,1.7819e-06,NA,NA,NA,NA,NA,NA,NA,NA,NA,NA,1
LOC111123858,NA,NA,NA,NA,NA,NA,NA,NA,NA,NA,158.24695791,-2.2373499575,0.29889305,6.19857e-15,4.944097e-14,NA,NA,NA,NA,NA,NA,NA,NA,NA,NA,1
LOC111123867,NA,NA,NA,NA,NA,NA,NA,NA,NA,NA,5164.68485247,1.6393200912,0.46810461,9.443929e-05,0.0002489278,NA,NA,NA,NA,NA,NA,NA,NA,NA,NA,1
LOC111123879,NA,NA,NA,NA,NA,NA,NA,NA,NA,NA,220.86419829,-2.6766431136,0.27745594,2.628332e-23,4.143488e-22,NA,NA,NA,NA,NA,NA,NA,NA,NA,NA,1
LOC111123881,NA,NA,NA,NA,NA,NA,NA,NA,NA,NA,54.83972827,1.3870487506,0.31286992,2.893981e-06,9.398206e-06,NA,NA,NA,NA,NA,NA,NA,NA,NA,NA,1
LOC111123890,NA,NA,NA,NA,NA,NA,NA,NA,NA,NA,406.57929072,-1.1786229999,0.16965943,1.613649e-12,1.040187e-11,NA,NA,NA,NA,NA,NA,NA,NA,NA,NA,1
LOC111123896,NA,NA,NA,NA,NA,NA,NA,NA,NA,NA,99.08283719,-1.9655570198,0.4381888,9.041398e-07,3.13365e-06,NA,NA,NA,NA,NA,NA,NA,NA,NA,NA,1
LOC111123898,NA,NA,NA,NA,NA,NA,NA,NA,NA,NA,105.67848303,-2.638378481,0.25514997,2.519631e-26,4.823294e-25,NA,NA,NA,NA,NA,NA,NA,NA,NA,NA,1
LOC111123905,NA,NA,NA,NA,NA,NA,NA,NA,NA,NA,50.25346486,1.092282785,0.245405,4.100318e-06,1.31171e-05,NA,NA,NA,NA,NA,NA,NA,NA,NA,NA,1
LOC111123907,NA,NA,NA,NA,NA,NA,NA,NA,NA,NA,775.99451423,1.6521889662,0.1719887,1.586734e-22,2.365756e-21,NA,NA,NA,NA,NA,NA,NA,NA,NA,NA,1
LOC111123913,NA,NA,NA,NA,NA,NA,NA,NA,NA,NA,59.44248085,1.2485689355,0.2854436,4.685092e-06,1.48989e-05,NA,NA,NA,NA,NA,NA,NA,NA,NA,NA,1
LOC111123916,NA,NA,NA,NA,NA,NA,NA,NA,NA,NA,218.68816763,1.2442960479,0.32191939,4.258355e-05,0.0001180185,NA,NA,NA,NA,NA,NA,NA,NA,NA,NA,1
LOC111123928,NA,NA,NA,NA,NA,NA,NA,NA,NA,NA,900.59552699,3.893738883,0.40265802,7.282813e-24,1.188307e-22,NA,NA,NA,NA,NA,NA,NA,NA,NA,NA,1
LOC111123938,NA,NA,NA,NA,NA,NA,NA,NA,NA,NA,470.50429687,-1.0380472959,0.29954089,0.0002689272,0.0006568466,NA,NA,NA,NA,NA,NA,NA,NA,NA,NA,1
LOC111123940,NA,NA,NA,NA,NA,NA,NA,NA,NA,NA,238.93782443,-2.8081169633,0.38931611,2.371164e-14,1.797657e-13,NA,NA,NA,NA,NA,NA,NA,NA,NA,NA,1
LOC111123952,NA,NA,NA,NA,NA,NA,NA,NA,NA,NA,3571.0759789,1.2371500705,0.16988487,1.307076e-13,9.291683e-13,NA,NA,NA,NA,NA,NA,NA,NA,NA,NA,1
LOC111123954,NA,NA,NA,NA,NA,NA,NA,NA,NA,NA,396.66721522,1.1596249435,0.14083136,8.057691e-17,7.630605e-16,NA,NA,NA,NA,NA,NA,NA,NA,NA,NA,1
LOC111123959,NA,NA,NA,NA,NA,NA,NA,NA,NA,NA,98.70311273,-1.6243188284,0.28473021,2.530182e-09,1.169118e-08,NA,NA,NA,NA,NA,NA,NA,NA,NA,NA,1
LOC111123967,NA,NA,NA,NA,NA,NA,NA,NA,NA,NA,37.21366399,1.5472210569,0.52025337,0.0006839963,0.001561423,NA,NA,NA,NA,NA,NA,NA,NA,NA,NA,1
LOC111123971,NA,NA,NA,NA,NA,NA,NA,NA,NA,NA,555.80452159,-1.3012851049,0.20005693,2.815341e-11,1.608766e-10,NA,NA,NA,NA,NA,NA,NA,NA,NA,NA,1
LOC111123976,NA,NA,NA,NA,NA,NA,NA,NA,NA,NA,126.25475997,-1.0397602909,0.20313841,1.591807e-07,6.100883e-07,NA,NA,NA,NA,NA,NA,NA,NA,NA,NA,1
LOC111123977,NA,NA,NA,NA,NA,NA,NA,NA,NA,NA,173.00300893,3.6319518856,0.46460138,1.108802e-16,1.035397e-15,NA,NA,NA,NA,NA,NA,NA,NA,NA,NA,1
LOC111123987,NA,NA,NA,NA,NA,NA,NA,NA,NA,NA,158.17866971,-3.5488115546,0.2702563,5.347373e-41,2.428976e-39,NA,NA,NA,NA,NA,NA,NA,NA,NA,NA,1
LOC111123992,NA,NA,NA,NA,NA,NA,NA,NA,NA,NA,289.91542094,-3.7447781389,0.25979853,9.083052e-49,5.999504e-47,NA,NA,NA,NA,NA,NA,NA,NA,NA,NA,1
LOC111123995,NA,NA,NA,NA,NA,NA,NA,NA,NA,NA,135.57249118,1.745891425,0.37270586,4.963067e-07,1.784174e-06,NA,NA,NA,NA,NA,NA,NA,NA,NA,NA,1
LOC111123999,NA,NA,NA,NA,NA,NA,NA,NA,NA,NA,39.50302001,-1.0984202822,0.26335352,1.438422e-05,4.247902e-05,NA,NA,NA,NA,NA,NA,NA,NA,NA,NA,1
LOC111124008,NA,NA,NA,NA,NA,NA,NA,NA,NA,NA,39.08704341,1.5382375795,0.36596555,6.440914e-06,2.007752e-05,NA,NA,NA,NA,NA,NA,NA,NA,NA,NA,1
LOC111124011,NA,NA,NA,NA,NA,NA,NA,NA,NA,NA,225.96994537,-1.1252122217,0.36135712,0.0008265683,0.001859172,NA,NA,NA,NA,NA,NA,NA,NA,NA,NA,1
LOC111124015,NA,NA,NA,NA,NA,NA,NA,NA,NA,NA,261.04252378,1.7158540089,0.15396445,1.458229e-29,3.405711e-28,NA,NA,NA,NA,NA,NA,NA,NA,NA,NA,1
LOC111124016,NA,NA,NA,NA,NA,NA,NA,NA,NA,NA,6760.98393794,2.6357652774,0.18149225,4.856568e-49,3.295089e-47,NA,NA,NA,NA,NA,NA,NA,NA,NA,NA,1
LOC111124035,NA,NA,NA,NA,NA,NA,NA,NA,NA,NA,22.46067118,2.6002469413,0.33763189,7.42696e-16,6.384684e-15,NA,NA,NA,NA,NA,NA,NA,NA,NA,NA,1
LOC111124043,NA,NA,NA,NA,NA,NA,NA,NA,NA,NA,120.53471287,5.7417545419,0.29064147,4.82421e-89,1.124251e-86,NA,NA,NA,NA,NA,NA,NA,NA,NA,NA,1
LOC111124059,NA,NA,NA,NA,NA,NA,NA,NA,NA,NA,93.89249398,1.016584404,0.30789665,0.0005003586,0.001170378,NA,NA,NA,NA,NA,NA,NA,NA,NA,NA,1
LOC111124075,NA,NA,NA,NA,NA,NA,NA,NA,NA,NA,104.83298254,-2.1417900257,0.32365929,3.602272e-12,2.236037e-11,NA,NA,NA,NA,NA,NA,NA,NA,NA,NA,1
LOC111124097,NA,NA,NA,NA,NA,NA,NA,NA,NA,NA,21.11874865,2.6126790955,0.32820722,9.364882e-17,8.790852e-16,NA,NA,NA,NA,NA,NA,NA,NA,NA,NA,1
LOC111124102,NA,NA,NA,NA,NA,NA,NA,NA,NA,NA,28.96997512,3.3851393558,0.41925719,1.733221e-17,1.733221e-16,NA,NA,NA,NA,NA,NA,NA,NA,NA,NA,1
LOC111124103,NA,NA,NA,NA,NA,NA,NA,NA,NA,NA,93.11387406,4.8896459839,0.36626568,1.213006e-42,5.883903e-41,NA,NA,NA,NA,NA,NA,NA,NA,NA,NA,1
LOC111124119,NA,NA,NA,NA,NA,NA,NA,NA,NA,NA,672.26282243,1.1384540078,0.35914177,0.0006709909,0.001534718,NA,NA,NA,NA,NA,NA,NA,NA,NA,NA,1
LOC111124154,NA,NA,NA,NA,NA,NA,NA,NA,NA,NA,52.85059243,3.2804451904,0.44344126,3.78156e-15,3.08042e-14,NA,NA,NA,NA,NA,NA,NA,NA,NA,NA,1
LOC111124155,NA,NA,NA,NA,NA,NA,NA,NA,NA,NA,306.38848252,-3.0682429892,0.19616974,1.41824e-56,1.338529e-54,NA,NA,NA,NA,NA,NA,NA,NA,NA,NA,1
LOC111124172,NA,NA,NA,NA,NA,NA,NA,NA,NA,NA,320.2298246,-1.7771919723,0.22044367,1.296194e-16,1.202007e-15,NA,NA,NA,NA,NA,NA,NA,NA,NA,NA,1
LOC111124177,NA,NA,NA,NA,NA,NA,NA,NA,NA,NA,115.23847999,-1.9123088288,0.26607438,9.214508e-14,6.669786e-13,NA,NA,NA,NA,NA,NA,NA,NA,NA,NA,1
LOC111124199,NA,NA,NA,NA,NA,NA,NA,NA,NA,NA,76.2179511,-1.2030282021,0.21785915,1.390379e-08,5.9548e-08,NA,NA,NA,NA,NA,NA,NA,NA,NA,NA,1
LOC111124218,NA,NA,NA,NA,NA,NA,NA,NA,NA,NA,231.55470031,-1.2454232115,0.23931171,7.586608e-08,3.012164e-07,NA,NA,NA,NA,NA,NA,NA,NA,NA,NA,1
LOC111124220,NA,NA,NA,NA,NA,NA,NA,NA,NA,NA,209.58813063,-1.3090817784,0.24999453,5.800975e-08,2.327337e-07,NA,NA,NA,NA,NA,NA,NA,NA,NA,NA,1
LOC111124221,NA,NA,NA,NA,NA,NA,NA,NA,NA,NA,82.32912441,-1.2529780141,0.1904918,1.855992e-11,1.077219e-10,NA,NA,NA,NA,NA,NA,NA,NA,NA,NA,1
LOC111124244,NA,NA,NA,NA,NA,NA,NA,NA,NA,NA,340.13763429,-1.6516926229,0.45256984,5.289147e-05,0.0001445314,NA,NA,NA,NA,NA,NA,NA,NA,NA,NA,1
LOC111124261,NA,NA,NA,NA,NA,NA,NA,NA,NA,NA,4010.01285059,2.3407801231,0.45724882,2.22606e-08,9.332564e-08,NA,NA,NA,NA,NA,NA,NA,NA,NA,NA,1
LOC111124262,NA,NA,NA,NA,NA,NA,NA,NA,NA,NA,166.81807148,-1.961082127,0.21425996,7.233071e-21,9.513929e-20,NA,NA,NA,NA,NA,NA,NA,NA,NA,NA,1
LOC111124264,NA,NA,NA,NA,NA,NA,NA,NA,NA,NA,6087.70522107,3.11615092,0.42128382,4.439661e-15,3.591937e-14,NA,NA,NA,NA,NA,NA,NA,NA,NA,NA,1
LOC111124270,NA,NA,NA,NA,NA,NA,NA,NA,NA,NA,242.03539742,-2.2978723248,0.2221656,3.674173e-26,6.946585e-25,NA,NA,NA,NA,NA,NA,NA,NA,NA,NA,1
LOC111124277,NA,NA,NA,NA,NA,NA,NA,NA,NA,NA,113.12123651,-2.4936252739,0.43738158,7.156947e-10,3.529093e-09,NA,NA,NA,NA,NA,NA,NA,NA,NA,NA,1
LOC111124294,NA,NA,NA,NA,NA,NA,NA,NA,NA,NA,95.34393443,-1.76209024,0.22443653,7.276826e-16,6.26064e-15,NA,NA,NA,NA,NA,NA,NA,NA,NA,NA,1
LOC111124301,NA,NA,NA,NA,NA,NA,NA,NA,NA,NA,407.70835467,-1.9658056937,0.23181074,2.903367e-18,3.063395e-17,NA,NA,NA,NA,NA,NA,NA,NA,NA,NA,1
LOC111124337,NA,NA,NA,NA,NA,NA,NA,NA,NA,NA,39.26291468,1.3844679431,0.34247474,1.645409e-05,4.821975e-05,NA,NA,NA,NA,NA,NA,NA,NA,NA,NA,1
LOC111124341,NA,NA,NA,NA,NA,NA,NA,NA,NA,NA,63.61641973,1.3879301543,0.75509935,0.01777181,0.03026431,NA,NA,NA,NA,NA,NA,NA,NA,NA,NA,1
LOC111124351,NA,NA,NA,NA,NA,NA,NA,NA,NA,NA,306.35981016,-2.5292063939,0.19334291,2.62427e-40,1.162487e-38,NA,NA,NA,NA,NA,NA,NA,NA,NA,NA,1
LOC111124352,NA,NA,NA,NA,NA,NA,NA,NA,NA,NA,125.71670761,-1.6041415585,0.50782819,0.0003387872,0.0008159512,NA,NA,NA,NA,NA,NA,NA,NA,NA,NA,1
LOC111124359,NA,NA,NA,NA,NA,NA,NA,NA,NA,NA,53.31967265,-1.733522392,0.28384068,1.853486e-10,9.783049e-10,NA,NA,NA,NA,NA,NA,NA,NA,NA,NA,1
LOC111124360,NA,NA,NA,NA,NA,NA,NA,NA,NA,NA,237.62215857,1.3368507279,0.27615154,4.373253e-07,1.583292e-06,NA,NA,NA,NA,NA,NA,NA,NA,NA,NA,1
LOC111124412,NA,NA,NA,NA,NA,NA,NA,NA,NA,NA,324.34232722,-2.1635523547,0.32028682,1.36613e-12,8.875703e-12,NA,NA,NA,NA,NA,NA,NA,NA,NA,NA,1
LOC111124418,NA,NA,NA,NA,NA,NA,NA,NA,NA,NA,306.15756775,1.0117389507,0.31263364,0.000633776,0.001456394,NA,NA,NA,NA,NA,NA,NA,NA,NA,NA,1
LOC111124431,NA,NA,NA,NA,NA,NA,NA,NA,NA,NA,153.84535991,-1.4410024549,0.44882799,0.0003693085,0.0008831111,NA,NA,NA,NA,NA,NA,NA,NA,NA,NA,1
LOC111124477,NA,NA,NA,NA,NA,NA,NA,NA,NA,NA,82.74626961,-1.363595954,0.54529723,0.003769898,0.007454954,NA,NA,NA,NA,NA,NA,NA,NA,NA,NA,1
LOC111124486,NA,NA,NA,NA,NA,NA,NA,NA,NA,NA,130.54622063,-1.8549741322,0.21561828,1.18829e-18,1.291934e-17,NA,NA,NA,NA,NA,NA,NA,NA,NA,NA,1
LOC111124487,NA,NA,NA,NA,NA,NA,NA,NA,NA,NA,73.15542409,-1.1358034543,0.28157821,2.468247e-05,7.06909e-05,NA,NA,NA,NA,NA,NA,NA,NA,NA,NA,1
LOC111124498,NA,NA,NA,NA,NA,NA,NA,NA,NA,NA,194.35196391,-2.5469571526,0.34817416,1.500843e-14,1.154992e-13,NA,NA,NA,NA,NA,NA,NA,NA,NA,NA,1
LOC111124500,NA,NA,NA,NA,NA,NA,NA,NA,NA,NA,89.72734046,1.5678319823,0.33787271,8.1773e-07,2.847974e-06,NA,NA,NA,NA,NA,NA,NA,NA,NA,NA,1
LOC111124504,NA,NA,NA,NA,NA,NA,NA,NA,NA,NA,86.71597353,1.6418515575,0.22402761,4.951836e-14,3.656395e-13,NA,NA,NA,NA,NA,NA,NA,NA,NA,NA,1
LOC111124508,NA,NA,NA,NA,NA,NA,NA,NA,NA,NA,104.77471211,-1.1383809829,0.22100924,1.175374e-07,4.563567e-07,NA,NA,NA,NA,NA,NA,NA,NA,NA,NA,1
LOC111124509,NA,NA,NA,NA,NA,NA,NA,NA,NA,NA,106.59181723,2.681589987,0.27049217,1.880553e-24,3.169736e-23,NA,NA,NA,NA,NA,NA,NA,NA,NA,NA,1
LOC111124521,NA,NA,NA,NA,NA,NA,NA,NA,NA,NA,1097.72957654,1.4685446638,0.20423683,1.811434e-13,1.275859e-12,NA,NA,NA,NA,NA,NA,NA,NA,NA,NA,1
LOC111124528,NA,NA,NA,NA,NA,NA,NA,NA,NA,NA,298.66473399,1.1035673952,0.2782853,3.43711e-05,9.645502e-05,NA,NA,NA,NA,NA,NA,NA,NA,NA,NA,1
LOC111124550,NA,NA,NA,NA,NA,NA,NA,NA,NA,NA,103.87554313,-1.1742435518,0.2706384,6.127506e-06,1.915069e-05,NA,NA,NA,NA,NA,NA,NA,NA,NA,NA,1
LOC111124552,NA,NA,NA,NA,NA,NA,NA,NA,NA,NA,673.23920738,-1.4305732684,0.24242762,1.067789e-09,5.158494e-09,NA,NA,NA,NA,NA,NA,NA,NA,NA,NA,1
LOC111124556,NA,NA,NA,NA,NA,NA,NA,NA,NA,NA,138.38932989,-1.6976674806,0.34643682,1.83197e-07,6.961617e-07,NA,NA,NA,NA,NA,NA,NA,NA,NA,NA,1
LOC111124575,NA,NA,NA,NA,NA,NA,NA,NA,NA,NA,391.57043673,-5.1170575663,0.23695252,1.918357e-105,7.909532e-103,NA,NA,NA,NA,NA,NA,NA,NA,NA,NA,1
LOC111124578,NA,NA,NA,NA,NA,NA,NA,NA,NA,NA,238.33251619,-1.2634328358,0.23768514,4.035246e-08,1.64541e-07,NA,NA,NA,NA,NA,NA,NA,NA,NA,NA,1
LOC111124580,NA,NA,NA,NA,NA,NA,NA,NA,NA,NA,428.41574664,-1.0432529724,0.3387353,0.001035741,0.002286009,NA,NA,NA,NA,NA,NA,NA,NA,NA,NA,1
LOC111124586,NA,NA,NA,NA,NA,NA,NA,NA,NA,NA,47.44691151,-1.1870139789,0.25584014,1.470692e-06,4.957804e-06,NA,NA,NA,NA,NA,NA,NA,NA,NA,NA,1
LOC111124588,NA,NA,NA,NA,NA,NA,NA,NA,NA,NA,274.84695904,-2.2399625068,0.30400913,1.497943e-14,1.153589e-13,NA,NA,NA,NA,NA,NA,NA,NA,NA,NA,1
LOC111124589,NA,NA,NA,NA,NA,NA,NA,NA,NA,NA,376.58939056,1.1240510929,0.26793536,1.248294e-05,3.71611e-05,NA,NA,NA,NA,NA,NA,NA,NA,NA,NA,1
LOC111124590,NA,NA,NA,NA,NA,NA,NA,NA,NA,NA,172.37177746,1.0833811031,0.29860016,0.0001369438,0.0003520473,NA,NA,NA,NA,NA,NA,NA,NA,NA,NA,1
LOC111124593,NA,NA,NA,NA,NA,NA,NA,NA,NA,NA,76.87918738,2.1868673264,0.32286631,1.16558e-12,7.628213e-12,NA,NA,NA,NA,NA,NA,NA,NA,NA,NA,1
LOC111124595,NA,NA,NA,NA,NA,NA,NA,NA,NA,NA,70.5387418,-1.961436572,0.26107823,7.489648e-15,5.92102e-14,NA,NA,NA,NA,NA,NA,NA,NA,NA,NA,1
LOC111124598,NA,NA,NA,NA,NA,NA,NA,NA,NA,NA,58.59764037,-1.1346413725,0.34282111,0.0004147271,0.0009807797,NA,NA,NA,NA,NA,NA,NA,NA,NA,NA,1
LOC111124606,NA,NA,NA,NA,NA,NA,NA,NA,NA,NA,299.21097505,1.1553439385,0.14890779,3.838929e-15,3.122406e-14,NA,NA,NA,NA,NA,NA,NA,NA,NA,NA,1
LOC111124613,NA,NA,NA,NA,NA,NA,NA,NA,NA,NA,78.67163547,-1.3199045302,0.26402508,2.003146e-07,7.574507e-07,NA,NA,NA,NA,NA,NA,NA,NA,NA,NA,1
LOC111124615,NA,NA,NA,NA,NA,NA,NA,NA,NA,NA,91.77568794,-2.0161655678,0.24506648,2.297208e-17,2.273876e-16,NA,NA,NA,NA,NA,NA,NA,NA,NA,NA,1
LOC111124617,NA,NA,NA,NA,NA,NA,NA,NA,NA,NA,315.25186673,-3.5497709711,0.3006944,8.863114e-34,2.676411e-32,NA,NA,NA,NA,NA,NA,NA,NA,NA,NA,1
LOC111124621,NA,NA,NA,NA,NA,NA,NA,NA,NA,NA,522.13142963,4.7089773346,0.34019173,1.643343e-45,8.942454e-44,NA,NA,NA,NA,NA,NA,NA,NA,NA,NA,1
LOC111124625,NA,NA,NA,NA,NA,NA,NA,NA,NA,NA,65.15195263,-1.1262393962,0.22579255,2.808892e-07,1.041554e-06,NA,NA,NA,NA,NA,NA,NA,NA,NA,NA,1
LOC111124629,NA,NA,NA,NA,NA,NA,NA,NA,NA,NA,122.56855986,-2.7238981461,0.36838561,6.787877e-15,5.382103e-14,NA,NA,NA,NA,NA,NA,NA,NA,NA,NA,1
LOC111124637,NA,NA,NA,NA,NA,NA,NA,NA,NA,NA,92.98794793,-2.2427558765,0.2570459,2.315884e-19,2.669492e-18,NA,NA,NA,NA,NA,NA,NA,NA,NA,NA,1
LOC111124649,NA,NA,NA,NA,NA,NA,NA,NA,NA,NA,338.98377616,-1.4628435858,0.31097028,7.087326e-07,2.489388e-06,NA,NA,NA,NA,NA,NA,NA,NA,NA,NA,1
LOC111124650,NA,NA,NA,NA,NA,NA,NA,NA,NA,NA,200.49784895,-1.4090590727,0.15543213,3.837234e-20,4.755509e-19,NA,NA,NA,NA,NA,NA,NA,NA,NA,NA,1
LOC111124658,NA,NA,NA,NA,NA,NA,NA,NA,NA,NA,610.13525237,-3.9752984964,0.26670201,5.644095e-52,4.416401e-50,NA,NA,NA,NA,NA,NA,NA,NA,NA,NA,1
LOC111124661,NA,NA,NA,NA,NA,NA,NA,NA,NA,NA,44.46123313,1.2741316226,0.38234735,0.0003122105,0.0007560191,NA,NA,NA,NA,NA,NA,NA,NA,NA,NA,1
LOC111124663,NA,NA,NA,NA,NA,NA,NA,NA,NA,NA,240.82206988,2.5276762694,0.22146359,2.223331e-31,5.827409e-30,NA,NA,NA,NA,NA,NA,NA,NA,NA,NA,1
LOC111124667,NA,NA,NA,NA,NA,NA,NA,NA,NA,NA,385.12858195,-1.4813829674,0.24084512,2.108217e-10,1.102981e-09,NA,NA,NA,NA,NA,NA,NA,NA,NA,NA,1
LOC111124671,NA,NA,NA,NA,NA,NA,NA,NA,NA,NA,118.15792277,-1.7610932446,0.28469821,1.082752e-10,5.865133e-10,NA,NA,NA,NA,NA,NA,NA,NA,NA,NA,1
LOC111124676,NA,NA,NA,NA,NA,NA,NA,NA,NA,NA,46.59817921,1.0220757366,0.31393002,0.0005840876,0.001349735,NA,NA,NA,NA,NA,NA,NA,NA,NA,NA,1
LOC111124694,NA,NA,NA,NA,NA,NA,NA,NA,NA,NA,37.28703575,3.1192706723,0.53601564,1.739802e-10,9.219317e-10,NA,NA,NA,NA,NA,NA,NA,NA,NA,NA,1
LOC111124695,NA,NA,NA,NA,NA,NA,NA,NA,NA,NA,389.37649406,-1.3979725513,0.26346663,3.467544e-08,1.423127e-07,NA,NA,NA,NA,NA,NA,NA,NA,NA,NA,1
LOC111124699,NA,NA,NA,NA,NA,NA,NA,NA,NA,NA,258.26134999,1.277401726,0.15067635,8.645227e-18,8.851656e-17,NA,NA,NA,NA,NA,NA,NA,NA,NA,NA,1
LOC111124701,NA,NA,NA,NA,NA,NA,NA,NA,NA,NA,293.77655262,-1.6028745048,0.24788291,2.269581e-11,1.306655e-10,NA,NA,NA,NA,NA,NA,NA,NA,NA,NA,1
LOC111124711,NA,NA,NA,NA,NA,NA,NA,NA,NA,NA,52.7477954,1.9057021188,0.55986575,8.788373e-05,0.0002325058,NA,NA,NA,NA,NA,NA,NA,NA,NA,NA,1
LOC111124716,NA,NA,NA,NA,NA,NA,NA,NA,NA,NA,4150.66974917,2.3787258723,0.20225245,4.588308e-33,1.343898e-31,NA,NA,NA,NA,NA,NA,NA,NA,NA,NA,1
LOC111124719,NA,NA,NA,NA,NA,NA,NA,NA,NA,NA,397.87380311,1.0411473828,0.30440869,0.0003163084,0.0007649054,NA,NA,NA,NA,NA,NA,NA,NA,NA,NA,1
LOC111124725,NA,NA,NA,NA,NA,NA,NA,NA,NA,NA,556.10730495,-1.2315631118,0.14210253,1.791479e-18,1.924314e-17,NA,NA,NA,NA,NA,NA,NA,NA,NA,NA,1
LOC111124727,NA,NA,NA,NA,NA,NA,NA,NA,NA,NA,141.18847185,-3.1436685719,0.36176662,1.168089e-19,1.394423e-18,NA,NA,NA,NA,NA,NA,NA,NA,NA,NA,1
LOC111124750,NA,NA,NA,NA,NA,NA,NA,NA,NA,NA,113.66355621,-2.4515116318,0.27265051,1.631528e-20,2.082141e-19,NA,NA,NA,NA,NA,NA,NA,NA,NA,NA,1
LOC111124754,NA,NA,NA,NA,NA,NA,NA,NA,NA,NA,67.15599089,-2.0022345247,0.30142461,3.730293e-12,2.310153e-11,NA,NA,NA,NA,NA,NA,NA,NA,NA,NA,1
LOC111124756,NA,NA,NA,NA,NA,NA,NA,NA,NA,NA,82.62925696,-2.2399000417,0.29385407,2.158286e-15,1.788009e-14,NA,NA,NA,NA,NA,NA,NA,NA,NA,NA,1
LOC111124757,NA,NA,NA,NA,NA,NA,NA,NA,NA,NA,179.43974401,-2.1620346039,0.19625901,3.130843e-29,7.171503e-28,NA,NA,NA,NA,NA,NA,NA,NA,NA,NA,1
LOC111124758,NA,NA,NA,NA,NA,NA,NA,NA,NA,NA,108.86740711,-2.1178087918,0.22514144,5.321287e-22,7.656939e-21,NA,NA,NA,NA,NA,NA,NA,NA,NA,NA,1
LOC111124764,NA,NA,NA,NA,NA,NA,NA,NA,NA,NA,542.76488874,-4.2812882716,0.4600238,1.791568e-22,2.652709e-21,NA,NA,NA,NA,NA,NA,NA,NA,NA,NA,1
LOC111124765,NA,NA,NA,NA,NA,NA,NA,NA,NA,NA,538.90345172,-2.0390978852,0.58280099,5.017705e-05,0.000137746,NA,NA,NA,NA,NA,NA,NA,NA,NA,NA,1
LOC111124768,NA,NA,NA,NA,NA,NA,NA,NA,NA,NA,101.93327839,1.4112325919,0.40252085,0.0001341719,0.0003455846,NA,NA,NA,NA,NA,NA,NA,NA,NA,NA,1
LOC111124769,NA,NA,NA,NA,NA,NA,NA,NA,NA,NA,107.7061618,-2.6358594034,0.28335773,7.447373e-22,1.051856e-20,NA,NA,NA,NA,NA,NA,NA,NA,NA,NA,1
LOC111124782,NA,NA,NA,NA,NA,NA,NA,NA,NA,NA,60.404989,1.3090447536,0.36134537,0.000101018,0.0002653549,NA,NA,NA,NA,NA,NA,NA,NA,NA,NA,1
LOC111124793,NA,NA,NA,NA,NA,NA,NA,NA,NA,NA,105.08617772,-1.322696216,0.32064142,1.269543e-05,3.777268e-05,NA,NA,NA,NA,NA,NA,NA,NA,NA,NA,1
LOC111124803,NA,NA,NA,NA,NA,NA,NA,NA,NA,NA,174.31998966,-1.0579504611,0.47277519,0.01193013,0.02114262,NA,NA,NA,NA,NA,NA,NA,NA,NA,NA,1
LOC111124808,NA,NA,NA,NA,NA,NA,NA,NA,NA,NA,202.78452159,-1.1088310693,0.26656889,1.489726e-05,4.393359e-05,NA,NA,NA,NA,NA,NA,NA,NA,NA,NA,1
LOC111124815,NA,NA,NA,NA,NA,NA,NA,NA,NA,NA,165.15385784,-1.7897029705,0.19943591,4.859144e-20,5.966784e-19,NA,NA,NA,NA,NA,NA,NA,NA,NA,NA,1
LOC111124840,NA,NA,NA,NA,NA,NA,NA,NA,NA,NA,114.77714518,-1.2514666253,0.18640912,7.393935e-12,4.45548e-11,NA,NA,NA,NA,NA,NA,NA,NA,NA,NA,1
LOC111124865,NA,NA,NA,NA,NA,NA,NA,NA,NA,NA,88.64058088,1.4096179384,0.46604579,0.0007242504,0.001647351,NA,NA,NA,NA,NA,NA,NA,NA,NA,NA,1
LOC111124867,NA,NA,NA,NA,NA,NA,NA,NA,NA,NA,210.15170063,-1.2570590546,0.35632503,0.0001566413,0.0003986692,NA,NA,NA,NA,NA,NA,NA,NA,NA,NA,1
LOC111124870,NA,NA,NA,NA,NA,NA,NA,NA,NA,NA,191.44001588,-2.6097007553,0.30614767,8.493718e-19,9.367557e-18,NA,NA,NA,NA,NA,NA,NA,NA,NA,NA,1
LOC111124873,NA,NA,NA,NA,NA,NA,NA,NA,NA,NA,558.53683188,1.1576722649,0.37060046,0.000763542,0.00173048,NA,NA,NA,NA,NA,NA,NA,NA,NA,NA,1
LOC111124874,NA,NA,NA,NA,NA,NA,NA,NA,NA,NA,9912.3385032,2.6131647421,0.39437363,1.833663e-12,1.174947e-11,NA,NA,NA,NA,NA,NA,NA,NA,NA,NA,1
LOC111124887,NA,NA,NA,NA,NA,NA,NA,NA,NA,NA,797.35930419,1.1543130306,0.1192703,1.680195e-22,2.501623e-21,NA,NA,NA,NA,NA,NA,NA,NA,NA,NA,1
LOC111124889,NA,NA,NA,NA,NA,NA,NA,NA,NA,NA,226.60661121,-2.0549334002,0.4812575,2.106629e-06,6.963634e-06,NA,NA,NA,NA,NA,NA,NA,NA,NA,NA,1
LOC111124891,NA,NA,NA,NA,NA,NA,NA,NA,NA,NA,108.91225088,-1.4679256887,0.2156423,2.788159e-12,1.750971e-11,NA,NA,NA,NA,NA,NA,NA,NA,NA,NA,1
LOC111124898,NA,NA,NA,NA,NA,NA,NA,NA,NA,NA,86.24522551,-1.1969337252,0.19171515,1.800497e-10,9.517421e-10,NA,NA,NA,NA,NA,NA,NA,NA,NA,NA,1
LOC111124901,NA,NA,NA,NA,NA,NA,NA,NA,NA,NA,76.92184718,3.8488954596,0.48623998,4.282573e-17,4.147171e-16,NA,NA,NA,NA,NA,NA,NA,NA,NA,NA,1
LOC111124902,NA,NA,NA,NA,NA,NA,NA,NA,NA,NA,174.04001022,-1.5963083496,0.23636646,3.299158e-12,2.056219e-11,NA,NA,NA,NA,NA,NA,NA,NA,NA,NA,1
LOC111124903,NA,NA,NA,NA,NA,NA,NA,NA,NA,NA,3878.20565132,1.4765200469,0.35303151,7.787104e-06,2.402929e-05,NA,NA,NA,NA,NA,NA,NA,NA,NA,NA,1
LOC111124906,NA,NA,NA,NA,NA,NA,NA,NA,NA,NA,300.53683767,1.3044267294,0.41054436,0.0005123551,0.00119557,NA,NA,NA,NA,NA,NA,NA,NA,NA,NA,1
LOC111124910,NA,NA,NA,NA,NA,NA,NA,NA,NA,NA,862.88796118,1.1144080774,0.39395846,0.002103579,0.004374465,NA,NA,NA,NA,NA,NA,NA,NA,NA,NA,1
LOC111124916,NA,NA,NA,NA,NA,NA,NA,NA,NA,NA,136.58049388,-1.31310881,0.18942178,1.473632e-12,9.539451e-12,NA,NA,NA,NA,NA,NA,NA,NA,NA,NA,1
LOC111124917,NA,NA,NA,NA,NA,NA,NA,NA,NA,NA,223.8278939,-1.4043729502,0.41566138,0.0002163842,0.0005390749,NA,NA,NA,NA,NA,NA,NA,NA,NA,NA,1
LOC111124922,NA,NA,NA,NA,NA,NA,NA,NA,NA,NA,131.95788069,1.6645317733,0.27517584,2.976597e-10,1.528214e-09,NA,NA,NA,NA,NA,NA,NA,NA,NA,NA,1
LOC111124927,NA,NA,NA,NA,NA,NA,NA,NA,NA,NA,3415.3823546,2.1228619084,0.22103522,7.918452e-23,1.209199e-21,NA,NA,NA,NA,NA,NA,NA,NA,NA,NA,1
LOC111124928,NA,NA,NA,NA,NA,NA,NA,NA,NA,NA,46.7435296,-1.1273349966,0.2572512,5.367236e-06,1.694251e-05,NA,NA,NA,NA,NA,NA,NA,NA,NA,NA,1
LOC111124932,NA,NA,NA,NA,NA,NA,NA,NA,NA,NA,44.61341681,-1.0028203873,0.45216833,0.01352492,0.02368297,NA,NA,NA,NA,NA,NA,NA,NA,NA,NA,1
LOC111124939,NA,NA,NA,NA,NA,NA,NA,NA,NA,NA,508.78464865,-1.6880508772,0.16231587,4.964144e-26,9.287194e-25,NA,NA,NA,NA,NA,NA,NA,NA,NA,NA,1
LOC111124942,NA,NA,NA,NA,NA,NA,NA,NA,NA,NA,183.51551845,-2.134703335,0.24352262,1.872463e-19,2.184201e-18,NA,NA,NA,NA,NA,NA,NA,NA,NA,NA,1
LOC111124946,NA,NA,NA,NA,NA,NA,NA,NA,NA,NA,32.50100178,2.2603596243,0.27503761,1.748896e-17,1.747266e-16,NA,NA,NA,NA,NA,NA,NA,NA,NA,NA,1
LOC111124948,NA,NA,NA,NA,NA,NA,NA,NA,NA,NA,80.8402071,1.2493065419,0.44995858,0.002027178,0.004227888,NA,NA,NA,NA,NA,NA,NA,NA,NA,NA,1
LOC111124962,NA,NA,NA,NA,NA,NA,NA,NA,NA,NA,39.2008399,1.2434692658,0.3610196,0.0002179682,0.0005423907,NA,NA,NA,NA,NA,NA,NA,NA,NA,NA,1
LOC111124971,NA,NA,NA,NA,NA,NA,NA,NA,NA,NA,43.90941404,1.3215231345,0.26360934,1.858154e-07,7.053617e-07,NA,NA,NA,NA,NA,NA,NA,NA,NA,NA,1
LOC111124978,NA,NA,NA,NA,NA,NA,NA,NA,NA,NA,87.32291014,1.0931174183,0.25265747,7.248308e-06,2.246368e-05,NA,NA,NA,NA,NA,NA,NA,NA,NA,NA,1
LOC111124979,NA,NA,NA,NA,NA,NA,NA,NA,NA,NA,320.26910572,1.7793702404,0.15997286,1.680122e-29,3.90692e-28,NA,NA,NA,NA,NA,NA,NA,NA,NA,NA,1
LOC111124986,NA,NA,NA,NA,NA,NA,NA,NA,NA,NA,165.8997334,3.0697510895,0.16427168,2.349654e-79,4.198049e-77,NA,NA,NA,NA,NA,NA,NA,NA,NA,NA,1
LOC111124992,NA,NA,NA,NA,NA,NA,NA,NA,NA,NA,838.74921373,2.2151023655,0.1768987,5.193285e-37,1.86194e-35,NA,NA,NA,NA,NA,NA,NA,NA,NA,NA,1
LOC111124993,NA,NA,NA,NA,NA,NA,NA,NA,NA,NA,133.29258119,-2.7379644243,0.2758731,1.586878e-24,2.691666e-23,NA,NA,NA,NA,NA,NA,NA,NA,NA,NA,1
LOC111124994,NA,NA,NA,NA,NA,NA,NA,NA,NA,NA,449.69950585,4.5283296986,0.1263775,5.00785e-283,1.789472e-279,NA,NA,NA,NA,NA,NA,NA,NA,NA,NA,1
LOC111125000,NA,NA,NA,NA,NA,NA,NA,NA,NA,NA,96.61250895,1.6823233384,0.25035024,3.625243e-12,2.247693e-11,NA,NA,NA,NA,NA,NA,NA,NA,NA,NA,1
LOC111125001,NA,NA,NA,NA,NA,NA,NA,NA,NA,NA,1078.14738318,1.1458997341,0.15428453,5.027505e-14,3.706661e-13,NA,NA,NA,NA,NA,NA,NA,NA,NA,NA,1
LOC111125014,NA,NA,NA,NA,NA,NA,NA,NA,NA,NA,305.07194604,-1.6537687239,0.24137789,1.526942e-12,9.872627e-12,NA,NA,NA,NA,NA,NA,NA,NA,NA,NA,1
LOC111125021,NA,NA,NA,NA,NA,NA,NA,NA,NA,NA,41.45397904,-1.0430334841,0.39357745,0.003967378,0.007808021,NA,NA,NA,NA,NA,NA,NA,NA,NA,NA,1
LOC111125027,NA,NA,NA,NA,NA,NA,NA,NA,NA,NA,90.94569916,1.2258729732,0.31524037,3.975011e-05,0.000110566,NA,NA,NA,NA,NA,NA,NA,NA,NA,NA,1
LOC111125035,NA,NA,NA,NA,NA,NA,NA,NA,NA,NA,586.14112897,1.8333125404,0.2579448,1.860581e-13,1.308755e-12,NA,NA,NA,NA,NA,NA,NA,NA,NA,NA,1
LOC111125036,NA,NA,NA,NA,NA,NA,NA,NA,NA,NA,428.78669643,-1.4702361004,0.21542525,2.4584e-12,1.551969e-11,NA,NA,NA,NA,NA,NA,NA,NA,NA,NA,1
LOC111125044,NA,NA,NA,NA,NA,NA,NA,NA,NA,NA,41.25065295,2.0806424918,0.22111677,5.446358e-22,7.826402e-21,NA,NA,NA,NA,NA,NA,NA,NA,NA,NA,1
LOC111125046,NA,NA,NA,NA,NA,NA,NA,NA,NA,NA,60.63953914,3.7858163423,0.25495907,1.490687e-51,1.133345e-49,NA,NA,NA,NA,NA,NA,NA,NA,NA,NA,1
LOC111125057,NA,NA,NA,NA,NA,NA,NA,NA,NA,NA,450.05542123,-1.6338911975,0.21515523,6.704592e-15,5.327889e-14,NA,NA,NA,NA,NA,NA,NA,NA,NA,NA,1
LOC111125059,NA,NA,NA,NA,NA,NA,NA,NA,NA,NA,17153.41894281,3.2349378494,0.23805512,1.470686e-43,7.471922e-42,NA,NA,NA,NA,NA,NA,NA,NA,NA,NA,1
LOC111125072,NA,NA,NA,NA,NA,NA,NA,NA,NA,NA,1310.13584688,1.5848630566,0.28788538,8.515683e-09,3.748999e-08,NA,NA,NA,NA,NA,NA,NA,NA,NA,NA,1
LOC111125074,NA,NA,NA,NA,NA,NA,NA,NA,NA,NA,136.67901122,1.2175583686,0.22428157,2.305346e-08,9.653637e-08,NA,NA,NA,NA,NA,NA,NA,NA,NA,NA,1
LOC111125081,NA,NA,NA,NA,NA,NA,NA,NA,NA,NA,213.34242501,-2.8506776377,0.3236306,5.433914e-20,6.649721e-19,NA,NA,NA,NA,NA,NA,NA,NA,NA,NA,1
LOC111125101,NA,NA,NA,NA,NA,NA,NA,NA,NA,NA,77.56788176,-1.002971761,0.29320986,0.0003317974,0.0008001952,NA,NA,NA,NA,NA,NA,NA,NA,NA,NA,1
LOC111125115,NA,NA,NA,NA,NA,NA,NA,NA,NA,NA,400.25455628,-1.7414783701,0.3671266,3.741325e-07,1.364648e-06,NA,NA,NA,NA,NA,NA,NA,NA,NA,NA,1
LOC111125127,NA,NA,NA,NA,NA,NA,NA,NA,NA,NA,26.55671808,2.1299737402,0.47125887,5.992241e-07,2.127752e-06,NA,NA,NA,NA,NA,NA,NA,NA,NA,NA,1
LOC111125130,NA,NA,NA,NA,NA,NA,NA,NA,NA,NA,92.20756623,-2.5749665669,0.24144374,8.711199e-28,1.820352e-26,NA,NA,NA,NA,NA,NA,NA,NA,NA,NA,1
LOC111125147,NA,NA,NA,NA,NA,NA,NA,NA,NA,NA,97.71348151,-1.5109866093,0.19920592,8.730868e-15,6.846738e-14,NA,NA,NA,NA,NA,NA,NA,NA,NA,NA,1
LOC111125150,NA,NA,NA,NA,NA,NA,NA,NA,NA,NA,364.96363207,1.5987258742,0.35566114,1.552354e-06,5.221598e-06,NA,NA,NA,NA,NA,NA,NA,NA,NA,NA,1
LOC111125152,NA,NA,NA,NA,NA,NA,NA,NA,NA,NA,158.26700277,-3.2411127262,0.32720318,1.189864e-24,2.044125e-23,NA,NA,NA,NA,NA,NA,NA,NA,NA,NA,1
LOC111125162,NA,NA,NA,NA,NA,NA,NA,NA,NA,NA,732.78575067,-2.7311379317,0.31797265,4.234743e-19,4.773548e-18,NA,NA,NA,NA,NA,NA,NA,NA,NA,NA,1
LOC111125192,NA,NA,NA,NA,NA,NA,NA,NA,NA,NA,151.54017735,-2.0256862172,0.17410497,3.266693e-32,9.14333e-31,NA,NA,NA,NA,NA,NA,NA,NA,NA,NA,1
LOC111125219,NA,NA,NA,NA,NA,NA,NA,NA,NA,NA,887.66979876,-2.1963720486,0.36678916,1.920401e-10,1.011135e-09,NA,NA,NA,NA,NA,NA,NA,NA,NA,NA,1
LOC111125223,NA,NA,NA,NA,NA,NA,NA,NA,NA,NA,202.05211395,-1.9024733963,0.14660284,2.369485e-39,9.621543e-38,NA,NA,NA,NA,NA,NA,NA,NA,NA,NA,1
LOC111125225,NA,NA,NA,NA,NA,NA,NA,NA,NA,NA,168.50372584,1.4404041812,0.24095457,6.582691e-10,3.263943e-09,NA,NA,NA,NA,NA,NA,NA,NA,NA,NA,1
LOC111125239,NA,NA,NA,NA,NA,NA,NA,NA,NA,NA,126.39797185,-2.2030227271,0.24898329,8.18986e-20,9.909176e-19,NA,NA,NA,NA,NA,NA,NA,NA,NA,NA,1
LOC111125241,NA,NA,NA,NA,NA,NA,NA,NA,NA,NA,1127.42896615,1.3011683628,0.26077422,2.164546e-07,8.161777e-07,NA,NA,NA,NA,NA,NA,NA,NA,NA,NA,1
LOC111125248,NA,NA,NA,NA,NA,NA,NA,NA,NA,NA,46.73750032,-1.4725384576,0.2991808,2.352356e-07,8.822292e-07,NA,NA,NA,NA,NA,NA,NA,NA,NA,NA,1
LOC111125249,NA,NA,NA,NA,NA,NA,NA,NA,NA,NA,180.65147045,-1.2874310331,0.21978921,1.72671e-09,8.139989e-09,NA,NA,NA,NA,NA,NA,NA,NA,NA,NA,1
LOC111125253,NA,NA,NA,NA,NA,NA,NA,NA,NA,NA,160.57953598,3.2762118005,0.42760477,5.07456e-16,4.462615e-15,NA,NA,NA,NA,NA,NA,NA,NA,NA,NA,1
LOC111125262,NA,NA,NA,NA,NA,NA,NA,NA,NA,NA,209.20485305,1.419705233,0.28483317,1.855154e-07,7.044723e-07,NA,NA,NA,NA,NA,NA,NA,NA,NA,NA,1
LOC111125265,NA,NA,NA,NA,NA,NA,NA,NA,NA,NA,75.58957844,3.0542574347,0.64854529,7.198508e-08,2.866568e-07,NA,NA,NA,NA,NA,NA,NA,NA,NA,NA,1
LOC111125273,NA,NA,NA,NA,NA,NA,NA,NA,NA,NA,77.25207263,-2.2694456397,0.25988561,2.094117e-19,2.434808e-18,NA,NA,NA,NA,NA,NA,NA,NA,NA,NA,1
LOC111125275,NA,NA,NA,NA,NA,NA,NA,NA,NA,NA,228.15597763,-1.1324557873,0.22764703,2.983282e-07,1.102786e-06,NA,NA,NA,NA,NA,NA,NA,NA,NA,NA,1
LOC111125276,NA,NA,NA,NA,NA,NA,NA,NA,NA,NA,118.42543379,-1.8665935554,0.34060336,6.262041e-09,2.79123e-08,NA,NA,NA,NA,NA,NA,NA,NA,NA,NA,1
LOC111125280,NA,NA,NA,NA,NA,NA,NA,NA,NA,NA,371.26136498,-1.2752841573,0.37036045,0.0002085894,0.0005207447,NA,NA,NA,NA,NA,NA,NA,NA,NA,NA,1
LOC111125287,NA,NA,NA,NA,NA,NA,NA,NA,NA,NA,456.65647994,-2.4071438268,0.46672458,1.660434e-08,7.049446e-08,NA,NA,NA,NA,NA,NA,NA,NA,NA,NA,1
LOC111125288,NA,NA,NA,NA,NA,NA,NA,NA,NA,NA,888.23413854,-1.0162740561,0.21596795,1.343324e-06,4.555656e-06,NA,NA,NA,NA,NA,NA,NA,NA,NA,NA,1
LOC111125290,NA,NA,NA,NA,NA,NA,NA,NA,NA,NA,126.17766011,-1.7463943277,0.1909077,1.055381e-20,1.366387e-19,NA,NA,NA,NA,NA,NA,NA,NA,NA,NA,1
LOC111125293,NA,NA,NA,NA,NA,NA,NA,NA,NA,NA,108.40684233,-1.7966810505,0.23012151,9.748969e-16,8.27466e-15,NA,NA,NA,NA,NA,NA,NA,NA,NA,NA,1
LOC111125295,NA,NA,NA,NA,NA,NA,NA,NA,NA,NA,35.47253955,1.5226708081,0.38853021,2.218647e-05,6.401689e-05,NA,NA,NA,NA,NA,NA,NA,NA,NA,NA,1
LOC111125296,NA,NA,NA,NA,NA,NA,NA,NA,NA,NA,2304.09116733,3.6126869241,0.35347233,3.602595e-26,6.835367e-25,NA,NA,NA,NA,NA,NA,NA,NA,NA,NA,1
LOC111125298,NA,NA,NA,NA,NA,NA,NA,NA,NA,NA,433.75475263,1.1048976058,0.43840372,0.005277266,0.010104,NA,NA,NA,NA,NA,NA,NA,NA,NA,NA,1
LOC111125302,NA,NA,NA,NA,NA,NA,NA,NA,NA,NA,205.31196499,1.7656722394,0.20233082,4.618506e-19,5.195214e-18,NA,NA,NA,NA,NA,NA,NA,NA,NA,NA,1
LOC111125305,NA,NA,NA,NA,NA,NA,NA,NA,NA,NA,110.6483733,-2.387332741,0.2504904,1.134995e-22,1.708869e-21,NA,NA,NA,NA,NA,NA,NA,NA,NA,NA,1
LOC111125306,NA,NA,NA,NA,NA,NA,NA,NA,NA,NA,107.82838984,-2.12587768,0.42195575,4.633152e-08,1.878494e-07,NA,NA,NA,NA,NA,NA,NA,NA,NA,NA,1
LOC111125308,NA,NA,NA,NA,NA,NA,NA,NA,NA,NA,211.037931,-1.9376162488,0.16779995,1.036076e-31,2.824014e-30,NA,NA,NA,NA,NA,NA,NA,NA,NA,NA,1
LOC111125311,NA,NA,NA,NA,NA,NA,NA,NA,NA,NA,114.83966218,-1.8107424519,0.19628926,4.664134e-21,6.265603e-20,NA,NA,NA,NA,NA,NA,NA,NA,NA,NA,1
LOC111125312,NA,NA,NA,NA,NA,NA,NA,NA,NA,NA,266.24639763,-3.4721900389,0.27677779,1.09458e-37,4.102761e-36,NA,NA,NA,NA,NA,NA,NA,NA,NA,NA,1
LOC111125318,NA,NA,NA,NA,NA,NA,NA,NA,NA,NA,290.96391503,-2.1203917699,0.14565865,5.491159e-49,3.702215e-47,NA,NA,NA,NA,NA,NA,NA,NA,NA,NA,1
LOC111125323,NA,NA,NA,NA,NA,NA,NA,NA,NA,NA,596.18685725,1.1077394026,0.12387963,1.828604e-19,2.140025e-18,NA,NA,NA,NA,NA,NA,NA,NA,NA,NA,1
LOC111125325,NA,NA,NA,NA,NA,NA,NA,NA,NA,NA,126.71344404,-1.5618199944,0.49870841,0.0003977077,0.0009453274,NA,NA,NA,NA,NA,NA,NA,NA,NA,NA,1
LOC111125331,NA,NA,NA,NA,NA,NA,NA,NA,NA,NA,302.28617866,-2.7252932244,0.40024497,4.611912e-13,3.141022e-12,NA,NA,NA,NA,NA,NA,NA,NA,NA,NA,1
LOC111125349,NA,NA,NA,NA,NA,NA,NA,NA,NA,NA,76.62636394,-1.4021787971,0.24234992,2.228219e-09,1.037191e-08,NA,NA,NA,NA,NA,NA,NA,NA,NA,NA,1
LOC111125352,NA,NA,NA,NA,NA,NA,NA,NA,NA,NA,101.15252511,-1.5433492378,0.22425456,1.467493e-12,9.511203e-12,NA,NA,NA,NA,NA,NA,NA,NA,NA,NA,1
LOC111125356,NA,NA,NA,NA,NA,NA,NA,NA,NA,NA,422.63799451,2.592802451,0.2416005,4.150684e-28,8.845991e-27,NA,NA,NA,NA,NA,NA,NA,NA,NA,NA,1
LOC111125363,NA,NA,NA,NA,NA,NA,NA,NA,NA,NA,369.10653781,1.6840524845,0.29717385,2.869382e-09,1.317899e-08,NA,NA,NA,NA,NA,NA,NA,NA,NA,NA,1
LOC111125367,NA,NA,NA,NA,NA,NA,NA,NA,NA,NA,12644.76597439,2.701557045,0.37352027,2.307243e-14,1.751675e-13,NA,NA,NA,NA,NA,NA,NA,NA,NA,NA,1
LOC111125369,NA,NA,NA,NA,NA,NA,NA,NA,NA,NA,213.35344124,1.0221648678,0.46021881,0.0130698,0.0229648,NA,NA,NA,NA,NA,NA,NA,NA,NA,NA,1
LOC111125380,NA,NA,NA,NA,NA,NA,NA,NA,NA,NA,58.47863888,1.4002671605,0.23429046,7.061426e-10,3.483593e-09,NA,NA,NA,NA,NA,NA,NA,NA,NA,NA,1
LOC111125384,NA,NA,NA,NA,NA,NA,NA,NA,NA,NA,7185.44137262,1.0270201298,0.09254695,6.88864e-29,1.538463e-27,NA,NA,NA,NA,NA,NA,NA,NA,NA,NA,1
LOC111125388,NA,NA,NA,NA,NA,NA,NA,NA,NA,NA,203.59877473,-2.9845934597,0.20647585,9.244376e-49,6.042665e-47,NA,NA,NA,NA,NA,NA,NA,NA,NA,NA,1
LOC111125389,NA,NA,NA,NA,NA,NA,NA,NA,NA,NA,214.30036066,-1.0783218272,0.16574998,3.827048e-11,2.167245e-10,NA,NA,NA,NA,NA,NA,NA,NA,NA,NA,1
LOC111125390,NA,NA,NA,NA,NA,NA,NA,NA,NA,NA,100.62046871,-1.827051341,0.27846776,8.458725e-12,5.07145e-11,NA,NA,NA,NA,NA,NA,NA,NA,NA,NA,1
LOC111125413,NA,NA,NA,NA,NA,NA,NA,NA,NA,NA,5479.57725754,1.4414285553,0.23688628,3.391732e-10,1.732223e-09,NA,NA,NA,NA,NA,NA,NA,NA,NA,NA,1
LOC111125414,NA,NA,NA,NA,NA,NA,NA,NA,NA,NA,250.10578566,5.7240789967,0.46440347,3.929931e-37,1.41372e-35,NA,NA,NA,NA,NA,NA,NA,NA,NA,NA,1
LOC111125426,NA,NA,NA,NA,NA,NA,NA,NA,NA,NA,231.05201465,-2.2842364998,0.20928142,8.170673e-29,1.809703e-27,NA,NA,NA,NA,NA,NA,NA,NA,NA,NA,1
LOC111125429,NA,NA,NA,NA,NA,NA,NA,NA,NA,NA,148.48069723,1.0517159217,0.21899797,7.959313e-07,2.777469e-06,NA,NA,NA,NA,NA,NA,NA,NA,NA,NA,1
LOC111125432,NA,NA,NA,NA,NA,NA,NA,NA,NA,NA,66.63533441,1.3416690213,0.22735037,1.222196e-09,5.849081e-09,NA,NA,NA,NA,NA,NA,NA,NA,NA,NA,1
LOC111125438,NA,NA,NA,NA,NA,NA,NA,NA,NA,NA,90.7631192,-1.8832378735,0.22940738,3.259803e-17,3.191332e-16,NA,NA,NA,NA,NA,NA,NA,NA,NA,NA,1
LOC111125442,NA,NA,NA,NA,NA,NA,NA,NA,NA,NA,133.63626458,-1.0232620749,0.17062969,1.066005e-09,5.152199e-09,NA,NA,NA,NA,NA,NA,NA,NA,NA,NA,1
LOC111125444,NA,NA,NA,NA,NA,NA,NA,NA,NA,NA,2054.253086,-3.4287384464,0.38191443,6.978731e-21,9.190663e-20,NA,NA,NA,NA,NA,NA,NA,NA,NA,NA,1
LOC111125446,NA,NA,NA,NA,NA,NA,NA,NA,NA,NA,65.689164,-1.9501763497,0.29401631,4.310054e-12,2.649299e-11,NA,NA,NA,NA,NA,NA,NA,NA,NA,NA,1
LOC111125449,NA,NA,NA,NA,NA,NA,NA,NA,NA,NA,122.63524715,-3.3106042977,0.26505642,2.484812e-37,9.153673e-36,NA,NA,NA,NA,NA,NA,NA,NA,NA,NA,1
LOC111125451,NA,NA,NA,NA,NA,NA,NA,NA,NA,NA,3060.24486916,-1.2606087202,0.46156434,0.002283824,0.0047209,NA,NA,NA,NA,NA,NA,NA,NA,NA,NA,1
LOC111125453,NA,NA,NA,NA,NA,NA,NA,NA,NA,NA,348.84564668,-2.8609205105,0.28943572,2.091791e-24,3.50375e-23,NA,NA,NA,NA,NA,NA,NA,NA,NA,NA,1
LOC111125455,NA,NA,NA,NA,NA,NA,NA,NA,NA,NA,40.28495026,1.3803885032,0.29617191,9.955555e-07,3.436045e-06,NA,NA,NA,NA,NA,NA,NA,NA,NA,NA,1
LOC111125457,NA,NA,NA,NA,NA,NA,NA,NA,NA,NA,128.31647269,-1.13745788,0.26826002,1.004769e-05,3.037542e-05,NA,NA,NA,NA,NA,NA,NA,NA,NA,NA,1
LOC111125460,NA,NA,NA,NA,NA,NA,NA,NA,NA,NA,273.03620124,2.171568497,0.29916929,3.715676e-14,2.771889e-13,NA,NA,NA,NA,NA,NA,NA,NA,NA,NA,1
LOC111125468,NA,NA,NA,NA,NA,NA,NA,NA,NA,NA,420.95740774,1.160294165,0.3519022,0.000418067,0.0009882421,NA,NA,NA,NA,NA,NA,NA,NA,NA,NA,1
LOC111125471,NA,NA,NA,NA,NA,NA,NA,NA,NA,NA,223.60625861,2.1218756357,0.35007613,1.361878e-10,7.303318e-10,NA,NA,NA,NA,NA,NA,NA,NA,NA,NA,1
LOC111125475,NA,NA,NA,NA,NA,NA,NA,NA,NA,NA,52.58774001,-1.4279176175,0.24335505,1.311852e-09,6.255805e-09,NA,NA,NA,NA,NA,NA,NA,NA,NA,NA,1
LOC111125490,NA,NA,NA,NA,NA,NA,NA,NA,NA,NA,114.70023481,-1.2183203741,0.19964744,4.256853e-10,2.155572e-09,NA,NA,NA,NA,NA,NA,NA,NA,NA,NA,1
LOC111125491,NA,NA,NA,NA,NA,NA,NA,NA,NA,NA,118.30055286,-2.5348419794,0.22483783,1.084563e-30,2.710144e-29,NA,NA,NA,NA,NA,NA,NA,NA,NA,NA,1
LOC111125504,NA,NA,NA,NA,NA,NA,NA,NA,NA,NA,279.75045062,-3.1889516761,0.19121607,6.407398e-64,7.805375e-62,NA,NA,NA,NA,NA,NA,NA,NA,NA,NA,1
LOC111125548,NA,NA,NA,NA,NA,NA,NA,NA,NA,NA,6987.83665134,2.4554822386,0.52595942,1.851333e-07,7.032702e-07,NA,NA,NA,NA,NA,NA,NA,NA,NA,NA,1
LOC111125552,NA,NA,NA,NA,NA,NA,NA,NA,NA,NA,412.47971643,1.253472392,0.42639097,0.00121278,0.002637119,NA,NA,NA,NA,NA,NA,NA,NA,NA,NA,1
LOC111125554,NA,NA,NA,NA,NA,NA,NA,NA,NA,NA,100.81708497,-1.1304830292,0.31370354,0.0001410665,0.0003619513,NA,NA,NA,NA,NA,NA,NA,NA,NA,NA,1
LOC111125557,NA,NA,NA,NA,NA,NA,NA,NA,NA,NA,120.16333289,-1.2057737971,0.22703124,4.498457e-08,1.825954e-07,NA,NA,NA,NA,NA,NA,NA,NA,NA,NA,1
LOC111125560,NA,NA,NA,NA,NA,NA,NA,NA,NA,NA,232.88421738,-1.0562556214,0.27598196,6.468089e-05,0.0001744789,NA,NA,NA,NA,NA,NA,NA,NA,NA,NA,1
LOC111125567,NA,NA,NA,NA,NA,NA,NA,NA,NA,NA,75.13389102,-1.6344133101,0.45258512,6.302692e-05,0.0001701886,NA,NA,NA,NA,NA,NA,NA,NA,NA,NA,1
LOC111125596,NA,NA,NA,NA,NA,NA,NA,NA,NA,NA,323.37779506,1.4899972103,0.20221022,4.67965e-14,3.459714e-13,NA,NA,NA,NA,NA,NA,NA,NA,NA,NA,1
LOC111125602,NA,NA,NA,NA,NA,NA,NA,NA,NA,NA,26.62567953,1.5564032844,0.4515091,0.0001323255,0.0003415675,NA,NA,NA,NA,NA,NA,NA,NA,NA,NA,1
LOC111125613,NA,NA,NA,NA,NA,NA,NA,NA,NA,NA,40.59585706,-1.2960039606,0.31541053,1.417824e-05,4.191692e-05,NA,NA,NA,NA,NA,NA,NA,NA,NA,NA,1
LOC111125642,NA,NA,NA,NA,NA,NA,NA,NA,NA,NA,46.80782575,1.5486233371,0.24134894,3.432573e-11,1.95107e-10,NA,NA,NA,NA,NA,NA,NA,NA,NA,NA,1
LOC111125649,NA,NA,NA,NA,NA,NA,NA,NA,NA,NA,391.47660308,2.2679823663,0.16008647,1.252997e-46,7.144746e-45,NA,NA,NA,NA,NA,NA,NA,NA,NA,NA,1
LOC111125650,NA,NA,NA,NA,NA,NA,NA,NA,NA,NA,147.80764513,-1.7067158537,0.18141574,9.811582e-22,1.371319e-20,NA,NA,NA,NA,NA,NA,NA,NA,NA,NA,1
LOC111125652,NA,NA,NA,NA,NA,NA,NA,NA,NA,NA,273.25911072,1.2668669898,0.40131357,0.0005816463,0.001344383,NA,NA,NA,NA,NA,NA,NA,NA,NA,NA,1
LOC111125658,NA,NA,NA,NA,NA,NA,NA,NA,NA,NA,57.67924866,-1.1045694389,0.23381292,1.092917e-06,3.753948e-06,NA,NA,NA,NA,NA,NA,NA,NA,NA,NA,1
LOC111125663,NA,NA,NA,NA,NA,NA,NA,NA,NA,NA,194.1426039,-1.8996519036,0.26928617,2.459476e-13,1.708722e-12,NA,NA,NA,NA,NA,NA,NA,NA,NA,NA,1
LOC111125669,NA,NA,NA,NA,NA,NA,NA,NA,NA,NA,106.46117484,-2.9216412319,0.27426649,6.936978e-28,1.458126e-26,NA,NA,NA,NA,NA,NA,NA,NA,NA,NA,1
LOC111125671,NA,NA,NA,NA,NA,NA,NA,NA,NA,NA,391.65380189,1.8127008284,0.23667755,3.054112e-15,2.504979e-14,NA,NA,NA,NA,NA,NA,NA,NA,NA,NA,1
LOC111125672,NA,NA,NA,NA,NA,NA,NA,NA,NA,NA,202.55671922,-3.4230178689,0.67873479,9.212574e-09,4.035913e-08,NA,NA,NA,NA,NA,NA,NA,NA,NA,NA,1
LOC111125675,NA,NA,NA,NA,NA,NA,NA,NA,NA,NA,181.27586476,-2.1687205444,0.30983347,2.443282e-13,1.699675e-12,NA,NA,NA,NA,NA,NA,NA,NA,NA,NA,1
LOC111125704,NA,NA,NA,NA,NA,NA,NA,NA,NA,NA,316.19968874,6.2861669794,0.47460903,2.144503e-42,1.021736e-40,NA,NA,NA,NA,NA,NA,NA,NA,NA,NA,1
LOC111125711,NA,NA,NA,NA,NA,NA,NA,NA,NA,NA,164.76586864,2.8699973454,0.54067598,4.149849e-09,1.877855e-08,NA,NA,NA,NA,NA,NA,NA,NA,NA,NA,1
LOC111125712,NA,NA,NA,NA,NA,NA,NA,NA,NA,NA,467.72930479,3.0140638769,0.405912,3.957168e-15,3.216136e-14,NA,NA,NA,NA,NA,NA,NA,NA,NA,NA,1
LOC111125713,NA,NA,NA,NA,NA,NA,NA,NA,NA,NA,357.69718665,-1.2870712797,0.23341293,1.286329e-08,5.524618e-08,NA,NA,NA,NA,NA,NA,NA,NA,NA,NA,1
LOC111125714,NA,NA,NA,NA,NA,NA,NA,NA,NA,NA,61.29499585,-1.0072708658,0.4088723,0.007056698,0.01314699,NA,NA,NA,NA,NA,NA,NA,NA,NA,NA,1
LOC111125727,NA,NA,NA,NA,NA,NA,NA,NA,NA,NA,88.14202595,-1.7166547721,0.30530281,3.518193e-09,1.604212e-08,NA,NA,NA,NA,NA,NA,NA,NA,NA,NA,1
LOC111125738,NA,NA,NA,NA,NA,NA,NA,NA,NA,NA,460.07046493,1.7913375761,0.33940373,2.164801e-08,9.0864e-08,NA,NA,NA,NA,NA,NA,NA,NA,NA,NA,1
LOC111125739,NA,NA,NA,NA,NA,NA,NA,NA,NA,NA,353.20951824,1.6866310265,0.28335033,5.203036e-10,2.606381e-09,NA,NA,NA,NA,NA,NA,NA,NA,NA,NA,1
LOC111125751,NA,NA,NA,NA,NA,NA,NA,NA,NA,NA,91.2408779,-1.603902622,0.32994845,2.597647e-07,9.689203e-07,NA,NA,NA,NA,NA,NA,NA,NA,NA,NA,1
LOC111125752,NA,NA,NA,NA,NA,NA,NA,NA,NA,NA,88.78881356,-1.2548064945,0.2946925,7.840968e-06,2.418158e-05,NA,NA,NA,NA,NA,NA,NA,NA,NA,NA,1
LOC111125757,NA,NA,NA,NA,NA,NA,NA,NA,NA,NA,862.46633316,1.0477193712,0.27377856,6.551081e-05,0.0001764069,NA,NA,NA,NA,NA,NA,NA,NA,NA,NA,1
LOC111125758,NA,NA,NA,NA,NA,NA,NA,NA,NA,NA,179.86872047,1.432397532,0.21949197,1.998625e-11,1.156247e-10,NA,NA,NA,NA,NA,NA,NA,NA,NA,NA,1
LOC111125761,NA,NA,NA,NA,NA,NA,NA,NA,NA,NA,379.93684366,-1.1602885322,0.39804301,0.001504971,0.00322086,NA,NA,NA,NA,NA,NA,NA,NA,NA,NA,1
LOC111125767,NA,NA,NA,NA,NA,NA,NA,NA,NA,NA,58.09567792,-1.8228462661,0.36355566,8.375808e-08,3.307133e-07,NA,NA,NA,NA,NA,NA,NA,NA,NA,NA,1
LOC111125768,NA,NA,NA,NA,NA,NA,NA,NA,NA,NA,53.20886888,-1.3129310841,0.32386958,1.749891e-05,5.115581e-05,NA,NA,NA,NA,NA,NA,NA,NA,NA,NA,1
LOC111125773,NA,NA,NA,NA,NA,NA,NA,NA,NA,NA,1399.57391353,1.7475407147,0.1966886,1.160613e-19,1.387042e-18,NA,NA,NA,NA,NA,NA,NA,NA,NA,NA,1
LOC111125791,NA,NA,NA,NA,NA,NA,NA,NA,NA,NA,201.42797461,-1.1734718475,0.23813458,3.583115e-07,1.311851e-06,NA,NA,NA,NA,NA,NA,NA,NA,NA,NA,1
LOC111125793,NA,NA,NA,NA,NA,NA,NA,NA,NA,NA,70.32685866,-1.3114112186,0.2571297,1.196758e-07,4.643229e-07,NA,NA,NA,NA,NA,NA,NA,NA,NA,NA,1
LOC111125799,NA,NA,NA,NA,NA,NA,NA,NA,NA,NA,136.94333098,-2.0110989453,0.758884,0.0008476972,0.001903102,NA,NA,NA,NA,NA,NA,NA,NA,NA,NA,1
LOC111125802,NA,NA,NA,NA,NA,NA,NA,NA,NA,NA,251.66977639,1.6356810503,0.20627197,4.739833e-16,4.175104e-15,NA,NA,NA,NA,NA,NA,NA,NA,NA,NA,1
LOC111125808,NA,NA,NA,NA,NA,NA,NA,NA,NA,NA,921.41610583,-1.1944274279,0.29216633,1.800577e-05,5.255663e-05,NA,NA,NA,NA,NA,NA,NA,NA,NA,NA,1
LOC111125811,NA,NA,NA,NA,NA,NA,NA,NA,NA,NA,1468.75204328,-1.0679856193,0.24107148,4.663597e-06,1.483935e-05,NA,NA,NA,NA,NA,NA,NA,NA,NA,NA,1
LOC111125815,NA,NA,NA,NA,NA,NA,NA,NA,NA,NA,112.50037647,-1.3951382006,0.35321368,2.389403e-05,6.857937e-05,NA,NA,NA,NA,NA,NA,NA,NA,NA,NA,1
LOC111125816,NA,NA,NA,NA,NA,NA,NA,NA,NA,NA,89.44332803,-1.1112993431,0.28802972,5.295717e-05,0.000144674,NA,NA,NA,NA,NA,NA,NA,NA,NA,NA,1
LOC111125819,NA,NA,NA,NA,NA,NA,NA,NA,NA,NA,97.04818898,-1.1451473887,0.30532729,7.793472e-05,0.0002076193,NA,NA,NA,NA,NA,NA,NA,NA,NA,NA,1
LOC111125834,NA,NA,NA,NA,NA,NA,NA,NA,NA,NA,258.87288738,1.2025569675,0.18320514,2.186909e-11,1.260412e-10,NA,NA,NA,NA,NA,NA,NA,NA,NA,NA,1
LOC111125837,NA,NA,NA,NA,NA,NA,NA,NA,NA,NA,96.31860222,-1.7389031113,0.51101089,0.0001155975,0.0003012166,NA,NA,NA,NA,NA,NA,NA,NA,NA,NA,1
LOC111125838,NA,NA,NA,NA,NA,NA,NA,NA,NA,NA,83.3739651,1.2052719468,0.33610531,0.0001356744,0.000349119,NA,NA,NA,NA,NA,NA,NA,NA,NA,NA,1
LOC111125839,NA,NA,NA,NA,NA,NA,NA,NA,NA,NA,495.83078131,1.3081009905,0.21315253,3.003841e-10,1.540726e-09,NA,NA,NA,NA,NA,NA,NA,NA,NA,NA,1
LOC111125848,NA,NA,NA,NA,NA,NA,NA,NA,NA,NA,68.7967015,1.1748144339,0.22755063,1.047688e-07,4.085562e-07,NA,NA,NA,NA,NA,NA,NA,NA,NA,NA,1
LOC111125853,NA,NA,NA,NA,NA,NA,NA,NA,NA,NA,153.18767226,1.2479950413,0.31760239,3.25313e-05,9.177252e-05,NA,NA,NA,NA,NA,NA,NA,NA,NA,NA,1
LOC111125859,NA,NA,NA,NA,NA,NA,NA,NA,NA,NA,101.03622551,-2.2870010779,0.34183255,1.792737e-12,1.150098e-11,NA,NA,NA,NA,NA,NA,NA,NA,NA,NA,1
LOC111125878,NA,NA,NA,NA,NA,NA,NA,NA,NA,NA,628.33990306,-3.6904613276,0.23458933,2.074707e-57,2.040446e-55,NA,NA,NA,NA,NA,NA,NA,NA,NA,NA,1
LOC111125883,NA,NA,NA,NA,NA,NA,NA,NA,NA,NA,124.15046269,-2.1047006625,0.20571622,1.525994e-25,2.763287e-24,NA,NA,NA,NA,NA,NA,NA,NA,NA,NA,1
LOC111125885,NA,NA,NA,NA,NA,NA,NA,NA,NA,NA,165.60104857,1.4504257444,0.27717344,4.756602e-08,1.926361e-07,NA,NA,NA,NA,NA,NA,NA,NA,NA,NA,1
LOC111125886,NA,NA,NA,NA,NA,NA,NA,NA,NA,NA,111.35242112,2.0768380985,0.51336369,5.400334e-06,1.703194e-05,NA,NA,NA,NA,NA,NA,NA,NA,NA,NA,1
LOC111125887,NA,NA,NA,NA,NA,NA,NA,NA,NA,NA,142.08082222,-1.4464847963,0.55490371,0.002451845,0.005034242,NA,NA,NA,NA,NA,NA,NA,NA,NA,NA,1
LOC111125890,NA,NA,NA,NA,NA,NA,NA,NA,NA,NA,69.7451533,-1.9323149929,0.22973598,5.521271e-18,5.735273e-17,NA,NA,NA,NA,NA,NA,NA,NA,NA,NA,1
LOC111125897,NA,NA,NA,NA,NA,NA,NA,NA,NA,NA,25.69724735,1.6614137953,0.28563659,1.230814e-09,5.885068e-09,NA,NA,NA,NA,NA,NA,NA,NA,NA,NA,1
LOC111125907,NA,NA,NA,NA,NA,NA,NA,NA,NA,NA,185.17815203,-2.7527183645,0.49107105,9.055862e-10,4.408732e-09,NA,NA,NA,NA,NA,NA,NA,NA,NA,NA,1
LOC111125911,NA,NA,NA,NA,NA,NA,NA,NA,NA,NA,186.15220395,-1.4054873967,0.15531096,4.464568e-20,5.494853e-19,NA,NA,NA,NA,NA,NA,NA,NA,NA,NA,1
LOC111125920,NA,NA,NA,NA,NA,NA,NA,NA,NA,NA,219.62253156,-2.2041509311,0.24099167,5.425429e-21,7.215955e-20,NA,NA,NA,NA,NA,NA,NA,NA,NA,NA,1
LOC111125946,NA,NA,NA,NA,NA,NA,NA,NA,NA,NA,115.79644468,-1.6230382758,0.33075357,1.995617e-07,7.551365e-07,NA,NA,NA,NA,NA,NA,NA,NA,NA,NA,1
LOC111125950,NA,NA,NA,NA,NA,NA,NA,NA,NA,NA,103.02134328,-1.3152148874,0.23338223,6.14872e-09,2.744911e-08,NA,NA,NA,NA,NA,NA,NA,NA,NA,NA,1
LOC111125960,NA,NA,NA,NA,NA,NA,NA,NA,NA,NA,327.33369089,1.016128067,0.12526964,2.690275e-16,2.423508e-15,NA,NA,NA,NA,NA,NA,NA,NA,NA,NA,1
LOC111125973,NA,NA,NA,NA,NA,NA,NA,NA,NA,NA,27372.06896096,3.9600494489,0.51798021,3.28624e-16,2.921102e-15,NA,NA,NA,NA,NA,NA,NA,NA,NA,NA,1
LOC111125976,NA,NA,NA,NA,NA,NA,NA,NA,NA,NA,125.13592119,-2.2575552629,0.22989024,7.919359e-24,1.290206e-22,NA,NA,NA,NA,NA,NA,NA,NA,NA,NA,1
LOC111125977,NA,NA,NA,NA,NA,NA,NA,NA,NA,NA,106.82877234,-1.7529851982,0.26020276,2.880883e-12,1.803917e-11,NA,NA,NA,NA,NA,NA,NA,NA,NA,NA,1
LOC111125980,NA,NA,NA,NA,NA,NA,NA,NA,NA,NA,203.76831834,1.5077006787,0.51307848,0.0008166916,0.001838113,NA,NA,NA,NA,NA,NA,NA,NA,NA,NA,1
LOC111125988,NA,NA,NA,NA,NA,NA,NA,NA,NA,NA,323.46307056,-1.9316514888,0.32509139,3.773191e-10,1.920637e-09,NA,NA,NA,NA,NA,NA,NA,NA,NA,NA,1
LOC111125992,NA,NA,NA,NA,NA,NA,NA,NA,NA,NA,52.04883983,1.8223178613,0.4200701,2.233947e-06,7.35275e-06,NA,NA,NA,NA,NA,NA,NA,NA,NA,NA,1
LOC111125998,NA,NA,NA,NA,NA,NA,NA,NA,NA,NA,44.36372249,1.379999089,0.53556629,0.002970739,0.006003076,NA,NA,NA,NA,NA,NA,NA,NA,NA,NA,1
LOC111126001,NA,NA,NA,NA,NA,NA,NA,NA,NA,NA,80.48043884,1.156468325,0.48560989,0.007146773,0.01330325,NA,NA,NA,NA,NA,NA,NA,NA,NA,NA,1
LOC111126002,NA,NA,NA,NA,NA,NA,NA,NA,NA,NA,131.93799372,-1.5211600933,0.26476263,2.348525e-09,1.090823e-08,NA,NA,NA,NA,NA,NA,NA,NA,NA,NA,1
LOC111126003,NA,NA,NA,NA,NA,NA,NA,NA,NA,NA,498.50284004,-1.9206226299,0.28168529,1.263417e-12,8.238342e-12,NA,NA,NA,NA,NA,NA,NA,NA,NA,NA,1
LOC111126004,NA,NA,NA,NA,NA,NA,NA,NA,NA,NA,54.36307373,1.7152438512,0.25093334,1.547191e-12,9.991497e-12,NA,NA,NA,NA,NA,NA,NA,NA,NA,NA,1
LOC111126005,NA,NA,NA,NA,NA,NA,NA,NA,NA,NA,73.39202777,3.4184974367,0.38857449,3.545255e-20,4.424346e-19,NA,NA,NA,NA,NA,NA,NA,NA,NA,NA,1
LOC111126015,NA,NA,NA,NA,NA,NA,NA,NA,NA,NA,65.65137812,-2.1709487581,0.3581539,1.266268e-10,6.814457e-10,NA,NA,NA,NA,NA,NA,NA,NA,NA,NA,1
LOC111126030,NA,NA,NA,NA,NA,NA,NA,NA,NA,NA,120.47151485,-2.4623863928,0.34270476,4.336807e-14,3.217341e-13,NA,NA,NA,NA,NA,NA,NA,NA,NA,NA,1
LOC111126042,NA,NA,NA,NA,NA,NA,NA,NA,NA,NA,60.65082758,2.2934174747,0.77011386,0.0002006057,0.0005016312,NA,NA,NA,NA,NA,NA,NA,NA,NA,NA,1
LOC111126049,NA,NA,NA,NA,NA,NA,NA,NA,NA,NA,86.35354937,2.1883512033,0.49414726,8.394543e-07,2.920789e-06,NA,NA,NA,NA,NA,NA,NA,NA,NA,NA,1
LOC111126054,NA,NA,NA,NA,NA,NA,NA,NA,NA,NA,512.29242467,-2.6478019232,0.28218962,3.427866e-22,4.992761e-21,NA,NA,NA,NA,NA,NA,NA,NA,NA,NA,1
LOC111126055,NA,NA,NA,NA,NA,NA,NA,NA,NA,NA,746.91728806,-1.3957973824,0.46478468,0.0007939695,0.001793374,NA,NA,NA,NA,NA,NA,NA,NA,NA,NA,1
LOC111126064,NA,NA,NA,NA,NA,NA,NA,NA,NA,NA,403.72159352,1.1477339064,0.56384015,0.01705667,0.02916693,NA,NA,NA,NA,NA,NA,NA,NA,NA,NA,1
LOC111126068,NA,NA,NA,NA,NA,NA,NA,NA,NA,NA,88.62433043,-1.6348412762,0.23390149,5.941483e-13,4.003312e-12,NA,NA,NA,NA,NA,NA,NA,NA,NA,NA,1
LOC111126078,NA,NA,NA,NA,NA,NA,NA,NA,NA,NA,7874.98827113,2.498985641,0.42101438,1.760857e-10,9.321671e-10,NA,NA,NA,NA,NA,NA,NA,NA,NA,NA,1
LOC111126092,NA,NA,NA,NA,NA,NA,NA,NA,NA,NA,201.22394883,-1.9897287208,0.19770918,9.990881e-25,1.724674e-23,NA,NA,NA,NA,NA,NA,NA,NA,NA,NA,1
LOC111126101,NA,NA,NA,NA,NA,NA,NA,NA,NA,NA,42.05080757,2.3738467139,0.2224851,1.048145e-27,2.18177e-26,NA,NA,NA,NA,NA,NA,NA,NA,NA,NA,1
LOC111126106,NA,NA,NA,NA,NA,NA,NA,NA,NA,NA,24.90016893,1.7603221788,0.40085458,1.935224e-06,6.430751e-06,NA,NA,NA,NA,NA,NA,NA,NA,NA,NA,1
LOC111126112,NA,NA,NA,NA,NA,NA,NA,NA,NA,NA,141.10335772,-2.6774764051,0.26910122,1.317422e-24,2.256033e-23,NA,NA,NA,NA,NA,NA,NA,NA,NA,NA,1
LOC111126119,NA,NA,NA,NA,NA,NA,NA,NA,NA,NA,40.13245234,3.5855315008,0.66387856,1.185308e-09,5.692879e-09,NA,NA,NA,NA,NA,NA,NA,NA,NA,NA,1
LOC111126148,NA,NA,NA,NA,NA,NA,NA,NA,NA,NA,60.82941675,1.0414977693,0.26314552,3.8557e-05,0.0001073866,NA,NA,NA,NA,NA,NA,NA,NA,NA,NA,1
LOC111126154,NA,NA,NA,NA,NA,NA,NA,NA,NA,NA,318.60813241,1.1776063871,0.22950892,1.236542e-07,4.78892e-07,NA,NA,NA,NA,NA,NA,NA,NA,NA,NA,1
LOC111126156,NA,NA,NA,NA,NA,NA,NA,NA,NA,NA,302.88328265,1.0826076616,0.14098614,7.928243e-15,6.244729e-14,NA,NA,NA,NA,NA,NA,NA,NA,NA,NA,1
LOC111126167,NA,NA,NA,NA,NA,NA,NA,NA,NA,NA,109.16507432,-2.2385291629,0.73149411,0.0001682336,0.0004248444,NA,NA,NA,NA,NA,NA,NA,NA,NA,NA,1
LOC111126172,NA,NA,NA,NA,NA,NA,NA,NA,NA,NA,19.56529541,2.5030683018,0.43772091,6.396129e-10,3.172906e-09,NA,NA,NA,NA,NA,NA,NA,NA,NA,NA,1
LOC111126191,NA,NA,NA,NA,NA,NA,NA,NA,NA,NA,58.0081786,-1.6958153014,0.28210039,3.572065e-10,1.821719e-09,NA,NA,NA,NA,NA,NA,NA,NA,NA,NA,1
LOC111126194,NA,NA,NA,NA,NA,NA,NA,NA,NA,NA,369.89707721,1.6028591424,0.14757869,4.04349e-28,8.634703e-27,NA,NA,NA,NA,NA,NA,NA,NA,NA,NA,1
LOC111126197,NA,NA,NA,NA,NA,NA,NA,NA,NA,NA,102.11572715,-1.3136161929,0.2437168,2.483812e-08,1.035646e-07,NA,NA,NA,NA,NA,NA,NA,NA,NA,NA,1
LOC111126198,NA,NA,NA,NA,NA,NA,NA,NA,NA,NA,179.36510279,-1.7402556034,0.18106875,1.319418e-22,1.980974e-21,NA,NA,NA,NA,NA,NA,NA,NA,NA,NA,1
LOC111126201,NA,NA,NA,NA,NA,NA,NA,NA,NA,NA,124.31342226,2.4325196284,0.34081768,6.378548e-14,4.670631e-13,NA,NA,NA,NA,NA,NA,NA,NA,NA,NA,1
LOC111126203,NA,NA,NA,NA,NA,NA,NA,NA,NA,NA,188.3340327,-1.0726214895,0.15587408,2.960379e-12,1.851532e-11,NA,NA,NA,NA,NA,NA,NA,NA,NA,NA,1
LOC111126204,NA,NA,NA,NA,NA,NA,NA,NA,NA,NA,248.88547225,-1.161387534,0.19652421,1.512235e-09,7.173078e-09,NA,NA,NA,NA,NA,NA,NA,NA,NA,NA,1
LOC111126205,NA,NA,NA,NA,NA,NA,NA,NA,NA,NA,56.37445027,-1.8704476418,0.30060388,7.23099e-11,3.983361e-10,NA,NA,NA,NA,NA,NA,NA,NA,NA,NA,1
LOC111126209,NA,NA,NA,NA,NA,NA,NA,NA,NA,NA,1428.84388929,2.5100796381,0.24045843,1.039954e-26,2.053095e-25,NA,NA,NA,NA,NA,NA,NA,NA,NA,NA,1
LOC111126210,NA,NA,NA,NA,NA,NA,NA,NA,NA,NA,116.60621611,1.7405664417,0.4973232,8.075842e-05,0.0002146616,NA,NA,NA,NA,NA,NA,NA,NA,NA,NA,1
LOC111126213,NA,NA,NA,NA,NA,NA,NA,NA,NA,NA,378.73484069,1.4645338755,0.44360206,0.0002591104,0.0006356209,NA,NA,NA,NA,NA,NA,NA,NA,NA,NA,1
LOC111126215,NA,NA,NA,NA,NA,NA,NA,NA,NA,NA,452.87023904,-1.8659830737,0.18628409,1.941384e-24,3.267133e-23,NA,NA,NA,NA,NA,NA,NA,NA,NA,NA,1
LOC111126216,NA,NA,NA,NA,NA,NA,NA,NA,NA,NA,82.43576912,-1.7756529094,0.22617719,7.148912e-16,6.160477e-15,NA,NA,NA,NA,NA,NA,NA,NA,NA,NA,1
LOC111126220,NA,NA,NA,NA,NA,NA,NA,NA,NA,NA,145.15761062,-1.9272956079,0.21706138,9.247232e-20,1.112574e-18,NA,NA,NA,NA,NA,NA,NA,NA,NA,NA,1
LOC111126235,NA,NA,NA,NA,NA,NA,NA,NA,NA,NA,81.2373643,-1.6269722839,0.45170895,6.614304e-05,0.0001780199,NA,NA,NA,NA,NA,NA,NA,NA,NA,NA,1
LOC111126247,NA,NA,NA,NA,NA,NA,NA,NA,NA,NA,74.70159052,-1.4047093679,0.23715812,9.723309e-10,4.720737e-09,NA,NA,NA,NA,NA,NA,NA,NA,NA,NA,1
LOC111126278,NA,NA,NA,NA,NA,NA,NA,NA,NA,NA,42.40846499,2.7342522559,0.54856637,2.687438e-08,1.11405e-07,NA,NA,NA,NA,NA,NA,NA,NA,NA,NA,1
LOC111126281,NA,NA,NA,NA,NA,NA,NA,NA,NA,NA,16433.93312846,1.2557494185,0.47118611,0.002796543,0.005682135,NA,NA,NA,NA,NA,NA,NA,NA,NA,NA,1
LOC111126286,NA,NA,NA,NA,NA,NA,NA,NA,NA,NA,83.2515626,3.1585235048,0.36170525,7.924448e-20,9.609738e-19,NA,NA,NA,NA,NA,NA,NA,NA,NA,NA,1
LOC111126292,NA,NA,NA,NA,NA,NA,NA,NA,NA,NA,340.17753742,-1.9637820558,0.3372017,7.324625e-10,3.608455e-09,NA,NA,NA,NA,NA,NA,NA,NA,NA,NA,1
LOC111126306,NA,NA,NA,NA,NA,NA,NA,NA,NA,NA,113.97250608,2.6311770942,0.35796644,1.046276e-14,8.157149e-14,NA,NA,NA,NA,NA,NA,NA,NA,NA,NA,1
LOC111126320,NA,NA,NA,NA,NA,NA,NA,NA,NA,NA,337.59390471,-2.1127706465,0.22609922,9.65615e-22,1.353123e-20,NA,NA,NA,NA,NA,NA,NA,NA,NA,NA,1
LOC111126322,NA,NA,NA,NA,NA,NA,NA,NA,NA,NA,551.83906359,-1.0129394122,0.23736872,1.050159e-05,3.164053e-05,NA,NA,NA,NA,NA,NA,NA,NA,NA,NA,1
LOC111126323,NA,NA,NA,NA,NA,NA,NA,NA,NA,NA,57.7778363,-1.3367028586,0.27387411,3.580491e-07,1.311338e-06,NA,NA,NA,NA,NA,NA,NA,NA,NA,NA,1
LOC111126334,NA,NA,NA,NA,NA,NA,NA,NA,NA,NA,88.81980457,-1.7245182295,0.36958705,5.613575e-07,2.001248e-06,NA,NA,NA,NA,NA,NA,NA,NA,NA,NA,1
LOC111126338,NA,NA,NA,NA,NA,NA,NA,NA,NA,NA,295.33726047,-1.1518246002,0.3538787,0.0004910377,0.001150585,NA,NA,NA,NA,NA,NA,NA,NA,NA,NA,1
LOC111126343,NA,NA,NA,NA,NA,NA,NA,NA,NA,NA,274.17366403,-3.5928739455,0.24902466,8.305097e-49,5.564415e-47,NA,NA,NA,NA,NA,NA,NA,NA,NA,NA,1
LOC111126344,NA,NA,NA,NA,NA,NA,NA,NA,NA,NA,91.72629818,2.3712523304,0.4277853,2.092219e-09,9.789868e-09,NA,NA,NA,NA,NA,NA,NA,NA,NA,NA,1
LOC111126345,NA,NA,NA,NA,NA,NA,NA,NA,NA,NA,122.47760826,1.9546605791,0.26723507,3.377527e-14,2.524901e-13,NA,NA,NA,NA,NA,NA,NA,NA,NA,NA,1
LOC111126357,NA,NA,NA,NA,NA,NA,NA,NA,NA,NA,172.11880093,1.1483777097,0.24524397,1.261125e-06,4.289105e-06,NA,NA,NA,NA,NA,NA,NA,NA,NA,NA,1
LOC111126358,NA,NA,NA,NA,NA,NA,NA,NA,NA,NA,25.63837056,1.5204471383,0.33867586,1.807066e-06,6.029177e-06,NA,NA,NA,NA,NA,NA,NA,NA,NA,NA,1
LOC111126370,NA,NA,NA,NA,NA,NA,NA,NA,NA,NA,343.8115291,2.7397209982,0.26338039,1.186981e-26,2.334759e-25,NA,NA,NA,NA,NA,NA,NA,NA,NA,NA,1
LOC111126406,NA,NA,NA,NA,NA,NA,NA,NA,NA,NA,102.78498959,-1.355455034,0.42762345,0.0004859727,0.001139713,NA,NA,NA,NA,NA,NA,NA,NA,NA,NA,1
LOC111126408,NA,NA,NA,NA,NA,NA,NA,NA,NA,NA,57.13190556,-1.8964461018,0.2607511,5.018868e-14,3.70284e-13,NA,NA,NA,NA,NA,NA,NA,NA,NA,NA,1
LOC111126414,NA,NA,NA,NA,NA,NA,NA,NA,NA,NA,90.3319517,1.5549700492,0.32855575,5.321215e-07,1.901447e-06,NA,NA,NA,NA,NA,NA,NA,NA,NA,NA,1
LOC111126416,NA,NA,NA,NA,NA,NA,NA,NA,NA,NA,147.5165649,-1.2370771294,0.25068554,3.155367e-07,1.16439e-06,NA,NA,NA,NA,NA,NA,NA,NA,NA,NA,1
LOC111126431,NA,NA,NA,NA,NA,NA,NA,NA,NA,NA,22.85243752,1.2818394905,0.27537757,1.190061e-06,4.064179e-06,NA,NA,NA,NA,NA,NA,NA,NA,NA,NA,1
LOC111126432,NA,NA,NA,NA,NA,NA,NA,NA,NA,NA,159.63510331,-1.8888475502,0.27120141,4.743936e-13,3.228888e-12,NA,NA,NA,NA,NA,NA,NA,NA,NA,NA,1
LOC111126436,NA,NA,NA,NA,NA,NA,NA,NA,NA,NA,146.94760956,1.0434448812,0.35124458,0.001480856,0.00317432,NA,NA,NA,NA,NA,NA,NA,NA,NA,NA,1
LOC111126453,NA,NA,NA,NA,NA,NA,NA,NA,NA,NA,82.65648394,1.443619997,0.17515737,4.960306e-17,4.756214e-16,NA,NA,NA,NA,NA,NA,NA,NA,NA,NA,1
LOC111126455,NA,NA,NA,NA,NA,NA,NA,NA,NA,NA,241.87446855,1.4618063046,0.18257753,3.353666e-16,2.978567e-15,NA,NA,NA,NA,NA,NA,NA,NA,NA,NA,1
LOC111126456,NA,NA,NA,NA,NA,NA,NA,NA,NA,NA,114.2482783,-1.8071239879,0.24959272,7.3439e-14,5.35191e-13,NA,NA,NA,NA,NA,NA,NA,NA,NA,NA,1
LOC111126473,NA,NA,NA,NA,NA,NA,NA,NA,NA,NA,121.02473932,2.7291991973,0.23851274,1.278767e-31,3.435685e-30,NA,NA,NA,NA,NA,NA,NA,NA,NA,NA,1
LOC111126478,NA,NA,NA,NA,NA,NA,NA,NA,NA,NA,127.34758108,1.5455913509,0.32031007,3.412906e-07,1.254246e-06,NA,NA,NA,NA,NA,NA,NA,NA,NA,NA,1
LOC111126484,NA,NA,NA,NA,NA,NA,NA,NA,NA,NA,411.24985214,2.2259050862,0.23075534,4.567615e-23,7.075843e-22,NA,NA,NA,NA,NA,NA,NA,NA,NA,NA,1
LOC111126506,NA,NA,NA,NA,NA,NA,NA,NA,NA,NA,124.4552126,-2.8225290427,0.25889756,5.089919e-29,1.143898e-27,NA,NA,NA,NA,NA,NA,NA,NA,NA,NA,1
LOC111126515,NA,NA,NA,NA,NA,NA,NA,NA,NA,NA,61.39596476,-1.1333720854,0.4586097,0.005801498,0.01100981,NA,NA,NA,NA,NA,NA,NA,NA,NA,NA,1
LOC111126518,NA,NA,NA,NA,NA,NA,NA,NA,NA,NA,229.94345483,-1.7379743942,0.32294073,1.332153e-08,5.714557e-08,NA,NA,NA,NA,NA,NA,NA,NA,NA,NA,1
LOC111126520,NA,NA,NA,NA,NA,NA,NA,NA,NA,NA,582.17216043,-2.6986115809,0.25558257,2.371364e-27,4.860616e-26,NA,NA,NA,NA,NA,NA,NA,NA,NA,NA,1
LOC111126524,NA,NA,NA,NA,NA,NA,NA,NA,NA,NA,36.00636145,2.5194588734,0.66495571,8.032613e-06,2.472993e-05,NA,NA,NA,NA,NA,NA,NA,NA,NA,NA,1
LOC111126553,NA,NA,NA,NA,NA,NA,NA,NA,NA,NA,280.96050061,1.2861674628,0.32087311,2.210026e-05,6.378965e-05,NA,NA,NA,NA,NA,NA,NA,NA,NA,NA,1
LOC111126555,NA,NA,NA,NA,NA,NA,NA,NA,NA,NA,126.12800027,-1.9896391104,0.25404914,5.980806e-16,5.216781e-15,NA,NA,NA,NA,NA,NA,NA,NA,NA,NA,1
LOC111126559,NA,NA,NA,NA,NA,NA,NA,NA,NA,NA,168.60314201,-1.293028066,0.37793119,0.0002201324,0.000547268,NA,NA,NA,NA,NA,NA,NA,NA,NA,NA,1
LOC111126562,NA,NA,NA,NA,NA,NA,NA,NA,NA,NA,383.737499,1.0316109398,0.21476752,8.128533e-07,2.83191e-06,NA,NA,NA,NA,NA,NA,NA,NA,NA,NA,1
LOC111126564,NA,NA,NA,NA,NA,NA,NA,NA,NA,NA,125.08139925,1.3517401695,0.18222536,3.997464e-14,2.97589e-13,NA,NA,NA,NA,NA,NA,NA,NA,NA,NA,1
LOC111126566,NA,NA,NA,NA,NA,NA,NA,NA,NA,NA,208.10417427,-2.4877298622,0.33115519,3.656123e-15,2.980505e-14,NA,NA,NA,NA,NA,NA,NA,NA,NA,NA,1
LOC111126568,NA,NA,NA,NA,NA,NA,NA,NA,NA,NA,817.60162106,-1.2579123879,0.18864822,9.995369e-12,5.942893e-11,NA,NA,NA,NA,NA,NA,NA,NA,NA,NA,1
LOC111126569,NA,NA,NA,NA,NA,NA,NA,NA,NA,NA,62.78781405,1.027175619,0.23972837,9.540416e-06,2.89808e-05,NA,NA,NA,NA,NA,NA,NA,NA,NA,NA,1
LOC111126574,NA,NA,NA,NA,NA,NA,NA,NA,NA,NA,163.26058974,-1.3452360291,0.14955705,8.064333e-20,9.768322e-19,NA,NA,NA,NA,NA,NA,NA,NA,NA,NA,1
LOC111126579,NA,NA,NA,NA,NA,NA,NA,NA,NA,NA,4005.26373631,1.7905118943,0.26501591,2.378111e-12,1.503145e-11,NA,NA,NA,NA,NA,NA,NA,NA,NA,NA,1
LOC111126590,NA,NA,NA,NA,NA,NA,NA,NA,NA,NA,77.44657401,1.584092008,0.3115562,8.489382e-08,3.348277e-07,NA,NA,NA,NA,NA,NA,NA,NA,NA,NA,1
LOC111126593,NA,NA,NA,NA,NA,NA,NA,NA,NA,NA,309.63677555,6.7913485265,0.49063421,4.740848e-46,2.660832e-44,NA,NA,NA,NA,NA,NA,NA,NA,NA,NA,1
LOC111126598,NA,NA,NA,NA,NA,NA,NA,NA,NA,NA,91.6705201,4.1185150651,0.20501728,1.624441e-91,4.146191e-89,NA,NA,NA,NA,NA,NA,NA,NA,NA,NA,1
LOC111126614,NA,NA,NA,NA,NA,NA,NA,NA,NA,NA,11286.80588969,2.4119154456,0.35865057,1.200461e-12,7.846916e-12,NA,NA,NA,NA,NA,NA,NA,NA,NA,NA,1
LOC111126629,NA,NA,NA,NA,NA,NA,NA,NA,NA,NA,22.62918051,1.3749588966,0.34513993,2.139856e-05,6.189762e-05,NA,NA,NA,NA,NA,NA,NA,NA,NA,NA,1
LOC111126631,NA,NA,NA,NA,NA,NA,NA,NA,NA,NA,48.99966324,1.3976745892,0.55964931,0.003601941,0.007157971,NA,NA,NA,NA,NA,NA,NA,NA,NA,NA,1
LOC111126632,NA,NA,NA,NA,NA,NA,NA,NA,NA,NA,48.38934311,-1.3447017965,0.27920745,4.894546e-07,1.760723e-06,NA,NA,NA,NA,NA,NA,NA,NA,NA,NA,1
LOC111126645,NA,NA,NA,NA,NA,NA,NA,NA,NA,NA,82.93278407,-1.0967720536,0.28370918,5.237855e-05,0.0001433124,NA,NA,NA,NA,NA,NA,NA,NA,NA,NA,1
LOC111126651,NA,NA,NA,NA,NA,NA,NA,NA,NA,NA,49.53791719,2.0451195375,0.29416256,4.088216e-13,2.793223e-12,NA,NA,NA,NA,NA,NA,NA,NA,NA,NA,1
LOC111126658,NA,NA,NA,NA,NA,NA,NA,NA,NA,NA,47.53838805,1.199396107,0.29050051,1.500843e-05,4.424928e-05,NA,NA,NA,NA,NA,NA,NA,NA,NA,NA,1
LOC111126660,NA,NA,NA,NA,NA,NA,NA,NA,NA,NA,45.22822586,-1.4074732141,0.36539717,3.505887e-05,9.815384e-05,NA,NA,NA,NA,NA,NA,NA,NA,NA,NA,1
LOC111126663,NA,NA,NA,NA,NA,NA,NA,NA,NA,NA,141.82104923,3.7601838357,0.53418199,3.432022e-14,2.562067e-13,NA,NA,NA,NA,NA,NA,NA,NA,NA,NA,1
LOC111126673,NA,NA,NA,NA,NA,NA,NA,NA,NA,NA,412.55018257,-1.1190644668,0.16977859,2.044017e-11,1.180596e-10,NA,NA,NA,NA,NA,NA,NA,NA,NA,NA,1
LOC111126676,NA,NA,NA,NA,NA,NA,NA,NA,NA,NA,99.10853334,-2.3662544191,0.2359658,8.58708e-25,1.487132e-23,NA,NA,NA,NA,NA,NA,NA,NA,NA,NA,1
LOC111126709,NA,NA,NA,NA,NA,NA,NA,NA,NA,NA,59.90404458,1.0729336852,0.26725703,2.915175e-05,8.271751e-05,NA,NA,NA,NA,NA,NA,NA,NA,NA,NA,1
LOC111126711,NA,NA,NA,NA,NA,NA,NA,NA,NA,NA,151.85808975,-1.878419428,0.22012364,2.096082e-18,2.235821e-17,NA,NA,NA,NA,NA,NA,NA,NA,NA,NA,1
LOC111126712,NA,NA,NA,NA,NA,NA,NA,NA,NA,NA,36.71766316,3.6933544439,0.32728637,3.364533e-31,8.77562e-30,NA,NA,NA,NA,NA,NA,NA,NA,NA,NA,1
LOC111126728,NA,NA,NA,NA,NA,NA,NA,NA,NA,NA,69.58294717,-1.4582830612,0.33873864,4.64861e-06,1.479605e-05,NA,NA,NA,NA,NA,NA,NA,NA,NA,NA,1
LOC111126745,NA,NA,NA,NA,NA,NA,NA,NA,NA,NA,129.69960517,1.9058989838,0.26923627,2.041987e-13,1.43196e-12,NA,NA,NA,NA,NA,NA,NA,NA,NA,NA,1
LOC111126757,NA,NA,NA,NA,NA,NA,NA,NA,NA,NA,279.92111782,2.4849352702,0.29453931,2.084883e-18,2.22609e-17,NA,NA,NA,NA,NA,NA,NA,NA,NA,NA,1
LOC111126767,NA,NA,NA,NA,NA,NA,NA,NA,NA,NA,623.19708207,-4.3957754165,0.36753338,7.830818e-35,2.513364e-33,NA,NA,NA,NA,NA,NA,NA,NA,NA,NA,1
LOC111126771,NA,NA,NA,NA,NA,NA,NA,NA,NA,NA,1512.35365961,1.0132889646,0.30673432,0.0004993517,0.001168278,NA,NA,NA,NA,NA,NA,NA,NA,NA,NA,1
LOC111126778,NA,NA,NA,NA,NA,NA,NA,NA,NA,NA,44.86347714,1.7346630777,0.4568066,2.58492e-05,7.383517e-05,NA,NA,NA,NA,NA,NA,NA,NA,NA,NA,1
LOC111126779,NA,NA,NA,NA,NA,NA,NA,NA,NA,NA,36.05905485,1.4132796557,0.53370552,0.002296908,0.004744287,NA,NA,NA,NA,NA,NA,NA,NA,NA,NA,1
LOC111126788,NA,NA,NA,NA,NA,NA,NA,NA,NA,NA,556.35722073,-1.9953510307,0.21146314,4.805663e-22,6.961718e-21,NA,NA,NA,NA,NA,NA,NA,NA,NA,NA,1
LOC111126793,NA,NA,NA,NA,NA,NA,NA,NA,NA,NA,164.12956835,-1.6586791431,0.20834067,3.54026e-16,3.139089e-15,NA,NA,NA,NA,NA,NA,NA,NA,NA,NA,1
LOC111126814,NA,NA,NA,NA,NA,NA,NA,NA,NA,NA,32.72092538,1.2256480673,0.39266124,0.0006972288,0.001589262,NA,NA,NA,NA,NA,NA,NA,NA,NA,NA,1
LOC111126821,NA,NA,NA,NA,NA,NA,NA,NA,NA,NA,172.3257789,1.863348446,0.3696042,6.808719e-08,2.721456e-07,NA,NA,NA,NA,NA,NA,NA,NA,NA,NA,1
LOC111126831,NA,NA,NA,NA,NA,NA,NA,NA,NA,NA,22.54129783,1.4888437439,0.64085891,0.004926969,0.009513168,NA,NA,NA,NA,NA,NA,NA,NA,NA,NA,1
LOC111126835,NA,NA,NA,NA,NA,NA,NA,NA,NA,NA,105.05768423,-1.1189177104,0.25652707,5.961329e-06,1.869674e-05,NA,NA,NA,NA,NA,NA,NA,NA,NA,NA,1
LOC111126836,NA,NA,NA,NA,NA,NA,NA,NA,NA,NA,228.48710573,-3.2977675479,0.31857268,1.191495e-26,2.339346e-25,NA,NA,NA,NA,NA,NA,NA,NA,NA,NA,1
LOC111126851,NA,NA,NA,NA,NA,NA,NA,NA,NA,NA,37.09451907,3.2096022991,0.67478184,4.813394e-08,1.947154e-07,NA,NA,NA,NA,NA,NA,NA,NA,NA,NA,1
LOC111126863,NA,NA,NA,NA,NA,NA,NA,NA,NA,NA,83.49768934,3.0334254171,0.56963618,3.148102e-09,1.442824e-08,NA,NA,NA,NA,NA,NA,NA,NA,NA,NA,1
LOC111126866,NA,NA,NA,NA,NA,NA,NA,NA,NA,NA,49.78528011,-1.5254190681,0.3332721,1.184838e-06,4.047631e-06,NA,NA,NA,NA,NA,NA,NA,NA,NA,NA,1
LOC111126911,NA,NA,NA,NA,NA,NA,NA,NA,NA,NA,1760.65542186,1.706344541,0.10544105,1.298588e-59,1.391409e-57,NA,NA,NA,NA,NA,NA,NA,NA,NA,NA,1
LOC111126914,NA,NA,NA,NA,NA,NA,NA,NA,NA,NA,187.11380565,-3.244606873,0.26627809,1.158008e-35,3.867241e-34,NA,NA,NA,NA,NA,NA,NA,NA,NA,NA,1
LOC111126915,NA,NA,NA,NA,NA,NA,NA,NA,NA,NA,735.76497258,3.0519251348,0.36284865,1.41566e-18,1.529826e-17,NA,NA,NA,NA,NA,NA,NA,NA,NA,NA,1
LOC111126968,NA,NA,NA,NA,NA,NA,NA,NA,NA,NA,3836.76172754,1.0488968768,0.17687278,1.552055e-09,7.348952e-09,NA,NA,NA,NA,NA,NA,NA,NA,NA,NA,1
LOC111126975,NA,NA,NA,NA,NA,NA,NA,NA,NA,NA,329.81795721,1.164212051,0.20852281,1.035869e-08,4.51403e-08,NA,NA,NA,NA,NA,NA,NA,NA,NA,NA,1
LOC111126987,NA,NA,NA,NA,NA,NA,NA,NA,NA,NA,47.06659465,-1.0632260125,0.34546884,0.00101593,0.002245983,NA,NA,NA,NA,NA,NA,NA,NA,NA,NA,1
LOC111127005,NA,NA,NA,NA,NA,NA,NA,NA,NA,NA,56.9996503,-1.0428586865,0.26158255,3.411053e-05,9.577392e-05,NA,NA,NA,NA,NA,NA,NA,NA,NA,NA,1
LOC111127009,NA,NA,NA,NA,NA,NA,NA,NA,NA,NA,250.4937807,1.2636508961,0.2295592,1.405117e-08,6.013113e-08,NA,NA,NA,NA,NA,NA,NA,NA,NA,NA,1
LOC111127026,NA,NA,NA,NA,NA,NA,NA,NA,NA,NA,5742.53698247,2.2925108245,0.22105274,2.766667e-26,5.26797e-25,NA,NA,NA,NA,NA,NA,NA,NA,NA,NA,1
LOC111127040,NA,NA,NA,NA,NA,NA,NA,NA,NA,NA,43.88351752,-1.2784345277,0.34164254,6.641484e-05,0.0001786618,NA,NA,NA,NA,NA,NA,NA,NA,NA,NA,1
LOC111127081,NA,NA,NA,NA,NA,NA,NA,NA,NA,NA,99.80957264,-1.7710666471,0.45315805,1.553787e-05,4.567205e-05,NA,NA,NA,NA,NA,NA,NA,NA,NA,NA,1
LOC111127110,NA,NA,NA,NA,NA,NA,NA,NA,NA,NA,907.90038356,-1.4894255916,0.36130336,9.90797e-06,2.998685e-05,NA,NA,NA,NA,NA,NA,NA,NA,NA,NA,1
LOC111127120,NA,NA,NA,NA,NA,NA,NA,NA,NA,NA,30.90709817,2.8090501589,0.32204487,1.21407e-19,1.446092e-18,NA,NA,NA,NA,NA,NA,NA,NA,NA,NA,1
LOC111127123,NA,NA,NA,NA,NA,NA,NA,NA,NA,NA,83.45972375,3.2295275954,0.26451375,8.709071e-36,2.94515e-34,NA,NA,NA,NA,NA,NA,NA,NA,NA,NA,1
LOC111127126,NA,NA,NA,NA,NA,NA,NA,NA,NA,NA,82.74111338,-1.3228138201,0.21066958,1.190185e-10,6.417901e-10,NA,NA,NA,NA,NA,NA,NA,NA,NA,NA,1
LOC111127142,NA,NA,NA,NA,NA,NA,NA,NA,NA,NA,214.30562779,-1.2277218244,0.41452234,0.001174575,0.00256184,NA,NA,NA,NA,NA,NA,NA,NA,NA,NA,1
LOC111127150,NA,NA,NA,NA,NA,NA,NA,NA,NA,NA,536.00645473,-2.7012614046,0.47056619,4.402163e-10,2.222854e-09,NA,NA,NA,NA,NA,NA,NA,NA,NA,NA,1
LOC111127155,NA,NA,NA,NA,NA,NA,NA,NA,NA,NA,52.14352862,2.0299855538,0.3259243,5.449707e-11,3.044338e-10,NA,NA,NA,NA,NA,NA,NA,NA,NA,NA,1
LOC111127160,NA,NA,NA,NA,NA,NA,NA,NA,NA,NA,561.154412,-1.6653090212,0.34745589,3.311933e-07,1.219647e-06,NA,NA,NA,NA,NA,NA,NA,NA,NA,NA,1
LOC111127165,NA,NA,NA,NA,NA,NA,NA,NA,NA,NA,46.61381286,-1.1267229339,0.26663831,1.087404e-05,3.267089e-05,NA,NA,NA,NA,NA,NA,NA,NA,NA,NA,1
LOC111127170,NA,NA,NA,NA,NA,NA,NA,NA,NA,NA,108.88271916,1.4539146391,0.2351753,1.804166e-10,9.530277e-10,NA,NA,NA,NA,NA,NA,NA,NA,NA,NA,1
LOC111127175,NA,NA,NA,NA,NA,NA,NA,NA,NA,NA,297.69010455,-2.7767927352,0.20531474,5.390256e-43,2.662836e-41,NA,NA,NA,NA,NA,NA,NA,NA,NA,NA,1
LOC111127189,NA,NA,NA,NA,NA,NA,NA,NA,NA,NA,55.7827638,2.0632306318,0.54299076,1.516844e-05,4.468418e-05,NA,NA,NA,NA,NA,NA,NA,NA,NA,NA,1
LOC111127202,NA,NA,NA,NA,NA,NA,NA,NA,NA,NA,35.54477707,1.0601162291,0.29538747,0.0001642601,0.0004155931,NA,NA,NA,NA,NA,NA,NA,NA,NA,NA,1
LOC111127224,NA,NA,NA,NA,NA,NA,NA,NA,NA,NA,73.59042597,-1.602522018,0.22529926,2.577723e-13,1.788556e-12,NA,NA,NA,NA,NA,NA,NA,NA,NA,NA,1
LOC111127225,NA,NA,NA,NA,NA,NA,NA,NA,NA,NA,54277.56519277,1.9211416834,0.32387275,4.07786e-10,2.068843e-09,NA,NA,NA,NA,NA,NA,NA,NA,NA,NA,1
LOC111127227,NA,NA,NA,NA,NA,NA,NA,NA,NA,NA,519.8916969,1.3140591157,0.56299323,0.006361673,0.01195812,NA,NA,NA,NA,NA,NA,NA,NA,NA,NA,1
LOC111127229,NA,NA,NA,NA,NA,NA,NA,NA,NA,NA,2870.9916259,1.1741223201,0.21625304,2.443105e-08,1.019466e-07,NA,NA,NA,NA,NA,NA,NA,NA,NA,NA,1
LOC111127230,NA,NA,NA,NA,NA,NA,NA,NA,NA,NA,281.22583367,1.2298420391,0.29923732,1.557599e-05,4.577155e-05,NA,NA,NA,NA,NA,NA,NA,NA,NA,NA,1
LOC111127231,NA,NA,NA,NA,NA,NA,NA,NA,NA,NA,487.07023933,2.7902717964,0.2628672,1.185011e-27,2.461883e-26,NA,NA,NA,NA,NA,NA,NA,NA,NA,NA,1
LOC111127240,NA,NA,NA,NA,NA,NA,NA,NA,NA,NA,106.66261595,1.6452930407,0.19882861,2.734862e-17,2.689699e-16,NA,NA,NA,NA,NA,NA,NA,NA,NA,NA,1
LOC111127252,NA,NA,NA,NA,NA,NA,NA,NA,NA,NA,25.09465197,1.7495682362,0.32069335,8.658684e-09,3.808826e-08,NA,NA,NA,NA,NA,NA,NA,NA,NA,NA,1
LOC111127288,NA,NA,NA,NA,NA,NA,NA,NA,NA,NA,750.07532341,1.5835831585,0.17110953,5.049996e-21,6.741713e-20,NA,NA,NA,NA,NA,NA,NA,NA,NA,NA,1
LOC111127289,NA,NA,NA,NA,NA,NA,NA,NA,NA,NA,21306.73919844,1.3583589429,0.21126429,4.238186e-11,2.388715e-10,NA,NA,NA,NA,NA,NA,NA,NA,NA,NA,1
LOC111127317,NA,NA,NA,NA,NA,NA,NA,NA,NA,NA,199.11466681,-1.283700469,0.25765692,2.308694e-07,8.674797e-07,NA,NA,NA,NA,NA,NA,NA,NA,NA,NA,1
LOC111127319,NA,NA,NA,NA,NA,NA,NA,NA,NA,NA,382.46965544,3.0636903888,0.28117628,4.321803e-29,9.753628e-28,NA,NA,NA,NA,NA,NA,NA,NA,NA,NA,1
LOC111127320,NA,NA,NA,NA,NA,NA,NA,NA,NA,NA,109.44506705,1.382869087,0.2791523,2.298397e-07,8.639136e-07,NA,NA,NA,NA,NA,NA,NA,NA,NA,NA,1
LOC111127324,NA,NA,NA,NA,NA,NA,NA,NA,NA,NA,186.36024477,1.1489130077,0.34571888,0.0003873749,0.0009232234,NA,NA,NA,NA,NA,NA,NA,NA,NA,NA,1
LOC111127325,NA,NA,NA,NA,NA,NA,NA,NA,NA,NA,171.14912437,2.4559198395,0.39635241,3.69671e-11,2.094542e-10,NA,NA,NA,NA,NA,NA,NA,NA,NA,NA,1
LOC111127327,NA,NA,NA,NA,NA,NA,NA,NA,NA,NA,22.32160767,1.1279497111,0.44913822,0.005235216,0.01003245,NA,NA,NA,NA,NA,NA,NA,NA,NA,NA,1
LOC111127337,NA,NA,NA,NA,NA,NA,NA,NA,NA,NA,32.21575312,1.353389544,0.3605155,5.649676e-05,0.0001533667,NA,NA,NA,NA,NA,NA,NA,NA,NA,NA,1
LOC111127351,NA,NA,NA,NA,NA,NA,NA,NA,NA,NA,204.64141008,-1.0305310203,0.19106012,3.614632e-08,1.482359e-07,NA,NA,NA,NA,NA,NA,NA,NA,NA,NA,1
LOC111127353,NA,NA,NA,NA,NA,NA,NA,NA,NA,NA,82.47113775,1.3798144842,0.30806891,2.367487e-06,7.777952e-06,NA,NA,NA,NA,NA,NA,NA,NA,NA,NA,1
LOC111127374,NA,NA,NA,NA,NA,NA,NA,NA,NA,NA,156.04488451,-2.4773194998,0.28850945,5.781704e-19,6.449518e-18,NA,NA,NA,NA,NA,NA,NA,NA,NA,NA,1
LOC111127410,NA,NA,NA,NA,NA,NA,NA,NA,NA,NA,88.4557882,-1.4071990102,0.26481698,3.275594e-08,1.350553e-07,NA,NA,NA,NA,NA,NA,NA,NA,NA,NA,1
LOC111127416,NA,NA,NA,NA,NA,NA,NA,NA,NA,NA,227.9222071,-1.1180581416,0.16269294,2.971114e-12,1.854999e-11,NA,NA,NA,NA,NA,NA,NA,NA,NA,NA,1
LOC111127447,NA,NA,NA,NA,NA,NA,NA,NA,NA,NA,93.19959961,1.9042702634,0.34497921,4.715884e-09,2.121455e-08,NA,NA,NA,NA,NA,NA,NA,NA,NA,NA,1
LOC111127468,NA,NA,NA,NA,NA,NA,NA,NA,NA,NA,255.03998012,-1.2437388769,0.25769509,5.408287e-07,1.931274e-06,NA,NA,NA,NA,NA,NA,NA,NA,NA,NA,1
LOC111127508,NA,NA,NA,NA,NA,NA,NA,NA,NA,NA,66.8149848,-1.7447138822,0.50190511,8.757401e-05,0.0002318581,NA,NA,NA,NA,NA,NA,NA,NA,NA,NA,1
LOC111127510,NA,NA,NA,NA,NA,NA,NA,NA,NA,NA,215.02820594,-1.2754078454,0.350876,0.0001013961,0.0002662827,NA,NA,NA,NA,NA,NA,NA,NA,NA,NA,1
LOC111127512,NA,NA,NA,NA,NA,NA,NA,NA,NA,NA,133.15072757,-2.6207382505,0.31433504,4.133737e-18,4.31907e-17,NA,NA,NA,NA,NA,NA,NA,NA,NA,NA,1
LOC111127513,NA,NA,NA,NA,NA,NA,NA,NA,NA,NA,567.49872,1.6243663999,0.38812089,6.070799e-06,1.899007e-05,NA,NA,NA,NA,NA,NA,NA,NA,NA,NA,1
LOC111127536,NA,NA,NA,NA,NA,NA,NA,NA,NA,NA,543.83554556,1.8991032171,0.13367974,1.20817e-46,6.963215e-45,NA,NA,NA,NA,NA,NA,NA,NA,NA,NA,1
LOC111127539,NA,NA,NA,NA,NA,NA,NA,NA,NA,NA,72.20113793,1.5559138113,0.2729287,2.888261e-09,1.326002e-08,NA,NA,NA,NA,NA,NA,NA,NA,NA,NA,1
LOC111127562,NA,NA,NA,NA,NA,NA,NA,NA,NA,NA,234.3738054,1.5984219532,0.52592055,0.0005091894,0.001188959,NA,NA,NA,NA,NA,NA,NA,NA,NA,NA,1
LOC111127569,NA,NA,NA,NA,NA,NA,NA,NA,NA,NA,99.65332076,-2.1853491323,0.61990616,3.619193e-05,0.0001011939,NA,NA,NA,NA,NA,NA,NA,NA,NA,NA,1
LOC111127576,NA,NA,NA,NA,NA,NA,NA,NA,NA,NA,37.88429287,1.4493861281,0.41880588,0.0001493872,0.0003811748,NA,NA,NA,NA,NA,NA,NA,NA,NA,NA,1
LOC111127581,NA,NA,NA,NA,NA,NA,NA,NA,NA,NA,40.28819148,2.0193794799,0.63474674,0.0001595576,0.0004046505,NA,NA,NA,NA,NA,NA,NA,NA,NA,NA,1
LOC111127589,NA,NA,NA,NA,NA,NA,NA,NA,NA,NA,54.82883566,-1.153333329,0.29620335,4.321133e-05,0.0001195729,NA,NA,NA,NA,NA,NA,NA,NA,NA,NA,1
LOC111127601,NA,NA,NA,NA,NA,NA,NA,NA,NA,NA,101.54688571,2.6228083166,0.37424635,1.280703e-13,9.128416e-13,NA,NA,NA,NA,NA,NA,NA,NA,NA,NA,1
LOC111127602,NA,NA,NA,NA,NA,NA,NA,NA,NA,NA,247.02119165,3.9300318926,0.49587473,3.721848e-17,3.620527e-16,NA,NA,NA,NA,NA,NA,NA,NA,NA,NA,1
LOC111127605,NA,NA,NA,NA,NA,NA,NA,NA,NA,NA,250.54191697,3.2182617749,0.26134435,2.409731e-36,8.441932e-35,NA,NA,NA,NA,NA,NA,NA,NA,NA,NA,1
LOC111127607,NA,NA,NA,NA,NA,NA,NA,NA,NA,NA,91.97339279,-2.1188553274,0.46270778,4.599685e-07,1.659106e-06,NA,NA,NA,NA,NA,NA,NA,NA,NA,NA,1
LOC111127610,NA,NA,NA,NA,NA,NA,NA,NA,NA,NA,64.58536209,4.6655302197,0.49372808,3.575565e-23,5.563143e-22,NA,NA,NA,NA,NA,NA,NA,NA,NA,NA,1
LOC111127611,NA,NA,NA,NA,NA,NA,NA,NA,NA,NA,56.28761656,1.3303659933,0.49373885,0.002286896,0.004726339,NA,NA,NA,NA,NA,NA,NA,NA,NA,NA,1
LOC111127614,NA,NA,NA,NA,NA,NA,NA,NA,NA,NA,33.79791151,1.1158802981,0.45456705,0.006223263,0.01172467,NA,NA,NA,NA,NA,NA,NA,NA,NA,NA,1
LOC111127626,NA,NA,NA,NA,NA,NA,NA,NA,NA,NA,209.95773981,1.0220508554,0.46615798,0.01403514,0.02446849,NA,NA,NA,NA,NA,NA,NA,NA,NA,NA,1
LOC111127627,NA,NA,NA,NA,NA,NA,NA,NA,NA,NA,52.28259999,2.501688745,0.40608648,4.37251e-11,2.463127e-10,NA,NA,NA,NA,NA,NA,NA,NA,NA,NA,1
LOC111127635,NA,NA,NA,NA,NA,NA,NA,NA,NA,NA,56.07576353,-1.5356892862,0.23389838,1.303268e-11,7.655358e-11,NA,NA,NA,NA,NA,NA,NA,NA,NA,NA,1
LOC111127642,NA,NA,NA,NA,NA,NA,NA,NA,NA,NA,171.34390614,-3.3052768061,0.34376415,1.965337e-23,3.121246e-22,NA,NA,NA,NA,NA,NA,NA,NA,NA,NA,1
LOC111127649,NA,NA,NA,NA,NA,NA,NA,NA,NA,NA,51.85491752,1.0178548521,0.40078769,0.005632364,0.01070928,NA,NA,NA,NA,NA,NA,NA,NA,NA,NA,1
LOC111127652,NA,NA,NA,NA,NA,NA,NA,NA,NA,NA,990.52373149,1.902167351,0.36404214,2.419517e-08,1.010017e-07,NA,NA,NA,NA,NA,NA,NA,NA,NA,NA,1
LOC111127656,NA,NA,NA,NA,NA,NA,NA,NA,NA,NA,134.72840483,-1.5535313483,0.19825789,1.144158e-15,9.673005e-15,NA,NA,NA,NA,NA,NA,NA,NA,NA,NA,1
LOC111127657,NA,NA,NA,NA,NA,NA,NA,NA,NA,NA,42.32183449,1.986956482,0.7114225,0.0005815419,0.001344383,NA,NA,NA,NA,NA,NA,NA,NA,NA,NA,1
LOC111127668,NA,NA,NA,NA,NA,NA,NA,NA,NA,NA,42.48175468,1.1304256182,0.39986876,0.002067745,0.004305795,NA,NA,NA,NA,NA,NA,NA,NA,NA,NA,1
LOC111127734,NA,NA,NA,NA,NA,NA,NA,NA,NA,NA,130.11264279,1.464682101,0.38144884,3.365043e-05,9.45564e-05,NA,NA,NA,NA,NA,NA,NA,NA,NA,NA,1
LOC111127765,NA,NA,NA,NA,NA,NA,NA,NA,NA,NA,226.87833481,-1.4886722341,0.50870334,0.0008752403,0.001956742,NA,NA,NA,NA,NA,NA,NA,NA,NA,NA,1
LOC111127771,NA,NA,NA,NA,NA,NA,NA,NA,NA,NA,160.47772177,-1.6067498582,0.23324173,1.266354e-12,8.252469e-12,NA,NA,NA,NA,NA,NA,NA,NA,NA,NA,1
LOC111127788,NA,NA,NA,NA,NA,NA,NA,NA,NA,NA,103.34043755,1.4179567842,0.33651028,7.441333e-06,2.302861e-05,NA,NA,NA,NA,NA,NA,NA,NA,NA,NA,1
LOC111127833,NA,NA,NA,NA,NA,NA,NA,NA,NA,NA,975.11060931,1.1989916758,0.30858405,4.188484e-05,0.0001161421,NA,NA,NA,NA,NA,NA,NA,NA,NA,NA,1
LOC111127842,NA,NA,NA,NA,NA,NA,NA,NA,NA,NA,2912.98063174,-2.6326784203,0.42107903,2.082789e-11,1.201695e-10,NA,NA,NA,NA,NA,NA,NA,NA,NA,NA,1
LOC111127848,NA,NA,NA,NA,NA,NA,NA,NA,NA,NA,660.32415868,1.089186868,0.28232351,5.465045e-05,0.0001488825,NA,NA,NA,NA,NA,NA,NA,NA,NA,NA,1
LOC111127872,NA,NA,NA,NA,NA,NA,NA,NA,NA,NA,282.46296318,-3.3648653806,0.40000367,1.056709e-18,1.15591e-17,NA,NA,NA,NA,NA,NA,NA,NA,NA,NA,1
LOC111127902,NA,NA,NA,NA,NA,NA,NA,NA,NA,NA,34.81739989,1.6138794102,0.37410109,3.482192e-06,1.122005e-05,NA,NA,NA,NA,NA,NA,NA,NA,NA,NA,1
LOC111127914,NA,NA,NA,NA,NA,NA,NA,NA,NA,NA,3259.23902916,1.4454099211,0.15980258,4.374984e-20,5.396988e-19,NA,NA,NA,NA,NA,NA,NA,NA,NA,NA,1
LOC111127916,NA,NA,NA,NA,NA,NA,NA,NA,NA,NA,82.61864466,-1.2415793828,0.2216458,8.338081e-09,3.673828e-08,NA,NA,NA,NA,NA,NA,NA,NA,NA,NA,1
LOC111127947,NA,NA,NA,NA,NA,NA,NA,NA,NA,NA,182.28434254,1.1893205013,0.3594895,0.0003854701,0.0009188879,NA,NA,NA,NA,NA,NA,NA,NA,NA,NA,1
LOC111127973,NA,NA,NA,NA,NA,NA,NA,NA,NA,NA,602.96737677,1.1850794759,0.29076434,1.924848e-05,5.593485e-05,NA,NA,NA,NA,NA,NA,NA,NA,NA,NA,1
LOC111127974,NA,NA,NA,NA,NA,NA,NA,NA,NA,NA,287.99649912,-1.5213653533,0.30940459,2.23148e-07,8.399389e-07,NA,NA,NA,NA,NA,NA,NA,NA,NA,NA,1
LOC111127981,NA,NA,NA,NA,NA,NA,NA,NA,NA,NA,2326.25217678,1.7198067261,0.16151636,3.390522e-27,6.806442e-26,NA,NA,NA,NA,NA,NA,NA,NA,NA,NA,1
LOC111128004,NA,NA,NA,NA,NA,NA,NA,NA,NA,NA,130.37773233,1.3637359954,0.19571543,1.059562e-12,6.972685e-12,NA,NA,NA,NA,NA,NA,NA,NA,NA,NA,1
LOC111128023,NA,NA,NA,NA,NA,NA,NA,NA,NA,NA,34.3081219,1.5678426351,0.42399651,5.022291e-05,0.0001378366,NA,NA,NA,NA,NA,NA,NA,NA,NA,NA,1
LOC111128031,NA,NA,NA,NA,NA,NA,NA,NA,NA,NA,89.387931,2.7148293956,0.31047765,1.109589e-19,1.327544e-18,NA,NA,NA,NA,NA,NA,NA,NA,NA,NA,1
LOC111128040,NA,NA,NA,NA,NA,NA,NA,NA,NA,NA,55.92023837,-1.3436552858,0.23899853,6.366077e-09,2.834067e-08,NA,NA,NA,NA,NA,NA,NA,NA,NA,NA,1
LOC111128041,NA,NA,NA,NA,NA,NA,NA,NA,NA,NA,191.14798619,-2.7028691468,0.28410011,9.275656e-23,1.406436e-21,NA,NA,NA,NA,NA,NA,NA,NA,NA,NA,1
LOC111128048,NA,NA,NA,NA,NA,NA,NA,NA,NA,NA,239.58188776,-3.491433857,0.41634128,1.185373e-18,1.290071e-17,NA,NA,NA,NA,NA,NA,NA,NA,NA,NA,1
LOC111128063,NA,NA,NA,NA,NA,NA,NA,NA,NA,NA,7955.95660982,1.7887972835,0.07211592,1.378489e-136,1.055528e-133,NA,NA,NA,NA,NA,NA,NA,NA,NA,NA,1
LOC111128064,NA,NA,NA,NA,NA,NA,NA,NA,NA,NA,76.36787478,1.2342628798,0.40467059,0.0008729279,0.001952386,NA,NA,NA,NA,NA,NA,NA,NA,NA,NA,1
LOC111128066,NA,NA,NA,NA,NA,NA,NA,NA,NA,NA,433.94138679,-2.2623384267,0.30259639,6.417532e-15,5.11114e-14,NA,NA,NA,NA,NA,NA,NA,NA,NA,NA,1
LOC111128067,NA,NA,NA,NA,NA,NA,NA,NA,NA,NA,425.21209951,-2.1813883897,0.4181746,1.66312e-08,7.058056e-08,NA,NA,NA,NA,NA,NA,NA,NA,NA,NA,1
LOC111128069,NA,NA,NA,NA,NA,NA,NA,NA,NA,NA,108.54800875,1.3465637218,0.30133254,2.613419e-06,8.551846e-06,NA,NA,NA,NA,NA,NA,NA,NA,NA,NA,1
LOC111128076,NA,NA,NA,NA,NA,NA,NA,NA,NA,NA,158.97504015,-1.5093475177,0.21092508,2.186589e-13,1.526057e-12,NA,NA,NA,NA,NA,NA,NA,NA,NA,NA,1
LOC111128085,NA,NA,NA,NA,NA,NA,NA,NA,NA,NA,1323.01990817,1.0550962904,0.18354822,4.583296e-09,2.065277e-08,NA,NA,NA,NA,NA,NA,NA,NA,NA,NA,1
LOC111128092,NA,NA,NA,NA,NA,NA,NA,NA,NA,NA,77.8642302,2.3107419278,0.50384081,3.35933e-07,1.235404e-06,NA,NA,NA,NA,NA,NA,NA,NA,NA,NA,1
LOC111128093,NA,NA,NA,NA,NA,NA,NA,NA,NA,NA,310.30022879,-1.8263374603,0.17493298,2.611598e-26,4.990433e-25,NA,NA,NA,NA,NA,NA,NA,NA,NA,NA,1
LOC111128101,NA,NA,NA,NA,NA,NA,NA,NA,NA,NA,43.98229142,-1.1830471058,0.25828128,1.965142e-06,6.522137e-06,NA,NA,NA,NA,NA,NA,NA,NA,NA,NA,1
LOC111128111,NA,NA,NA,NA,NA,NA,NA,NA,NA,NA,21.29241427,2.7574050114,0.50605,2.183005e-09,1.018356e-08,NA,NA,NA,NA,NA,NA,NA,NA,NA,NA,1
LOC111128114,NA,NA,NA,NA,NA,NA,NA,NA,NA,NA,52.9106229,1.933682746,0.31988513,1.997262e-10,1.049027e-09,NA,NA,NA,NA,NA,NA,NA,NA,NA,NA,1
LOC111128115,NA,NA,NA,NA,NA,NA,NA,NA,NA,NA,56175.55623552,2.2197626806,0.18057894,9.047024e-36,3.049814e-34,NA,NA,NA,NA,NA,NA,NA,NA,NA,NA,1
LOC111128116,NA,NA,NA,NA,NA,NA,NA,NA,NA,NA,2045.20680574,1.2107051585,0.33626587,0.0001273834,0.000329445,NA,NA,NA,NA,NA,NA,NA,NA,NA,NA,1
LOC111128125,NA,NA,NA,NA,NA,NA,NA,NA,NA,NA,48.38971057,-1.2877766702,0.26169982,3.144172e-07,1.160659e-06,NA,NA,NA,NA,NA,NA,NA,NA,NA,NA,1
LOC111128133,NA,NA,NA,NA,NA,NA,NA,NA,NA,NA,639.17708785,-1.671492963,0.51631921,0.0002319542,0.0005737307,NA,NA,NA,NA,NA,NA,NA,NA,NA,NA,1
LOC111128139,NA,NA,NA,NA,NA,NA,NA,NA,NA,NA,5617.82218706,2.5310467319,0.34134497,7.254765e-15,5.743802e-14,NA,NA,NA,NA,NA,NA,NA,NA,NA,NA,1
LOC111128159,NA,NA,NA,NA,NA,NA,NA,NA,NA,NA,567.39727638,1.4996372295,0.39419308,3.672569e-05,0.0001025724,NA,NA,NA,NA,NA,NA,NA,NA,NA,NA,1
LOC111128170,NA,NA,NA,NA,NA,NA,NA,NA,NA,NA,111.53462947,1.5814087894,0.3343469,5.174006e-07,1.854408e-06,NA,NA,NA,NA,NA,NA,NA,NA,NA,NA,1
LOC111128183,NA,NA,NA,NA,NA,NA,NA,NA,NA,NA,34.11993804,1.7158382269,0.26285688,1.261072e-11,7.427852e-11,NA,NA,NA,NA,NA,NA,NA,NA,NA,NA,1
LOC111128184,NA,NA,NA,NA,NA,NA,NA,NA,NA,NA,637.35703166,1.8747766846,0.15598869,4.239556e-34,1.313527e-32,NA,NA,NA,NA,NA,NA,NA,NA,NA,NA,1
LOC111128207,NA,NA,NA,NA,NA,NA,NA,NA,NA,NA,48.49639692,1.1018384374,0.47862355,0.009518215,0.01723797,NA,NA,NA,NA,NA,NA,NA,NA,NA,NA,1
LOC111128209,NA,NA,NA,NA,NA,NA,NA,NA,NA,NA,1579.54805027,1.1196727661,0.12501946,1.586315e-19,1.858502e-18,NA,NA,NA,NA,NA,NA,NA,NA,NA,NA,1
LOC111128214,NA,NA,NA,NA,NA,NA,NA,NA,NA,NA,1033.2071648,3.4927746238,0.42224922,3.093268e-18,3.254154e-17,NA,NA,NA,NA,NA,NA,NA,NA,NA,NA,1
LOC111128217,NA,NA,NA,NA,NA,NA,NA,NA,NA,NA,236.46162778,2.0390391066,0.51448482,8.087149e-06,2.489068e-05,NA,NA,NA,NA,NA,NA,NA,NA,NA,NA,1
LOC111128242,NA,NA,NA,NA,NA,NA,NA,NA,NA,NA,243.16867494,2.7950594739,0.19326676,9.965676e-49,6.474669e-47,NA,NA,NA,NA,NA,NA,NA,NA,NA,NA,1
LOC111128245,NA,NA,NA,NA,NA,NA,NA,NA,NA,NA,101.41572177,1.2201692207,0.27336477,3.233274e-06,1.045256e-05,NA,NA,NA,NA,NA,NA,NA,NA,NA,NA,1
LOC111128276,NA,NA,NA,NA,NA,NA,NA,NA,NA,NA,207.2084759,-3.2551938631,0.25399383,4.120278e-39,1.660503e-37,NA,NA,NA,NA,NA,NA,NA,NA,NA,NA,1
LOC111128297,NA,NA,NA,NA,NA,NA,NA,NA,NA,NA,82.36854814,1.3729002567,0.33025472,1.023165e-05,3.087929e-05,NA,NA,NA,NA,NA,NA,NA,NA,NA,NA,1
LOC111128308,NA,NA,NA,NA,NA,NA,NA,NA,NA,NA,209.00852532,2.1064601447,0.48486956,1.393769e-06,4.717779e-06,NA,NA,NA,NA,NA,NA,NA,NA,NA,NA,1
LOC111128309,NA,NA,NA,NA,NA,NA,NA,NA,NA,NA,39.46419044,2.4925648596,0.39798409,2.309058e-11,1.327244e-10,NA,NA,NA,NA,NA,NA,NA,NA,NA,NA,1
LOC111128315,NA,NA,NA,NA,NA,NA,NA,NA,NA,NA,1827.12198478,-1.1474615059,0.3767116,0.001003865,0.002221335,NA,NA,NA,NA,NA,NA,NA,NA,NA,NA,1
LOC111128327,NA,NA,NA,NA,NA,NA,NA,NA,NA,NA,62.81619494,-1.3015547395,0.26172487,2.357291e-07,8.835721e-07,NA,NA,NA,NA,NA,NA,NA,NA,NA,NA,1
LOC111128359,NA,NA,NA,NA,NA,NA,NA,NA,NA,NA,841.21293468,-4.8433025269,0.40386783,3.991341e-35,1.31249e-33,NA,NA,NA,NA,NA,NA,NA,NA,NA,NA,1
LOC111128362,NA,NA,NA,NA,NA,NA,NA,NA,NA,NA,60.79927172,-1.0986242935,0.40810466,0.00325057,0.006523045,NA,NA,NA,NA,NA,NA,NA,NA,NA,NA,1
LOC111128383,NA,NA,NA,NA,NA,NA,NA,NA,NA,NA,319.61377168,1.2100152952,0.41832172,0.001502413,0.003217956,NA,NA,NA,NA,NA,NA,NA,NA,NA,NA,1
LOC111128420,NA,NA,NA,NA,NA,NA,NA,NA,NA,NA,132.91394037,-1.1897204853,0.18808253,1.07186e-10,5.809067e-10,NA,NA,NA,NA,NA,NA,NA,NA,NA,NA,1
LOC111128457,NA,NA,NA,NA,NA,NA,NA,NA,NA,NA,109.9748039,1.3277811847,0.2059753,3.978641e-11,2.248341e-10,NA,NA,NA,NA,NA,NA,NA,NA,NA,NA,1
LOC111128479,NA,NA,NA,NA,NA,NA,NA,NA,NA,NA,101.0611582,2.5029665165,0.31416106,1.009231e-16,9.448869e-16,NA,NA,NA,NA,NA,NA,NA,NA,NA,NA,1
LOC111128482,NA,NA,NA,NA,NA,NA,NA,NA,NA,NA,69.37307355,1.3755034345,0.40651844,0.0002223628,0.000551917,NA,NA,NA,NA,NA,NA,NA,NA,NA,NA,1
LOC111128499,NA,NA,NA,NA,NA,NA,NA,NA,NA,NA,87.27133947,1.0823624335,0.1779155,5.776311e-10,2.880096e-09,NA,NA,NA,NA,NA,NA,NA,NA,NA,NA,1
LOC111128511,NA,NA,NA,NA,NA,NA,NA,NA,NA,NA,53.41888927,1.3976812556,0.24535761,3.798802e-09,1.723367e-08,NA,NA,NA,NA,NA,NA,NA,NA,NA,NA,1
LOC111128532,NA,NA,NA,NA,NA,NA,NA,NA,NA,NA,49.63169565,1.3508693557,0.30507545,3.136232e-06,1.014803e-05,NA,NA,NA,NA,NA,NA,NA,NA,NA,NA,1
LOC111128538,NA,NA,NA,NA,NA,NA,NA,NA,NA,NA,65.30198378,1.713643211,0.21010929,6.610381e-17,6.315801e-16,NA,NA,NA,NA,NA,NA,NA,NA,NA,NA,1
LOC111128544,NA,NA,NA,NA,NA,NA,NA,NA,NA,NA,2870.43726939,1.4083856374,0.42658291,0.0002831449,0.0006889045,NA,NA,NA,NA,NA,NA,NA,NA,NA,NA,1
LOC111128548,NA,NA,NA,NA,NA,NA,NA,NA,NA,NA,129.0012852,-2.0020056203,0.32484758,8.608823e-11,4.69891e-10,NA,NA,NA,NA,NA,NA,NA,NA,NA,NA,1
LOC111128558,NA,NA,NA,NA,NA,NA,NA,NA,NA,NA,87.50242073,-1.117772419,0.31137669,0.0001514068,0.0003859884,NA,NA,NA,NA,NA,NA,NA,NA,NA,NA,1
LOC111128563,NA,NA,NA,NA,NA,NA,NA,NA,NA,NA,137.52950711,2.8515481765,0.2768459,3.071111e-26,5.83729e-25,NA,NA,NA,NA,NA,NA,NA,NA,NA,NA,1
LOC111128568,NA,NA,NA,NA,NA,NA,NA,NA,NA,NA,49.05538057,-1.3140076678,0.36429885,0.0001065017,0.0002789124,NA,NA,NA,NA,NA,NA,NA,NA,NA,NA,1
LOC111128575,NA,NA,NA,NA,NA,NA,NA,NA,NA,NA,103.7573519,2.6455287892,0.29296512,9.154138e-21,1.190927e-19,NA,NA,NA,NA,NA,NA,NA,NA,NA,NA,1
LOC111128591,NA,NA,NA,NA,NA,NA,NA,NA,NA,NA,753.8409327,-1.3842055622,0.24241707,3.58328e-09,1.631115e-08,NA,NA,NA,NA,NA,NA,NA,NA,NA,NA,1
LOC111128596,NA,NA,NA,NA,NA,NA,NA,NA,NA,NA,161.24357589,-2.3251365445,0.25485779,5.710616e-21,7.576461e-20,NA,NA,NA,NA,NA,NA,NA,NA,NA,NA,1
LOC111128600,NA,NA,NA,NA,NA,NA,NA,NA,NA,NA,17.01796425,1.1802926854,0.30178933,3.873872e-05,0.0001078647,NA,NA,NA,NA,NA,NA,NA,NA,NA,NA,1
LOC111128608,NA,NA,NA,NA,NA,NA,NA,NA,NA,NA,526.81132404,-2.1205168734,0.37613705,1.73108e-09,8.157001e-09,NA,NA,NA,NA,NA,NA,NA,NA,NA,NA,1
LOC111128611,NA,NA,NA,NA,NA,NA,NA,NA,NA,NA,47.99888519,1.8110754956,0.35482614,5.324526e-08,2.143407e-07,NA,NA,NA,NA,NA,NA,NA,NA,NA,NA,1
LOC111128632,NA,NA,NA,NA,NA,NA,NA,NA,NA,NA,64.94345367,1.0675699533,0.23576292,2.951513e-06,9.579237e-06,NA,NA,NA,NA,NA,NA,NA,NA,NA,NA,1
LOC111128675,NA,NA,NA,NA,NA,NA,NA,NA,NA,NA,249.49444499,-1.2331517948,0.19590453,1.229381e-10,6.619269e-10,NA,NA,NA,NA,NA,NA,NA,NA,NA,NA,1
LOC111128680,NA,NA,NA,NA,NA,NA,NA,NA,NA,NA,108.09615773,3.7325810041,0.36563361,3.728553e-26,7.036988e-25,NA,NA,NA,NA,NA,NA,NA,NA,NA,NA,1
LOC111128685,NA,NA,NA,NA,NA,NA,NA,NA,NA,NA,46.65132822,1.5393437161,0.46088963,0.0002004573,0.000501377,NA,NA,NA,NA,NA,NA,NA,NA,NA,NA,1
LOC111128693,NA,NA,NA,NA,NA,NA,NA,NA,NA,NA,226.91648217,1.431571454,0.18750038,6.716858e-15,5.333683e-14,NA,NA,NA,NA,NA,NA,NA,NA,NA,NA,1
LOC111128699,NA,NA,NA,NA,NA,NA,NA,NA,NA,NA,4294.33156196,1.721879844,0.18173079,5.047756e-22,7.292716e-21,NA,NA,NA,NA,NA,NA,NA,NA,NA,NA,1
LOC111128710,NA,NA,NA,NA,NA,NA,NA,NA,NA,NA,31.00683218,1.4478427318,0.2754257,4.197838e-08,1.710408e-07,NA,NA,NA,NA,NA,NA,NA,NA,NA,NA,1
LOC111128718,NA,NA,NA,NA,NA,NA,NA,NA,NA,NA,327.48739246,-1.9892068576,0.48824971,5.47884e-06,1.72643e-05,NA,NA,NA,NA,NA,NA,NA,NA,NA,NA,1
LOC111128728,NA,NA,NA,NA,NA,NA,NA,NA,NA,NA,334.61102216,-3.7451874356,0.4060185,5.665526e-22,8.119577e-21,NA,NA,NA,NA,NA,NA,NA,NA,NA,NA,1
LOC111128734,NA,NA,NA,NA,NA,NA,NA,NA,NA,NA,531.15952822,1.5418978015,0.12360328,2.593766e-36,9.05706e-35,NA,NA,NA,NA,NA,NA,NA,NA,NA,NA,1
LOC111128753,NA,NA,NA,NA,NA,NA,NA,NA,NA,NA,271.53038408,-2.4259891216,0.52762245,2.703464e-07,1.00594e-06,NA,NA,NA,NA,NA,NA,NA,NA,NA,NA,1
LOC111128754,NA,NA,NA,NA,NA,NA,NA,NA,NA,NA,1517.59079794,1.8971007187,0.13839511,1.319197e-43,6.734189e-42,NA,NA,NA,NA,NA,NA,NA,NA,NA,NA,1
LOC111128756,NA,NA,NA,NA,NA,NA,NA,NA,NA,NA,1076.18652673,1.3859853144,0.24688462,6.253377e-09,2.788527e-08,NA,NA,NA,NA,NA,NA,NA,NA,NA,NA,1
LOC111128759,NA,NA,NA,NA,NA,NA,NA,NA,NA,NA,23.41687929,2.1480924365,0.33975832,2.50677e-11,1.438575e-10,NA,NA,NA,NA,NA,NA,NA,NA,NA,NA,1
LOC111128770,NA,NA,NA,NA,NA,NA,NA,NA,NA,NA,64.54590694,-1.1428464933,0.3706823,0.0008936535,0.00199541,NA,NA,NA,NA,NA,NA,NA,NA,NA,NA,1
LOC111128772,NA,NA,NA,NA,NA,NA,NA,NA,NA,NA,138.56553477,-2.8615092273,0.25870864,8.46809e-30,2.012814e-28,NA,NA,NA,NA,NA,NA,NA,NA,NA,NA,1
LOC111128797,NA,NA,NA,NA,NA,NA,NA,NA,NA,NA,119.38306578,1.5515905274,0.35607317,3.160282e-06,1.022276e-05,NA,NA,NA,NA,NA,NA,NA,NA,NA,NA,1
LOC111128800,NA,NA,NA,NA,NA,NA,NA,NA,NA,NA,107.41022141,-1.8119079466,0.30378659,3.963769e-10,2.012866e-09,NA,NA,NA,NA,NA,NA,NA,NA,NA,NA,1
LOC111128803,NA,NA,NA,NA,NA,NA,NA,NA,NA,NA,170.91261891,1.4646135472,0.26791919,1.281394e-08,5.507838e-08,NA,NA,NA,NA,NA,NA,NA,NA,NA,NA,1
LOC111128821,NA,NA,NA,NA,NA,NA,NA,NA,NA,NA,317.6232,1.5397464402,0.45238279,0.0001593021,0.0004042895,NA,NA,NA,NA,NA,NA,NA,NA,NA,NA,1
LOC111128825,NA,NA,NA,NA,NA,NA,NA,NA,NA,NA,216.8147548,-3.5547830599,0.35215462,1.370125e-25,2.49939e-24,NA,NA,NA,NA,NA,NA,NA,NA,NA,NA,1
LOC111128837,NA,NA,NA,NA,NA,NA,NA,NA,NA,NA,1328.21633336,1.0192811325,0.29920715,0.0003420342,0.0008230317,NA,NA,NA,NA,NA,NA,NA,NA,NA,NA,1
LOC111128838,NA,NA,NA,NA,NA,NA,NA,NA,NA,NA,1488.95732758,-4.6076892303,0.35660328,4.159634e-40,1.827511e-38,NA,NA,NA,NA,NA,NA,NA,NA,NA,NA,1
LOC111128878,NA,NA,NA,NA,NA,NA,NA,NA,NA,NA,71.88982491,-1.7670497379,0.21176293,1.255304e-17,1.269515e-16,NA,NA,NA,NA,NA,NA,NA,NA,NA,NA,1
LOC111128886,NA,NA,NA,NA,NA,NA,NA,NA,NA,NA,33.04054806,2.2239970574,0.45062189,6.814043e-08,2.72257e-07,NA,NA,NA,NA,NA,NA,NA,NA,NA,NA,1
LOC111128910,NA,NA,NA,NA,NA,NA,NA,NA,NA,NA,24.75614589,1.0746503912,0.42069708,0.00500156,0.009636364,NA,NA,NA,NA,NA,NA,NA,NA,NA,NA,1
LOC111128920,NA,NA,NA,NA,NA,NA,NA,NA,NA,NA,305.18555413,1.2024896753,0.41602518,0.001529342,0.003267147,NA,NA,NA,NA,NA,NA,NA,NA,NA,NA,1
LOC111128928,NA,NA,NA,NA,NA,NA,NA,NA,NA,NA,54.1555527,3.0780378066,0.38121953,2.288379e-17,2.267229e-16,NA,NA,NA,NA,NA,NA,NA,NA,NA,NA,1
LOC111128929,NA,NA,NA,NA,NA,NA,NA,NA,NA,NA,147.82033808,-1.5464608988,0.3443475,1.720625e-06,5.758694e-06,NA,NA,NA,NA,NA,NA,NA,NA,NA,NA,1
LOC111128934,NA,NA,NA,NA,NA,NA,NA,NA,NA,NA,115.1885439,-1.0231590934,0.19961888,1.566049e-07,6.008606e-07,NA,NA,NA,NA,NA,NA,NA,NA,NA,NA,1
LOC111128939,NA,NA,NA,NA,NA,NA,NA,NA,NA,NA,449.92412488,1.6727386234,0.4473075,3.596311e-05,0.0001005804,NA,NA,NA,NA,NA,NA,NA,NA,NA,NA,1
LOC111128941,NA,NA,NA,NA,NA,NA,NA,NA,NA,NA,153.70559333,-1.2871770442,0.18395894,9.662654e-13,6.382234e-12,NA,NA,NA,NA,NA,NA,NA,NA,NA,NA,1
LOC111128942,NA,NA,NA,NA,NA,NA,NA,NA,NA,NA,248.06813031,-1.1453224725,0.23558171,5.212656e-07,1.867012e-06,NA,NA,NA,NA,NA,NA,NA,NA,NA,NA,1
LOC111128947,NA,NA,NA,NA,NA,NA,NA,NA,NA,NA,34.99963874,3.1477109329,0.43500711,1.418543e-14,1.094801e-13,NA,NA,NA,NA,NA,NA,NA,NA,NA,NA,1
LOC111128998,NA,NA,NA,NA,NA,NA,NA,NA,NA,NA,863.55134764,-1.8508911407,0.29570836,5.891011e-11,3.28231e-10,NA,NA,NA,NA,NA,NA,NA,NA,NA,NA,1
LOC111129011,NA,NA,NA,NA,NA,NA,NA,NA,NA,NA,148.67067146,-1.1173635398,0.33050076,0.0003293305,0.0007946034,NA,NA,NA,NA,NA,NA,NA,NA,NA,NA,1
LOC111129014,NA,NA,NA,NA,NA,NA,NA,NA,NA,NA,108.29608576,1.1420807843,0.38831423,0.00142144,0.003054899,NA,NA,NA,NA,NA,NA,NA,NA,NA,NA,1
LOC111129021,NA,NA,NA,NA,NA,NA,NA,NA,NA,NA,57.97986255,-1.4224430925,0.24973627,3.671229e-09,1.666197e-08,NA,NA,NA,NA,NA,NA,NA,NA,NA,NA,1
LOC111129025,NA,NA,NA,NA,NA,NA,NA,NA,NA,NA,109.14603239,3.6258805998,0.40192658,4.013942e-21,5.405711e-20,NA,NA,NA,NA,NA,NA,NA,NA,NA,NA,1
LOC111129026,NA,NA,NA,NA,NA,NA,NA,NA,NA,NA,39.96324672,1.8419656672,0.40391533,7.729482e-07,2.703427e-06,NA,NA,NA,NA,NA,NA,NA,NA,NA,NA,1
LOC111129027,NA,NA,NA,NA,NA,NA,NA,NA,NA,NA,165.84443967,3.1357762965,0.50107888,1.158357e-11,6.849192e-11,NA,NA,NA,NA,NA,NA,NA,NA,NA,NA,1
LOC111129050,NA,NA,NA,NA,NA,NA,NA,NA,NA,NA,231.56581136,-2.0598118972,0.39429533,1.911022e-08,8.065414e-08,NA,NA,NA,NA,NA,NA,NA,NA,NA,NA,1
LOC111129056,NA,NA,NA,NA,NA,NA,NA,NA,NA,NA,802.17786116,2.3001379546,0.42522329,4.895812e-09,2.199627e-08,NA,NA,NA,NA,NA,NA,NA,NA,NA,NA,1
LOC111129058,NA,NA,NA,NA,NA,NA,NA,NA,NA,NA,103.80804293,1.280973054,0.39420232,0.0004138401,0.0009791141,NA,NA,NA,NA,NA,NA,NA,NA,NA,NA,1
LOC111129060,NA,NA,NA,NA,NA,NA,NA,NA,NA,NA,305.21430132,1.488573402,0.45602559,0.0002841711,0.0006910533,NA,NA,NA,NA,NA,NA,NA,NA,NA,NA,1
LOC111129063,NA,NA,NA,NA,NA,NA,NA,NA,NA,NA,842.90174205,1.3893612147,0.25697551,2.016856e-08,8.495364e-08,NA,NA,NA,NA,NA,NA,NA,NA,NA,NA,1
LOC111129071,NA,NA,NA,NA,NA,NA,NA,NA,NA,NA,837.08421076,-1.5141221678,0.16455114,9.264553e-21,1.202373e-19,NA,NA,NA,NA,NA,NA,NA,NA,NA,NA,1
LOC111129074,NA,NA,NA,NA,NA,NA,NA,NA,NA,NA,83.48333981,2.0061509643,0.27755299,5.922241e-14,4.342437e-13,NA,NA,NA,NA,NA,NA,NA,NA,NA,NA,1
LOC111129079,NA,NA,NA,NA,NA,NA,NA,NA,NA,NA,220.069281,-1.38750098,0.18578638,2.586505e-14,1.952317e-13,NA,NA,NA,NA,NA,NA,NA,NA,NA,NA,1
LOC111129082,NA,NA,NA,NA,NA,NA,NA,NA,NA,NA,252.37256788,-1.523876715,0.15928634,2.849949e-22,4.162324e-21,NA,NA,NA,NA,NA,NA,NA,NA,NA,NA,1
LOC111129084,NA,NA,NA,NA,NA,NA,NA,NA,NA,NA,876.89346074,1.4350190792,0.12801713,1.090217e-29,2.568598e-28,NA,NA,NA,NA,NA,NA,NA,NA,NA,NA,1
LOC111129086,NA,NA,NA,NA,NA,NA,NA,NA,NA,NA,358.3861942,-2.0744938727,0.50208361,3.748022e-06,1.202598e-05,NA,NA,NA,NA,NA,NA,NA,NA,NA,NA,1
LOC111129087,NA,NA,NA,NA,NA,NA,NA,NA,NA,NA,374.60377534,-2.6235238236,0.46301551,7.457394e-10,3.670489e-09,NA,NA,NA,NA,NA,NA,NA,NA,NA,NA,1
LOC111129123,NA,NA,NA,NA,NA,NA,NA,NA,NA,NA,86.93067717,2.6236728588,0.16925925,1.939975e-55,1.762418e-53,NA,NA,NA,NA,NA,NA,NA,NA,NA,NA,1
LOC111129129,NA,NA,NA,NA,NA,NA,NA,NA,NA,NA,687.49377476,-1.8299407063,0.37091261,1.252276e-07,4.846352e-07,NA,NA,NA,NA,NA,NA,NA,NA,NA,NA,1
LOC111129145,NA,NA,NA,NA,NA,NA,NA,NA,NA,NA,216.17002625,-1.4612297912,0.16503273,2.402696e-19,2.760654e-18,NA,NA,NA,NA,NA,NA,NA,NA,NA,NA,1
LOC111129146,NA,NA,NA,NA,NA,NA,NA,NA,NA,NA,217.1699028,-2.8901944485,0.26317912,1.976569e-29,4.566557e-28,NA,NA,NA,NA,NA,NA,NA,NA,NA,NA,1
LOC111129162,NA,NA,NA,NA,NA,NA,NA,NA,NA,NA,156.47226262,-1.3025175519,0.56936278,0.007296964,0.01355811,NA,NA,NA,NA,NA,NA,NA,NA,NA,NA,1
LOC111129169,NA,NA,NA,NA,NA,NA,NA,NA,NA,NA,185.25105513,-1.0120653487,0.39053913,0.004899086,0.00946615,NA,NA,NA,NA,NA,NA,NA,NA,NA,NA,1
LOC111129170,NA,NA,NA,NA,NA,NA,NA,NA,NA,NA,115.34702153,-1.5728590328,0.44208111,8.531478e-05,0.0002262118,NA,NA,NA,NA,NA,NA,NA,NA,NA,NA,1
LOC111129173,NA,NA,NA,NA,NA,NA,NA,NA,NA,NA,197.08082968,2.4681818548,0.37188625,2.034954e-12,1.299268e-11,NA,NA,NA,NA,NA,NA,NA,NA,NA,NA,1
LOC111129175,NA,NA,NA,NA,NA,NA,NA,NA,NA,NA,297.4898413,-1.5550250547,0.27989961,6.700804e-09,2.974435e-08,NA,NA,NA,NA,NA,NA,NA,NA,NA,NA,1
LOC111129187,NA,NA,NA,NA,NA,NA,NA,NA,NA,NA,92.51132549,1.8329431274,0.4941525,3.126931e-05,8.837517e-05,NA,NA,NA,NA,NA,NA,NA,NA,NA,NA,1
LOC111129189,NA,NA,NA,NA,NA,NA,NA,NA,NA,NA,2316.2237971,1.2393925786,0.30801361,2.219093e-05,6.401689e-05,NA,NA,NA,NA,NA,NA,NA,NA,NA,NA,1
LOC111129193,NA,NA,NA,NA,NA,NA,NA,NA,NA,NA,276.64241169,1.7833533473,0.34329017,3.433518e-08,1.412406e-07,NA,NA,NA,NA,NA,NA,NA,NA,NA,NA,1
LOC111129202,NA,NA,NA,NA,NA,NA,NA,NA,NA,NA,115.77946151,-2.6049642311,0.30349421,5.128096e-19,5.756355e-18,NA,NA,NA,NA,NA,NA,NA,NA,NA,NA,1
LOC111129214,NA,NA,NA,NA,NA,NA,NA,NA,NA,NA,35.02928956,1.1154216252,0.24182641,1.852387e-06,6.172704e-06,NA,NA,NA,NA,NA,NA,NA,NA,NA,NA,1
LOC111129215,NA,NA,NA,NA,NA,NA,NA,NA,NA,NA,183.09352957,-1.6393656794,0.24471105,4.472969e-12,2.740013e-11,NA,NA,NA,NA,NA,NA,NA,NA,NA,NA,1
LOC111129218,NA,NA,NA,NA,NA,NA,NA,NA,NA,NA,2169.69593686,3.74573855,0.16879348,9.289593e-111,4.329758e-108,NA,NA,NA,NA,NA,NA,NA,NA,NA,NA,1
LOC111129225,NA,NA,NA,NA,NA,NA,NA,NA,NA,NA,101.34702081,1.9463954031,0.34407052,2.010671e-09,9.42887e-09,NA,NA,NA,NA,NA,NA,NA,NA,NA,NA,1
LOC111129231,NA,NA,NA,NA,NA,NA,NA,NA,NA,NA,120.84729525,-1.1136838301,0.25164813,4.480321e-06,1.428161e-05,NA,NA,NA,NA,NA,NA,NA,NA,NA,NA,1
LOC111129255,NA,NA,NA,NA,NA,NA,NA,NA,NA,NA,194.57576622,1.1876470784,0.31480725,6.72037e-05,0.0001806932,NA,NA,NA,NA,NA,NA,NA,NA,NA,NA,1
LOC111129260,NA,NA,NA,NA,NA,NA,NA,NA,NA,NA,35.76874155,2.5604102298,0.4045121,1.383246e-11,8.107382e-11,NA,NA,NA,NA,NA,NA,NA,NA,NA,NA,1
LOC111129267,NA,NA,NA,NA,NA,NA,NA,NA,NA,NA,159.21656904,-1.4356792172,0.52114732,0.001617528,0.003436366,NA,NA,NA,NA,NA,NA,NA,NA,NA,NA,1
LOC111129270,NA,NA,NA,NA,NA,NA,NA,NA,NA,NA,85.01290297,-2.2361127023,0.29050665,1.212556e-15,1.022707e-14,NA,NA,NA,NA,NA,NA,NA,NA,NA,NA,1
LOC111129281,NA,NA,NA,NA,NA,NA,NA,NA,NA,NA,294.49665878,1.5140760952,0.22248613,2.628441e-12,1.653573e-11,NA,NA,NA,NA,NA,NA,NA,NA,NA,NA,1
LOC111129286,NA,NA,NA,NA,NA,NA,NA,NA,NA,NA,193.52882361,1.8138389176,0.37201203,1.723674e-07,6.578066e-07,NA,NA,NA,NA,NA,NA,NA,NA,NA,NA,1
LOC111129291,NA,NA,NA,NA,NA,NA,NA,NA,NA,NA,177.75598622,-2.7797310155,0.21745981,9.78781e-39,3.843419e-37,NA,NA,NA,NA,NA,NA,NA,NA,NA,NA,1
LOC111129295,NA,NA,NA,NA,NA,NA,NA,NA,NA,NA,154.09345288,2.4664853029,0.27299947,1.079333e-20,1.39403e-19,NA,NA,NA,NA,NA,NA,NA,NA,NA,NA,1
LOC111129299,NA,NA,NA,NA,NA,NA,NA,NA,NA,NA,253.59557241,-2.3620043636,0.39335875,1.380441e-10,7.395467e-10,NA,NA,NA,NA,NA,NA,NA,NA,NA,NA,1
LOC111129311,NA,NA,NA,NA,NA,NA,NA,NA,NA,NA,334.86363674,3.0961566765,0.45012087,1.924892e-13,1.352218e-12,NA,NA,NA,NA,NA,NA,NA,NA,NA,NA,1
LOC111129312,NA,NA,NA,NA,NA,NA,NA,NA,NA,NA,233.73477468,-1.4706995751,0.3070608,4.59296e-07,1.657238e-06,NA,NA,NA,NA,NA,NA,NA,NA,NA,NA,1
LOC111129313,NA,NA,NA,NA,NA,NA,NA,NA,NA,NA,167.0957659,-1.5935869148,0.25621102,1.139506e-10,6.15701e-10,NA,NA,NA,NA,NA,NA,NA,NA,NA,NA,1
LOC111129315,NA,NA,NA,NA,NA,NA,NA,NA,NA,NA,50.43486564,-1.3694981747,0.32528977,8.152976e-06,2.50645e-05,NA,NA,NA,NA,NA,NA,NA,NA,NA,NA,1
LOC111129333,NA,NA,NA,NA,NA,NA,NA,NA,NA,NA,325.48141276,-3.1870395383,0.33641166,8.495217e-23,1.29359e-21,NA,NA,NA,NA,NA,NA,NA,NA,NA,NA,1
LOC111129334,NA,NA,NA,NA,NA,NA,NA,NA,NA,NA,157.17187876,1.0262090145,0.21622711,1.088151e-06,3.738775e-06,NA,NA,NA,NA,NA,NA,NA,NA,NA,NA,1
LOC111129344,NA,NA,NA,NA,NA,NA,NA,NA,NA,NA,95.59330217,-1.9877736461,0.29510971,2.019015e-12,1.290629e-11,NA,NA,NA,NA,NA,NA,NA,NA,NA,NA,1
LOC111129357,NA,NA,NA,NA,NA,NA,NA,NA,NA,NA,164.13943166,-1.1193731646,0.28861659,4.823949e-05,0.0001327329,NA,NA,NA,NA,NA,NA,NA,NA,NA,NA,1
LOC111129371,NA,NA,NA,NA,NA,NA,NA,NA,NA,NA,267.54536904,1.1008763466,0.2147532,1.40965e-07,5.435773e-07,NA,NA,NA,NA,NA,NA,NA,NA,NA,NA,1
LOC111129372,NA,NA,NA,NA,NA,NA,NA,NA,NA,NA,240.65683287,1.5379521017,0.24853877,1.524035e-10,8.132235e-10,NA,NA,NA,NA,NA,NA,NA,NA,NA,NA,1
LOC111129376,NA,NA,NA,NA,NA,NA,NA,NA,NA,NA,295.61179837,1.2078334366,0.33796155,0.0001415479,0.000362926,NA,NA,NA,NA,NA,NA,NA,NA,NA,NA,1
LOC111129377,NA,NA,NA,NA,NA,NA,NA,NA,NA,NA,383.81807787,1.5866909817,0.17307332,1.130658e-20,1.458562e-19,NA,NA,NA,NA,NA,NA,NA,NA,NA,NA,1
LOC111129378,NA,NA,NA,NA,NA,NA,NA,NA,NA,NA,52.84426795,2.8159185015,0.38953067,2.090312e-14,1.591488e-13,NA,NA,NA,NA,NA,NA,NA,NA,NA,NA,1
LOC111129380,NA,NA,NA,NA,NA,NA,NA,NA,NA,NA,91.05496567,-2.2352293471,0.30640955,2.601132e-14,1.96091e-13,NA,NA,NA,NA,NA,NA,NA,NA,NA,NA,1
LOC111129383,NA,NA,NA,NA,NA,NA,NA,NA,NA,NA,93.60211566,1.843848644,0.16251799,1.223399e-30,3.049961e-29,NA,NA,NA,NA,NA,NA,NA,NA,NA,NA,1
LOC111129385,NA,NA,NA,NA,NA,NA,NA,NA,NA,NA,84.88809635,2.047125962,0.29870013,8.172848e-13,5.435046e-12,NA,NA,NA,NA,NA,NA,NA,NA,NA,NA,1
LOC111129397,NA,NA,NA,NA,NA,NA,NA,NA,NA,NA,361.99950778,-3.057688602,0.34582543,3.29556e-20,4.12715e-19,NA,NA,NA,NA,NA,NA,NA,NA,NA,NA,1
LOC111129399,NA,NA,NA,NA,NA,NA,NA,NA,NA,NA,238.97524699,-2.7985096919,0.26053791,3.011732e-28,6.483087e-27,NA,NA,NA,NA,NA,NA,NA,NA,NA,NA,1
LOC111129405,NA,NA,NA,NA,NA,NA,NA,NA,NA,NA,1138.31423307,1.9477773733,0.26199516,1.387506e-14,1.072391e-13,NA,NA,NA,NA,NA,NA,NA,NA,NA,NA,1
LOC111129417,NA,NA,NA,NA,NA,NA,NA,NA,NA,NA,91.84904457,-2.5100288901,0.51764695,7.096465e-08,2.828034e-07,NA,NA,NA,NA,NA,NA,NA,NA,NA,NA,1
LOC111129430,NA,NA,NA,NA,NA,NA,NA,NA,NA,NA,48.4729045,1.1828621155,0.2221837,4.333543e-08,1.76302e-07,NA,NA,NA,NA,NA,NA,NA,NA,NA,NA,1
LOC111129434,NA,NA,NA,NA,NA,NA,NA,NA,NA,NA,228.71410258,1.1344858515,0.46960662,0.006733289,0.01259481,NA,NA,NA,NA,NA,NA,NA,NA,NA,NA,1
LOC111129435,NA,NA,NA,NA,NA,NA,NA,NA,NA,NA,116.63708853,3.033314955,0.81990938,5.653356e-06,1.777243e-05,NA,NA,NA,NA,NA,NA,NA,NA,NA,NA,1
LOC111129441,NA,NA,NA,NA,NA,NA,NA,NA,NA,NA,204.0603627,1.414016013,0.4816954,0.0009583953,0.002127122,NA,NA,NA,NA,NA,NA,NA,NA,NA,NA,1
LOC111129461,NA,NA,NA,NA,NA,NA,NA,NA,NA,NA,536.70956114,2.3442390819,0.27121541,4.155286e-19,4.688912e-18,NA,NA,NA,NA,NA,NA,NA,NA,NA,NA,1
LOC111129463,NA,NA,NA,NA,NA,NA,NA,NA,NA,NA,74.645759,2.3070991193,0.40143332,7.00437e-10,3.458629e-09,NA,NA,NA,NA,NA,NA,NA,NA,NA,NA,1
LOC111129464,NA,NA,NA,NA,NA,NA,NA,NA,NA,NA,313.48777004,1.5908751425,0.20692388,3.454893e-15,2.825054e-14,NA,NA,NA,NA,NA,NA,NA,NA,NA,NA,1
LOC111129465,NA,NA,NA,NA,NA,NA,NA,NA,NA,NA,90.03553413,1.057382288,0.21137074,2.856388e-07,1.057702e-06,NA,NA,NA,NA,NA,NA,NA,NA,NA,NA,1
LOC111129476,NA,NA,NA,NA,NA,NA,NA,NA,NA,NA,105.6093649,2.0496301951,0.35229316,6.658856e-10,3.298657e-09,NA,NA,NA,NA,NA,NA,NA,NA,NA,NA,1
LOC111129494,NA,NA,NA,NA,NA,NA,NA,NA,NA,NA,169.19396353,1.1171062888,0.37824988,0.001415928,0.003044273,NA,NA,NA,NA,NA,NA,NA,NA,NA,NA,1
LOC111129499,NA,NA,NA,NA,NA,NA,NA,NA,NA,NA,182.04574741,-1.0805494602,0.2996097,0.000149412,0.0003811748,NA,NA,NA,NA,NA,NA,NA,NA,NA,NA,1
LOC111129501,NA,NA,NA,NA,NA,NA,NA,NA,NA,NA,113.3040925,-2.4314767032,0.40358847,1.114323e-10,6.030056e-10,NA,NA,NA,NA,NA,NA,NA,NA,NA,NA,1
LOC111129502,NA,NA,NA,NA,NA,NA,NA,NA,NA,NA,361.110281,-1.5341267789,0.35430134,3.681741e-06,1.182747e-05,NA,NA,NA,NA,NA,NA,NA,NA,NA,NA,1
LOC111129511,NA,NA,NA,NA,NA,NA,NA,NA,NA,NA,149.46238976,-1.6275425108,0.23023117,3.396136e-13,2.33226e-12,NA,NA,NA,NA,NA,NA,NA,NA,NA,NA,1
LOC111129513,NA,NA,NA,NA,NA,NA,NA,NA,NA,NA,66.02414217,1.2320192084,0.37299353,0.0003689789,0.0008825557,NA,NA,NA,NA,NA,NA,NA,NA,NA,NA,1
LOC111129519,NA,NA,NA,NA,NA,NA,NA,NA,NA,NA,46.10860227,1.106510223,0.39815014,0.002476091,0.005082078,NA,NA,NA,NA,NA,NA,NA,NA,NA,NA,1
LOC111129520,NA,NA,NA,NA,NA,NA,NA,NA,NA,NA,112.21283884,-2.5287653671,0.24691185,7.953773e-26,1.472616e-24,NA,NA,NA,NA,NA,NA,NA,NA,NA,NA,1
LOC111129521,NA,NA,NA,NA,NA,NA,NA,NA,NA,NA,8591.46715736,2.0744264522,0.09645949,1.54294e-103,5.907254e-101,NA,NA,NA,NA,NA,NA,NA,NA,NA,NA,1
LOC111129537,NA,NA,NA,NA,NA,NA,NA,NA,NA,NA,295.30549753,1.9836720239,0.13890502,3.668423e-47,2.221779e-45,NA,NA,NA,NA,NA,NA,NA,NA,NA,NA,1
LOC111129539,NA,NA,NA,NA,NA,NA,NA,NA,NA,NA,1654.13274145,-4.4913499604,0.41278481,1.778896e-29,4.118739e-28,NA,NA,NA,NA,NA,NA,NA,NA,NA,NA,1
LOC111129570,NA,NA,NA,NA,NA,NA,NA,NA,NA,NA,49.82931513,2.4729757973,0.47105317,9.27726e-09,4.062591e-08,NA,NA,NA,NA,NA,NA,NA,NA,NA,NA,1
LOC111129591,NA,NA,NA,NA,NA,NA,NA,NA,NA,NA,752.85773172,-3.9199856013,0.20194785,1.232284e-85,2.590213e-83,NA,NA,NA,NA,NA,NA,NA,NA,NA,NA,1
LOC111129593,NA,NA,NA,NA,NA,NA,NA,NA,NA,NA,32.97470726,2.2269780669,0.31445113,1.247117e-13,8.90679e-13,NA,NA,NA,NA,NA,NA,NA,NA,NA,NA,1
LOC111129595,NA,NA,NA,NA,NA,NA,NA,NA,NA,NA,259.33840003,-1.7418023343,0.20626221,5.573115e-18,5.783523e-17,NA,NA,NA,NA,NA,NA,NA,NA,NA,NA,1
LOC111129596,NA,NA,NA,NA,NA,NA,NA,NA,NA,NA,58.25548487,-1.0502813667,0.27052293,5.207774e-05,0.0001425258,NA,NA,NA,NA,NA,NA,NA,NA,NA,NA,1
LOC111129603,NA,NA,NA,NA,NA,NA,NA,NA,NA,NA,573.25717109,-1.1696172755,0.16705248,1.109213e-12,7.281543e-12,NA,NA,NA,NA,NA,NA,NA,NA,NA,NA,1
LOC111129622,NA,NA,NA,NA,NA,NA,NA,NA,NA,NA,320.64017952,-2.8010156397,0.48064657,2.341843e-10,1.21278e-09,NA,NA,NA,NA,NA,NA,NA,NA,NA,NA,1
LOC111129625,NA,NA,NA,NA,NA,NA,NA,NA,NA,NA,969.68217099,-1.4430641846,0.253411,3.58051e-09,1.630546e-08,NA,NA,NA,NA,NA,NA,NA,NA,NA,NA,1
LOC111129670,NA,NA,NA,NA,NA,NA,NA,NA,NA,NA,102.93136825,-1.4502186983,0.23320532,1.440446e-10,7.705379e-10,NA,NA,NA,NA,NA,NA,NA,NA,NA,NA,1
LOC111129675,NA,NA,NA,NA,NA,NA,NA,NA,NA,NA,1453.96222529,-2.1600476004,0.17743295,4.223726e-35,1.384659e-33,NA,NA,NA,NA,NA,NA,NA,NA,NA,NA,1
LOC111129719,NA,NA,NA,NA,NA,NA,NA,NA,NA,NA,709.4487212,-2.1774922387,0.13576864,6.687888e-59,6.960598e-57,NA,NA,NA,NA,NA,NA,NA,NA,NA,NA,1
LOC111129720,NA,NA,NA,NA,NA,NA,NA,NA,NA,NA,27.60478989,2.3832421903,0.32056638,7.520809e-15,5.941273e-14,NA,NA,NA,NA,NA,NA,NA,NA,NA,NA,1
LOC111129734,NA,NA,NA,NA,NA,NA,NA,NA,NA,NA,71.52743725,-1.7106606263,0.26165717,1.188297e-11,7.014618e-11,NA,NA,NA,NA,NA,NA,NA,NA,NA,NA,1
LOC111129748,NA,NA,NA,NA,NA,NA,NA,NA,NA,NA,159.22129698,-2.1475712429,0.21408224,1.105592e-24,1.905458e-23,NA,NA,NA,NA,NA,NA,NA,NA,NA,NA,1
LOC111129798,NA,NA,NA,NA,NA,NA,NA,NA,NA,NA,115.47303342,-1.9925264834,0.26905479,1.611001e-14,1.237101e-13,NA,NA,NA,NA,NA,NA,NA,NA,NA,NA,1
LOC111129813,NA,NA,NA,NA,NA,NA,NA,NA,NA,NA,42.91243419,1.1181395937,0.30040788,9.057277e-05,0.0002391478,NA,NA,NA,NA,NA,NA,NA,NA,NA,NA,1
LOC111129819,NA,NA,NA,NA,NA,NA,NA,NA,NA,NA,292.10422349,-1.2309253478,0.47574043,0.003632787,0.007210419,NA,NA,NA,NA,NA,NA,NA,NA,NA,NA,1
LOC111129823,NA,NA,NA,NA,NA,NA,NA,NA,NA,NA,123.65287661,-3.0689825445,0.24494389,1.870717e-37,6.915203e-36,NA,NA,NA,NA,NA,NA,NA,NA,NA,NA,1
LOC111129826,NA,NA,NA,NA,NA,NA,NA,NA,NA,NA,18.89873961,1.2771385061,0.34042783,6.407302e-05,0.0001729262,NA,NA,NA,NA,NA,NA,NA,NA,NA,NA,1
LOC111129830,NA,NA,NA,NA,NA,NA,NA,NA,NA,NA,128.71491857,-1.9161504158,0.29300283,8.497053e-12,5.091582e-11,NA,NA,NA,NA,NA,NA,NA,NA,NA,NA,1
LOC111129840,NA,NA,NA,NA,NA,NA,NA,NA,NA,NA,173.94877712,-1.3441210034,0.26078277,8.554809e-08,3.372841e-07,NA,NA,NA,NA,NA,NA,NA,NA,NA,NA,1
LOC111129844,NA,NA,NA,NA,NA,NA,NA,NA,NA,NA,175.17841713,-1.0779466485,0.1382137,3.097826e-15,2.538891e-14,NA,NA,NA,NA,NA,NA,NA,NA,NA,NA,1
LOC111129846,NA,NA,NA,NA,NA,NA,NA,NA,NA,NA,78.03051531,-1.1030031732,0.25920021,9.841853e-06,2.980358e-05,NA,NA,NA,NA,NA,NA,NA,NA,NA,NA,1
LOC111129856,NA,NA,NA,NA,NA,NA,NA,NA,NA,NA,21.19671138,1.1748959524,0.43382495,0.002778328,0.005649407,NA,NA,NA,NA,NA,NA,NA,NA,NA,NA,1
LOC111129866,NA,NA,NA,NA,NA,NA,NA,NA,NA,NA,121.42542274,-1.1900350611,0.26756512,3.635343e-06,1.168892e-05,NA,NA,NA,NA,NA,NA,NA,NA,NA,NA,1
LOC111129872,NA,NA,NA,NA,NA,NA,NA,NA,NA,NA,278.99394453,-2.2285856497,0.1523173,1.604101e-49,1.123919e-47,NA,NA,NA,NA,NA,NA,NA,NA,NA,NA,1
LOC111129875,NA,NA,NA,NA,NA,NA,NA,NA,NA,NA,176.06456948,-2.6745269616,0.21173963,7.561135e-38,2.854062e-36,NA,NA,NA,NA,NA,NA,NA,NA,NA,NA,1
LOC111129885,NA,NA,NA,NA,NA,NA,NA,NA,NA,NA,266.47113071,-1.0561029976,0.12442142,1.075155e-17,1.093517e-16,NA,NA,NA,NA,NA,NA,NA,NA,NA,NA,1
LOC111129888,NA,NA,NA,NA,NA,NA,NA,NA,NA,NA,169.02439271,-1.0957380839,0.22281451,4.198005e-07,1.522416e-06,NA,NA,NA,NA,NA,NA,NA,NA,NA,NA,1
LOC111129890,NA,NA,NA,NA,NA,NA,NA,NA,NA,NA,1359.62066802,1.4595962145,0.16577802,3.754599e-19,4.245707e-18,NA,NA,NA,NA,NA,NA,NA,NA,NA,NA,1
LOC111129900,NA,NA,NA,NA,NA,NA,NA,NA,NA,NA,851.39985989,1.0465311356,0.37096311,0.002363939,0.00487054,NA,NA,NA,NA,NA,NA,NA,NA,NA,NA,1
LOC111129903,NA,NA,NA,NA,NA,NA,NA,NA,NA,NA,371.76171312,2.2953246881,0.28546566,7.222541e-17,6.857895e-16,NA,NA,NA,NA,NA,NA,NA,NA,NA,NA,1
LOC111129904,NA,NA,NA,NA,NA,NA,NA,NA,NA,NA,68.79406349,-2.0572437326,0.31718409,9.815643e-12,5.842515e-11,NA,NA,NA,NA,NA,NA,NA,NA,NA,NA,1
LOC111129908,NA,NA,NA,NA,NA,NA,NA,NA,NA,NA,53.8387271,-1.5357376705,0.33654786,1.245128e-06,4.238735e-06,NA,NA,NA,NA,NA,NA,NA,NA,NA,NA,1
LOC111129922,NA,NA,NA,NA,NA,NA,NA,NA,NA,NA,125.06772376,-1.3464211823,0.21465743,1.198743e-10,6.45755e-10,NA,NA,NA,NA,NA,NA,NA,NA,NA,NA,1
LOC111129925,NA,NA,NA,NA,NA,NA,NA,NA,NA,NA,61.47915091,2.7623247067,0.29936556,1.31068e-21,1.817657e-20,NA,NA,NA,NA,NA,NA,NA,NA,NA,NA,1
LOC111129934,NA,NA,NA,NA,NA,NA,NA,NA,NA,NA,1640.84894304,1.3188850669,0.3058099,5.572803e-06,1.752948e-05,NA,NA,NA,NA,NA,NA,NA,NA,NA,NA,1
LOC111129936,NA,NA,NA,NA,NA,NA,NA,NA,NA,NA,433.27882497,1.6227282628,0.41233165,1.764734e-05,5.157564e-05,NA,NA,NA,NA,NA,NA,NA,NA,NA,NA,1
LOC111129950,NA,NA,NA,NA,NA,NA,NA,NA,NA,NA,340.83989712,-1.4320726185,0.13786266,8.436621e-26,1.556636e-24,NA,NA,NA,NA,NA,NA,NA,NA,NA,NA,1
LOC111129955,NA,NA,NA,NA,NA,NA,NA,NA,NA,NA,121.95744356,-2.392641076,0.20719295,5.511825e-32,1.530745e-30,NA,NA,NA,NA,NA,NA,NA,NA,NA,NA,1
LOC111129958,NA,NA,NA,NA,NA,NA,NA,NA,NA,NA,515.19718682,-1.1622402032,0.24711407,1.118288e-06,3.833721e-06,NA,NA,NA,NA,NA,NA,NA,NA,NA,NA,1
LOC111129959,NA,NA,NA,NA,NA,NA,NA,NA,NA,NA,51.58664541,1.7036802153,0.35738029,3.53799e-07,1.296658e-06,NA,NA,NA,NA,NA,NA,NA,NA,NA,NA,1
LOC111129980,NA,NA,NA,NA,NA,NA,NA,NA,NA,NA,286.49936433,-1.3165616219,0.41344088,0.0004908766,0.001150459,NA,NA,NA,NA,NA,NA,NA,NA,NA,NA,1
LOC111129985,NA,NA,NA,NA,NA,NA,NA,NA,NA,NA,91.93864146,-1.5482532743,0.34211958,1.45911e-06,4.921858e-06,NA,NA,NA,NA,NA,NA,NA,NA,NA,NA,1
LOC111129998,NA,NA,NA,NA,NA,NA,NA,NA,NA,NA,2334.46337896,1.2343761839,0.17989366,2.716918e-12,1.708232e-11,NA,NA,NA,NA,NA,NA,NA,NA,NA,NA,1
LOC111130001,NA,NA,NA,NA,NA,NA,NA,NA,NA,NA,311.06677042,-1.8289684084,0.39062881,4.39472e-07,1.58999e-06,NA,NA,NA,NA,NA,NA,NA,NA,NA,NA,1
LOC111130003,NA,NA,NA,NA,NA,NA,NA,NA,NA,NA,201.21458357,2.7207570894,0.46500249,2.234868e-10,1.162999e-09,NA,NA,NA,NA,NA,NA,NA,NA,NA,NA,1
LOC111130009,NA,NA,NA,NA,NA,NA,NA,NA,NA,NA,43.19990161,1.0091127356,0.22208105,2.954309e-06,9.58541e-06,NA,NA,NA,NA,NA,NA,NA,NA,NA,NA,1
LOC111130011,NA,NA,NA,NA,NA,NA,NA,NA,NA,NA,458.17082338,2.76677491,0.35136821,1.575324e-16,1.449568e-15,NA,NA,NA,NA,NA,NA,NA,NA,NA,NA,1
LOC111130015,NA,NA,NA,NA,NA,NA,NA,NA,NA,NA,107.5708776,-2.5871425213,0.29439305,8.654887e-20,1.044824e-18,NA,NA,NA,NA,NA,NA,NA,NA,NA,NA,1
LOC111130016,NA,NA,NA,NA,NA,NA,NA,NA,NA,NA,583.52555044,2.008688094,0.43276548,4.036935e-07,1.466484e-06,NA,NA,NA,NA,NA,NA,NA,NA,NA,NA,1
LOC111130022,NA,NA,NA,NA,NA,NA,NA,NA,NA,NA,165.37886844,-2.7851941028,0.20672163,1.073614e-42,5.231427e-41,NA,NA,NA,NA,NA,NA,NA,NA,NA,NA,1
LOC111130024,NA,NA,NA,NA,NA,NA,NA,NA,NA,NA,160.41378732,-1.9872685542,0.3833231,2.640692e-08,1.095943e-07,NA,NA,NA,NA,NA,NA,NA,NA,NA,NA,1
LOC111130031,NA,NA,NA,NA,NA,NA,NA,NA,NA,NA,346.41776209,-4.0794540568,0.34746088,1.312722e-33,3.930832e-32,NA,NA,NA,NA,NA,NA,NA,NA,NA,NA,1
LOC111130039,NA,NA,NA,NA,NA,NA,NA,NA,NA,NA,3162.86257557,1.5721914599,0.44146972,8.431176e-05,0.0002237183,NA,NA,NA,NA,NA,NA,NA,NA,NA,NA,1
LOC111130040,NA,NA,NA,NA,NA,NA,NA,NA,NA,NA,443.43042605,1.9303429148,0.1956391,7.931638e-24,1.290245e-22,NA,NA,NA,NA,NA,NA,NA,NA,NA,NA,1
LOC111130055,NA,NA,NA,NA,NA,NA,NA,NA,NA,NA,79.14556637,-2.1815414665,0.25612821,1.543283e-18,1.659377e-17,NA,NA,NA,NA,NA,NA,NA,NA,NA,NA,1
LOC111130058,NA,NA,NA,NA,NA,NA,NA,NA,NA,NA,196.70805217,-1.8434978635,0.42686514,2.358077e-06,7.749413e-06,NA,NA,NA,NA,NA,NA,NA,NA,NA,NA,1
LOC111130064,NA,NA,NA,NA,NA,NA,NA,NA,NA,NA,1094.66613121,1.1126911154,0.26954114,1.699863e-05,4.973398e-05,NA,NA,NA,NA,NA,NA,NA,NA,NA,NA,1
LOC111130065,NA,NA,NA,NA,NA,NA,NA,NA,NA,NA,301.12015764,1.0006998579,0.26782151,9.995949e-05,0.0002627675,NA,NA,NA,NA,NA,NA,NA,NA,NA,NA,1
LOC111130066,NA,NA,NA,NA,NA,NA,NA,NA,NA,NA,641.7509122,-3.5983718202,0.56748604,4.420567e-12,2.711134e-11,NA,NA,NA,NA,NA,NA,NA,NA,NA,NA,1
LOC111130076,NA,NA,NA,NA,NA,NA,NA,NA,NA,NA,224.3539524,-1.2930484568,0.20362337,7.860545e-11,4.310232e-10,NA,NA,NA,NA,NA,NA,NA,NA,NA,NA,1
LOC111130085,NA,NA,NA,NA,NA,NA,NA,NA,NA,NA,111.05275729,1.6050505833,0.20059022,2.782555e-16,2.49615e-15,NA,NA,NA,NA,NA,NA,NA,NA,NA,NA,1
LOC111130094,NA,NA,NA,NA,NA,NA,NA,NA,NA,NA,11004.43483238,1.8057917356,0.32839417,6.204199e-09,2.767749e-08,NA,NA,NA,NA,NA,NA,NA,NA,NA,NA,1
LOC111130096,NA,NA,NA,NA,NA,NA,NA,NA,NA,NA,136.41402061,-1.3296955918,0.18144482,8.092632e-14,5.877576e-13,NA,NA,NA,NA,NA,NA,NA,NA,NA,NA,1
LOC111130111,NA,NA,NA,NA,NA,NA,NA,NA,NA,NA,369.84007548,-4.8328381873,0.33225899,6.76243e-50,4.865319e-48,NA,NA,NA,NA,NA,NA,NA,NA,NA,NA,1
LOC111130114,NA,NA,NA,NA,NA,NA,NA,NA,NA,NA,155.27944726,-1.2337804145,0.3381965,0.00010251,0.0002690104,NA,NA,NA,NA,NA,NA,NA,NA,NA,NA,1
LOC111130120,NA,NA,NA,NA,NA,NA,NA,NA,NA,NA,146.93078872,-1.5401817369,0.2497405,1.732738e-10,9.19097e-10,NA,NA,NA,NA,NA,NA,NA,NA,NA,NA,1
LOC111130122,NA,NA,NA,NA,NA,NA,NA,NA,NA,NA,486.31769727,-4.2086899848,0.25775494,1.0084e-61,1.16237e-59,NA,NA,NA,NA,NA,NA,NA,NA,NA,NA,1
LOC111130125,NA,NA,NA,NA,NA,NA,NA,NA,NA,NA,37.45273804,2.1042982642,0.32471558,9.501939e-12,5.665227e-11,NA,NA,NA,NA,NA,NA,NA,NA,NA,NA,1
LOC111130151,NA,NA,NA,NA,NA,NA,NA,NA,NA,NA,371.92952555,-2.246257866,0.25347134,6.819637e-20,8.298128e-19,NA,NA,NA,NA,NA,NA,NA,NA,NA,NA,1
LOC111130162,NA,NA,NA,NA,NA,NA,NA,NA,NA,NA,60.65155611,1.8207645324,0.31533349,1.229681e-09,5.882278e-09,NA,NA,NA,NA,NA,NA,NA,NA,NA,NA,1
LOC111130164,NA,NA,NA,NA,NA,NA,NA,NA,NA,NA,1250.14974466,-1.6213994917,0.27378347,6.942999e-10,3.431487e-09,NA,NA,NA,NA,NA,NA,NA,NA,NA,NA,1
LOC111130166,NA,NA,NA,NA,NA,NA,NA,NA,NA,NA,61.66133823,-1.7773865643,0.29993185,5.29175e-10,2.64711e-09,NA,NA,NA,NA,NA,NA,NA,NA,NA,NA,1
LOC111130171,NA,NA,NA,NA,NA,NA,NA,NA,NA,NA,128.41424298,1.1425619827,0.36334639,0.0007272375,0.00165259,NA,NA,NA,NA,NA,NA,NA,NA,NA,NA,1
LOC111130178,NA,NA,NA,NA,NA,NA,NA,NA,NA,NA,279.02073082,-2.726269586,0.24105756,5.882438e-31,1.505006e-29,NA,NA,NA,NA,NA,NA,NA,NA,NA,NA,1
LOC111130208,NA,NA,NA,NA,NA,NA,NA,NA,NA,NA,135.59799142,-1.1988850964,0.25275745,8.72496e-07,3.027891e-06,NA,NA,NA,NA,NA,NA,NA,NA,NA,NA,1
LOC111130213,NA,NA,NA,NA,NA,NA,NA,NA,NA,NA,129.50704539,-2.5425570786,0.25080783,2.282512e-25,4.084897e-24,NA,NA,NA,NA,NA,NA,NA,NA,NA,NA,1
LOC111130216,NA,NA,NA,NA,NA,NA,NA,NA,NA,NA,130.4741935,-1.4671183274,0.24023519,2.837746e-10,1.459024e-09,NA,NA,NA,NA,NA,NA,NA,NA,NA,NA,1
LOC111130227,NA,NA,NA,NA,NA,NA,NA,NA,NA,NA,984.40995971,2.1858433913,0.25120272,3.081648e-19,3.510655e-18,NA,NA,NA,NA,NA,NA,NA,NA,NA,NA,1
LOC111130228,NA,NA,NA,NA,NA,NA,NA,NA,NA,NA,277.7312453,-1.3476653885,0.32698417,1.241512e-05,3.697973e-05,NA,NA,NA,NA,NA,NA,NA,NA,NA,NA,1
LOC111130238,NA,NA,NA,NA,NA,NA,NA,NA,NA,NA,36.1664029,1.2042271406,0.36565864,0.0003978308,0.0009454104,NA,NA,NA,NA,NA,NA,NA,NA,NA,NA,1
LOC111130239,NA,NA,NA,NA,NA,NA,NA,NA,NA,NA,120.07976352,-1.588145082,0.40875981,2.294608e-05,6.601772e-05,NA,NA,NA,NA,NA,NA,NA,NA,NA,NA,1
LOC111130257,NA,NA,NA,NA,NA,NA,NA,NA,NA,NA,7543.76343538,1.3841202628,0.25972329,3.120228e-08,1.28798e-07,NA,NA,NA,NA,NA,NA,NA,NA,NA,NA,1
LOC111130262,NA,NA,NA,NA,NA,NA,NA,NA,NA,NA,107.24437906,-1.5399878949,0.23371774,1.10563e-11,6.544648e-11,NA,NA,NA,NA,NA,NA,NA,NA,NA,NA,1
LOC111130263,NA,NA,NA,NA,NA,NA,NA,NA,NA,NA,111.72702013,1.337799491,0.22099385,4.834773e-10,2.434418e-09,NA,NA,NA,NA,NA,NA,NA,NA,NA,NA,1
LOC111130264,NA,NA,NA,NA,NA,NA,NA,NA,NA,NA,53.1525917,-2.1066957036,0.37322443,1.696748e-09,8.005782e-09,NA,NA,NA,NA,NA,NA,NA,NA,NA,NA,1
LOC111130266,NA,NA,NA,NA,NA,NA,NA,NA,NA,NA,743.34876143,1.0131564614,0.21972746,2.134476e-06,7.04699e-06,NA,NA,NA,NA,NA,NA,NA,NA,NA,NA,1
LOC111130267,NA,NA,NA,NA,NA,NA,NA,NA,NA,NA,211.02689432,-1.3492063346,0.19673939,2.353921e-12,1.489612e-11,NA,NA,NA,NA,NA,NA,NA,NA,NA,NA,1
LOC111130274,NA,NA,NA,NA,NA,NA,NA,NA,NA,NA,212.07266471,-1.3268611144,0.14607854,3.693821e-20,4.604391e-19,NA,NA,NA,NA,NA,NA,NA,NA,NA,NA,1
LOC111130286,NA,NA,NA,NA,NA,NA,NA,NA,NA,NA,641.41211183,1.3405756529,0.54064534,0.004142486,0.008115397,NA,NA,NA,NA,NA,NA,NA,NA,NA,NA,1
LOC111130295,NA,NA,NA,NA,NA,NA,NA,NA,NA,NA,327.95739306,1.4229084813,0.38825723,7.195213e-05,0.000192591,NA,NA,NA,NA,NA,NA,NA,NA,NA,NA,1
LOC111130297,NA,NA,NA,NA,NA,NA,NA,NA,NA,NA,1511.98060355,-1.0975477576,0.16843734,3.482577e-11,1.978443e-10,NA,NA,NA,NA,NA,NA,NA,NA,NA,NA,1
LOC111130298,NA,NA,NA,NA,NA,NA,NA,NA,NA,NA,188.62959309,-1.5519142748,0.2031537,5.386706e-15,4.312583e-14,NA,NA,NA,NA,NA,NA,NA,NA,NA,NA,1
LOC111130300,NA,NA,NA,NA,NA,NA,NA,NA,NA,NA,550.78330226,2.1452531181,0.42125379,3.387833e-08,1.394684e-07,NA,NA,NA,NA,NA,NA,NA,NA,NA,NA,1
LOC111130301,NA,NA,NA,NA,NA,NA,NA,NA,NA,NA,583.257834,1.7282949234,0.2008216,1.411049e-18,1.526382e-17,NA,NA,NA,NA,NA,NA,NA,NA,NA,NA,1
LOC111130303,NA,NA,NA,NA,NA,NA,NA,NA,NA,NA,113.85129448,-1.9485755616,0.3461986,2.36372e-09,1.09693e-08,NA,NA,NA,NA,NA,NA,NA,NA,NA,NA,1
LOC111130307,NA,NA,NA,NA,NA,NA,NA,NA,NA,NA,145.4655948,-1.7939761883,0.45285764,1.201682e-05,3.587309e-05,NA,NA,NA,NA,NA,NA,NA,NA,NA,NA,1
LOC111130312,NA,NA,NA,NA,NA,NA,NA,NA,NA,NA,122.87107957,1.8327182969,0.41342322,1.423347e-06,4.808785e-06,NA,NA,NA,NA,NA,NA,NA,NA,NA,NA,1
LOC111130314,NA,NA,NA,NA,NA,NA,NA,NA,NA,NA,97.70775839,-1.6140823624,0.27376986,8.245463e-10,4.041672e-09,NA,NA,NA,NA,NA,NA,NA,NA,NA,NA,1
LOC111130318,NA,NA,NA,NA,NA,NA,NA,NA,NA,NA,280.16357688,-1.5003822982,0.19114136,1.115872e-15,9.448773e-15,NA,NA,NA,NA,NA,NA,NA,NA,NA,NA,1
LOC111130322,NA,NA,NA,NA,NA,NA,NA,NA,NA,NA,178.78626271,-2.4592546659,0.33699284,1.902433e-14,1.454642e-13,NA,NA,NA,NA,NA,NA,NA,NA,NA,NA,1
LOC111130323,NA,NA,NA,NA,NA,NA,NA,NA,NA,NA,136.9650437,-1.3227374958,0.48269504,0.002019804,0.004213329,NA,NA,NA,NA,NA,NA,NA,NA,NA,NA,1
LOC111130324,NA,NA,NA,NA,NA,NA,NA,NA,NA,NA,101.94518251,-2.0855763354,0.24491713,1.7972e-18,1.928527e-17,NA,NA,NA,NA,NA,NA,NA,NA,NA,NA,1
LOC111130333,NA,NA,NA,NA,NA,NA,NA,NA,NA,NA,391.26123697,-1.175142658,0.28456457,1.547817e-05,4.553401e-05,NA,NA,NA,NA,NA,NA,NA,NA,NA,NA,1
LOC111130334,NA,NA,NA,NA,NA,NA,NA,NA,NA,NA,239.37469962,-1.2262473414,0.17313416,5.71807e-13,3.867363e-12,NA,NA,NA,NA,NA,NA,NA,NA,NA,NA,1
LOC111130339,NA,NA,NA,NA,NA,NA,NA,NA,NA,NA,732.8445458,-5.8675576305,0.28230289,3.774084e-98,1.189946e-95,NA,NA,NA,NA,NA,NA,NA,NA,NA,NA,1
LOC111130348,NA,NA,NA,NA,NA,NA,NA,NA,NA,NA,494.48035246,1.353456838,0.45176259,0.0008684353,0.001944366,NA,NA,NA,NA,NA,NA,NA,NA,NA,NA,1
LOC111130353,NA,NA,NA,NA,NA,NA,NA,NA,NA,NA,791.79344009,1.5548595432,0.32300557,3.563111e-07,1.305419e-06,NA,NA,NA,NA,NA,NA,NA,NA,NA,NA,1
LOC111130354,NA,NA,NA,NA,NA,NA,NA,NA,NA,NA,324.44426936,-3.7839895581,0.41426187,1.264559e-21,1.755968e-20,NA,NA,NA,NA,NA,NA,NA,NA,NA,NA,1
LOC111130362,NA,NA,NA,NA,NA,NA,NA,NA,NA,NA,700.81986127,-1.8215328462,0.19601651,2.42915e-21,3.321491e-20,NA,NA,NA,NA,NA,NA,NA,NA,NA,NA,1
LOC111130371,NA,NA,NA,NA,NA,NA,NA,NA,NA,NA,105.02713868,-2.334252519,0.26568763,1.200489e-19,1.431506e-18,NA,NA,NA,NA,NA,NA,NA,NA,NA,NA,1
LOC111130384,NA,NA,NA,NA,NA,NA,NA,NA,NA,NA,116.73378418,1.010780548,0.20206082,3.034298e-07,1.121257e-06,NA,NA,NA,NA,NA,NA,NA,NA,NA,NA,1
LOC111130387,NA,NA,NA,NA,NA,NA,NA,NA,NA,NA,242.30983285,-3.5617668828,0.24757725,1.544413e-48,9.973558e-47,NA,NA,NA,NA,NA,NA,NA,NA,NA,NA,1
LOC111130391,NA,NA,NA,NA,NA,NA,NA,NA,NA,NA,398.75708385,-4.299609189,0.22927103,2.833619e-80,5.237309e-78,NA,NA,NA,NA,NA,NA,NA,NA,NA,NA,1
LOC111130404,NA,NA,NA,NA,NA,NA,NA,NA,NA,NA,80.69969617,-1.7986601516,0.21528582,1.094912e-17,1.112555e-16,NA,NA,NA,NA,NA,NA,NA,NA,NA,NA,1
LOC111130409,NA,NA,NA,NA,NA,NA,NA,NA,NA,NA,103.65651827,-1.544024892,0.31755193,2.841425e-07,1.052889e-06,NA,NA,NA,NA,NA,NA,NA,NA,NA,NA,1
LOC111130411,NA,NA,NA,NA,NA,NA,NA,NA,NA,NA,330.96369265,1.6501448073,0.44728755,4.545885e-05,0.0001253714,NA,NA,NA,NA,NA,NA,NA,NA,NA,NA,1
LOC111130415,NA,NA,NA,NA,NA,NA,NA,NA,NA,NA,87.85250608,2.74314392,0.34598757,1.047606e-16,9.799599e-16,NA,NA,NA,NA,NA,NA,NA,NA,NA,NA,1
LOC111130423,NA,NA,NA,NA,NA,NA,NA,NA,NA,NA,152.93386518,-1.1435937746,0.24827237,1.836485e-06,6.121617e-06,NA,NA,NA,NA,NA,NA,NA,NA,NA,NA,1
LOC111130425,NA,NA,NA,NA,NA,NA,NA,NA,NA,NA,82.05782161,-1.3654295623,0.26021665,5.021708e-08,2.026071e-07,NA,NA,NA,NA,NA,NA,NA,NA,NA,NA,1
LOC111130426,NA,NA,NA,NA,NA,NA,NA,NA,NA,NA,58.42884499,-1.5586245655,0.2567249,3.070384e-10,1.574104e-09,NA,NA,NA,NA,NA,NA,NA,NA,NA,NA,1
LOC111130427,NA,NA,NA,NA,NA,NA,NA,NA,NA,NA,54.07141407,2.1968649431,0.22264416,5.384248e-24,8.866227e-23,NA,NA,NA,NA,NA,NA,NA,NA,NA,NA,1
LOC111130428,NA,NA,NA,NA,NA,NA,NA,NA,NA,NA,58.4747172,-1.2440780418,0.23097391,2.810968e-08,1.162561e-07,NA,NA,NA,NA,NA,NA,NA,NA,NA,NA,1
LOC111130431,NA,NA,NA,NA,NA,NA,NA,NA,NA,NA,377.0792085,1.356991648,0.40815324,0.0002826628,0.0006878876,NA,NA,NA,NA,NA,NA,NA,NA,NA,NA,1
LOC111130438,NA,NA,NA,NA,NA,NA,NA,NA,NA,NA,340.35209064,3.3229630385,0.44118351,1.320098e-15,1.108179e-14,NA,NA,NA,NA,NA,NA,NA,NA,NA,NA,1
LOC111130439,NA,NA,NA,NA,NA,NA,NA,NA,NA,NA,65.74336751,-1.2824276666,0.68605089,0.01989671,0.03350809,NA,NA,NA,NA,NA,NA,NA,NA,NA,NA,1
LOC111130443,NA,NA,NA,NA,NA,NA,NA,NA,NA,NA,187.22856468,3.0228803125,0.25589965,1.260676e-33,3.785559e-32,NA,NA,NA,NA,NA,NA,NA,NA,NA,NA,1
LOC111130452,NA,NA,NA,NA,NA,NA,NA,NA,NA,NA,159.36882956,-1.995162163,0.33278125,2.467695e-10,1.275491e-09,NA,NA,NA,NA,NA,NA,NA,NA,NA,NA,1
LOC111130459,NA,NA,NA,NA,NA,NA,NA,NA,NA,NA,62.95266748,1.3470066443,0.23268359,2.378802e-09,1.103451e-08,NA,NA,NA,NA,NA,NA,NA,NA,NA,NA,1
LOC111130462,NA,NA,NA,NA,NA,NA,NA,NA,NA,NA,933.78789798,1.7206568192,0.27382747,6.182099e-11,3.430233e-10,NA,NA,NA,NA,NA,NA,NA,NA,NA,NA,1
LOC111130470,NA,NA,NA,NA,NA,NA,NA,NA,NA,NA,630.976273,1.2364140678,0.24761384,2.337367e-07,8.77331e-07,NA,NA,NA,NA,NA,NA,NA,NA,NA,NA,1
LOC111130471,NA,NA,NA,NA,NA,NA,NA,NA,NA,NA,1137.62459442,-2.7945830097,0.36321934,6.342433e-16,5.491993e-15,NA,NA,NA,NA,NA,NA,NA,NA,NA,NA,1
LOC111130475,NA,NA,NA,NA,NA,NA,NA,NA,NA,NA,41.78167519,1.8966726794,0.64096609,0.0004040156,0.0009586206,NA,NA,NA,NA,NA,NA,NA,NA,NA,NA,1
LOC111130485,NA,NA,NA,NA,NA,NA,NA,NA,NA,NA,145.00355898,-1.2424398309,0.16813271,5.820408e-14,4.27069e-13,NA,NA,NA,NA,NA,NA,NA,NA,NA,NA,1
LOC111130486,NA,NA,NA,NA,NA,NA,NA,NA,NA,NA,385.89510229,1.4133514512,0.42448985,0.0002544041,0.0006257943,NA,NA,NA,NA,NA,NA,NA,NA,NA,NA,1
LOC111130491,NA,NA,NA,NA,NA,NA,NA,NA,NA,NA,81.34576712,-1.0536640234,0.31183196,0.0003615085,0.0008661983,NA,NA,NA,NA,NA,NA,NA,NA,NA,NA,1
LOC111130495,NA,NA,NA,NA,NA,NA,NA,NA,NA,NA,192.11719411,2.8876942372,0.35653921,2.249908e-17,2.233242e-16,NA,NA,NA,NA,NA,NA,NA,NA,NA,NA,1
LOC111130498,NA,NA,NA,NA,NA,NA,NA,NA,NA,NA,681.45771166,-1.0706962282,0.18456086,3.279409e-09,1.50172e-08,NA,NA,NA,NA,NA,NA,NA,NA,NA,NA,1
LOC111130508,NA,NA,NA,NA,NA,NA,NA,NA,NA,NA,142.95669278,1.4782222171,0.25270124,1.350655e-09,6.433056e-09,NA,NA,NA,NA,NA,NA,NA,NA,NA,NA,1
LOC111130514,NA,NA,NA,NA,NA,NA,NA,NA,NA,NA,53.55499747,-1.2820507635,0.32507256,2.912221e-05,8.265558e-05,NA,NA,NA,NA,NA,NA,NA,NA,NA,NA,1
LOC111130521,NA,NA,NA,NA,NA,NA,NA,NA,NA,NA,995.99355339,1.7271684994,0.47770509,5.334186e-05,0.0001456136,NA,NA,NA,NA,NA,NA,NA,NA,NA,NA,1
LOC111130532,NA,NA,NA,NA,NA,NA,NA,NA,NA,NA,748.39584348,1.0420693399,0.43855158,0.008524759,0.01560543,NA,NA,NA,NA,NA,NA,NA,NA,NA,NA,1
LOC111130534,NA,NA,NA,NA,NA,NA,NA,NA,NA,NA,6283.69125916,1.0428453126,0.20977318,3.419921e-07,1.256393e-06,NA,NA,NA,NA,NA,NA,NA,NA,NA,NA,1
LOC111130537,NA,NA,NA,NA,NA,NA,NA,NA,NA,NA,47.41250311,-1.0476457451,0.27906563,8.772076e-05,0.0002321893,NA,NA,NA,NA,NA,NA,NA,NA,NA,NA,1
LOC111130538,NA,NA,NA,NA,NA,NA,NA,NA,NA,NA,38.04582688,-1.0438795082,0.25881919,2.799201e-05,7.963756e-05,NA,NA,NA,NA,NA,NA,NA,NA,NA,NA,1
LOC111130542,NA,NA,NA,NA,NA,NA,NA,NA,NA,NA,232.94333579,3.1394254029,0.40037487,1.408985e-16,1.300975e-15,NA,NA,NA,NA,NA,NA,NA,NA,NA,NA,1
LOC111130545,NA,NA,NA,NA,NA,NA,NA,NA,NA,NA,467.96799332,1.9213002192,0.20391148,6.120649e-22,8.725181e-21,NA,NA,NA,NA,NA,NA,NA,NA,NA,NA,1
LOC111130549,NA,NA,NA,NA,NA,NA,NA,NA,NA,NA,4658.52097467,2.1452520854,0.27708876,9.680785e-16,8.23635e-15,NA,NA,NA,NA,NA,NA,NA,NA,NA,NA,1
LOC111130552,NA,NA,NA,NA,NA,NA,NA,NA,NA,NA,1048.55842195,2.767405687,0.35055629,1.34143e-16,1.240736e-15,NA,NA,NA,NA,NA,NA,NA,NA,NA,NA,1
LOC111130553,NA,NA,NA,NA,NA,NA,NA,NA,NA,NA,166.11014277,1.8511701744,0.36213431,4.797981e-08,1.941652e-07,NA,NA,NA,NA,NA,NA,NA,NA,NA,NA,1
LOC111130555,NA,NA,NA,NA,NA,NA,NA,NA,NA,NA,83.8220093,1.1553545532,0.32800542,0.0001853901,0.0004658088,NA,NA,NA,NA,NA,NA,NA,NA,NA,NA,1
LOC111130559,NA,NA,NA,NA,NA,NA,NA,NA,NA,NA,27.12501883,1.5150130224,0.31158425,2.975542e-07,1.100304e-06,NA,NA,NA,NA,NA,NA,NA,NA,NA,NA,1
LOC111130579,NA,NA,NA,NA,NA,NA,NA,NA,NA,NA,88.60343766,-2.1431415244,0.23226673,2.784206e-21,3.78765e-20,NA,NA,NA,NA,NA,NA,NA,NA,NA,NA,1
LOC111130580,NA,NA,NA,NA,NA,NA,NA,NA,NA,NA,101.26442035,-1.0948212717,0.40346202,0.003065477,0.006180537,NA,NA,NA,NA,NA,NA,NA,NA,NA,NA,1
LOC111130585,NA,NA,NA,NA,NA,NA,NA,NA,NA,NA,102.89106093,-1.8079823953,0.18892768,1.77037e-22,2.624947e-21,NA,NA,NA,NA,NA,NA,NA,NA,NA,NA,1
LOC111130588,NA,NA,NA,NA,NA,NA,NA,NA,NA,NA,91.79187712,2.0230666832,0.49610477,5.114575e-06,1.619741e-05,NA,NA,NA,NA,NA,NA,NA,NA,NA,NA,1
LOC111130597,NA,NA,NA,NA,NA,NA,NA,NA,NA,NA,334.25724038,-2.2269345754,0.22121477,6.933054e-25,1.207633e-23,NA,NA,NA,NA,NA,NA,NA,NA,NA,NA,1
LOC111130603,NA,NA,NA,NA,NA,NA,NA,NA,NA,NA,51.21068792,-1.5006945685,0.2832069,3.069473e-08,1.268006e-07,NA,NA,NA,NA,NA,NA,NA,NA,NA,NA,1
LOC111130612,NA,NA,NA,NA,NA,NA,NA,NA,NA,NA,66.37235633,1.9195807046,0.21599998,8.713958e-20,1.050772e-18,NA,NA,NA,NA,NA,NA,NA,NA,NA,NA,1
LOC111130641,NA,NA,NA,NA,NA,NA,NA,NA,NA,NA,85.68489613,-2.0636995749,0.36235497,1.346421e-09,6.417799e-09,NA,NA,NA,NA,NA,NA,NA,NA,NA,NA,1
LOC111130648,NA,NA,NA,NA,NA,NA,NA,NA,NA,NA,29.27172487,1.2927293975,0.46456032,0.001862124,0.003906453,NA,NA,NA,NA,NA,NA,NA,NA,NA,NA,1
LOC111130650,NA,NA,NA,NA,NA,NA,NA,NA,NA,NA,78.16589107,-1.3996112913,0.22517955,1.589394e-10,8.45993e-10,NA,NA,NA,NA,NA,NA,NA,NA,NA,NA,1
LOC111130658,NA,NA,NA,NA,NA,NA,NA,NA,NA,NA,93.81662988,1.7341329522,0.42081574,6.728931e-06,2.092057e-05,NA,NA,NA,NA,NA,NA,NA,NA,NA,NA,1
LOC111130667,NA,NA,NA,NA,NA,NA,NA,NA,NA,NA,45.13345961,-1.1332742543,0.27039649,1.254781e-05,3.734385e-05,NA,NA,NA,NA,NA,NA,NA,NA,NA,NA,1
LOC111130673,NA,NA,NA,NA,NA,NA,NA,NA,NA,NA,59.83584062,-1.2704315589,0.239846,4.424585e-08,1.79733e-07,NA,NA,NA,NA,NA,NA,NA,NA,NA,NA,1
LOC111130698,NA,NA,NA,NA,NA,NA,NA,NA,NA,NA,157.83851026,1.4793576004,0.3776457,2.394426e-05,6.866841e-05,NA,NA,NA,NA,NA,NA,NA,NA,NA,NA,1
LOC111130699,NA,NA,NA,NA,NA,NA,NA,NA,NA,NA,773.66590479,1.1001077255,0.15684564,1.115875e-12,7.320798e-12,NA,NA,NA,NA,NA,NA,NA,NA,NA,NA,1
LOC111130704,NA,NA,NA,NA,NA,NA,NA,NA,NA,NA,796.27592702,1.1407871438,0.36490656,0.000775606,0.001754854,NA,NA,NA,NA,NA,NA,NA,NA,NA,NA,1
LOC111130710,NA,NA,NA,NA,NA,NA,NA,NA,NA,NA,1002.62869034,-2.2941004941,0.53452961,1.33637e-06,4.533507e-06,NA,NA,NA,NA,NA,NA,NA,NA,NA,NA,1
LOC111130733,NA,NA,NA,NA,NA,NA,NA,NA,NA,NA,106.12923253,-1.3824743588,0.23968791,2.555207e-09,1.180173e-08,NA,NA,NA,NA,NA,NA,NA,NA,NA,NA,1
LOC111130737,NA,NA,NA,NA,NA,NA,NA,NA,NA,NA,91.46594392,1.501487854,0.60152904,0.003053203,0.006158107,NA,NA,NA,NA,NA,NA,NA,NA,NA,NA,1
LOC111130743,NA,NA,NA,NA,NA,NA,NA,NA,NA,NA,208.26728507,-1.0754455132,0.25328855,1.065356e-05,3.205337e-05,NA,NA,NA,NA,NA,NA,NA,NA,NA,NA,1
LOC111130762,NA,NA,NA,NA,NA,NA,NA,NA,NA,NA,183.09731651,-1.2153084469,0.16920684,2.814465e-13,1.94652e-12,NA,NA,NA,NA,NA,NA,NA,NA,NA,NA,1
LOC111130768,NA,NA,NA,NA,NA,NA,NA,NA,NA,NA,22.77309993,2.273407975,0.45158117,3.815806e-08,1.559491e-07,NA,NA,NA,NA,NA,NA,NA,NA,NA,NA,1
LOC111130770,NA,NA,NA,NA,NA,NA,NA,NA,NA,NA,16.74580895,1.2961626691,0.49167699,0.002858642,0.005792938,NA,NA,NA,NA,NA,NA,NA,NA,NA,NA,1
LOC111130771,NA,NA,NA,NA,NA,NA,NA,NA,NA,NA,7189.30614652,2.0526497901,0.33011554,5.630029e-11,3.141796e-10,NA,NA,NA,NA,NA,NA,NA,NA,NA,NA,1
LOC111130781,NA,NA,NA,NA,NA,NA,NA,NA,NA,NA,47.56582887,-1.0389048224,0.38931996,0.00378048,0.007473123,NA,NA,NA,NA,NA,NA,NA,NA,NA,NA,1
LOC111130790,NA,NA,NA,NA,NA,NA,NA,NA,NA,NA,67.11689866,-1.1123803065,0.20002973,1.262524e-08,5.431083e-08,NA,NA,NA,NA,NA,NA,NA,NA,NA,NA,1
LOC111130794,NA,NA,NA,NA,NA,NA,NA,NA,NA,NA,585.7296212,1.358910085,0.28132309,4.458814e-07,1.61209e-06,NA,NA,NA,NA,NA,NA,NA,NA,NA,NA,1
LOC111130799,NA,NA,NA,NA,NA,NA,NA,NA,NA,NA,31.93104771,1.7363636285,0.51103683,0.0001182573,0.0003074747,NA,NA,NA,NA,NA,NA,NA,NA,NA,NA,1
LOC111130816,NA,NA,NA,NA,NA,NA,NA,NA,NA,NA,110.17999211,-1.446551716,0.31117992,9.524649e-07,3.295811e-06,NA,NA,NA,NA,NA,NA,NA,NA,NA,NA,1
LOC111130838,NA,NA,NA,NA,NA,NA,NA,NA,NA,NA,89.08419594,-1.2252543886,0.27345079,2.962087e-06,9.607739e-06,NA,NA,NA,NA,NA,NA,NA,NA,NA,NA,1
LOC111130840,NA,NA,NA,NA,NA,NA,NA,NA,NA,NA,198.83640827,-1.9592033269,0.84506208,0.002234441,0.004628583,NA,NA,NA,NA,NA,NA,NA,NA,NA,NA,1
LOC111130852,NA,NA,NA,NA,NA,NA,NA,NA,NA,NA,307.6501381,2.5844019773,0.7308737,1.921881e-05,5.586377e-05,NA,NA,NA,NA,NA,NA,NA,NA,NA,NA,1
LOC111130859,NA,NA,NA,NA,NA,NA,NA,NA,NA,NA,220.4743675,3.6234959918,0.44370842,6.673307e-18,6.891893e-17,NA,NA,NA,NA,NA,NA,NA,NA,NA,NA,1
LOC111130870,NA,NA,NA,NA,NA,NA,NA,NA,NA,NA,363.06743214,-2.639921936,0.24000802,2.106318e-29,4.855857e-28,NA,NA,NA,NA,NA,NA,NA,NA,NA,NA,1
LOC111130871,NA,NA,NA,NA,NA,NA,NA,NA,NA,NA,172.65036011,3.4943449737,0.18836327,2.103765e-78,3.637478e-76,NA,NA,NA,NA,NA,NA,NA,NA,NA,NA,1
LOC111130888,NA,NA,NA,NA,NA,NA,NA,NA,NA,NA,475.97630955,1.4596992374,0.194607,1.806055e-14,1.382922e-13,NA,NA,NA,NA,NA,NA,NA,NA,NA,NA,1
LOC111130904,NA,NA,NA,NA,NA,NA,NA,NA,NA,NA,35.26649982,1.0381650222,0.44277947,0.009313487,0.01689882,NA,NA,NA,NA,NA,NA,NA,NA,NA,NA,1
LOC111130913,NA,NA,NA,NA,NA,NA,NA,NA,NA,NA,91.5236917,-2.1246461986,0.24667148,7.27553e-19,8.057199e-18,NA,NA,NA,NA,NA,NA,NA,NA,NA,NA,1
LOC111130931,NA,NA,NA,NA,NA,NA,NA,NA,NA,NA,55.58303781,1.8457800298,0.32420132,1.902361e-09,8.944192e-09,NA,NA,NA,NA,NA,NA,NA,NA,NA,NA,1
LOC111130934,NA,NA,NA,NA,NA,NA,NA,NA,NA,NA,78.47413436,-1.2471436762,0.23896851,6.992748e-08,2.79189e-07,NA,NA,NA,NA,NA,NA,NA,NA,NA,NA,1
LOC111130952,NA,NA,NA,NA,NA,NA,NA,NA,NA,NA,99.31045221,1.0850954823,0.2595954,1.407545e-05,4.164571e-05,NA,NA,NA,NA,NA,NA,NA,NA,NA,NA,1
LOC111130967,NA,NA,NA,NA,NA,NA,NA,NA,NA,NA,90.42641839,-2.3174659238,0.21821928,1.920004e-27,3.950565e-26,NA,NA,NA,NA,NA,NA,NA,NA,NA,NA,1
LOC111130969,NA,NA,NA,NA,NA,NA,NA,NA,NA,NA,49.19339193,3.0596865548,0.39477211,3.110216e-16,2.773836e-15,NA,NA,NA,NA,NA,NA,NA,NA,NA,NA,1
LOC111130983,NA,NA,NA,NA,NA,NA,NA,NA,NA,NA,2159.46490828,-3.9053170728,0.35526539,7.652714e-30,1.831185e-28,NA,NA,NA,NA,NA,NA,NA,NA,NA,NA,1
LOC111130989,NA,NA,NA,NA,NA,NA,NA,NA,NA,NA,131.09459199,-1.3496098949,0.31911522,7.724604e-06,2.385703e-05,NA,NA,NA,NA,NA,NA,NA,NA,NA,NA,1
LOC111130995,NA,NA,NA,NA,NA,NA,NA,NA,NA,NA,83.4805831,-2.141621086,0.24313495,1.271474e-19,1.509436e-18,NA,NA,NA,NA,NA,NA,NA,NA,NA,NA,1
LOC111130996,NA,NA,NA,NA,NA,NA,NA,NA,NA,NA,92.7968398,1.4603402153,0.16746583,7.921904e-19,8.754929e-18,NA,NA,NA,NA,NA,NA,NA,NA,NA,NA,1
LOC111131007,NA,NA,NA,NA,NA,NA,NA,NA,NA,NA,2600.92806547,1.5478722683,0.0930359,9.367161e-63,1.115733e-60,NA,NA,NA,NA,NA,NA,NA,NA,NA,NA,1
LOC111131012,NA,NA,NA,NA,NA,NA,NA,NA,NA,NA,178.90610513,-1.018880169,0.28185219,0.0001568981,0.0003991333,NA,NA,NA,NA,NA,NA,NA,NA,NA,NA,1
LOC111131017,NA,NA,NA,NA,NA,NA,NA,NA,NA,NA,108.95771026,-1.0319641116,0.29063645,0.0001970701,0.0004932504,NA,NA,NA,NA,NA,NA,NA,NA,NA,NA,1
LOC111131019,NA,NA,NA,NA,NA,NA,NA,NA,NA,NA,18.10498473,1.9707940464,0.45476708,1.803096e-06,6.017805e-06,NA,NA,NA,NA,NA,NA,NA,NA,NA,NA,1
LOC111131030,NA,NA,NA,NA,NA,NA,NA,NA,NA,NA,64.69665857,-1.1600783345,0.23453169,3.319819e-07,1.222131e-06,NA,NA,NA,NA,NA,NA,NA,NA,NA,NA,1
LOC111131036,NA,NA,NA,NA,NA,NA,NA,NA,NA,NA,171.6098967,1.5606962554,0.40013604,2.253907e-05,6.498323e-05,NA,NA,NA,NA,NA,NA,NA,NA,NA,NA,1
LOC111131037,NA,NA,NA,NA,NA,NA,NA,NA,NA,NA,94.76511509,-1.6282845155,0.20614541,6.152727e-16,5.353672e-15,NA,NA,NA,NA,NA,NA,NA,NA,NA,NA,1
LOC111131050,NA,NA,NA,NA,NA,NA,NA,NA,NA,NA,202.03116788,1.0321159775,0.21587668,9.078743e-07,3.145576e-06,NA,NA,NA,NA,NA,NA,NA,NA,NA,NA,1
LOC111131053,NA,NA,NA,NA,NA,NA,NA,NA,NA,NA,190.75902106,-3.2919928777,0.29710681,4.607571e-30,1.112459e-28,NA,NA,NA,NA,NA,NA,NA,NA,NA,NA,1
LOC111131058,NA,NA,NA,NA,NA,NA,NA,NA,NA,NA,120.4825121,-1.2027606134,0.21143457,5.32332e-09,2.387698e-08,NA,NA,NA,NA,NA,NA,NA,NA,NA,NA,1
LOC111131065,NA,NA,NA,NA,NA,NA,NA,NA,NA,NA,177.13357913,-1.6582712368,0.26319006,6.123273e-11,3.399352e-10,NA,NA,NA,NA,NA,NA,NA,NA,NA,NA,1
LOC111131101,NA,NA,NA,NA,NA,NA,NA,NA,NA,NA,69.35885391,1.041195612,0.25591933,2.417595e-05,6.929576e-05,NA,NA,NA,NA,NA,NA,NA,NA,NA,NA,1
LOC111131102,NA,NA,NA,NA,NA,NA,NA,NA,NA,NA,231.85726809,-2.456559387,0.31615199,5.141259e-16,4.517566e-15,NA,NA,NA,NA,NA,NA,NA,NA,NA,NA,1
LOC111131113,NA,NA,NA,NA,NA,NA,NA,NA,NA,NA,133.09073286,-2.3833734211,0.26766869,3.906767e-20,4.83609e-19,NA,NA,NA,NA,NA,NA,NA,NA,NA,NA,1
LOC111131124,NA,NA,NA,NA,NA,NA,NA,NA,NA,NA,323.12874473,-1.4212036248,0.31656031,2.112519e-06,6.980949e-06,NA,NA,NA,NA,NA,NA,NA,NA,NA,NA,1
LOC111131141,NA,NA,NA,NA,NA,NA,NA,NA,NA,NA,24.10815133,1.2757980849,0.54862233,0.006907038,0.01289956,NA,NA,NA,NA,NA,NA,NA,NA,NA,NA,1
LOC111131153,NA,NA,NA,NA,NA,NA,NA,NA,NA,NA,704.49412224,1.2943230896,0.29768864,4.932509e-06,1.564856e-05,NA,NA,NA,NA,NA,NA,NA,NA,NA,NA,1
LOC111131216,NA,NA,NA,NA,NA,NA,NA,NA,NA,NA,12765.95937724,2.0921674046,0.34922965,2.196081e-10,1.143925e-09,NA,NA,NA,NA,NA,NA,NA,NA,NA,NA,1
LOC111131218,NA,NA,NA,NA,NA,NA,NA,NA,NA,NA,73.40885555,2.3169895088,0.38634703,1.536192e-10,8.193025e-10,NA,NA,NA,NA,NA,NA,NA,NA,NA,NA,1
LOC111131220,NA,NA,NA,NA,NA,NA,NA,NA,NA,NA,63.81285376,-1.1222494235,0.44516408,0.00513867,0.009865069,NA,NA,NA,NA,NA,NA,NA,NA,NA,NA,1
LOC111131232,NA,NA,NA,NA,NA,NA,NA,NA,NA,NA,146.69830344,1.8998239456,0.38405104,1.048542e-07,4.087406e-07,NA,NA,NA,NA,NA,NA,NA,NA,NA,NA,1
LOC111131259,NA,NA,NA,NA,NA,NA,NA,NA,NA,NA,189.44421487,-1.6900866931,0.32635189,4.345283e-08,1.767126e-07,NA,NA,NA,NA,NA,NA,NA,NA,NA,NA,1
LOC111131272,NA,NA,NA,NA,NA,NA,NA,NA,NA,NA,89.96274848,-1.3832594781,0.39007866,0.0001206031,0.0003128908,NA,NA,NA,NA,NA,NA,NA,NA,NA,NA,1
LOC111131294,NA,NA,NA,NA,NA,NA,NA,NA,NA,NA,58.21713482,-1.6300842169,0.27391271,5.741997e-10,2.864319e-09,NA,NA,NA,NA,NA,NA,NA,NA,NA,NA,1
LOC111131300,NA,NA,NA,NA,NA,NA,NA,NA,NA,NA,66.09844475,-1.0074112207,0.30652513,0.0005341696,0.001244306,NA,NA,NA,NA,NA,NA,NA,NA,NA,NA,1
LOC111131301,NA,NA,NA,NA,NA,NA,NA,NA,NA,NA,823.61882619,1.0309972305,0.14295254,2.903391e-13,2.005435e-12,NA,NA,NA,NA,NA,NA,NA,NA,NA,NA,1
LOC111131320,NA,NA,NA,NA,NA,NA,NA,NA,NA,NA,621.5518906,4.0852048937,0.18698019,1.448727e-107,6.470982e-105,NA,NA,NA,NA,NA,NA,NA,NA,NA,NA,1
LOC111131322,NA,NA,NA,NA,NA,NA,NA,NA,NA,NA,296.47911962,1.5019231795,0.20861415,1.607744e-13,1.136874e-12,NA,NA,NA,NA,NA,NA,NA,NA,NA,NA,1
LOC111131343,NA,NA,NA,NA,NA,NA,NA,NA,NA,NA,135.86870199,-3.1753049349,0.27884745,1.580092e-31,4.234646e-30,NA,NA,NA,NA,NA,NA,NA,NA,NA,NA,1
LOC111131349,NA,NA,NA,NA,NA,NA,NA,NA,NA,NA,52.25064547,-1.7771830527,0.34756648,5.35576e-08,2.155171e-07,NA,NA,NA,NA,NA,NA,NA,NA,NA,NA,1
LOC111131350,NA,NA,NA,NA,NA,NA,NA,NA,NA,NA,260.36676654,1.3943319521,0.26316343,3.63758e-08,1.491199e-07,NA,NA,NA,NA,NA,NA,NA,NA,NA,NA,1
LOC111131364,NA,NA,NA,NA,NA,NA,NA,NA,NA,NA,50.40575245,-1.6108781361,0.37381027,3.573504e-06,1.150044e-05,NA,NA,NA,NA,NA,NA,NA,NA,NA,NA,1
LOC111131376,NA,NA,NA,NA,NA,NA,NA,NA,NA,NA,66.12991476,-1.3056792062,0.54137743,0.005255556,0.01006603,NA,NA,NA,NA,NA,NA,NA,NA,NA,NA,1
LOC111131391,NA,NA,NA,NA,NA,NA,NA,NA,NA,NA,489.27897417,-2.4640425961,0.2972436,7.428241e-18,7.634779e-17,NA,NA,NA,NA,NA,NA,NA,NA,NA,NA,1
LOC111131395,NA,NA,NA,NA,NA,NA,NA,NA,NA,NA,55.15540123,-1.2043791294,0.40004645,0.001038223,0.002291015,NA,NA,NA,NA,NA,NA,NA,NA,NA,NA,1
LOC111131406,NA,NA,NA,NA,NA,NA,NA,NA,NA,NA,1684.743826,1.2049008544,0.21828005,1.403065e-08,6.006731e-08,NA,NA,NA,NA,NA,NA,NA,NA,NA,NA,1
LOC111131413,NA,NA,NA,NA,NA,NA,NA,NA,NA,NA,146.12730103,-2.7050622294,0.28274008,5.526399e-23,8.499712e-22,NA,NA,NA,NA,NA,NA,NA,NA,NA,NA,1
LOC111131432,NA,NA,NA,NA,NA,NA,NA,NA,NA,NA,59.9723661,3.6204009481,0.40957895,2.076059e-20,2.624452e-19,NA,NA,NA,NA,NA,NA,NA,NA,NA,NA,1
LOC111131433,NA,NA,NA,NA,NA,NA,NA,NA,NA,NA,44.22795094,-1.2432569163,0.25071351,2.763642e-07,1.02655e-06,NA,NA,NA,NA,NA,NA,NA,NA,NA,NA,1
LOC111131463,NA,NA,NA,NA,NA,NA,NA,NA,NA,NA,55.52741452,2.1740038075,0.25893683,4.415398e-18,4.608867e-17,NA,NA,NA,NA,NA,NA,NA,NA,NA,NA,1
LOC111131475,NA,NA,NA,NA,NA,NA,NA,NA,NA,NA,508.68138404,1.6917397652,0.28761077,7.912855e-10,3.885744e-09,NA,NA,NA,NA,NA,NA,NA,NA,NA,NA,1
LOC111131476,NA,NA,NA,NA,NA,NA,NA,NA,NA,NA,124.93101993,-2.1312215149,0.34169112,4.436717e-11,2.496672e-10,NA,NA,NA,NA,NA,NA,NA,NA,NA,NA,1
LOC111131486,NA,NA,NA,NA,NA,NA,NA,NA,NA,NA,278.80579253,-3.5905924232,0.25418741,6.321117e-47,3.743778e-45,NA,NA,NA,NA,NA,NA,NA,NA,NA,NA,1
LOC111131489,NA,NA,NA,NA,NA,NA,NA,NA,NA,NA,331.10324244,-3.153270563,0.3056946,1.977622e-26,3.792506e-25,NA,NA,NA,NA,NA,NA,NA,NA,NA,NA,1
LOC111131490,NA,NA,NA,NA,NA,NA,NA,NA,NA,NA,110.09085691,-1.6391813422,0.25066241,1.317488e-11,7.734649e-11,NA,NA,NA,NA,NA,NA,NA,NA,NA,NA,1
LOC111131494,NA,NA,NA,NA,NA,NA,NA,NA,NA,NA,51.59660321,1.4016149798,0.26276546,2.95655e-08,1.221828e-07,NA,NA,NA,NA,NA,NA,NA,NA,NA,NA,1
LOC111131531,NA,NA,NA,NA,NA,NA,NA,NA,NA,NA,139.74568311,2.787494868,0.35729946,2.744873e-16,2.466475e-15,NA,NA,NA,NA,NA,NA,NA,NA,NA,NA,1
LOC111131538,NA,NA,NA,NA,NA,NA,NA,NA,NA,NA,641.6409642,-1.5975601841,0.19040117,1.111599e-17,1.128441e-16,NA,NA,NA,NA,NA,NA,NA,NA,NA,NA,1
LOC111131549,NA,NA,NA,NA,NA,NA,NA,NA,NA,NA,139.77517159,-1.2873201668,0.16000518,3.185427e-16,2.836195e-15,NA,NA,NA,NA,NA,NA,NA,NA,NA,NA,1
LOC111131553,NA,NA,NA,NA,NA,NA,NA,NA,NA,NA,61.63043379,1.016594466,0.27829222,0.0001358693,0.0003495364,NA,NA,NA,NA,NA,NA,NA,NA,NA,NA,1
LOC111131580,NA,NA,NA,NA,NA,NA,NA,NA,NA,NA,141.48682647,1.3755196549,0.27629684,2.048341e-07,7.737213e-07,NA,NA,NA,NA,NA,NA,NA,NA,NA,NA,1
LOC111131593,NA,NA,NA,NA,NA,NA,NA,NA,NA,NA,45.20460296,1.2433307495,0.43677351,0.001649974,0.003499746,NA,NA,NA,NA,NA,NA,NA,NA,NA,NA,1
LOC111131594,NA,NA,NA,NA,NA,NA,NA,NA,NA,NA,162.7039917,-2.2944667051,0.30905637,9.133818e-15,7.141833e-14,NA,NA,NA,NA,NA,NA,NA,NA,NA,NA,1
LOC111131602,NA,NA,NA,NA,NA,NA,NA,NA,NA,NA,196.75011612,-1.3471099037,0.3195605,8.239224e-06,2.529338e-05,NA,NA,NA,NA,NA,NA,NA,NA,NA,NA,1
LOC111131611,NA,NA,NA,NA,NA,NA,NA,NA,NA,NA,197.63659343,-2.1746319796,0.31725279,6.743531e-13,4.52382e-12,NA,NA,NA,NA,NA,NA,NA,NA,NA,NA,1
LOC111131637,NA,NA,NA,NA,NA,NA,NA,NA,NA,NA,654.92005286,-2.2185743783,0.5975633,1.684675e-05,4.931652e-05,NA,NA,NA,NA,NA,NA,NA,NA,NA,NA,1
LOC111131641,NA,NA,NA,NA,NA,NA,NA,NA,NA,NA,116.72575946,1.4429595022,0.1426339,1.371613e-24,2.341353e-23,NA,NA,NA,NA,NA,NA,NA,NA,NA,NA,1
LOC111131656,NA,NA,NA,NA,NA,NA,NA,NA,NA,NA,56.78695047,-1.1999819526,0.25140674,7.516382e-07,2.63233e-06,NA,NA,NA,NA,NA,NA,NA,NA,NA,NA,1
LOC111131673,NA,NA,NA,NA,NA,NA,NA,NA,NA,NA,247.06445449,1.2687295836,0.31238907,1.811355e-05,5.283734e-05,NA,NA,NA,NA,NA,NA,NA,NA,NA,NA,1
LOC111131678,NA,NA,NA,NA,NA,NA,NA,NA,NA,NA,96.43011904,-1.2919840016,0.3361156,4.326184e-05,0.0001196818,NA,NA,NA,NA,NA,NA,NA,NA,NA,NA,1
LOC111131699,NA,NA,NA,NA,NA,NA,NA,NA,NA,NA,13260.61453638,2.626892984,0.18663953,3.059391e-46,1.735274e-44,NA,NA,NA,NA,NA,NA,NA,NA,NA,NA,1
LOC111131722,NA,NA,NA,NA,NA,NA,NA,NA,NA,NA,139.91794204,-2.7238407331,0.22533444,6.16128e-35,1.983683e-33,NA,NA,NA,NA,NA,NA,NA,NA,NA,NA,1
LOC111131726,NA,NA,NA,NA,NA,NA,NA,NA,NA,NA,69.40130406,-1.5852031525,0.29722494,2.221805e-08,9.31837e-08,NA,NA,NA,NA,NA,NA,NA,NA,NA,NA,1
LOC111131732,NA,NA,NA,NA,NA,NA,NA,NA,NA,NA,218.46379019,1.1181539691,0.17854619,1.775708e-10,9.391016e-10,NA,NA,NA,NA,NA,NA,NA,NA,NA,NA,1
LOC111131752,NA,NA,NA,NA,NA,NA,NA,NA,NA,NA,327.21520651,-1.9210319714,0.30211828,2.782608e-11,1.59091e-10,NA,NA,NA,NA,NA,NA,NA,NA,NA,NA,1
LOC111131763,NA,NA,NA,NA,NA,NA,NA,NA,NA,NA,1373.547133,1.2316246306,0.31736444,4.071409e-05,0.0001131299,NA,NA,NA,NA,NA,NA,NA,NA,NA,NA,1
LOC111131768,NA,NA,NA,NA,NA,NA,NA,NA,NA,NA,90.04031065,-1.6650943726,0.20554252,1.123544e-16,1.047338e-15,NA,NA,NA,NA,NA,NA,NA,NA,NA,NA,1
LOC111131782,NA,NA,NA,NA,NA,NA,NA,NA,NA,NA,108.0344801,-1.7694720428,0.2818417,5.925956e-11,3.300065e-10,NA,NA,NA,NA,NA,NA,NA,NA,NA,NA,1
LOC111131799,NA,NA,NA,NA,NA,NA,NA,NA,NA,NA,172.57620512,1.9500720198,0.36666373,1.352578e-08,5.799852e-08,NA,NA,NA,NA,NA,NA,NA,NA,NA,NA,1
LOC111131801,NA,NA,NA,NA,NA,NA,NA,NA,NA,NA,1239.55827885,1.6939111555,0.36427855,6.371945e-07,2.253621e-06,NA,NA,NA,NA,NA,NA,NA,NA,NA,NA,1
LOC111131810,NA,NA,NA,NA,NA,NA,NA,NA,NA,NA,165.93484764,2.1925797538,0.38785395,1.425475e-09,6.773535e-09,NA,NA,NA,NA,NA,NA,NA,NA,NA,NA,1
LOC111131812,NA,NA,NA,NA,NA,NA,NA,NA,NA,NA,1221.19304835,2.4391923561,0.44069787,2.002737e-09,9.399887e-09,NA,NA,NA,NA,NA,NA,NA,NA,NA,NA,1
LOC111131828,NA,NA,NA,NA,NA,NA,NA,NA,NA,NA,60.26968604,-1.353423551,0.25846848,5.427435e-08,2.181556e-07,NA,NA,NA,NA,NA,NA,NA,NA,NA,NA,1
LOC111131840,NA,NA,NA,NA,NA,NA,NA,NA,NA,NA,121.86275916,1.1592698552,0.16380238,6.535654e-13,4.389863e-12,NA,NA,NA,NA,NA,NA,NA,NA,NA,NA,1
LOC111131850,NA,NA,NA,NA,NA,NA,NA,NA,NA,NA,138.36134774,1.2215552013,0.29952224,1.805842e-05,5.269087e-05,NA,NA,NA,NA,NA,NA,NA,NA,NA,NA,1
LOC111131857,NA,NA,NA,NA,NA,NA,NA,NA,NA,NA,916.65597301,1.0841559034,0.12429352,1.343119e-18,1.455838e-17,NA,NA,NA,NA,NA,NA,NA,NA,NA,NA,1
LOC111131866,NA,NA,NA,NA,NA,NA,NA,NA,NA,NA,63.96067004,1.4383465432,0.22806469,8.34212e-11,4.560302e-10,NA,NA,NA,NA,NA,NA,NA,NA,NA,NA,1
LOC111131875,NA,NA,NA,NA,NA,NA,NA,NA,NA,NA,251.97703317,-1.5984628344,0.16457602,6.1276e-23,9.397406e-22,NA,NA,NA,NA,NA,NA,NA,NA,NA,NA,1
LOC111131917,NA,NA,NA,NA,NA,NA,NA,NA,NA,NA,776.11921702,1.1509124051,0.13857508,4.489109e-17,4.331525e-16,NA,NA,NA,NA,NA,NA,NA,NA,NA,NA,1
LOC111132025,NA,NA,NA,NA,NA,NA,NA,NA,NA,NA,189.63063403,-2.7791259812,0.28167837,2.724021e-24,4.534395e-23,NA,NA,NA,NA,NA,NA,NA,NA,NA,NA,1
LOC111132034,NA,NA,NA,NA,NA,NA,NA,NA,NA,NA,74.8242376,-1.0263836307,0.40578234,0.005731242,0.01088378,NA,NA,NA,NA,NA,NA,NA,NA,NA,NA,1
LOC111132038,NA,NA,NA,NA,NA,NA,NA,NA,NA,NA,66.79651518,-1.8424427598,0.24262215,4.827082e-15,3.890701e-14,NA,NA,NA,NA,NA,NA,NA,NA,NA,NA,1
LOC111132057,NA,NA,NA,NA,NA,NA,NA,NA,NA,NA,891.1076235,-2.0165852712,0.4991846,6.075971e-06,1.90007e-05,NA,NA,NA,NA,NA,NA,NA,NA,NA,NA,1
LOC111132074,NA,NA,NA,NA,NA,NA,NA,NA,NA,NA,177.77230018,5.0554871882,0.4937329,1.108878e-26,2.185141e-25,NA,NA,NA,NA,NA,NA,NA,NA,NA,NA,1
LOC111132079,NA,NA,NA,NA,NA,NA,NA,NA,NA,NA,67.45603101,-1.8289023829,0.30231278,2.282546e-10,1.185508e-09,NA,NA,NA,NA,NA,NA,NA,NA,NA,NA,1
LOC111132094,NA,NA,NA,NA,NA,NA,NA,NA,NA,NA,103.474878,-2.1009918341,0.25677356,2.945107e-17,2.885882e-16,NA,NA,NA,NA,NA,NA,NA,NA,NA,NA,1
LOC111132103,NA,NA,NA,NA,NA,NA,NA,NA,NA,NA,152.98693521,2.3411514956,0.48957039,1.245645e-07,4.822432e-07,NA,NA,NA,NA,NA,NA,NA,NA,NA,NA,1
LOC111132107,NA,NA,NA,NA,NA,NA,NA,NA,NA,NA,1304.73008421,-2.0955776752,0.36339981,8.440567e-10,4.130923e-09,NA,NA,NA,NA,NA,NA,NA,NA,NA,NA,1
LOC111132109,NA,NA,NA,NA,NA,NA,NA,NA,NA,NA,117.75062807,-1.4583433413,0.21075463,1.288757e-12,8.393364e-12,NA,NA,NA,NA,NA,NA,NA,NA,NA,NA,1
LOC111132137,NA,NA,NA,NA,NA,NA,NA,NA,NA,NA,199.48571294,1.0653541862,0.48788525,0.01351113,0.02366268,NA,NA,NA,NA,NA,NA,NA,NA,NA,NA,1
LOC111132151,NA,NA,NA,NA,NA,NA,NA,NA,NA,NA,79.58694824,-2.2358467103,0.26713589,5.066813e-18,5.278546e-17,NA,NA,NA,NA,NA,NA,NA,NA,NA,NA,1
LOC111132160,NA,NA,NA,NA,NA,NA,NA,NA,NA,NA,230.92133641,1.456919491,0.52637086,0.001503249,0.003218515,NA,NA,NA,NA,NA,NA,NA,NA,NA,NA,1
LOC111132169,NA,NA,NA,NA,NA,NA,NA,NA,NA,NA,158.18165554,1.7482551753,0.321269,9.37871e-09,4.103664e-08,NA,NA,NA,NA,NA,NA,NA,NA,NA,NA,1
LOC111132172,NA,NA,NA,NA,NA,NA,NA,NA,NA,NA,65.85657405,-1.2611334346,0.30706448,1.505864e-05,4.438511e-05,NA,NA,NA,NA,NA,NA,NA,NA,NA,NA,1
LOC111132183,NA,NA,NA,NA,NA,NA,NA,NA,NA,NA,49.22789532,-1.1405821772,0.23623232,6.208179e-07,2.199328e-06,NA,NA,NA,NA,NA,NA,NA,NA,NA,NA,1
LOC111132184,NA,NA,NA,NA,NA,NA,NA,NA,NA,NA,625.9466774,2.5744813339,0.43248497,1.443625e-10,7.718533e-10,NA,NA,NA,NA,NA,NA,NA,NA,NA,NA,1
LOC111132192,NA,NA,NA,NA,NA,NA,NA,NA,NA,NA,403.36749584,1.010405904,0.26499288,7.272495e-05,0.0001944653,NA,NA,NA,NA,NA,NA,NA,NA,NA,NA,1
LOC111132193,NA,NA,NA,NA,NA,NA,NA,NA,NA,NA,63.45793863,-1.0631416352,0.27587689,5.757814e-05,0.0001560651,NA,NA,NA,NA,NA,NA,NA,NA,NA,NA,1
LOC111132196,NA,NA,NA,NA,NA,NA,NA,NA,NA,NA,88.81433612,-2.3751179414,0.29847377,1.277653e-16,1.185839e-15,NA,NA,NA,NA,NA,NA,NA,NA,NA,NA,1
LOC111132201,NA,NA,NA,NA,NA,NA,NA,NA,NA,NA,325.79437854,-2.144243879,0.25375111,2.896106e-18,3.058745e-17,NA,NA,NA,NA,NA,NA,NA,NA,NA,NA,1
LOC111132210,NA,NA,NA,NA,NA,NA,NA,NA,NA,NA,108.22115985,3.8084045225,0.2342358,4.041012e-61,4.512464e-59,NA,NA,NA,NA,NA,NA,NA,NA,NA,NA,1
LOC111132218,NA,NA,NA,NA,NA,NA,NA,NA,NA,NA,35.98985485,1.7351854446,0.39179998,1.696994e-06,5.683155e-06,NA,NA,NA,NA,NA,NA,NA,NA,NA,NA,1
LOC111132223,NA,NA,NA,NA,NA,NA,NA,NA,NA,NA,44.17188399,1.2193535871,0.25915673,1.021623e-06,3.520348e-06,NA,NA,NA,NA,NA,NA,NA,NA,NA,NA,1
LOC111132259,NA,NA,NA,NA,NA,NA,NA,NA,NA,NA,33.68704151,1.2361557646,0.27701467,3.175057e-06,1.026745e-05,NA,NA,NA,NA,NA,NA,NA,NA,NA,NA,1
LOC111132268,NA,NA,NA,NA,NA,NA,NA,NA,NA,NA,184.78443823,-2.5821993784,0.20364631,4.49654e-38,1.715406e-36,NA,NA,NA,NA,NA,NA,NA,NA,NA,NA,1
LOC111132291,NA,NA,NA,NA,NA,NA,NA,NA,NA,NA,919.98273762,1.4633054677,0.28942199,1.194276e-07,4.635277e-07,NA,NA,NA,NA,NA,NA,NA,NA,NA,NA,1
LOC111132297,NA,NA,NA,NA,NA,NA,NA,NA,NA,NA,4196.79956028,1.8956210675,0.44479968,2.801846e-06,9.123874e-06,NA,NA,NA,NA,NA,NA,NA,NA,NA,NA,1
LOC111132299,NA,NA,NA,NA,NA,NA,NA,NA,NA,NA,256.41435335,1.0069548525,0.26654258,8.410832e-05,0.0002232338,NA,NA,NA,NA,NA,NA,NA,NA,NA,NA,1
LOC111132311,NA,NA,NA,NA,NA,NA,NA,NA,NA,NA,78.99756967,4.7608237962,0.61855394,1.216664e-16,1.133157e-15,NA,NA,NA,NA,NA,NA,NA,NA,NA,NA,1
LOC111132314,NA,NA,NA,NA,NA,NA,NA,NA,NA,NA,44.11099305,4.1478952344,0.56409217,2.588213e-15,2.131002e-14,NA,NA,NA,NA,NA,NA,NA,NA,NA,NA,1
LOC111132319,NA,NA,NA,NA,NA,NA,NA,NA,NA,NA,1009.27707494,-2.9076780161,0.14867206,1.533206e-86,3.287194e-84,NA,NA,NA,NA,NA,NA,NA,NA,NA,NA,1
LOC111132332,NA,NA,NA,NA,NA,NA,NA,NA,NA,NA,157.15495797,-1.1568155251,0.21255889,2.328013e-08,9.72955e-08,NA,NA,NA,NA,NA,NA,NA,NA,NA,NA,1
LOC111132341,NA,NA,NA,NA,NA,NA,NA,NA,NA,NA,1321.9321262,1.3406300649,0.16158502,3.66618e-17,3.571889e-16,NA,NA,NA,NA,NA,NA,NA,NA,NA,NA,1
LOC111132349,NA,NA,NA,NA,NA,NA,NA,NA,NA,NA,78.39325511,-1.5340794839,0.29360868,4.351464e-08,1.768968e-07,NA,NA,NA,NA,NA,NA,NA,NA,NA,NA,1
LOC111132381,NA,NA,NA,NA,NA,NA,NA,NA,NA,NA,25.48865043,1.5466441997,0.75951952,0.00887857,0.01619229,NA,NA,NA,NA,NA,NA,NA,NA,NA,NA,1
LOC111132398,NA,NA,NA,NA,NA,NA,NA,NA,NA,NA,258.02403567,1.0371488828,0.41539459,0.006186611,0.01166792,NA,NA,NA,NA,NA,NA,NA,NA,NA,NA,1
LOC111132432,NA,NA,NA,NA,NA,NA,NA,NA,NA,NA,291.60713678,-2.3566566143,0.16479442,1.664236e-47,1.019463e-45,NA,NA,NA,NA,NA,NA,NA,NA,NA,NA,1
LOC111132438,NA,NA,NA,NA,NA,NA,NA,NA,NA,NA,87.9768173,-1.5760909423,0.29296441,1.744207e-08,7.390475e-08,NA,NA,NA,NA,NA,NA,NA,NA,NA,NA,1
LOC111132440,NA,NA,NA,NA,NA,NA,NA,NA,NA,NA,60.99635123,-1.5747556367,0.32098534,2.16805e-07,8.172114e-07,NA,NA,NA,NA,NA,NA,NA,NA,NA,NA,1
LOC111132453,NA,NA,NA,NA,NA,NA,NA,NA,NA,NA,25.66108331,1.841829367,0.35987513,4.713908e-08,1.909792e-07,NA,NA,NA,NA,NA,NA,NA,NA,NA,NA,1
LOC111132461,NA,NA,NA,NA,NA,NA,NA,NA,NA,NA,453.18184326,-4.5542584079,0.2966222,4.350265e-55,3.854119e-53,NA,NA,NA,NA,NA,NA,NA,NA,NA,NA,1
LOC111132467,NA,NA,NA,NA,NA,NA,NA,NA,NA,NA,76.65695594,2.1876771311,0.34774299,2.899409e-11,1.655922e-10,NA,NA,NA,NA,NA,NA,NA,NA,NA,NA,1
LOC111132479,NA,NA,NA,NA,NA,NA,NA,NA,NA,NA,146.98828027,-1.1364356605,0.25429598,3.550147e-06,1.143214e-05,NA,NA,NA,NA,NA,NA,NA,NA,NA,NA,1
LOC111132480,NA,NA,NA,NA,NA,NA,NA,NA,NA,NA,60.48806037,-1.6388470634,0.25875704,5.107208e-11,2.861959e-10,NA,NA,NA,NA,NA,NA,NA,NA,NA,NA,1
LOC111132543,NA,NA,NA,NA,NA,NA,NA,NA,NA,NA,334.34251181,-1.1381902364,0.24101509,1.052407e-06,3.621765e-06,NA,NA,NA,NA,NA,NA,NA,NA,NA,NA,1
LOC111132560,NA,NA,NA,NA,NA,NA,NA,NA,NA,NA,91.79944976,-1.5355626784,0.19356453,5.408301e-16,4.728955e-15,NA,NA,NA,NA,NA,NA,NA,NA,NA,NA,1
LOC111132566,NA,NA,NA,NA,NA,NA,NA,NA,NA,NA,114.58215886,-1.1692523765,0.31115391,7.319087e-05,0.0001955648,NA,NA,NA,NA,NA,NA,NA,NA,NA,NA,1
LOC111132600,NA,NA,NA,NA,NA,NA,NA,NA,NA,NA,213.5848382,1.9271359379,0.16109165,7.667683e-34,2.321965e-32,NA,NA,NA,NA,NA,NA,NA,NA,NA,NA,1
LOC111132623,NA,NA,NA,NA,NA,NA,NA,NA,NA,NA,33.73173398,2.6199198923,0.53868618,5.716024e-08,2.294114e-07,NA,NA,NA,NA,NA,NA,NA,NA,NA,NA,1
LOC111132642,NA,NA,NA,NA,NA,NA,NA,NA,NA,NA,104.94613633,2.5565993582,0.20039245,1.702312e-38,6.540782e-37,NA,NA,NA,NA,NA,NA,NA,NA,NA,NA,1
LOC111132643,NA,NA,NA,NA,NA,NA,NA,NA,NA,NA,27.14776547,2.7398943274,0.33312928,9.31876e-18,9.504958e-17,NA,NA,NA,NA,NA,NA,NA,NA,NA,NA,1
LOC111132656,NA,NA,NA,NA,NA,NA,NA,NA,NA,NA,329.51819029,-1.0483904336,0.32808992,0.0006955831,0.001586184,NA,NA,NA,NA,NA,NA,NA,NA,NA,NA,1
LOC111132658,NA,NA,NA,NA,NA,NA,NA,NA,NA,NA,56.58070003,-1.0236275345,0.23172535,5.239894e-06,1.65747e-05,NA,NA,NA,NA,NA,NA,NA,NA,NA,NA,1
LOC111132673,NA,NA,NA,NA,NA,NA,NA,NA,NA,NA,57.56930822,-1.0233974208,0.2955424,0.0002768385,0.0006744794,NA,NA,NA,NA,NA,NA,NA,NA,NA,NA,1
LOC111132690,NA,NA,NA,NA,NA,NA,NA,NA,NA,NA,17.53621899,1.9356318175,0.33605929,1.118705e-09,5.394745e-09,NA,NA,NA,NA,NA,NA,NA,NA,NA,NA,1
LOC111132694,NA,NA,NA,NA,NA,NA,NA,NA,NA,NA,62.62046418,3.3964659188,0.31267324,4.671849e-29,1.052148e-27,NA,NA,NA,NA,NA,NA,NA,NA,NA,NA,1
LOC111132701,NA,NA,NA,NA,NA,NA,NA,NA,NA,NA,161.42191548,4.7260790849,0.28847105,2.980969e-62,3.511647e-60,NA,NA,NA,NA,NA,NA,NA,NA,NA,NA,1
LOC111132706,NA,NA,NA,NA,NA,NA,NA,NA,NA,NA,80.03046273,4.35535797,0.23945426,9.540348e-76,1.549584e-73,NA,NA,NA,NA,NA,NA,NA,NA,NA,NA,1
LOC111132714,NA,NA,NA,NA,NA,NA,NA,NA,NA,NA,20.83919986,2.6757269117,0.47424763,8.046377e-10,3.947696e-09,NA,NA,NA,NA,NA,NA,NA,NA,NA,NA,1
LOC111132721,NA,NA,NA,NA,NA,NA,NA,NA,NA,NA,82.47577979,2.769248011,0.2673553,1.828525e-26,3.544627e-25,NA,NA,NA,NA,NA,NA,NA,NA,NA,NA,1
LOC111132730,NA,NA,NA,NA,NA,NA,NA,NA,NA,NA,35.23792697,1.1609735617,0.273699,9.651432e-06,2.928847e-05,NA,NA,NA,NA,NA,NA,NA,NA,NA,NA,1
LOC111132731,NA,NA,NA,NA,NA,NA,NA,NA,NA,NA,90.46768781,2.0738502661,0.19061539,1.597783e-28,3.509883e-27,NA,NA,NA,NA,NA,NA,NA,NA,NA,NA,1
LOC111132732,NA,NA,NA,NA,NA,NA,NA,NA,NA,NA,19.11133218,1.5405285037,0.30278803,8.941312e-08,3.516173e-07,NA,NA,NA,NA,NA,NA,NA,NA,NA,NA,1
LOC111132734,NA,NA,NA,NA,NA,NA,NA,NA,NA,NA,36.45319383,2.2136109119,0.29488718,5.449603e-15,4.356432e-14,NA,NA,NA,NA,NA,NA,NA,NA,NA,NA,1
LOC111132736,NA,NA,NA,NA,NA,NA,NA,NA,NA,NA,119.93983262,4.3766383261,0.47042781,1.728031e-22,2.569278e-21,NA,NA,NA,NA,NA,NA,NA,NA,NA,NA,1
LOC111132742,NA,NA,NA,NA,NA,NA,NA,NA,NA,NA,46.10333697,2.2925681485,0.33961382,1.178825e-12,7.710192e-12,NA,NA,NA,NA,NA,NA,NA,NA,NA,NA,1
LOC111132752,NA,NA,NA,NA,NA,NA,NA,NA,NA,NA,622.51131333,4.5630581035,0.22617438,2.179551e-92,5.841196e-90,NA,NA,NA,NA,NA,NA,NA,NA,NA,NA,1
LOC111132767,NA,NA,NA,NA,NA,NA,NA,NA,NA,NA,242.20213176,4.0521778054,0.38834692,2.846606e-27,5.757663e-26,NA,NA,NA,NA,NA,NA,NA,NA,NA,NA,1
LOC111132771,NA,NA,NA,NA,NA,NA,NA,NA,NA,NA,261.61118761,4.4589745167,0.17344347,1.36512e-147,1.62601e-144,NA,NA,NA,NA,NA,NA,NA,NA,NA,NA,1
LOC111132772,NA,NA,NA,NA,NA,NA,NA,NA,NA,NA,288.47293669,4.0055835395,0.32771894,4.152167e-36,1.426642e-34,NA,NA,NA,NA,NA,NA,NA,NA,NA,NA,1
LOC111132776,NA,NA,NA,NA,NA,NA,NA,NA,NA,NA,63.24848467,2.2704321433,0.23151246,8.873175e-24,1.436865e-22,NA,NA,NA,NA,NA,NA,NA,NA,NA,NA,1
LOC111132782,NA,NA,NA,NA,NA,NA,NA,NA,NA,NA,213.03244855,-2.8071568666,0.2628504,5.804494e-28,1.222479e-26,NA,NA,NA,NA,NA,NA,NA,NA,NA,NA,1
LOC111132785,NA,NA,NA,NA,NA,NA,NA,NA,NA,NA,445.66684926,5.5169427713,0.36714131,3.522887e-53,2.882851e-51,NA,NA,NA,NA,NA,NA,NA,NA,NA,NA,1
LOC111132787,NA,NA,NA,NA,NA,NA,NA,NA,NA,NA,851.95438186,-1.1863686794,0.32798154,0.0001237504,0.0003206682,NA,NA,NA,NA,NA,NA,NA,NA,NA,NA,1
LOC111132790,NA,NA,NA,NA,NA,NA,NA,NA,NA,NA,80.74140809,1.3596882955,0.40030402,0.0002174115,0.0005411309,NA,NA,NA,NA,NA,NA,NA,NA,NA,NA,1
LOC111132793,NA,NA,NA,NA,NA,NA,NA,NA,NA,NA,87.44540805,2.8103523992,0.38651279,1.543403e-14,1.186893e-13,NA,NA,NA,NA,NA,NA,NA,NA,NA,NA,1
LOC111132796,NA,NA,NA,NA,NA,NA,NA,NA,NA,NA,107.7282343,-1.4468839775,0.49271229,0.0009063655,0.002020848,NA,NA,NA,NA,NA,NA,NA,NA,NA,NA,1
LOC111132799,NA,NA,NA,NA,NA,NA,NA,NA,NA,NA,2977.18798325,1.3703193493,0.50364066,0.001986764,0.004149253,NA,NA,NA,NA,NA,NA,NA,NA,NA,NA,1
LOC111132810,NA,NA,NA,NA,NA,NA,NA,NA,NA,NA,122.96529852,1.5486452353,0.39981491,2.566769e-05,7.333891e-05,NA,NA,NA,NA,NA,NA,NA,NA,NA,NA,1
LOC111132815,NA,NA,NA,NA,NA,NA,NA,NA,NA,NA,104.08679904,-1.4959596619,0.21998741,2.801196e-12,1.757099e-11,NA,NA,NA,NA,NA,NA,NA,NA,NA,NA,1
LOC111132817,NA,NA,NA,NA,NA,NA,NA,NA,NA,NA,180.15371936,-2.6145245177,0.39680684,2.351404e-12,1.488898e-11,NA,NA,NA,NA,NA,NA,NA,NA,NA,NA,1
LOC111132820,NA,NA,NA,NA,NA,NA,NA,NA,NA,NA,182.68987305,-2.1215861671,0.42784524,7.025682e-08,2.801909e-07,NA,NA,NA,NA,NA,NA,NA,NA,NA,NA,1
LOC111132840,NA,NA,NA,NA,NA,NA,NA,NA,NA,NA,114.33921674,3.3096209885,0.50668411,1.654944e-12,1.065526e-11,NA,NA,NA,NA,NA,NA,NA,NA,NA,NA,1
LOC111132842,NA,NA,NA,NA,NA,NA,NA,NA,NA,NA,200.98934325,4.3328069241,0.36156493,6.162001e-35,1.983683e-33,NA,NA,NA,NA,NA,NA,NA,NA,NA,NA,1
LOC111132849,NA,NA,NA,NA,NA,NA,NA,NA,NA,NA,72.14813589,4.1574379007,0.65685028,2.962307e-12,1.851658e-11,NA,NA,NA,NA,NA,NA,NA,NA,NA,NA,1
LOC111132870,NA,NA,NA,NA,NA,NA,NA,NA,NA,NA,378.88373021,4.2624393999,0.32212082,8.658483e-42,4.053229e-40,NA,NA,NA,NA,NA,NA,NA,NA,NA,NA,1
LOC111132877,NA,NA,NA,NA,NA,NA,NA,NA,NA,NA,89.7969482,-1.1456814759,0.20538922,1.094129e-08,4.750531e-08,NA,NA,NA,NA,NA,NA,NA,NA,NA,NA,1
LOC111132898,NA,NA,NA,NA,NA,NA,NA,NA,NA,NA,56.68683993,2.2128416579,0.39827375,2.420493e-09,1.119883e-08,NA,NA,NA,NA,NA,NA,NA,NA,NA,NA,1
LOC111132902,NA,NA,NA,NA,NA,NA,NA,NA,NA,NA,75.00216922,-1.9807387629,0.3399855,7.044577e-10,3.476881e-09,NA,NA,NA,NA,NA,NA,NA,NA,NA,NA,1
LOC111132907,NA,NA,NA,NA,NA,NA,NA,NA,NA,NA,403.56052761,-2.8012497171,0.28570629,4.909944e-24,8.110107e-23,NA,NA,NA,NA,NA,NA,NA,NA,NA,NA,1
LOC111132912,NA,NA,NA,NA,NA,NA,NA,NA,NA,NA,300.71036198,1.790619644,0.28293413,4.138166e-11,2.333568e-10,NA,NA,NA,NA,NA,NA,NA,NA,NA,NA,1
LOC111132939,NA,NA,NA,NA,NA,NA,NA,NA,NA,NA,156.66323678,-1.3225238572,0.2824566,9.801128e-07,3.3882e-06,NA,NA,NA,NA,NA,NA,NA,NA,NA,NA,1
LOC111132954,NA,NA,NA,NA,NA,NA,NA,NA,NA,NA,71.30176295,2.9875367731,0.5069833,1.290479e-10,6.937783e-10,NA,NA,NA,NA,NA,NA,NA,NA,NA,NA,1
LOC111132955,NA,NA,NA,NA,NA,NA,NA,NA,NA,NA,992.90674199,-1.0476709602,0.21685447,6.927317e-07,2.43878e-06,NA,NA,NA,NA,NA,NA,NA,NA,NA,NA,1
LOC111132959,NA,NA,NA,NA,NA,NA,NA,NA,NA,NA,220.02657025,-1.8301279964,0.47867804,1.99676e-05,5.791467e-05,NA,NA,NA,NA,NA,NA,NA,NA,NA,NA,1
LOC111132962,NA,NA,NA,NA,NA,NA,NA,NA,NA,NA,21050.10093857,-4.7193691484,0.68729432,5.39084e-14,3.971808e-13,NA,NA,NA,NA,NA,NA,NA,NA,NA,NA,1
LOC111132965,NA,NA,NA,NA,NA,NA,NA,NA,NA,NA,1576.41582988,-1.0446624547,0.37605578,0.002704803,0.005513499,NA,NA,NA,NA,NA,NA,NA,NA,NA,NA,1
LOC111132966,NA,NA,NA,NA,NA,NA,NA,NA,NA,NA,419.65578745,-2.6140672369,0.19770851,3.735501e-41,1.704024e-39,NA,NA,NA,NA,NA,NA,NA,NA,NA,NA,1
LOC111132998,NA,NA,NA,NA,NA,NA,NA,NA,NA,NA,573.87002412,-1.523328528,0.11680438,1.842298e-39,7.595935e-38,NA,NA,NA,NA,NA,NA,NA,NA,NA,NA,1
LOC111132999,NA,NA,NA,NA,NA,NA,NA,NA,NA,NA,112.96578266,-2.3216126297,0.25567009,8.503393e-21,1.111663e-19,NA,NA,NA,NA,NA,NA,NA,NA,NA,NA,1
LOC111133031,NA,NA,NA,NA,NA,NA,NA,NA,NA,NA,901.81988531,-4.0081397215,0.18744985,3.65888e-103,1.352524e-100,NA,NA,NA,NA,NA,NA,NA,NA,NA,NA,1
LOC111133034,NA,NA,NA,NA,NA,NA,NA,NA,NA,NA,173.32201886,-1.1608946851,0.26855369,6.714199e-06,2.088083e-05,NA,NA,NA,NA,NA,NA,NA,NA,NA,NA,1
LOC111133047,NA,NA,NA,NA,NA,NA,NA,NA,NA,NA,49.36097018,-1.2076658901,0.2881421,1.129048e-05,3.384618e-05,NA,NA,NA,NA,NA,NA,NA,NA,NA,NA,1
LOC111133049,NA,NA,NA,NA,NA,NA,NA,NA,NA,NA,173.96908649,-1.3833051954,0.15576621,2.137182e-19,2.474146e-18,NA,NA,NA,NA,NA,NA,NA,NA,NA,NA,1
LOC111133050,NA,NA,NA,NA,NA,NA,NA,NA,NA,NA,99.77320096,-1.5664703953,0.3690799,5.134704e-06,1.625636e-05,NA,NA,NA,NA,NA,NA,NA,NA,NA,NA,1
LOC111133053,NA,NA,NA,NA,NA,NA,NA,NA,NA,NA,64.58892411,-1.5689923054,0.41085095,3.099005e-05,8.767838e-05,NA,NA,NA,NA,NA,NA,NA,NA,NA,NA,1
LOC111133056,NA,NA,NA,NA,NA,NA,NA,NA,NA,NA,82.64947968,2.3687268479,0.40603836,3.854352e-10,1.959158e-09,NA,NA,NA,NA,NA,NA,NA,NA,NA,NA,1
LOC111133062,NA,NA,NA,NA,NA,NA,NA,NA,NA,NA,393.1032414,-1.0083150534,0.23929372,1.340787e-05,3.972703e-05,NA,NA,NA,NA,NA,NA,NA,NA,NA,NA,1
LOC111133071,NA,NA,NA,NA,NA,NA,NA,NA,NA,NA,77.58862951,1.0048779381,0.19723795,1.886013e-07,7.154302e-07,NA,NA,NA,NA,NA,NA,NA,NA,NA,NA,1
LOC111133072,NA,NA,NA,NA,NA,NA,NA,NA,NA,NA,102.09193868,1.2695440975,0.16085917,1.129156e-15,9.553714e-15,NA,NA,NA,NA,NA,NA,NA,NA,NA,NA,1
LOC111133073,NA,NA,NA,NA,NA,NA,NA,NA,NA,NA,59.42093324,1.6423212875,0.20531144,2.675545e-16,2.412266e-15,NA,NA,NA,NA,NA,NA,NA,NA,NA,NA,1
LOC111133089,NA,NA,NA,NA,NA,NA,NA,NA,NA,NA,133.91891572,-1.8571121771,0.33248999,3.491953e-09,1.592925e-08,NA,NA,NA,NA,NA,NA,NA,NA,NA,NA,1
LOC111133107,NA,NA,NA,NA,NA,NA,NA,NA,NA,NA,1108.78384114,1.1006327695,0.21809282,2.14397e-07,8.089885e-07,NA,NA,NA,NA,NA,NA,NA,NA,NA,NA,1
LOC111133119,NA,NA,NA,NA,NA,NA,NA,NA,NA,NA,175.71526873,-2.0845973641,0.27761871,6.4318e-15,5.1187e-14,NA,NA,NA,NA,NA,NA,NA,NA,NA,NA,1
LOC111133120,NA,NA,NA,NA,NA,NA,NA,NA,NA,NA,45.14237629,-1.1301205949,0.30253273,8.447021e-05,0.0002240833,NA,NA,NA,NA,NA,NA,NA,NA,NA,NA,1
LOC111133127,NA,NA,NA,NA,NA,NA,NA,NA,NA,NA,651.1424595,1.080711878,0.23428172,1.937517e-06,6.436374e-06,NA,NA,NA,NA,NA,NA,NA,NA,NA,NA,1
LOC111133136,NA,NA,NA,NA,NA,NA,NA,NA,NA,NA,733.1047342,1.1377609854,0.20012977,5.950351e-09,2.658931e-08,NA,NA,NA,NA,NA,NA,NA,NA,NA,NA,1
LOC111133151,NA,NA,NA,NA,NA,NA,NA,NA,NA,NA,48.09260134,-1.0136818931,0.29525412,0.0003125304,0.0007564521,NA,NA,NA,NA,NA,NA,NA,NA,NA,NA,1
LOC111133152,NA,NA,NA,NA,NA,NA,NA,NA,NA,NA,187.34371119,1.7195121056,0.17088543,1.539209e-24,2.616003e-23,NA,NA,NA,NA,NA,NA,NA,NA,NA,NA,1
LOC111133164,NA,NA,NA,NA,NA,NA,NA,NA,NA,NA,62.22637252,-1.0732529835,0.48315775,0.01216779,0.02151945,NA,NA,NA,NA,NA,NA,NA,NA,NA,NA,1
LOC111133202,NA,NA,NA,NA,NA,NA,NA,NA,NA,NA,52.16091988,1.2827698469,0.19468119,1.644392e-11,9.606475e-11,NA,NA,NA,NA,NA,NA,NA,NA,NA,NA,1
LOC111133209,NA,NA,NA,NA,NA,NA,NA,NA,NA,NA,107.70433613,1.5271622044,0.21778318,5.989309e-13,4.033002e-12,NA,NA,NA,NA,NA,NA,NA,NA,NA,NA,1
LOC111133212,NA,NA,NA,NA,NA,NA,NA,NA,NA,NA,263.91602834,-1.837537996,0.50533612,4.120709e-05,0.0001143812,NA,NA,NA,NA,NA,NA,NA,NA,NA,NA,1
LOC111133216,NA,NA,NA,NA,NA,NA,NA,NA,NA,NA,122.22059914,1.170583101,0.31051811,6.964884e-05,0.0001869861,NA,NA,NA,NA,NA,NA,NA,NA,NA,NA,1
LOC111133218,NA,NA,NA,NA,NA,NA,NA,NA,NA,NA,536.86261979,2.5067368172,0.30934666,3.314292e-17,3.241716e-16,NA,NA,NA,NA,NA,NA,NA,NA,NA,NA,1
LOC111133220,NA,NA,NA,NA,NA,NA,NA,NA,NA,NA,467.64749519,3.4665415741,0.28597232,2.090228e-35,6.915817e-34,NA,NA,NA,NA,NA,NA,NA,NA,NA,NA,1
LOC111133224,NA,NA,NA,NA,NA,NA,NA,NA,NA,NA,200.30445084,-2.7588502744,0.1841291,4.657037e-52,3.670841e-50,NA,NA,NA,NA,NA,NA,NA,NA,NA,NA,1
LOC111133232,NA,NA,NA,NA,NA,NA,NA,NA,NA,NA,79.98834608,-1.8674315317,0.6509214,0.0005622244,0.001303145,NA,NA,NA,NA,NA,NA,NA,NA,NA,NA,1
LOC111133240,NA,NA,NA,NA,NA,NA,NA,NA,NA,NA,70.14495906,-2.1212654047,0.26526524,1.310512e-16,1.214234e-15,NA,NA,NA,NA,NA,NA,NA,NA,NA,NA,1
LOC111133241,NA,NA,NA,NA,NA,NA,NA,NA,NA,NA,149.54060544,1.0181787235,0.27465493,0.0001097502,0.0002869565,NA,NA,NA,NA,NA,NA,NA,NA,NA,NA,1
LOC111133250,NA,NA,NA,NA,NA,NA,NA,NA,NA,NA,81.55908049,-2.417044601,0.27580476,1.315911e-19,1.557016e-18,NA,NA,NA,NA,NA,NA,NA,NA,NA,NA,1
LOC111133254,NA,NA,NA,NA,NA,NA,NA,NA,NA,NA,62.3225216,1.2785260312,0.51331362,0.004427092,0.008622533,NA,NA,NA,NA,NA,NA,NA,NA,NA,NA,1
LOC111133258,NA,NA,NA,NA,NA,NA,NA,NA,NA,NA,58.69224779,-1.3063136428,0.29075994,2.482785e-06,8.144264e-06,NA,NA,NA,NA,NA,NA,NA,NA,NA,NA,1
LOC111133259,NA,NA,NA,NA,NA,NA,NA,NA,NA,NA,531.47514651,1.4023349678,0.16546005,7.311118e-18,7.521611e-17,NA,NA,NA,NA,NA,NA,NA,NA,NA,NA,1
LOC111133260,NA,NA,NA,NA,NA,NA,NA,NA,NA,NA,143.55328188,-1.0797443421,0.3117676,0.0002564654,0.0006302863,NA,NA,NA,NA,NA,NA,NA,NA,NA,NA,1
LOC111133274,NA,NA,NA,NA,NA,NA,NA,NA,NA,NA,148.79075352,1.0243384568,0.18278458,1.106712e-08,4.797395e-08,NA,NA,NA,NA,NA,NA,NA,NA,NA,NA,1
LOC111133276,NA,NA,NA,NA,NA,NA,NA,NA,NA,NA,333.08809144,1.371400428,0.30256588,1.864198e-06,6.208204e-06,NA,NA,NA,NA,NA,NA,NA,NA,NA,NA,1
LOC111133278,NA,NA,NA,NA,NA,NA,NA,NA,NA,NA,144.18957675,-1.1748079951,0.20752302,6.501602e-09,2.891999e-08,NA,NA,NA,NA,NA,NA,NA,NA,NA,NA,1
LOC111133279,NA,NA,NA,NA,NA,NA,NA,NA,NA,NA,929.3901074,4.8589873211,0.37834888,9.781195e-40,4.144443e-38,NA,NA,NA,NA,NA,NA,NA,NA,NA,NA,1
LOC111133281,NA,NA,NA,NA,NA,NA,NA,NA,NA,NA,666.72610202,-2.3679699042,0.23489512,5.003906e-25,8.837212e-24,NA,NA,NA,NA,NA,NA,NA,NA,NA,NA,1
LOC111133282,NA,NA,NA,NA,NA,NA,NA,NA,NA,NA,81.5308401,-1.4765643217,0.41244048,9.153898e-05,0.00024158,NA,NA,NA,NA,NA,NA,NA,NA,NA,NA,1
LOC111133285,NA,NA,NA,NA,NA,NA,NA,NA,NA,NA,306.70868346,-1.6010871993,0.36135471,2.085762e-06,6.898744e-06,NA,NA,NA,NA,NA,NA,NA,NA,NA,NA,1
LOC111133289,NA,NA,NA,NA,NA,NA,NA,NA,NA,NA,185.01614862,1.4289754333,0.36166793,2.254571e-05,6.498323e-05,NA,NA,NA,NA,NA,NA,NA,NA,NA,NA,1
LOC111133292,NA,NA,NA,NA,NA,NA,NA,NA,NA,NA,175.62695216,-3.2136993766,0.24286255,1.82674e-41,8.440797e-40,NA,NA,NA,NA,NA,NA,NA,NA,NA,NA,1
LOC111133294,NA,NA,NA,NA,NA,NA,NA,NA,NA,NA,81.24195379,1.3788177649,0.40834647,0.0002269011,0.0005624,NA,NA,NA,NA,NA,NA,NA,NA,NA,NA,1
LOC111133296,NA,NA,NA,NA,NA,NA,NA,NA,NA,NA,160.15507343,1.1046432559,0.266769,1.626235e-05,4.768391e-05,NA,NA,NA,NA,NA,NA,NA,NA,NA,NA,1
LOC111133301,NA,NA,NA,NA,NA,NA,NA,NA,NA,NA,211.95273845,-1.941099149,0.17136312,1.296717e-30,3.210348e-29,NA,NA,NA,NA,NA,NA,NA,NA,NA,NA,1
LOC111133304,NA,NA,NA,NA,NA,NA,NA,NA,NA,NA,89.66247425,-1.6082988753,0.2186651,4.292278e-14,3.186511e-13,NA,NA,NA,NA,NA,NA,NA,NA,NA,NA,1
LOC111133333,NA,NA,NA,NA,NA,NA,NA,NA,NA,NA,75.26016787,1.1370900684,0.28604796,3.153242e-05,8.904835e-05,NA,NA,NA,NA,NA,NA,NA,NA,NA,NA,1
LOC111133336,NA,NA,NA,NA,NA,NA,NA,NA,NA,NA,89.88517225,-2.3317436927,0.22420798,1.94098e-26,3.735603e-25,NA,NA,NA,NA,NA,NA,NA,NA,NA,NA,1
LOC111133337,NA,NA,NA,NA,NA,NA,NA,NA,NA,NA,43.19367572,-1.031993015,0.26432169,4.874377e-05,0.0001340516,NA,NA,NA,NA,NA,NA,NA,NA,NA,NA,1
LOC111133357,NA,NA,NA,NA,NA,NA,NA,NA,NA,NA,81.25323449,-1.2291384109,0.2801509,4.536158e-06,1.44553e-05,NA,NA,NA,NA,NA,NA,NA,NA,NA,NA,1
LOC111133359,NA,NA,NA,NA,NA,NA,NA,NA,NA,NA,465.55035288,1.0130638775,0.1890192,4.46643e-08,1.813641e-07,NA,NA,NA,NA,NA,NA,NA,NA,NA,NA,1
LOC111133365,NA,NA,NA,NA,NA,NA,NA,NA,NA,NA,110.38402598,-1.6234076202,0.24138516,3.834608e-12,2.366552e-11,NA,NA,NA,NA,NA,NA,NA,NA,NA,NA,1
LOC111133368,NA,NA,NA,NA,NA,NA,NA,NA,NA,NA,53.44725594,-1.0281614035,0.22916625,3.778154e-06,1.211541e-05,NA,NA,NA,NA,NA,NA,NA,NA,NA,NA,1
LOC111133369,NA,NA,NA,NA,NA,NA,NA,NA,NA,NA,207.75304474,1.1981652308,0.3138267,5.519093e-05,0.0001502023,NA,NA,NA,NA,NA,NA,NA,NA,NA,NA,1
LOC111133372,NA,NA,NA,NA,NA,NA,NA,NA,NA,NA,199.53242233,-1.8096233575,0.41585301,2.144639e-06,7.074008e-06,NA,NA,NA,NA,NA,NA,NA,NA,NA,NA,1
LOC111133380,NA,NA,NA,NA,NA,NA,NA,NA,NA,NA,215.06032691,3.522244781,0.44340877,4.441183e-17,4.29301e-16,NA,NA,NA,NA,NA,NA,NA,NA,NA,NA,1
LOC111133382,NA,NA,NA,NA,NA,NA,NA,NA,NA,NA,1921.9110457,1.2410752299,0.13011416,5.774048e-22,8.264058e-21,NA,NA,NA,NA,NA,NA,NA,NA,NA,NA,1
LOC111133384,NA,NA,NA,NA,NA,NA,NA,NA,NA,NA,1782.30839212,1.2157882665,0.18179627,9.295003e-12,5.544932e-11,NA,NA,NA,NA,NA,NA,NA,NA,NA,NA,1
LOC111133398,NA,NA,NA,NA,NA,NA,NA,NA,NA,NA,814.84681595,-1.1035964422,0.36822943,0.001253125,0.002719883,NA,NA,NA,NA,NA,NA,NA,NA,NA,NA,1
LOC111133399,NA,NA,NA,NA,NA,NA,NA,NA,NA,NA,111.40295362,-1.4458646125,0.4083751,0.0001116141,0.0002914745,NA,NA,NA,NA,NA,NA,NA,NA,NA,NA,1
LOC111133404,NA,NA,NA,NA,NA,NA,NA,NA,NA,NA,157.03586228,1.6319306454,0.27791842,9.251299e-10,4.499724e-09,NA,NA,NA,NA,NA,NA,NA,NA,NA,NA,1
LOC111133408,NA,NA,NA,NA,NA,NA,NA,NA,NA,NA,40.83782319,1.1618630572,0.40799844,0.001854098,0.003891138,NA,NA,NA,NA,NA,NA,NA,NA,NA,NA,1
LOC111133421,NA,NA,NA,NA,NA,NA,NA,NA,NA,NA,60.52524923,2.7244025308,0.61697991,4.248105e-07,1.539543e-06,NA,NA,NA,NA,NA,NA,NA,NA,NA,NA,1
LOC111133428,NA,NA,NA,NA,NA,NA,NA,NA,NA,NA,130.25920618,-2.53951396,0.44230441,5.331801e-10,2.665901e-09,NA,NA,NA,NA,NA,NA,NA,NA,NA,NA,1
LOC111133443,NA,NA,NA,NA,NA,NA,NA,NA,NA,NA,42.0800291,1.3572860491,0.5399042,0.003670787,0.007279105,NA,NA,NA,NA,NA,NA,NA,NA,NA,NA,1
LOC111133466,NA,NA,NA,NA,NA,NA,NA,NA,NA,NA,27.33913236,1.3506145761,0.31435679,5.714358e-06,1.795893e-05,NA,NA,NA,NA,NA,NA,NA,NA,NA,NA,1
LOC111133472,NA,NA,NA,NA,NA,NA,NA,NA,NA,NA,377.25176977,-1.2488916878,0.15674896,6.353084e-16,5.496776e-15,NA,NA,NA,NA,NA,NA,NA,NA,NA,NA,1
LOC111133473,NA,NA,NA,NA,NA,NA,NA,NA,NA,NA,62.18209907,-1.7838821472,0.26987175,6.510948e-12,3.938903e-11,NA,NA,NA,NA,NA,NA,NA,NA,NA,NA,1
LOC111133476,NA,NA,NA,NA,NA,NA,NA,NA,NA,NA,194.81956714,-1.9418630648,0.32953006,5.001859e-10,2.511472e-09,NA,NA,NA,NA,NA,NA,NA,NA,NA,NA,1
LOC111133478,NA,NA,NA,NA,NA,NA,NA,NA,NA,NA,538.88097526,-1.0612170066,0.23484086,3.109383e-06,1.007027e-05,NA,NA,NA,NA,NA,NA,NA,NA,NA,NA,1
LOC111133481,NA,NA,NA,NA,NA,NA,NA,NA,NA,NA,87.4944048,-1.1401203088,0.34333606,0.0003957818,0.000941167,NA,NA,NA,NA,NA,NA,NA,NA,NA,NA,1
LOC111133491,NA,NA,NA,NA,NA,NA,NA,NA,NA,NA,72.53343052,-1.6309773021,0.33047257,1.706552e-07,6.515041e-07,NA,NA,NA,NA,NA,NA,NA,NA,NA,NA,1
LOC111133494,NA,NA,NA,NA,NA,NA,NA,NA,NA,NA,85.27653882,2.9169951131,0.40946207,4.036114e-14,3.002578e-13,NA,NA,NA,NA,NA,NA,NA,NA,NA,NA,1
LOC111133495,NA,NA,NA,NA,NA,NA,NA,NA,NA,NA,32.97210779,2.8276494874,0.37223473,1.303547e-15,1.096002e-14,NA,NA,NA,NA,NA,NA,NA,NA,NA,NA,1
LOC111133500,NA,NA,NA,NA,NA,NA,NA,NA,NA,NA,167.70299038,-1.1775503255,0.16279424,2.042413e-13,1.43196e-12,NA,NA,NA,NA,NA,NA,NA,NA,NA,NA,1
LOC111133508,NA,NA,NA,NA,NA,NA,NA,NA,NA,NA,196.99609378,-1.1449909736,0.33576188,0.0002848765,0.0006924889,NA,NA,NA,NA,NA,NA,NA,NA,NA,NA,1
LOC111133511,NA,NA,NA,NA,NA,NA,NA,NA,NA,NA,132.89527866,-1.0036931976,0.35225467,0.002291936,0.004734931,NA,NA,NA,NA,NA,NA,NA,NA,NA,NA,1
LOC111133521,NA,NA,NA,NA,NA,NA,NA,NA,NA,NA,468.15868573,-1.4011799482,0.3289779,6.243304e-06,1.949555e-05,NA,NA,NA,NA,NA,NA,NA,NA,NA,NA,1
LOC111133536,NA,NA,NA,NA,NA,NA,NA,NA,NA,NA,446.60202493,-4.5612486628,0.33445178,3.014598e-44,1.576414e-42,NA,NA,NA,NA,NA,NA,NA,NA,NA,NA,1
LOC111133540,NA,NA,NA,NA,NA,NA,NA,NA,NA,NA,193.29530923,1.2705080789,0.16604962,7.550769e-15,5.960548e-14,NA,NA,NA,NA,NA,NA,NA,NA,NA,NA,1
LOC111133541,NA,NA,NA,NA,NA,NA,NA,NA,NA,NA,68.23805817,-1.045988191,0.29458633,0.0001934906,0.0004849707,NA,NA,NA,NA,NA,NA,NA,NA,NA,NA,1
LOC111133545,NA,NA,NA,NA,NA,NA,NA,NA,NA,NA,193.21054671,-1.540718394,0.25218543,2.487757e-10,1.285241e-09,NA,NA,NA,NA,NA,NA,NA,NA,NA,NA,1
LOC111133546,NA,NA,NA,NA,NA,NA,NA,NA,NA,NA,472.22068282,1.1312472033,0.48542841,0.008478708,0.01552589,NA,NA,NA,NA,NA,NA,NA,NA,NA,NA,1
LOC111133551,NA,NA,NA,NA,NA,NA,NA,NA,NA,NA,277.69512176,1.4962602052,0.29911198,1.498609e-07,5.764295e-07,NA,NA,NA,NA,NA,NA,NA,NA,NA,NA,1
LOC111133560,NA,NA,NA,NA,NA,NA,NA,NA,NA,NA,45.97737334,1.3873779467,0.32210286,5.142874e-06,1.627742e-05,NA,NA,NA,NA,NA,NA,NA,NA,NA,NA,1
LOC111133593,NA,NA,NA,NA,NA,NA,NA,NA,NA,NA,136.34862584,2.1226279037,0.34793537,1.064135e-10,5.770121e-10,NA,NA,NA,NA,NA,NA,NA,NA,NA,NA,1
LOC111133600,NA,NA,NA,NA,NA,NA,NA,NA,NA,NA,161.18782434,-2.4540393545,0.40298321,7.235366e-11,3.983725e-10,NA,NA,NA,NA,NA,NA,NA,NA,NA,NA,1
LOC111133670,NA,NA,NA,NA,NA,NA,NA,NA,NA,NA,22.61049168,1.2910378708,0.35369989,9.340046e-05,0.0002463713,NA,NA,NA,NA,NA,NA,NA,NA,NA,NA,1
LOC111133671,NA,NA,NA,NA,NA,NA,NA,NA,NA,NA,32.14174527,3.5695095603,0.59379344,3.554266e-11,2.0181e-10,NA,NA,NA,NA,NA,NA,NA,NA,NA,NA,1
LOC111133684,NA,NA,NA,NA,NA,NA,NA,NA,NA,NA,43.05151991,-1.0006075439,0.24527206,2.427808e-05,6.956991e-05,NA,NA,NA,NA,NA,NA,NA,NA,NA,NA,1
LOC111133690,NA,NA,NA,NA,NA,NA,NA,NA,NA,NA,99.91266305,-1.3167236979,0.3595122,8.560289e-05,0.0002269196,NA,NA,NA,NA,NA,NA,NA,NA,NA,NA,1
LOC111133693,NA,NA,NA,NA,NA,NA,NA,NA,NA,NA,367.31049567,1.4445170845,0.25217745,2.932652e-09,1.345806e-08,NA,NA,NA,NA,NA,NA,NA,NA,NA,NA,1
LOC111133725,NA,NA,NA,NA,NA,NA,NA,NA,NA,NA,140.05443254,-1.3153033012,0.21127427,1.695413e-10,9.006356e-10,NA,NA,NA,NA,NA,NA,NA,NA,NA,NA,1
LOC111133727,NA,NA,NA,NA,NA,NA,NA,NA,NA,NA,198.4465217,-2.7131427599,0.25752045,2.983069e-27,6.022316e-26,NA,NA,NA,NA,NA,NA,NA,NA,NA,NA,1
LOC111133728,NA,NA,NA,NA,NA,NA,NA,NA,NA,NA,210.49384379,1.2207531317,0.26147523,1.21727e-06,4.15313e-06,NA,NA,NA,NA,NA,NA,NA,NA,NA,NA,1
LOC111133731,NA,NA,NA,NA,NA,NA,NA,NA,NA,NA,145.64319056,-2.7613652719,0.39025636,6.749093e-14,4.928493e-13,NA,NA,NA,NA,NA,NA,NA,NA,NA,NA,1
LOC111133771,NA,NA,NA,NA,NA,NA,NA,NA,NA,NA,850.63772516,-1.5733808179,0.42757136,5.339245e-05,0.0001457146,NA,NA,NA,NA,NA,NA,NA,NA,NA,NA,1
LOC111133781,NA,NA,NA,NA,NA,NA,NA,NA,NA,NA,313.39861869,-1.2394861207,0.18291515,4.885229e-12,2.984026e-11,NA,NA,NA,NA,NA,NA,NA,NA,NA,NA,1
LOC111133801,NA,NA,NA,NA,NA,NA,NA,NA,NA,NA,256.76230601,-3.4807161935,0.32833264,7.371018e-28,1.546327e-26,NA,NA,NA,NA,NA,NA,NA,NA,NA,NA,1
LOC111133807,NA,NA,NA,NA,NA,NA,NA,NA,NA,NA,118.29137001,2.012724935,0.33744426,2.902282e-10,1.490774e-09,NA,NA,NA,NA,NA,NA,NA,NA,NA,NA,1
LOC111133810,NA,NA,NA,NA,NA,NA,NA,NA,NA,NA,307.65247576,1.4375759866,0.34745654,1.00756e-05,3.044536e-05,NA,NA,NA,NA,NA,NA,NA,NA,NA,NA,1
LOC111133836,NA,NA,NA,NA,NA,NA,NA,NA,NA,NA,616.52418167,1.1040327088,0.38086064,0.001715289,0.003623945,NA,NA,NA,NA,NA,NA,NA,NA,NA,NA,1
LOC111133850,NA,NA,NA,NA,NA,NA,NA,NA,NA,NA,71.17958989,3.195796998,0.39503348,1.802121e-17,1.798765e-16,NA,NA,NA,NA,NA,NA,NA,NA,NA,NA,1
LOC111133909,NA,NA,NA,NA,NA,NA,NA,NA,NA,NA,109.58429185,1.2761299222,0.25467468,2.01353e-07,7.611085e-07,NA,NA,NA,NA,NA,NA,NA,NA,NA,NA,1
LOC111133911,NA,NA,NA,NA,NA,NA,NA,NA,NA,NA,670.35977441,-2.0189765523,0.26571058,3.561655e-15,2.907916e-14,NA,NA,NA,NA,NA,NA,NA,NA,NA,NA,1
LOC111133950,NA,NA,NA,NA,NA,NA,NA,NA,NA,NA,106.74346173,-1.2352233294,0.20596764,7.976269e-10,3.915092e-09,NA,NA,NA,NA,NA,NA,NA,NA,NA,NA,1
LOC111133954,NA,NA,NA,NA,NA,NA,NA,NA,NA,NA,1825.15596156,1.157863413,0.24174235,7.347504e-07,2.574869e-06,NA,NA,NA,NA,NA,NA,NA,NA,NA,NA,1
LOC111133956,NA,NA,NA,NA,NA,NA,NA,NA,NA,NA,118.30415487,4.80687468,0.44797149,7.399198e-29,1.649052e-27,NA,NA,NA,NA,NA,NA,NA,NA,NA,NA,1
LOC111133958,NA,NA,NA,NA,NA,NA,NA,NA,NA,NA,284.45962464,-2.3558456213,0.48751291,9.504528e-08,3.728084e-07,NA,NA,NA,NA,NA,NA,NA,NA,NA,NA,1
LOC111133982,NA,NA,NA,NA,NA,NA,NA,NA,NA,NA,55.64372183,1.5956134275,0.36420886,2.645017e-06,8.652604e-06,NA,NA,NA,NA,NA,NA,NA,NA,NA,NA,1
LOC111134020,NA,NA,NA,NA,NA,NA,NA,NA,NA,NA,119.08140332,3.5335438173,0.33009765,2.333608e-28,5.043605e-27,NA,NA,NA,NA,NA,NA,NA,NA,NA,NA,1
LOC111134022,NA,NA,NA,NA,NA,NA,NA,NA,NA,NA,120.66813044,4.7653069422,0.3204468,5.783318e-52,4.492549e-50,NA,NA,NA,NA,NA,NA,NA,NA,NA,NA,1
LOC111134024,NA,NA,NA,NA,NA,NA,NA,NA,NA,NA,1375.76956269,1.0399691594,0.33058379,0.0008332307,0.001872585,NA,NA,NA,NA,NA,NA,NA,NA,NA,NA,1
LOC111134047,NA,NA,NA,NA,NA,NA,NA,NA,NA,NA,319.84850863,-2.7540543611,0.51397701,3.616055e-09,1.644228e-08,NA,NA,NA,NA,NA,NA,NA,NA,NA,NA,1
LOC111134048,NA,NA,NA,NA,NA,NA,NA,NA,NA,NA,100.68311093,-1.6981249314,0.23627983,1.291134e-13,9.196647e-13,NA,NA,NA,NA,NA,NA,NA,NA,NA,NA,1
LOC111134066,NA,NA,NA,NA,NA,NA,NA,NA,NA,NA,83.24177505,2.1484032591,0.23465977,5.380006e-21,7.164431e-20,NA,NA,NA,NA,NA,NA,NA,NA,NA,NA,1
LOC111134076,NA,NA,NA,NA,NA,NA,NA,NA,NA,NA,149.21760878,-2.5331914032,0.24160843,6.235015e-27,1.242367e-25,NA,NA,NA,NA,NA,NA,NA,NA,NA,NA,1
LOC111134106,NA,NA,NA,NA,NA,NA,NA,NA,NA,NA,47.1782314,1.1603647772,0.46061172,0.0048879,0.009447943,NA,NA,NA,NA,NA,NA,NA,NA,NA,NA,1
LOC111134121,NA,NA,NA,NA,NA,NA,NA,NA,NA,NA,34.73478122,1.0318929976,0.32368939,0.0007295141,0.001656862,NA,NA,NA,NA,NA,NA,NA,NA,NA,NA,1
LOC111134126,NA,NA,NA,NA,NA,NA,NA,NA,NA,NA,165.89317964,-3.3328804042,0.29354959,2.028238e-31,5.355346e-30,NA,NA,NA,NA,NA,NA,NA,NA,NA,NA,1
LOC111134129,NA,NA,NA,NA,NA,NA,NA,NA,NA,NA,389.2800123,-2.2342083167,0.55552096,4.702498e-06,1.494095e-05,NA,NA,NA,NA,NA,NA,NA,NA,NA,NA,1
LOC111134140,NA,NA,NA,NA,NA,NA,NA,NA,NA,NA,542.07212978,-1.8297690791,0.1852437,8.313671e-24,1.348299e-22,NA,NA,NA,NA,NA,NA,NA,NA,NA,NA,1
LOC111134145,NA,NA,NA,NA,NA,NA,NA,NA,NA,NA,84.1943423,-1.2951494393,0.281733,1.540586e-06,5.183641e-06,NA,NA,NA,NA,NA,NA,NA,NA,NA,NA,1
LOC111134153,NA,NA,NA,NA,NA,NA,NA,NA,NA,NA,117.12824915,-1.0562738803,0.23275121,2.856545e-06,9.287887e-06,NA,NA,NA,NA,NA,NA,NA,NA,NA,NA,1
LOC111134183,NA,NA,NA,NA,NA,NA,NA,NA,NA,NA,211.82617122,-1.2664887867,0.45468589,0.001922359,0.004023367,NA,NA,NA,NA,NA,NA,NA,NA,NA,NA,1
LOC111134198,NA,NA,NA,NA,NA,NA,NA,NA,NA,NA,841.23849418,-1.4892773116,0.13017362,7.169388e-31,1.821228e-29,NA,NA,NA,NA,NA,NA,NA,NA,NA,NA,1
LOC111134203,NA,NA,NA,NA,NA,NA,NA,NA,NA,NA,243.94534247,-1.1632590141,0.23869436,4.791039e-07,1.725804e-06,NA,NA,NA,NA,NA,NA,NA,NA,NA,NA,1
LOC111134211,NA,NA,NA,NA,NA,NA,NA,NA,NA,NA,144.49648072,2.0971353162,0.33743657,5.376357e-11,3.008066e-10,NA,NA,NA,NA,NA,NA,NA,NA,NA,NA,1
LOC111134215,NA,NA,NA,NA,NA,NA,NA,NA,NA,NA,897.72547274,3.9490613425,0.24674803,2.265686e-59,2.381192e-57,NA,NA,NA,NA,NA,NA,NA,NA,NA,NA,1
LOC111134224,NA,NA,NA,NA,NA,NA,NA,NA,NA,NA,129.15092239,1.4628482193,0.19379607,1.248356e-14,9.676342e-14,NA,NA,NA,NA,NA,NA,NA,NA,NA,NA,1
LOC111134225,NA,NA,NA,NA,NA,NA,NA,NA,NA,NA,62.95337988,4.5638221089,0.36121597,1.690253e-38,6.517809e-37,NA,NA,NA,NA,NA,NA,NA,NA,NA,NA,1
LOC111134238,NA,NA,NA,NA,NA,NA,NA,NA,NA,NA,336.18624468,1.2820071746,0.19332851,1.238498e-11,7.298898e-11,NA,NA,NA,NA,NA,NA,NA,NA,NA,NA,1
LOC111134239,NA,NA,NA,NA,NA,NA,NA,NA,NA,NA,92.85752754,-1.1549777108,0.32501591,0.0001649019,0.0004171186,NA,NA,NA,NA,NA,NA,NA,NA,NA,NA,1
LOC111134243,NA,NA,NA,NA,NA,NA,NA,NA,NA,NA,574.10601022,-1.1575161197,0.32069827,0.0001328804,0.000342815,NA,NA,NA,NA,NA,NA,NA,NA,NA,NA,1
LOC111134249,NA,NA,NA,NA,NA,NA,NA,NA,NA,NA,425.83809014,1.2381820875,0.17226077,2.616784e-13,1.81214e-12,NA,NA,NA,NA,NA,NA,NA,NA,NA,NA,1
LOC111134259,NA,NA,NA,NA,NA,NA,NA,NA,NA,NA,109.71585217,-1.5438977955,0.35979302,4.319748e-06,1.379848e-05,NA,NA,NA,NA,NA,NA,NA,NA,NA,NA,1
LOC111134265,NA,NA,NA,NA,NA,NA,NA,NA,NA,NA,163.94131292,-1.7621153536,0.22887781,2.420835e-15,1.999334e-14,NA,NA,NA,NA,NA,NA,NA,NA,NA,NA,1
LOC111134275,NA,NA,NA,NA,NA,NA,NA,NA,NA,NA,242.76133985,-1.0010178057,0.38766944,0.005104883,0.009812507,NA,NA,NA,NA,NA,NA,NA,NA,NA,NA,1
LOC111134293,NA,NA,NA,NA,NA,NA,NA,NA,NA,NA,567.30874572,-1.1124933963,0.38251735,0.001644725,0.003489305,NA,NA,NA,NA,NA,NA,NA,NA,NA,NA,1
LOC111134311,NA,NA,NA,NA,NA,NA,NA,NA,NA,NA,580.0594543,-1.934790383,0.32126533,2.291717e-10,1.189119e-09,NA,NA,NA,NA,NA,NA,NA,NA,NA,NA,1
LOC111134318,NA,NA,NA,NA,NA,NA,NA,NA,NA,NA,82.61871708,1.1480534692,0.20808341,1.543546e-08,6.576637e-08,NA,NA,NA,NA,NA,NA,NA,NA,NA,NA,1
LOC111134323,NA,NA,NA,NA,NA,NA,NA,NA,NA,NA,94.77422612,2.4737836928,0.26941646,2.757887e-21,3.756613e-20,NA,NA,NA,NA,NA,NA,NA,NA,NA,NA,1
LOC111134326,NA,NA,NA,NA,NA,NA,NA,NA,NA,NA,134.44443433,2.9156558017,0.16044624,3.665525e-75,5.778593e-73,NA,NA,NA,NA,NA,NA,NA,NA,NA,NA,1
LOC111134329,NA,NA,NA,NA,NA,NA,NA,NA,NA,NA,1482.67208675,1.0578493551,0.30400963,0.0002485687,0.0006127056,NA,NA,NA,NA,NA,NA,NA,NA,NA,NA,1
LOC111134336,NA,NA,NA,NA,NA,NA,NA,NA,NA,NA,147.68657702,1.6806870919,0.30097191,4.654507e-09,2.095603e-08,NA,NA,NA,NA,NA,NA,NA,NA,NA,NA,1
LOC111134341,NA,NA,NA,NA,NA,NA,NA,NA,NA,NA,95.99800287,-1.2070242489,0.24626142,3.907199e-07,1.421282e-06,NA,NA,NA,NA,NA,NA,NA,NA,NA,NA,1
LOC111134349,NA,NA,NA,NA,NA,NA,NA,NA,NA,NA,1772.45771578,7.6817981079,0.304328,3.015297e-143,2.938544e-140,NA,NA,NA,NA,NA,NA,NA,NA,NA,NA,1
LOC111134359,NA,NA,NA,NA,NA,NA,NA,NA,NA,NA,117.04302482,-1.8247809978,0.22025342,1.89418e-17,1.888894e-16,NA,NA,NA,NA,NA,NA,NA,NA,NA,NA,1
LOC111134364,NA,NA,NA,NA,NA,NA,NA,NA,NA,NA,24.08581206,1.4144091372,0.57061943,0.003690042,0.007311875,NA,NA,NA,NA,NA,NA,NA,NA,NA,NA,1
LOC111134372,NA,NA,NA,NA,NA,NA,NA,NA,NA,NA,30.68073807,3.1346470591,0.38006528,5.18252e-18,5.393846e-17,NA,NA,NA,NA,NA,NA,NA,NA,NA,NA,1
LOC111134389,NA,NA,NA,NA,NA,NA,NA,NA,NA,NA,37.42076347,3.1007974055,0.59569652,5.565425e-09,2.49004e-08,NA,NA,NA,NA,NA,NA,NA,NA,NA,NA,1
LOC111134395,NA,NA,NA,NA,NA,NA,NA,NA,NA,NA,65.18803736,1.1878099688,0.2810599,9.956938e-06,3.011805e-05,NA,NA,NA,NA,NA,NA,NA,NA,NA,NA,1
LOC111134397,NA,NA,NA,NA,NA,NA,NA,NA,NA,NA,238.47874593,-1.1680262726,0.17710538,1.862937e-11,1.080665e-10,NA,NA,NA,NA,NA,NA,NA,NA,NA,NA,1
LOC111134404,NA,NA,NA,NA,NA,NA,NA,NA,NA,NA,100.11284313,-1.5889075214,0.23947925,7.51095e-12,4.523449e-11,NA,NA,NA,NA,NA,NA,NA,NA,NA,NA,1
LOC111134409,NA,NA,NA,NA,NA,NA,NA,NA,NA,NA,134.7015074,-1.8668496846,0.34679495,1.077537e-08,4.684182e-08,NA,NA,NA,NA,NA,NA,NA,NA,NA,NA,1
LOC111134411,NA,NA,NA,NA,NA,NA,NA,NA,NA,NA,141.41491333,-1.5999078322,0.47385033,0.0001594784,0.0004045648,NA,NA,NA,NA,NA,NA,NA,NA,NA,NA,1
LOC111134419,NA,NA,NA,NA,NA,NA,NA,NA,NA,NA,84.8760307,-1.3857538928,0.21213937,2.059583e-11,1.188946e-10,NA,NA,NA,NA,NA,NA,NA,NA,NA,NA,1
LOC111134420,NA,NA,NA,NA,NA,NA,NA,NA,NA,NA,63.72276532,-1.2204139621,0.20851894,1.960531e-09,9.209857e-09,NA,NA,NA,NA,NA,NA,NA,NA,NA,NA,1
LOC111134421,NA,NA,NA,NA,NA,NA,NA,NA,NA,NA,86.98521629,-1.0647128049,0.25806375,1.831502e-05,5.341049e-05,NA,NA,NA,NA,NA,NA,NA,NA,NA,NA,1
LOC111134422,NA,NA,NA,NA,NA,NA,NA,NA,NA,NA,473.20625461,-1.5449663628,0.13613057,1.878975e-30,4.630486e-29,NA,NA,NA,NA,NA,NA,NA,NA,NA,NA,1
LOC111134425,NA,NA,NA,NA,NA,NA,NA,NA,NA,NA,2272.15618697,1.3919838326,0.14186693,3.180182e-23,4.96238e-22,NA,NA,NA,NA,NA,NA,NA,NA,NA,NA,1
LOC111134430,NA,NA,NA,NA,NA,NA,NA,NA,NA,NA,96.1806614,-1.6681476067,0.24013314,7.629327e-13,5.086218e-12,NA,NA,NA,NA,NA,NA,NA,NA,NA,NA,1
LOC111134439,NA,NA,NA,NA,NA,NA,NA,NA,NA,NA,1132.97238083,1.7239287864,0.22039474,9.748648e-16,8.27466e-15,NA,NA,NA,NA,NA,NA,NA,NA,NA,NA,1
LOC111134442,NA,NA,NA,NA,NA,NA,NA,NA,NA,NA,458.15612173,-1.7417624854,0.40396123,2.86394e-06,9.309109e-06,NA,NA,NA,NA,NA,NA,NA,NA,NA,NA,1
LOC111134453,NA,NA,NA,NA,NA,NA,NA,NA,NA,NA,610.67671546,2.9526051265,0.34921099,1.070889e-18,1.170227e-17,NA,NA,NA,NA,NA,NA,NA,NA,NA,NA,1
LOC111134457,NA,NA,NA,NA,NA,NA,NA,NA,NA,NA,245.07984086,-1.7567429257,0.2695668,1.269432e-11,7.472989e-11,NA,NA,NA,NA,NA,NA,NA,NA,NA,NA,1
LOC111134458,NA,NA,NA,NA,NA,NA,NA,NA,NA,NA,96.58616829,1.4565040757,0.80392947,0.01662081,0.02847329,NA,NA,NA,NA,NA,NA,NA,NA,NA,NA,1
LOC111134465,NA,NA,NA,NA,NA,NA,NA,NA,NA,NA,924.82405861,-4.4724772208,0.20092522,1.306231e-111,6.364908e-109,NA,NA,NA,NA,NA,NA,NA,NA,NA,NA,1
LOC111134467,NA,NA,NA,NA,NA,NA,NA,NA,NA,NA,101.40666157,-1.2291101408,0.19266424,7.131981e-11,3.93084e-10,NA,NA,NA,NA,NA,NA,NA,NA,NA,NA,1
LOC111134472,NA,NA,NA,NA,NA,NA,NA,NA,NA,NA,70.4429883,-1.8568400453,0.26654938,4.933664e-13,3.349517e-12,NA,NA,NA,NA,NA,NA,NA,NA,NA,NA,1
LOC111134473,NA,NA,NA,NA,NA,NA,NA,NA,NA,NA,110.8420585,-1.7939253141,0.23581502,4.693559e-15,3.788777e-14,NA,NA,NA,NA,NA,NA,NA,NA,NA,NA,1
LOC111134474,NA,NA,NA,NA,NA,NA,NA,NA,NA,NA,166.28730623,-1.0969273782,0.25394186,7.439065e-06,2.302824e-05,NA,NA,NA,NA,NA,NA,NA,NA,NA,NA,1
LOC111134476,NA,NA,NA,NA,NA,NA,NA,NA,NA,NA,88.23484448,-1.0576711524,0.20835449,1.942755e-07,7.361731e-07,NA,NA,NA,NA,NA,NA,NA,NA,NA,NA,1
LOC111134497,NA,NA,NA,NA,NA,NA,NA,NA,NA,NA,109.72246947,-1.5565288864,0.25419547,2.22386e-10,1.157833e-09,NA,NA,NA,NA,NA,NA,NA,NA,NA,NA,1
LOC111134500,NA,NA,NA,NA,NA,NA,NA,NA,NA,NA,8708.09758841,2.02900102,0.46414043,1.387131e-06,4.696791e-06,NA,NA,NA,NA,NA,NA,NA,NA,NA,NA,1
LOC111134502,NA,NA,NA,NA,NA,NA,NA,NA,NA,NA,148.96988104,-2.6180268639,0.20095616,4.810215e-40,2.079254e-38,NA,NA,NA,NA,NA,NA,NA,NA,NA,NA,1
LOC111134504,NA,NA,NA,NA,NA,NA,NA,NA,NA,NA,320.84436014,-1.7787888387,0.34900424,5.826825e-08,2.336834e-07,NA,NA,NA,NA,NA,NA,NA,NA,NA,NA,1
LOC111134507,NA,NA,NA,NA,NA,NA,NA,NA,NA,NA,416.47357626,1.5586231385,0.23600947,9.703894e-12,5.779208e-11,NA,NA,NA,NA,NA,NA,NA,NA,NA,NA,1
LOC111134515,NA,NA,NA,NA,NA,NA,NA,NA,NA,NA,134.17707231,-1.1309420286,0.50227191,0.01037958,0.01868812,NA,NA,NA,NA,NA,NA,NA,NA,NA,NA,1
LOC111134524,NA,NA,NA,NA,NA,NA,NA,NA,NA,NA,775.877995,-1.1983143924,0.26014003,1.698234e-06,5.68553e-06,NA,NA,NA,NA,NA,NA,NA,NA,NA,NA,1
LOC111134525,NA,NA,NA,NA,NA,NA,NA,NA,NA,NA,678.58964644,-5.6495654931,0.22824351,2.114188e-137,1.743392e-134,NA,NA,NA,NA,NA,NA,NA,NA,NA,NA,1
LOC111134527,NA,NA,NA,NA,NA,NA,NA,NA,NA,NA,530.96603928,-1.1644436112,0.26950612,6.744714e-06,2.095749e-05,NA,NA,NA,NA,NA,NA,NA,NA,NA,NA,1
LOC111134530,NA,NA,NA,NA,NA,NA,NA,NA,NA,NA,297.19725999,-1.5150675816,0.19265983,9.723728e-16,8.266325e-15,NA,NA,NA,NA,NA,NA,NA,NA,NA,NA,1
LOC111134532,NA,NA,NA,NA,NA,NA,NA,NA,NA,NA,304.02596778,-1.6957748413,0.2775383,1.935645e-10,1.01816e-09,NA,NA,NA,NA,NA,NA,NA,NA,NA,NA,1
LOC111134536,NA,NA,NA,NA,NA,NA,NA,NA,NA,NA,731.71253659,-1.2642736154,0.35156011,0.0001196312,0.0003105949,NA,NA,NA,NA,NA,NA,NA,NA,NA,NA,1
LOC111134537,NA,NA,NA,NA,NA,NA,NA,NA,NA,NA,93.04704171,-2.2402024456,0.23510266,1.39901e-22,2.091686e-21,NA,NA,NA,NA,NA,NA,NA,NA,NA,NA,1
LOC111134552,NA,NA,NA,NA,NA,NA,NA,NA,NA,NA,61.48371845,-1.3819877961,0.31617491,3.88467e-06,1.244952e-05,NA,NA,NA,NA,NA,NA,NA,NA,NA,NA,1
LOC111134560,NA,NA,NA,NA,NA,NA,NA,NA,NA,NA,79.69329761,-1.3396065545,0.23695817,5.341532e-09,2.393864e-08,NA,NA,NA,NA,NA,NA,NA,NA,NA,NA,1
LOC111134561,NA,NA,NA,NA,NA,NA,NA,NA,NA,NA,2830.06335347,-1.2652375533,0.15386377,7.59983e-17,7.203375e-16,NA,NA,NA,NA,NA,NA,NA,NA,NA,NA,1
LOC111134576,NA,NA,NA,NA,NA,NA,NA,NA,NA,NA,101.52041229,-1.4223632725,0.31084181,1.402723e-06,4.745091e-06,NA,NA,NA,NA,NA,NA,NA,NA,NA,NA,1
LOC111134580,NA,NA,NA,NA,NA,NA,NA,NA,NA,NA,60.72817562,-1.5006331665,0.25733383,1.454233e-09,6.904064e-09,NA,NA,NA,NA,NA,NA,NA,NA,NA,NA,1
LOC111134583,NA,NA,NA,NA,NA,NA,NA,NA,NA,NA,691.69539587,-3.4988709391,0.3061404,7.493086e-32,2.064933e-30,NA,NA,NA,NA,NA,NA,NA,NA,NA,NA,1
LOC111134586,NA,NA,NA,NA,NA,NA,NA,NA,NA,NA,88.79610592,-2.3959210213,0.33032429,2.861492e-14,2.145119e-13,NA,NA,NA,NA,NA,NA,NA,NA,NA,NA,1
LOC111134590,NA,NA,NA,NA,NA,NA,NA,NA,NA,NA,32.84289355,2.3319666706,0.66548742,3.130601e-05,8.845558e-05,NA,NA,NA,NA,NA,NA,NA,NA,NA,NA,1
LOC111134593,NA,NA,NA,NA,NA,NA,NA,NA,NA,NA,156.12021124,-2.05785107,0.28350922,4.381083e-14,3.24794e-13,NA,NA,NA,NA,NA,NA,NA,NA,NA,NA,1
LOC111134595,NA,NA,NA,NA,NA,NA,NA,NA,NA,NA,89.5068221,-1.9982654996,0.22732761,1.838499e-19,2.149259e-18,NA,NA,NA,NA,NA,NA,NA,NA,NA,NA,1
LOC111134605,NA,NA,NA,NA,NA,NA,NA,NA,NA,NA,108.39049394,1.1917212324,0.27328477,5.409323e-06,1.705528e-05,NA,NA,NA,NA,NA,NA,NA,NA,NA,NA,1
LOC111134609,NA,NA,NA,NA,NA,NA,NA,NA,NA,NA,97.31146119,-1.7057758925,0.19371115,2.515877e-19,2.887602e-18,NA,NA,NA,NA,NA,NA,NA,NA,NA,NA,1
LOC111134621,NA,NA,NA,NA,NA,NA,NA,NA,NA,NA,2471.84108784,1.9115637498,0.31602551,2.018072e-10,1.059438e-09,NA,NA,NA,NA,NA,NA,NA,NA,NA,NA,1
LOC111134625,NA,NA,NA,NA,NA,NA,NA,NA,NA,NA,402.33496261,1.2204358952,0.3254297,7.005734e-05,0.0001879416,NA,NA,NA,NA,NA,NA,NA,NA,NA,NA,1
LOC111134629,NA,NA,NA,NA,NA,NA,NA,NA,NA,NA,4093.45499574,2.8059472536,0.21977406,1.160853e-38,4.508822e-37,NA,NA,NA,NA,NA,NA,NA,NA,NA,NA,1
LOC111134631,NA,NA,NA,NA,NA,NA,NA,NA,NA,NA,69.00746759,2.0437873853,0.29875869,8.963228e-13,5.938554e-12,NA,NA,NA,NA,NA,NA,NA,NA,NA,NA,1
LOC111134638,NA,NA,NA,NA,NA,NA,NA,NA,NA,NA,88.34599851,-1.9266116371,0.23054485,8.830313e-18,9.032534e-17,NA,NA,NA,NA,NA,NA,NA,NA,NA,NA,1
LOC111134641,NA,NA,NA,NA,NA,NA,NA,NA,NA,NA,86.64889523,-1.6090196806,0.24027603,4.780213e-12,2.923211e-11,NA,NA,NA,NA,NA,NA,NA,NA,NA,NA,1
LOC111134642,NA,NA,NA,NA,NA,NA,NA,NA,NA,NA,281.338392,-2.7811547133,0.2581644,2.178012e-28,4.716826e-27,NA,NA,NA,NA,NA,NA,NA,NA,NA,NA,1
LOC111134648,NA,NA,NA,NA,NA,NA,NA,NA,NA,NA,45.57052966,-1.2425991259,0.32066728,4.101538e-05,0.0001138785,NA,NA,NA,NA,NA,NA,NA,NA,NA,NA,1
LOC111134650,NA,NA,NA,NA,NA,NA,NA,NA,NA,NA,381.2496822,-1.5523191712,0.20542299,1.017263e-14,7.936724e-14,NA,NA,NA,NA,NA,NA,NA,NA,NA,NA,1
LOC111134651,NA,NA,NA,NA,NA,NA,NA,NA,NA,NA,170.98694369,-3.0846997815,0.72394865,5.416243e-07,1.933471e-06,NA,NA,NA,NA,NA,NA,NA,NA,NA,NA,1
LOC111134663,NA,NA,NA,NA,NA,NA,NA,NA,NA,NA,55.67412546,-1.8385942661,0.2432985,6.452949e-15,5.131722e-14,NA,NA,NA,NA,NA,NA,NA,NA,NA,NA,1
LOC111134664,NA,NA,NA,NA,NA,NA,NA,NA,NA,NA,150.54244931,1.059285819,0.35324372,0.001323969,0.002862059,NA,NA,NA,NA,NA,NA,NA,NA,NA,NA,1
LOC111134678,NA,NA,NA,NA,NA,NA,NA,NA,NA,NA,110.10926641,-1.3747049533,0.23129364,8.991224e-10,4.385165e-09,NA,NA,NA,NA,NA,NA,NA,NA,NA,NA,1
LOC111134680,NA,NA,NA,NA,NA,NA,NA,NA,NA,NA,108.95585175,-1.874582532,0.23533751,2.437787e-16,2.199754e-15,NA,NA,NA,NA,NA,NA,NA,NA,NA,NA,1
LOC111134682,NA,NA,NA,NA,NA,NA,NA,NA,NA,NA,983.68542767,-5.6766050397,0.28661271,1.839364e-89,4.381774e-87,NA,NA,NA,NA,NA,NA,NA,NA,NA,NA,1
LOC111134684,NA,NA,NA,NA,NA,NA,NA,NA,NA,NA,126.2126653,-1.2154266542,0.3768445,0.0004964761,0.001161804,NA,NA,NA,NA,NA,NA,NA,NA,NA,NA,1
LOC111134691,NA,NA,NA,NA,NA,NA,NA,NA,NA,NA,175.77645259,-2.3505599915,0.23892717,5.883627e-24,9.658879e-23,NA,NA,NA,NA,NA,NA,NA,NA,NA,NA,1
LOC111134693,NA,NA,NA,NA,NA,NA,NA,NA,NA,NA,30.79827019,2.4565247226,0.55246749,5.267761e-07,1.88486e-06,NA,NA,NA,NA,NA,NA,NA,NA,NA,NA,1
LOC111134696,NA,NA,NA,NA,NA,NA,NA,NA,NA,NA,148.96768857,1.8226478265,0.35196432,3.521798e-08,1.44484e-07,NA,NA,NA,NA,NA,NA,NA,NA,NA,NA,1
LOC111134701,NA,NA,NA,NA,NA,NA,NA,NA,NA,NA,147.49259252,-2.0468488679,0.27031913,4.190212e-15,3.397812e-14,NA,NA,NA,NA,NA,NA,NA,NA,NA,NA,1
LOC111134706,NA,NA,NA,NA,NA,NA,NA,NA,NA,NA,385.7605027,-2.0709934935,0.38688891,9.308544e-09,4.074626e-08,NA,NA,NA,NA,NA,NA,NA,NA,NA,NA,1
LOC111134715,NA,NA,NA,NA,NA,NA,NA,NA,NA,NA,191.59329866,1.4733663745,0.18587679,6.285017e-16,5.451082e-15,NA,NA,NA,NA,NA,NA,NA,NA,NA,NA,1
LOC111134716,NA,NA,NA,NA,NA,NA,NA,NA,NA,NA,177.06411183,-1.1215765163,0.19576886,4.700173e-09,2.115275e-08,NA,NA,NA,NA,NA,NA,NA,NA,NA,NA,1
LOC111134718,NA,NA,NA,NA,NA,NA,NA,NA,NA,NA,344.67515814,-1.7596873146,0.33235794,2.078916e-08,8.74303e-08,NA,NA,NA,NA,NA,NA,NA,NA,NA,NA,1
LOC111134722,NA,NA,NA,NA,NA,NA,NA,NA,NA,NA,882.62344073,-1.3249414734,0.14914961,2.279734e-19,2.630657e-18,NA,NA,NA,NA,NA,NA,NA,NA,NA,NA,1
LOC111134725,NA,NA,NA,NA,NA,NA,NA,NA,NA,NA,100.7787188,-1.6290214211,0.42552472,2.708448e-05,7.721959e-05,NA,NA,NA,NA,NA,NA,NA,NA,NA,NA,1
LOC111134737,NA,NA,NA,NA,NA,NA,NA,NA,NA,NA,707.41022904,-1.3459315884,0.29291627,1.44123e-06,4.865812e-06,NA,NA,NA,NA,NA,NA,NA,NA,NA,NA,1
LOC111134746,NA,NA,NA,NA,NA,NA,NA,NA,NA,NA,2015.82014334,-1.7914746689,0.49252082,4.420386e-05,0.0001221617,NA,NA,NA,NA,NA,NA,NA,NA,NA,NA,1
LOC111134752,NA,NA,NA,NA,NA,NA,NA,NA,NA,NA,81.14045726,-1.6675708659,0.24819515,3.739308e-12,2.313063e-11,NA,NA,NA,NA,NA,NA,NA,NA,NA,NA,1
LOC111134755,NA,NA,NA,NA,NA,NA,NA,NA,NA,NA,51.4042113,-1.1559681927,0.25570069,2.709482e-06,8.844595e-06,NA,NA,NA,NA,NA,NA,NA,NA,NA,NA,1
LOC111134772,NA,NA,NA,NA,NA,NA,NA,NA,NA,NA,131.07312535,1.1792611512,0.31281941,6.878965e-05,0.0001847257,NA,NA,NA,NA,NA,NA,NA,NA,NA,NA,1
LOC111134781,NA,NA,NA,NA,NA,NA,NA,NA,NA,NA,144.00606888,-1.1058660859,0.29857793,9.898852e-05,0.0002602789,NA,NA,NA,NA,NA,NA,NA,NA,NA,NA,1
LOC111134783,NA,NA,NA,NA,NA,NA,NA,NA,NA,NA,210.33430135,-1.7151315923,0.312035,7.258846e-09,3.214161e-08,NA,NA,NA,NA,NA,NA,NA,NA,NA,NA,1
LOC111134791,NA,NA,NA,NA,NA,NA,NA,NA,NA,NA,78.32177988,-1.5931921055,0.26016295,2.091563e-10,1.094803e-09,NA,NA,NA,NA,NA,NA,NA,NA,NA,NA,1
LOC111134798,NA,NA,NA,NA,NA,NA,NA,NA,NA,NA,82.38862636,2.9456179536,0.38634474,9.30156e-16,7.919994e-15,NA,NA,NA,NA,NA,NA,NA,NA,NA,NA,1
LOC111134799,NA,NA,NA,NA,NA,NA,NA,NA,NA,NA,118.87569184,1.9438401035,0.16638211,2.095801e-32,5.943648e-31,NA,NA,NA,NA,NA,NA,NA,NA,NA,NA,1
LOC111134823,NA,NA,NA,NA,NA,NA,NA,NA,NA,NA,266.48326681,-2.3498781257,0.50538259,2.346509e-07,8.804543e-07,NA,NA,NA,NA,NA,NA,NA,NA,NA,NA,1
LOC111134824,NA,NA,NA,NA,NA,NA,NA,NA,NA,NA,136.04856192,-1.9893596645,0.50582474,9.911804e-06,2.998999e-05,NA,NA,NA,NA,NA,NA,NA,NA,NA,NA,1
LOC111134825,NA,NA,NA,NA,NA,NA,NA,NA,NA,NA,273.64666631,2.7557810197,0.43320653,8.949069e-12,5.350475e-11,NA,NA,NA,NA,NA,NA,NA,NA,NA,NA,1
LOC111134831,NA,NA,NA,NA,NA,NA,NA,NA,NA,NA,68.45043958,-2.039953654,0.24806623,2.285443e-17,2.266415e-16,NA,NA,NA,NA,NA,NA,NA,NA,NA,NA,1
LOC111134833,NA,NA,NA,NA,NA,NA,NA,NA,NA,NA,110.23448857,-1.8034944562,0.2044389,1.871395e-19,2.184201e-18,NA,NA,NA,NA,NA,NA,NA,NA,NA,NA,1
LOC111134842,NA,NA,NA,NA,NA,NA,NA,NA,NA,NA,118.62580991,1.0626101563,0.36553308,0.001768981,0.003729296,NA,NA,NA,NA,NA,NA,NA,NA,NA,NA,1
LOC111134843,NA,NA,NA,NA,NA,NA,NA,NA,NA,NA,2245.64064653,1.2004700669,0.30261311,2.982313e-05,8.457777e-05,NA,NA,NA,NA,NA,NA,NA,NA,NA,NA,1
LOC111134864,NA,NA,NA,NA,NA,NA,NA,NA,NA,NA,795.81880987,1.7617067037,0.1679042,1.666498e-26,3.248155e-25,NA,NA,NA,NA,NA,NA,NA,NA,NA,NA,1
LOC111134880,NA,NA,NA,NA,NA,NA,NA,NA,NA,NA,187.03832662,-1.3569184723,0.3404478,2.182746e-05,6.305766e-05,NA,NA,NA,NA,NA,NA,NA,NA,NA,NA,1
LOC111134890,NA,NA,NA,NA,NA,NA,NA,NA,NA,NA,3116.53600322,1.2406208733,0.24959238,2.612115e-07,9.733009e-07,NA,NA,NA,NA,NA,NA,NA,NA,NA,NA,1
LOC111134891,NA,NA,NA,NA,NA,NA,NA,NA,NA,NA,346.99580752,1.2488691878,0.19491708,5.784594e-11,3.226371e-10,NA,NA,NA,NA,NA,NA,NA,NA,NA,NA,1
LOC111134905,NA,NA,NA,NA,NA,NA,NA,NA,NA,NA,371.85525748,-2.3220363536,0.34871746,2.120847e-12,1.351693e-11,NA,NA,NA,NA,NA,NA,NA,NA,NA,NA,1
LOC111134917,NA,NA,NA,NA,NA,NA,NA,NA,NA,NA,226.48766197,5.6970466225,0.54281118,5.071336e-28,1.072283e-26,NA,NA,NA,NA,NA,NA,NA,NA,NA,NA,1
LOC111134920,NA,NA,NA,NA,NA,NA,NA,NA,NA,NA,117.18626221,-1.6069477139,0.25129089,3.60747e-11,2.046142e-10,NA,NA,NA,NA,NA,NA,NA,NA,NA,NA,1
LOC111134925,NA,NA,NA,NA,NA,NA,NA,NA,NA,NA,2926.04858692,2.112508559,0.35241006,2.084238e-10,1.091501e-09,NA,NA,NA,NA,NA,NA,NA,NA,NA,NA,1
LOC111134933,NA,NA,NA,NA,NA,NA,NA,NA,NA,NA,292.02001848,3.5608612821,0.30918659,2.589979e-32,7.28729e-31,NA,NA,NA,NA,NA,NA,NA,NA,NA,NA,1
LOC111134936,NA,NA,NA,NA,NA,NA,NA,NA,NA,NA,150.17006147,-3.1526990922,0.2292168,1.631246e-44,8.572039e-43,NA,NA,NA,NA,NA,NA,NA,NA,NA,NA,1
LOC111134943,NA,NA,NA,NA,NA,NA,NA,NA,NA,NA,152.87127443,1.0651771664,0.4279955,0.006088088,0.01150032,NA,NA,NA,NA,NA,NA,NA,NA,NA,NA,1
LOC111134952,NA,NA,NA,NA,NA,NA,NA,NA,NA,NA,151.7746907,-1.0543751447,0.26010506,2.531395e-05,7.242208e-05,NA,NA,NA,NA,NA,NA,NA,NA,NA,NA,1
LOC111134953,NA,NA,NA,NA,NA,NA,NA,NA,NA,NA,303.76893372,-2.1041623202,0.17827956,4.031557e-33,1.184063e-31,NA,NA,NA,NA,NA,NA,NA,NA,NA,NA,1
LOC111134965,NA,NA,NA,NA,NA,NA,NA,NA,NA,NA,398.2693334,-4.3522479837,0.29883034,6.924727e-50,4.948872e-48,NA,NA,NA,NA,NA,NA,NA,NA,NA,NA,1
LOC111134967,NA,NA,NA,NA,NA,NA,NA,NA,NA,NA,127.63626358,-1.9361019101,0.19582404,6.435093e-24,1.054804e-22,NA,NA,NA,NA,NA,NA,NA,NA,NA,NA,1
LOC111134974,NA,NA,NA,NA,NA,NA,NA,NA,NA,NA,111.43985749,2.4571270255,0.22404962,3.708171e-29,8.455483e-28,NA,NA,NA,NA,NA,NA,NA,NA,NA,NA,1
LOC111134995,NA,NA,NA,NA,NA,NA,NA,NA,NA,NA,338.73105444,1.0401699827,0.2093291,3.471447e-07,1.274013e-06,NA,NA,NA,NA,NA,NA,NA,NA,NA,NA,1
LOC111134997,NA,NA,NA,NA,NA,NA,NA,NA,NA,NA,151.59289628,-1.5560983029,0.20189117,3.137127e-15,2.569137e-14,NA,NA,NA,NA,NA,NA,NA,NA,NA,NA,1
LOC111134999,NA,NA,NA,NA,NA,NA,NA,NA,NA,NA,214.97742431,-1.1436596002,0.21331445,3.721471e-08,1.522678e-07,NA,NA,NA,NA,NA,NA,NA,NA,NA,NA,1
LOC111135004,NA,NA,NA,NA,NA,NA,NA,NA,NA,NA,181.35852207,-2.0642605391,0.17368601,1.597035e-33,4.768861e-32,NA,NA,NA,NA,NA,NA,NA,NA,NA,NA,1
LOC111135006,NA,NA,NA,NA,NA,NA,NA,NA,NA,NA,1272.49494397,1.8515161861,0.18863376,1.492411e-23,2.395007e-22,NA,NA,NA,NA,NA,NA,NA,NA,NA,NA,1
LOC111135018,NA,NA,NA,NA,NA,NA,NA,NA,NA,NA,71.30582204,2.0765042528,0.2456662,3.12624e-18,3.285616e-17,NA,NA,NA,NA,NA,NA,NA,NA,NA,NA,1
LOC111135020,NA,NA,NA,NA,NA,NA,NA,NA,NA,NA,34.46302155,1.4596017971,0.34049284,5.036588e-06,1.597403e-05,NA,NA,NA,NA,NA,NA,NA,NA,NA,NA,1
LOC111135023,NA,NA,NA,NA,NA,NA,NA,NA,NA,NA,39.81825045,1.0906459073,0.31034985,0.0002090734,0.0005218316,NA,NA,NA,NA,NA,NA,NA,NA,NA,NA,1
LOC111135025,NA,NA,NA,NA,NA,NA,NA,NA,NA,NA,46.45995127,1.7122837921,0.2409202,2.254002e-13,1.57106e-12,NA,NA,NA,NA,NA,NA,NA,NA,NA,NA,1
LOC111135030,NA,NA,NA,NA,NA,NA,NA,NA,NA,NA,33.36007352,2.4712008091,0.40994526,1.036215e-10,5.621573e-10,NA,NA,NA,NA,NA,NA,NA,NA,NA,NA,1
LOC111135038,NA,NA,NA,NA,NA,NA,NA,NA,NA,NA,28.38699523,1.099995615,0.52846428,0.01644635,0.02821781,NA,NA,NA,NA,NA,NA,NA,NA,NA,NA,1
LOC111135047,NA,NA,NA,NA,NA,NA,NA,NA,NA,NA,1787.88781705,1.9442794257,0.3363062,9.719775e-10,4.720737e-09,NA,NA,NA,NA,NA,NA,NA,NA,NA,NA,1
LOC111135049,NA,NA,NA,NA,NA,NA,NA,NA,NA,NA,61.19608272,-1.2901388042,0.2486685,7.738383e-08,3.069015e-07,NA,NA,NA,NA,NA,NA,NA,NA,NA,NA,1
LOC111135056,NA,NA,NA,NA,NA,NA,NA,NA,NA,NA,84.87597275,1.3022949427,0.16044429,1.736152e-16,1.590731e-15,NA,NA,NA,NA,NA,NA,NA,NA,NA,NA,1
LOC111135058,NA,NA,NA,NA,NA,NA,NA,NA,NA,NA,636.70575007,1.9554444469,0.1845746,4.17903e-27,8.342495e-26,NA,NA,NA,NA,NA,NA,NA,NA,NA,NA,1
LOC111135061,NA,NA,NA,NA,NA,NA,NA,NA,NA,NA,678.74985748,1.2396656911,0.44363793,0.001948369,0.004072239,NA,NA,NA,NA,NA,NA,NA,NA,NA,NA,1
LOC111135064,NA,NA,NA,NA,NA,NA,NA,NA,NA,NA,912.14380829,1.1748157126,0.18456453,8.452947e-11,4.618532e-10,NA,NA,NA,NA,NA,NA,NA,NA,NA,NA,1
LOC111135067,NA,NA,NA,NA,NA,NA,NA,NA,NA,NA,1074.54813531,1.5173975471,0.23921338,5.816529e-11,3.242496e-10,NA,NA,NA,NA,NA,NA,NA,NA,NA,NA,1
LOC111135072,NA,NA,NA,NA,NA,NA,NA,NA,NA,NA,115.78216886,5.4904874069,0.37365548,5.109793e-51,3.803957e-49,NA,NA,NA,NA,NA,NA,NA,NA,NA,NA,1
LOC111135079,NA,NA,NA,NA,NA,NA,NA,NA,NA,NA,44.49828006,1.0174983054,0.27975483,0.0001443108,0.0003692153,NA,NA,NA,NA,NA,NA,NA,NA,NA,NA,1
LOC111135082,NA,NA,NA,NA,NA,NA,NA,NA,NA,NA,340.34486065,-1.3489729815,0.43899255,0.0006796997,0.001552937,NA,NA,NA,NA,NA,NA,NA,NA,NA,NA,1
LOC111135089,NA,NA,NA,NA,NA,NA,NA,NA,NA,NA,356.27738191,1.2345497939,0.22186077,1.042596e-08,4.539655e-08,NA,NA,NA,NA,NA,NA,NA,NA,NA,NA,1
LOC111135098,NA,NA,NA,NA,NA,NA,NA,NA,NA,NA,203.64658147,-2.5226383667,0.31000585,2.45717e-17,2.427729e-16,NA,NA,NA,NA,NA,NA,NA,NA,NA,NA,1
LOC111135106,NA,NA,NA,NA,NA,NA,NA,NA,NA,NA,1225.16600051,1.3135806008,0.30179451,4.690946e-06,1.491309e-05,NA,NA,NA,NA,NA,NA,NA,NA,NA,NA,1
LOC111135108,NA,NA,NA,NA,NA,NA,NA,NA,NA,NA,289.69007228,-1.2027068937,0.21158273,5.457271e-09,2.444712e-08,NA,NA,NA,NA,NA,NA,NA,NA,NA,NA,1
LOC111135118,NA,NA,NA,NA,NA,NA,NA,NA,NA,NA,147.21331524,-1.5680435053,0.24376872,2.996803e-11,1.709443e-10,NA,NA,NA,NA,NA,NA,NA,NA,NA,NA,1
LOC111135130,NA,NA,NA,NA,NA,NA,NA,NA,NA,NA,134.32320255,1.2212076137,0.1665433,9.194859e-14,6.66006e-13,NA,NA,NA,NA,NA,NA,NA,NA,NA,NA,1
LOC111135135,NA,NA,NA,NA,NA,NA,NA,NA,NA,NA,932.30058897,-3.0534927525,0.1445921,2.063261e-100,6.911925e-98,NA,NA,NA,NA,NA,NA,NA,NA,NA,NA,1
LOC111135137,NA,NA,NA,NA,NA,NA,NA,NA,NA,NA,47.61484894,-1.1035432698,0.28361754,4.682545e-05,0.0001290408,NA,NA,NA,NA,NA,NA,NA,NA,NA,NA,1
LOC111135145,NA,NA,NA,NA,NA,NA,NA,NA,NA,NA,48.11382054,4.0518614232,0.2830244,3.043448e-48,1.953638e-46,NA,NA,NA,NA,NA,NA,NA,NA,NA,NA,1
LOC111135147,NA,NA,NA,NA,NA,NA,NA,NA,NA,NA,104.59867371,-1.1275419182,0.24967746,2.882888e-06,9.367856e-06,NA,NA,NA,NA,NA,NA,NA,NA,NA,NA,1
LOC111135148,NA,NA,NA,NA,NA,NA,NA,NA,NA,NA,137.28127125,-1.4508209129,0.17299175,1.447387e-17,1.45417e-16,NA,NA,NA,NA,NA,NA,NA,NA,NA,NA,1
LOC111135156,NA,NA,NA,NA,NA,NA,NA,NA,NA,NA,597.58102647,-2.9310467635,0.29250845,4.988937e-25,8.825314e-24,NA,NA,NA,NA,NA,NA,NA,NA,NA,NA,1
LOC111135159,NA,NA,NA,NA,NA,NA,NA,NA,NA,NA,168.14620846,-2.4313229196,0.23263178,9.989262e-27,1.979388e-25,NA,NA,NA,NA,NA,NA,NA,NA,NA,NA,1
LOC111135162,NA,NA,NA,NA,NA,NA,NA,NA,NA,NA,145.02192437,-1.4325153135,0.31352933,1.426332e-06,4.817353e-06,NA,NA,NA,NA,NA,NA,NA,NA,NA,NA,1
LOC111135163,NA,NA,NA,NA,NA,NA,NA,NA,NA,NA,405.22105811,-2.3737147869,0.17443475,2.690874e-43,1.341682e-41,NA,NA,NA,NA,NA,NA,NA,NA,NA,NA,1
LOC111135165,NA,NA,NA,NA,NA,NA,NA,NA,NA,NA,831.82728195,1.7415682378,0.15497369,4.886513e-30,1.174516e-28,NA,NA,NA,NA,NA,NA,NA,NA,NA,NA,1
LOC111135167,NA,NA,NA,NA,NA,NA,NA,NA,NA,NA,466.89686329,2.380308023,0.58015855,2.69438e-06,8.797977e-06,NA,NA,NA,NA,NA,NA,NA,NA,NA,NA,1
LOC111135168,NA,NA,NA,NA,NA,NA,NA,NA,NA,NA,364.00430501,1.0176918472,0.15207278,1.177431e-11,6.954305e-11,NA,NA,NA,NA,NA,NA,NA,NA,NA,NA,1
LOC111135173,NA,NA,NA,NA,NA,NA,NA,NA,NA,NA,1492.70106934,1.1766373232,0.20659472,5.308171e-09,2.3819e-08,NA,NA,NA,NA,NA,NA,NA,NA,NA,NA,1
LOC111135177,NA,NA,NA,NA,NA,NA,NA,NA,NA,NA,122.98152914,-2.0439066232,0.24663913,1.334371e-17,1.346936e-16,NA,NA,NA,NA,NA,NA,NA,NA,NA,NA,1
LOC111135183,NA,NA,NA,NA,NA,NA,NA,NA,NA,NA,159.9925565,-1.300348069,0.25189239,8.75195e-08,3.445498e-07,NA,NA,NA,NA,NA,NA,NA,NA,NA,NA,1
LOC111135189,NA,NA,NA,NA,NA,NA,NA,NA,NA,NA,109.51623687,-2.5737285571,0.3301544,3.656643e-16,3.239604e-15,NA,NA,NA,NA,NA,NA,NA,NA,NA,NA,1
LOC111135193,NA,NA,NA,NA,NA,NA,NA,NA,NA,NA,518.3349838,1.5023942665,0.32613059,1.066782e-06,3.670057e-06,NA,NA,NA,NA,NA,NA,NA,NA,NA,NA,1
LOC111135195,NA,NA,NA,NA,NA,NA,NA,NA,NA,NA,212.48479614,-1.0510131481,0.27798444,7.850652e-05,0.0002090387,NA,NA,NA,NA,NA,NA,NA,NA,NA,NA,1
LOC111135201,NA,NA,NA,NA,NA,NA,NA,NA,NA,NA,154.72823182,1.1253779853,0.15540949,2.069141e-13,1.448804e-12,NA,NA,NA,NA,NA,NA,NA,NA,NA,NA,1
LOC111135204,NA,NA,NA,NA,NA,NA,NA,NA,NA,NA,76.06798278,1.7489358948,0.32587505,1.42107e-08,6.078959e-08,NA,NA,NA,NA,NA,NA,NA,NA,NA,NA,1
LOC111135208,NA,NA,NA,NA,NA,NA,NA,NA,NA,NA,1486.79114738,1.569940803,0.10311952,5.88619e-53,4.780299e-51,NA,NA,NA,NA,NA,NA,NA,NA,NA,NA,1
LOC111135209,NA,NA,NA,NA,NA,NA,NA,NA,NA,NA,330.05103016,-4.2933298818,0.39600104,3.098109e-29,7.11172e-28,NA,NA,NA,NA,NA,NA,NA,NA,NA,NA,1
LOC111135210,NA,NA,NA,NA,NA,NA,NA,NA,NA,NA,57.70707008,1.0451566316,0.3685472,0.002262693,0.004681735,NA,NA,NA,NA,NA,NA,NA,NA,NA,NA,1
LOC111135213,NA,NA,NA,NA,NA,NA,NA,NA,NA,NA,693.51145375,-1.2703070893,0.33136561,4.660056e-05,0.0001284541,NA,NA,NA,NA,NA,NA,NA,NA,NA,NA,1
LOC111135214,NA,NA,NA,NA,NA,NA,NA,NA,NA,NA,177.15193837,-1.8855198239,0.26388019,1.30227e-13,9.269483e-13,NA,NA,NA,NA,NA,NA,NA,NA,NA,NA,1
LOC111135218,NA,NA,NA,NA,NA,NA,NA,NA,NA,NA,154.92728633,-1.3437234595,0.33780485,2.302227e-05,6.621914e-05,NA,NA,NA,NA,NA,NA,NA,NA,NA,NA,1
LOC111135220,NA,NA,NA,NA,NA,NA,NA,NA,NA,NA,154.96947143,1.4466750127,0.43617986,0.0002525924,0.0006219087,NA,NA,NA,NA,NA,NA,NA,NA,NA,NA,1
LOC111135221,NA,NA,NA,NA,NA,NA,NA,NA,NA,NA,389.6319762,1.2005858019,0.33612757,0.0001441712,0.000368946,NA,NA,NA,NA,NA,NA,NA,NA,NA,NA,1
LOC111135230,NA,NA,NA,NA,NA,NA,NA,NA,NA,NA,110.38669388,-1.0875136447,0.20490818,5.407826e-08,2.175306e-07,NA,NA,NA,NA,NA,NA,NA,NA,NA,NA,1
LOC111135236,NA,NA,NA,NA,NA,NA,NA,NA,NA,NA,109.93079516,-1.3089563974,0.22064274,1.062828e-09,5.141477e-09,NA,NA,NA,NA,NA,NA,NA,NA,NA,NA,1
LOC111135246,NA,NA,NA,NA,NA,NA,NA,NA,NA,NA,37.18154093,1.889956022,0.43832524,2.259772e-06,7.430906e-06,NA,NA,NA,NA,NA,NA,NA,NA,NA,NA,1
LOC111135252,NA,NA,NA,NA,NA,NA,NA,NA,NA,NA,241.85460594,-1.2320775664,0.23738142,8.335246e-08,3.29233e-07,NA,NA,NA,NA,NA,NA,NA,NA,NA,NA,1
LOC111135254,NA,NA,NA,NA,NA,NA,NA,NA,NA,NA,317.85144777,-1.4383614985,0.1457402,1.672631e-23,2.672221e-22,NA,NA,NA,NA,NA,NA,NA,NA,NA,NA,1
LOC111135255,NA,NA,NA,NA,NA,NA,NA,NA,NA,NA,187.67102567,-1.0125212031,0.30891923,0.0005476392,0.001272365,NA,NA,NA,NA,NA,NA,NA,NA,NA,NA,1
LOC111135262,NA,NA,NA,NA,NA,NA,NA,NA,NA,NA,45.29993244,-1.0428406249,0.2825918,0.0001135615,0.0002961992,NA,NA,NA,NA,NA,NA,NA,NA,NA,NA,1
LOC111135276,NA,NA,NA,NA,NA,NA,NA,NA,NA,NA,99.2205831,-1.181278903,0.36709043,0.000535196,0.001246398,NA,NA,NA,NA,NA,NA,NA,NA,NA,NA,1
LOC111135279,NA,NA,NA,NA,NA,NA,NA,NA,NA,NA,225.43703198,1.0723613505,0.19037658,8.80825e-09,3.871441e-08,NA,NA,NA,NA,NA,NA,NA,NA,NA,NA,1
LOC111135284,NA,NA,NA,NA,NA,NA,NA,NA,NA,NA,84.49054234,-2.2088201377,0.40963327,6.122513e-09,2.734723e-08,NA,NA,NA,NA,NA,NA,NA,NA,NA,NA,1
LOC111135286,NA,NA,NA,NA,NA,NA,NA,NA,NA,NA,39.58912703,1.4531138649,0.35891756,1.440042e-05,4.250346e-05,NA,NA,NA,NA,NA,NA,NA,NA,NA,NA,1
LOC111135290,NA,NA,NA,NA,NA,NA,NA,NA,NA,NA,153.21828561,-1.4017002145,0.39756603,0.0001265139,0.0003275126,NA,NA,NA,NA,NA,NA,NA,NA,NA,NA,1
LOC111135297,NA,NA,NA,NA,NA,NA,NA,NA,NA,NA,285.16245161,1.1344275763,0.16783275,6.371873e-12,3.859123e-11,NA,NA,NA,NA,NA,NA,NA,NA,NA,NA,1
LOC111135302,NA,NA,NA,NA,NA,NA,NA,NA,NA,NA,80.34936474,-2.5865483181,0.35348417,1.409652e-14,1.088722e-13,NA,NA,NA,NA,NA,NA,NA,NA,NA,NA,1
LOC111135314,NA,NA,NA,NA,NA,NA,NA,NA,NA,NA,155.25776202,-1.2038979095,0.14848968,2.160838e-16,1.963066e-15,NA,NA,NA,NA,NA,NA,NA,NA,NA,NA,1
LOC111135319,NA,NA,NA,NA,NA,NA,NA,NA,NA,NA,265.1142217,1.7666597719,0.14734259,7.078447e-34,2.149602e-32,NA,NA,NA,NA,NA,NA,NA,NA,NA,NA,1
LOC111135320,NA,NA,NA,NA,NA,NA,NA,NA,NA,NA,516.41856276,-1.1233739626,0.26419254,9.713822e-06,2.944914e-05,NA,NA,NA,NA,NA,NA,NA,NA,NA,NA,1
LOC111135332,NA,NA,NA,NA,NA,NA,NA,NA,NA,NA,176.00989863,-1.2870108291,0.25219805,1.221953e-07,4.737553e-07,NA,NA,NA,NA,NA,NA,NA,NA,NA,NA,1
LOC111135335,NA,NA,NA,NA,NA,NA,NA,NA,NA,NA,399.42473771,1.2940562631,0.08946597,7.538356e-48,4.781727e-46,NA,NA,NA,NA,NA,NA,NA,NA,NA,NA,1
LOC111135336,NA,NA,NA,NA,NA,NA,NA,NA,NA,NA,88.70043465,1.028933357,0.4661506,0.01340196,0.02350863,NA,NA,NA,NA,NA,NA,NA,NA,NA,NA,1
LOC111135339,NA,NA,NA,NA,NA,NA,NA,NA,NA,NA,213.85907521,-1.1956805349,0.25471654,1.114972e-06,3.824801e-06,NA,NA,NA,NA,NA,NA,NA,NA,NA,NA,1
LOC111135340,NA,NA,NA,NA,NA,NA,NA,NA,NA,NA,165.91028545,-1.0276464936,0.38969106,0.004206957,0.008230411,NA,NA,NA,NA,NA,NA,NA,NA,NA,NA,1
LOC111135341,NA,NA,NA,NA,NA,NA,NA,NA,NA,NA,85.52077176,3.5768910748,0.3746764,3.04776e-23,4.768912e-22,NA,NA,NA,NA,NA,NA,NA,NA,NA,NA,1
LOC111135345,NA,NA,NA,NA,NA,NA,NA,NA,NA,NA,1637.03183796,2.1485611579,0.53595167,5.648383e-06,1.7762e-05,NA,NA,NA,NA,NA,NA,NA,NA,NA,NA,1
LOC111135351,NA,NA,NA,NA,NA,NA,NA,NA,NA,NA,239.81423998,-1.9599362218,0.27097598,6.12476e-14,4.487863e-13,NA,NA,NA,NA,NA,NA,NA,NA,NA,NA,1
LOC111135352,NA,NA,NA,NA,NA,NA,NA,NA,NA,NA,129.55289105,-1.1929312607,0.37305379,0.0005642039,0.001307168,NA,NA,NA,NA,NA,NA,NA,NA,NA,NA,1
LOC111135360,NA,NA,NA,NA,NA,NA,NA,NA,NA,NA,186.21253501,-1.1016144667,0.33572255,0.0004800362,0.00112727,NA,NA,NA,NA,NA,NA,NA,NA,NA,NA,1
LOC111135362,NA,NA,NA,NA,NA,NA,NA,NA,NA,NA,565.09114925,1.0725958841,0.37322316,0.001937069,0.004051781,NA,NA,NA,NA,NA,NA,NA,NA,NA,NA,1
LOC111135364,NA,NA,NA,NA,NA,NA,NA,NA,NA,NA,1077.58565743,-3.0710107748,0.27977708,1.765703e-29,4.097041e-28,NA,NA,NA,NA,NA,NA,NA,NA,NA,NA,1
LOC111135365,NA,NA,NA,NA,NA,NA,NA,NA,NA,NA,2081.60668155,1.5528891403,0.21400043,9.755586e-14,7.032944e-13,NA,NA,NA,NA,NA,NA,NA,NA,NA,NA,1
LOC111135369,NA,NA,NA,NA,NA,NA,NA,NA,NA,NA,1683.19092688,-1.0989763018,0.28312696,4.896724e-05,0.0001345971,NA,NA,NA,NA,NA,NA,NA,NA,NA,NA,1
LOC111135371,NA,NA,NA,NA,NA,NA,NA,NA,NA,NA,162.92046817,1.9987435478,0.18725325,1.66704e-27,3.449935e-26,NA,NA,NA,NA,NA,NA,NA,NA,NA,NA,1
LOC111135376,NA,NA,NA,NA,NA,NA,NA,NA,NA,NA,111.60240705,-1.087707877,0.18098591,9.055995e-10,4.408732e-09,NA,NA,NA,NA,NA,NA,NA,NA,NA,NA,1
LOC111135391,NA,NA,NA,NA,NA,NA,NA,NA,NA,NA,45.49183195,1.0260980791,0.46782168,0.01392831,0.02430991,NA,NA,NA,NA,NA,NA,NA,NA,NA,NA,1
LOC111135396,NA,NA,NA,NA,NA,NA,NA,NA,NA,NA,207.29005159,-1.6290889022,0.28826875,3.430781e-09,1.566353e-08,NA,NA,NA,NA,NA,NA,NA,NA,NA,NA,1
LOC111135399,NA,NA,NA,NA,NA,NA,NA,NA,NA,NA,93.08454885,-1.2996860072,0.31184313,1.092223e-05,3.280648e-05,NA,NA,NA,NA,NA,NA,NA,NA,NA,NA,1
LOC111135405,NA,NA,NA,NA,NA,NA,NA,NA,NA,NA,93.86390596,-1.7319273188,0.30655857,2.93986e-09,1.348536e-08,NA,NA,NA,NA,NA,NA,NA,NA,NA,NA,1
LOC111135409,NA,NA,NA,NA,NA,NA,NA,NA,NA,NA,83.75687118,-1.7212144538,0.32724681,2.672718e-08,1.108377e-07,NA,NA,NA,NA,NA,NA,NA,NA,NA,NA,1
LOC111135412,NA,NA,NA,NA,NA,NA,NA,NA,NA,NA,235.34099339,-1.0997069132,0.35843961,0.0009979379,0.002210765,NA,NA,NA,NA,NA,NA,NA,NA,NA,NA,1
LOC111135413,NA,NA,NA,NA,NA,NA,NA,NA,NA,NA,338.1613776,-1.5871970631,0.29559218,1.813696e-08,7.675808e-08,NA,NA,NA,NA,NA,NA,NA,NA,NA,NA,1
LOC111135416,NA,NA,NA,NA,NA,NA,NA,NA,NA,NA,251.17043417,-1.9295346989,0.33443364,1.065856e-09,5.152199e-09,NA,NA,NA,NA,NA,NA,NA,NA,NA,NA,1
LOC111135424,NA,NA,NA,NA,NA,NA,NA,NA,NA,NA,119.60359844,-2.9955893616,0.30384697,2.367251e-24,3.958959e-23,NA,NA,NA,NA,NA,NA,NA,NA,NA,NA,1
LOC111135426,NA,NA,NA,NA,NA,NA,NA,NA,NA,NA,281.07467887,-3.4468555225,0.27143476,1.589448e-38,6.151219e-37,NA,NA,NA,NA,NA,NA,NA,NA,NA,NA,1
LOC111135439,NA,NA,NA,NA,NA,NA,NA,NA,NA,NA,83.93163016,-2.1983664678,0.23806818,2.413673e-21,3.304543e-20,NA,NA,NA,NA,NA,NA,NA,NA,NA,NA,1
LOC111135443,NA,NA,NA,NA,NA,NA,NA,NA,NA,NA,218.14531872,1.4886337715,0.31659053,6.872718e-07,2.421148e-06,NA,NA,NA,NA,NA,NA,NA,NA,NA,NA,1
LOC111135459,NA,NA,NA,NA,NA,NA,NA,NA,NA,NA,2179.66189775,1.5495503013,0.44490917,0.0001172793,0.0003052281,NA,NA,NA,NA,NA,NA,NA,NA,NA,NA,1
LOC111135461,NA,NA,NA,NA,NA,NA,NA,NA,NA,NA,69.83213054,-1.3445065265,0.27939233,4.99199e-07,1.793369e-06,NA,NA,NA,NA,NA,NA,NA,NA,NA,NA,1
LOC111135463,NA,NA,NA,NA,NA,NA,NA,NA,NA,NA,97.72942133,-1.2211732086,0.35722739,0.0002476258,0.0006106623,NA,NA,NA,NA,NA,NA,NA,NA,NA,NA,1
LOC111135468,NA,NA,NA,NA,NA,NA,NA,NA,NA,NA,393.7436111,5.0164576289,0.78444404,9.600909e-13,6.34536e-12,NA,NA,NA,NA,NA,NA,NA,NA,NA,NA,1
LOC111135469,NA,NA,NA,NA,NA,NA,NA,NA,NA,NA,19.09260757,2.018009137,0.42477033,2.336228e-07,8.772107e-07,NA,NA,NA,NA,NA,NA,NA,NA,NA,NA,1
LOC111135475,NA,NA,NA,NA,NA,NA,NA,NA,NA,NA,3620.54699989,6.1044180091,0.34831988,4.982234e-71,7.417992e-69,NA,NA,NA,NA,NA,NA,NA,NA,NA,NA,1
LOC111135484,NA,NA,NA,NA,NA,NA,NA,NA,NA,NA,789.86865092,-2.4788672226,0.21476534,5.312735e-32,1.479286e-30,NA,NA,NA,NA,NA,NA,NA,NA,NA,NA,1
LOC111135485,NA,NA,NA,NA,NA,NA,NA,NA,NA,NA,290.18874239,1.3398799503,0.2302815,2.017697e-09,9.457679e-09,NA,NA,NA,NA,NA,NA,NA,NA,NA,NA,1
LOC111135497,NA,NA,NA,NA,NA,NA,NA,NA,NA,NA,311.00030702,-1.0421287805,0.52152484,0.021671,0.0362084,NA,NA,NA,NA,NA,NA,NA,NA,NA,NA,1
LOC111135500,NA,NA,NA,NA,NA,NA,NA,NA,NA,NA,235.81200762,1.5047292686,0.16038729,1.72784e-21,2.374672e-20,NA,NA,NA,NA,NA,NA,NA,NA,NA,NA,1
LOC111135510,NA,NA,NA,NA,NA,NA,NA,NA,NA,NA,423.46661226,2.5314001691,0.1550975,4.369812e-61,4.829318e-59,NA,NA,NA,NA,NA,NA,NA,NA,NA,NA,1
LOC111135512,NA,NA,NA,NA,NA,NA,NA,NA,NA,NA,235.87417888,4.052588399,0.31754354,4.590647e-39,1.836259e-37,NA,NA,NA,NA,NA,NA,NA,NA,NA,NA,1
LOC111135522,NA,NA,NA,NA,NA,NA,NA,NA,NA,NA,292.12349685,-2.7883826238,0.19534537,1.51434e-47,9.383657e-46,NA,NA,NA,NA,NA,NA,NA,NA,NA,NA,1
LOC111135524,NA,NA,NA,NA,NA,NA,NA,NA,NA,NA,50.69517202,1.5563871649,0.48767213,0.0003276257,0.000790668,NA,NA,NA,NA,NA,NA,NA,NA,NA,NA,1
LOC111135536,NA,NA,NA,NA,NA,NA,NA,NA,NA,NA,141.94402005,-1.6620120001,0.30604869,1.14594e-08,4.957415e-08,NA,NA,NA,NA,NA,NA,NA,NA,NA,NA,1
LOC111135537,NA,NA,NA,NA,NA,NA,NA,NA,NA,NA,160.23779999,-1.5492107944,0.17907739,1.265707e-18,1.374709e-17,NA,NA,NA,NA,NA,NA,NA,NA,NA,NA,1
LOC111135539,NA,NA,NA,NA,NA,NA,NA,NA,NA,NA,112.26681278,-1.8177954513,0.25304227,1.093637e-13,7.847251e-13,NA,NA,NA,NA,NA,NA,NA,NA,NA,NA,1
LOC111135551,NA,NA,NA,NA,NA,NA,NA,NA,NA,NA,186.26598575,-1.6668588326,0.49652834,0.0001533266,0.0003905111,NA,NA,NA,NA,NA,NA,NA,NA,NA,NA,1
LOC111135552,NA,NA,NA,NA,NA,NA,NA,NA,NA,NA,154.26015428,-1.8679646238,0.27680974,2.226538e-12,1.413173e-11,NA,NA,NA,NA,NA,NA,NA,NA,NA,NA,1
LOC111135570,NA,NA,NA,NA,NA,NA,NA,NA,NA,NA,228.93169344,-1.6011754785,0.19759764,1.221027e-16,1.136233e-15,NA,NA,NA,NA,NA,NA,NA,NA,NA,NA,1
LOC111135574,NA,NA,NA,NA,NA,NA,NA,NA,NA,NA,83.87282146,-1.1565896093,0.2347237,3.674974e-07,1.341916e-06,NA,NA,NA,NA,NA,NA,NA,NA,NA,NA,1
LOC111135575,NA,NA,NA,NA,NA,NA,NA,NA,NA,NA,399.36412663,1.4662947587,0.24315893,4.581596e-10,2.31128e-09,NA,NA,NA,NA,NA,NA,NA,NA,NA,NA,1
LOC111135578,NA,NA,NA,NA,NA,NA,NA,NA,NA,NA,106.67681385,-1.0409050244,0.20581686,2.191979e-07,8.259409e-07,NA,NA,NA,NA,NA,NA,NA,NA,NA,NA,1
LOC111135582,NA,NA,NA,NA,NA,NA,NA,NA,NA,NA,208.25519216,1.6814287056,0.34776863,2.616206e-07,9.744866e-07,NA,NA,NA,NA,NA,NA,NA,NA,NA,NA,1
LOC111135592,NA,NA,NA,NA,NA,NA,NA,NA,NA,NA,75.42990398,1.2615897518,0.26079009,4.981174e-07,1.790083e-06,NA,NA,NA,NA,NA,NA,NA,NA,NA,NA,1
LOC111135616,NA,NA,NA,NA,NA,NA,NA,NA,NA,NA,192.31657947,1.4771350509,0.31024492,5.234251e-07,1.874121e-06,NA,NA,NA,NA,NA,NA,NA,NA,NA,NA,1
LOC111135619,NA,NA,NA,NA,NA,NA,NA,NA,NA,NA,92.88206404,-1.5800013951,0.20073898,8.298707e-16,7.094269e-15,NA,NA,NA,NA,NA,NA,NA,NA,NA,NA,1
LOC111135620,NA,NA,NA,NA,NA,NA,NA,NA,NA,NA,66.65426803,-1.6727987117,0.41228331,9.753931e-06,2.956238e-05,NA,NA,NA,NA,NA,NA,NA,NA,NA,NA,1
LOC111135624,NA,NA,NA,NA,NA,NA,NA,NA,NA,NA,166.84115527,5.6681505641,0.30453658,1.759736e-79,3.197351e-77,NA,NA,NA,NA,NA,NA,NA,NA,NA,NA,1
LOC111135625,NA,NA,NA,NA,NA,NA,NA,NA,NA,NA,120.10609337,1.7322866735,0.36784831,4.492776e-07,1.623275e-06,NA,NA,NA,NA,NA,NA,NA,NA,NA,NA,1
LOC111135634,NA,NA,NA,NA,NA,NA,NA,NA,NA,NA,229.30570061,-1.8449305436,0.22564098,4.540301e-17,4.376981e-16,NA,NA,NA,NA,NA,NA,NA,NA,NA,NA,1
LOC111135635,NA,NA,NA,NA,NA,NA,NA,NA,NA,NA,143.68940258,-1.4619547536,0.28707353,9.873637e-08,3.864381e-07,NA,NA,NA,NA,NA,NA,NA,NA,NA,NA,1
LOC111135641,NA,NA,NA,NA,NA,NA,NA,NA,NA,NA,138.26687133,-1.2895670188,0.25087369,1.000016e-07,3.912471e-07,NA,NA,NA,NA,NA,NA,NA,NA,NA,NA,1
LOC111135658,NA,NA,NA,NA,NA,NA,NA,NA,NA,NA,31.08762385,2.1959815108,0.40352023,4.723434e-09,2.12396e-08,NA,NA,NA,NA,NA,NA,NA,NA,NA,NA,1
LOC111135660,NA,NA,NA,NA,NA,NA,NA,NA,NA,NA,65.25520378,1.5168573075,0.23323757,2.03302e-11,1.174877e-10,NA,NA,NA,NA,NA,NA,NA,NA,NA,NA,1
LOC111135663,NA,NA,NA,NA,NA,NA,NA,NA,NA,NA,61.75616495,-1.6205274475,0.28413248,2.565674e-09,1.184497e-08,NA,NA,NA,NA,NA,NA,NA,NA,NA,NA,1
LOC111135666,NA,NA,NA,NA,NA,NA,NA,NA,NA,NA,58.86783045,2.6089562502,0.21669342,1.248437e-34,3.947861e-33,NA,NA,NA,NA,NA,NA,NA,NA,NA,NA,1
LOC111135670,NA,NA,NA,NA,NA,NA,NA,NA,NA,NA,391.40058197,-1.1217132037,0.16775727,1.068052e-11,6.332696e-11,NA,NA,NA,NA,NA,NA,NA,NA,NA,NA,1
LOC111135685,NA,NA,NA,NA,NA,NA,NA,NA,NA,NA,91.14994307,-1.2518471731,0.2058733,4.642795e-10,2.338852e-09,NA,NA,NA,NA,NA,NA,NA,NA,NA,NA,1
LOC111135687,NA,NA,NA,NA,NA,NA,NA,NA,NA,NA,689.72674086,-2.908514621,0.3928417,5.181662e-15,4.154631e-14,NA,NA,NA,NA,NA,NA,NA,NA,NA,NA,1
LOC111135693,NA,NA,NA,NA,NA,NA,NA,NA,NA,NA,203.08861517,1.8298139344,0.25297734,7.472099e-14,5.441638e-13,NA,NA,NA,NA,NA,NA,NA,NA,NA,NA,1
LOC111135706,NA,NA,NA,NA,NA,NA,NA,NA,NA,NA,214.59761658,-1.0657580585,0.43132975,0.006390375,0.01200996,NA,NA,NA,NA,NA,NA,NA,NA,NA,NA,1
LOC111135708,NA,NA,NA,NA,NA,NA,NA,NA,NA,NA,19.35573128,1.3799925796,0.36068866,4.06437e-05,0.0001129636,NA,NA,NA,NA,NA,NA,NA,NA,NA,NA,1
LOC111135719,NA,NA,NA,NA,NA,NA,NA,NA,NA,NA,77.2394922,1.4313778108,0.26669611,2.353102e-08,9.826743e-08,NA,NA,NA,NA,NA,NA,NA,NA,NA,NA,1
LOC111135724,NA,NA,NA,NA,NA,NA,NA,NA,NA,NA,117.22699142,-2.4529993941,0.2096607,8.657116e-33,2.494739e-31,NA,NA,NA,NA,NA,NA,NA,NA,NA,NA,1
LOC111135729,NA,NA,NA,NA,NA,NA,NA,NA,NA,NA,56.63466466,1.3868410116,0.33292108,9.645084e-06,2.928216e-05,NA,NA,NA,NA,NA,NA,NA,NA,NA,NA,1
LOC111135732,NA,NA,NA,NA,NA,NA,NA,NA,NA,NA,812.38761494,1.0752171807,0.10797068,1.159472e-23,1.869104e-22,NA,NA,NA,NA,NA,NA,NA,NA,NA,NA,1
LOC111135733,NA,NA,NA,NA,NA,NA,NA,NA,NA,NA,258.39644313,-1.0313169204,0.34061112,0.001249558,0.002713788,NA,NA,NA,NA,NA,NA,NA,NA,NA,NA,1
LOC111135735,NA,NA,NA,NA,NA,NA,NA,NA,NA,NA,217.12371399,-1.4815485319,0.29924606,1.999106e-07,7.561896e-07,NA,NA,NA,NA,NA,NA,NA,NA,NA,NA,1
LOC111135736,NA,NA,NA,NA,NA,NA,NA,NA,NA,NA,243.84824594,-2.3938763486,0.26435947,9.768806e-21,1.266283e-19,NA,NA,NA,NA,NA,NA,NA,NA,NA,NA,1
LOC111135738,NA,NA,NA,NA,NA,NA,NA,NA,NA,NA,103.22545318,-1.163203194,0.21930125,4.962484e-08,2.003685e-07,NA,NA,NA,NA,NA,NA,NA,NA,NA,NA,1
LOC111135744,NA,NA,NA,NA,NA,NA,NA,NA,NA,NA,46.02710791,-1.2130370558,0.24978717,4.866777e-07,1.751321e-06,NA,NA,NA,NA,NA,NA,NA,NA,NA,NA,1
LOC111135755,NA,NA,NA,NA,NA,NA,NA,NA,NA,NA,61.1172359,-2.0148099794,0.30937749,8.769293e-12,5.245917e-11,NA,NA,NA,NA,NA,NA,NA,NA,NA,NA,1
LOC111135770,NA,NA,NA,NA,NA,NA,NA,NA,NA,NA,171.11388117,-2.2349793007,0.24918312,2.631776e-20,3.303588e-19,NA,NA,NA,NA,NA,NA,NA,NA,NA,NA,1
LOC111135775,NA,NA,NA,NA,NA,NA,NA,NA,NA,NA,27.87476126,2.8227392333,0.30056928,2.633521e-22,3.862017e-21,NA,NA,NA,NA,NA,NA,NA,NA,NA,NA,1
LOC111135782,NA,NA,NA,NA,NA,NA,NA,NA,NA,NA,283.79465513,4.4997758317,0.19132266,3.653138e-124,2.303626e-121,NA,NA,NA,NA,NA,NA,NA,NA,NA,NA,1
LOC111135787,NA,NA,NA,NA,NA,NA,NA,NA,NA,NA,85.37583888,1.1164084364,0.33645506,0.0004128638,0.0009774513,NA,NA,NA,NA,NA,NA,NA,NA,NA,NA,1
LOC111135793,NA,NA,NA,NA,NA,NA,NA,NA,NA,NA,56.9917199,-1.138440283,0.27914802,2.033584e-05,5.89349e-05,NA,NA,NA,NA,NA,NA,NA,NA,NA,NA,1
LOC111135795,NA,NA,NA,NA,NA,NA,NA,NA,NA,NA,181.56855002,-2.5575130787,0.29273304,1.411929e-19,1.663283e-18,NA,NA,NA,NA,NA,NA,NA,NA,NA,NA,1
LOC111135800,NA,NA,NA,NA,NA,NA,NA,NA,NA,NA,105.7919441,-1.5214858626,0.23845908,4.536379e-11,2.550078e-10,NA,NA,NA,NA,NA,NA,NA,NA,NA,NA,1
LOC111135801,NA,NA,NA,NA,NA,NA,NA,NA,NA,NA,72.88466398,-1.489732279,0.22650644,1.298434e-11,7.635335e-11,NA,NA,NA,NA,NA,NA,NA,NA,NA,NA,1
LOC111135803,NA,NA,NA,NA,NA,NA,NA,NA,NA,NA,117.99864759,-3.3027755448,0.3559522,4.853166e-22,7.021045e-21,NA,NA,NA,NA,NA,NA,NA,NA,NA,NA,1
LOC111135819,NA,NA,NA,NA,NA,NA,NA,NA,NA,NA,116.89523874,-1.2690502213,0.18429823,2.180612e-12,1.385665e-11,NA,NA,NA,NA,NA,NA,NA,NA,NA,NA,1
LOC111135827,NA,NA,NA,NA,NA,NA,NA,NA,NA,NA,219.90649434,-1.2812323087,0.17505665,9.331839e-14,6.750157e-13,NA,NA,NA,NA,NA,NA,NA,NA,NA,NA,1
LOC111135828,NA,NA,NA,NA,NA,NA,NA,NA,NA,NA,401.45473815,1.3357572144,0.17863363,2.606034e-14,1.963225e-13,NA,NA,NA,NA,NA,NA,NA,NA,NA,NA,1
LOC111135835,NA,NA,NA,NA,NA,NA,NA,NA,NA,NA,149.5379564,-1.572508146,0.18586649,6.366933e-18,6.588178e-17,NA,NA,NA,NA,NA,NA,NA,NA,NA,NA,1
LOC111135836,NA,NA,NA,NA,NA,NA,NA,NA,NA,NA,461.35127752,-4.3024723685,0.47953296,3.832087e-21,5.167292e-20,NA,NA,NA,NA,NA,NA,NA,NA,NA,NA,1
LOC111135837,NA,NA,NA,NA,NA,NA,NA,NA,NA,NA,177.17737009,-1.335413864,0.34167208,3.109886e-05,8.793981e-05,NA,NA,NA,NA,NA,NA,NA,NA,NA,NA,1
LOC111135841,NA,NA,NA,NA,NA,NA,NA,NA,NA,NA,95.52298159,-1.0499674812,0.17839713,2.03213e-09,9.521166e-09,NA,NA,NA,NA,NA,NA,NA,NA,NA,NA,1
LOC111135844,NA,NA,NA,NA,NA,NA,NA,NA,NA,NA,127.81788447,-1.3041801775,0.21787013,7.715097e-10,3.793846e-09,NA,NA,NA,NA,NA,NA,NA,NA,NA,NA,1
LOC111135845,NA,NA,NA,NA,NA,NA,NA,NA,NA,NA,745.09909063,-1.0029233601,0.3937699,0.005626829,0.01070256,NA,NA,NA,NA,NA,NA,NA,NA,NA,NA,1
LOC111135846,NA,NA,NA,NA,NA,NA,NA,NA,NA,NA,253.47520691,-1.9910965746,0.2134441,1.340521e-21,1.856639e-20,NA,NA,NA,NA,NA,NA,NA,NA,NA,NA,1
LOC111135847,NA,NA,NA,NA,NA,NA,NA,NA,NA,NA,235.2257212,-3.4167005082,0.36889498,5.154956e-22,7.437568e-21,NA,NA,NA,NA,NA,NA,NA,NA,NA,NA,1
LOC111135849,NA,NA,NA,NA,NA,NA,NA,NA,NA,NA,5016.78066449,1.3858456442,0.40461802,0.0001882157,0.0004726334,NA,NA,NA,NA,NA,NA,NA,NA,NA,NA,1
LOC111135852,NA,NA,NA,NA,NA,NA,NA,NA,NA,NA,142.36843531,-1.9184792082,0.18352955,1.975767e-26,3.792506e-25,NA,NA,NA,NA,NA,NA,NA,NA,NA,NA,1
LOC111135856,NA,NA,NA,NA,NA,NA,NA,NA,NA,NA,59.05285275,-1.4131751327,0.22002854,4.078413e-11,2.302295e-10,NA,NA,NA,NA,NA,NA,NA,NA,NA,NA,1
LOC111135858,NA,NA,NA,NA,NA,NA,NA,NA,NA,NA,312.9676594,1.0363078994,0.25956857,3.358849e-05,9.440707e-05,NA,NA,NA,NA,NA,NA,NA,NA,NA,NA,1
LOC111135859,NA,NA,NA,NA,NA,NA,NA,NA,NA,NA,10374.32589635,2.8071743805,0.41002434,3.250475e-13,2.23366e-12,NA,NA,NA,NA,NA,NA,NA,NA,NA,NA,1
LOC111135865,NA,NA,NA,NA,NA,NA,NA,NA,NA,NA,798.88525314,-3.3993859835,0.33367148,5.968467e-26,1.114668e-24,NA,NA,NA,NA,NA,NA,NA,NA,NA,NA,1
LOC111135889,NA,NA,NA,NA,NA,NA,NA,NA,NA,NA,246.77349914,1.0850544447,0.12942821,2.533523e-17,2.500862e-16,NA,NA,NA,NA,NA,NA,NA,NA,NA,NA,1
LOC111135890,NA,NA,NA,NA,NA,NA,NA,NA,NA,NA,3209.18602159,1.0055753787,0.35554109,0.002440551,0.005012972,NA,NA,NA,NA,NA,NA,NA,NA,NA,NA,1
LOC111135896,NA,NA,NA,NA,NA,NA,NA,NA,NA,NA,114.25534495,-2.5276766412,0.23069098,3.811165e-29,8.655866e-28,NA,NA,NA,NA,NA,NA,NA,NA,NA,NA,1
LOC111135909,NA,NA,NA,NA,NA,NA,NA,NA,NA,NA,444.80502366,-1.4136267298,0.34809631,1.453322e-05,4.28836e-05,NA,NA,NA,NA,NA,NA,NA,NA,NA,NA,1
LOC111135910,NA,NA,NA,NA,NA,NA,NA,NA,NA,NA,32.42499764,2.0171065652,0.28609739,2.117605e-13,1.480804e-12,NA,NA,NA,NA,NA,NA,NA,NA,NA,NA,1
LOC111135917,NA,NA,NA,NA,NA,NA,NA,NA,NA,NA,1123.14978137,5.7619397554,0.66450815,1.989336e-20,2.520766e-19,NA,NA,NA,NA,NA,NA,NA,NA,NA,NA,1
LOC111135926,NA,NA,NA,NA,NA,NA,NA,NA,NA,NA,531.41984055,-1.5816936474,0.21720922,7.722276e-14,5.6162e-13,NA,NA,NA,NA,NA,NA,NA,NA,NA,NA,1
LOC111135931,NA,NA,NA,NA,NA,NA,NA,NA,NA,NA,376.66114717,-1.3079309305,0.2221545,1.39836e-09,6.653539e-09,NA,NA,NA,NA,NA,NA,NA,NA,NA,NA,1
LOC111135933,NA,NA,NA,NA,NA,NA,NA,NA,NA,NA,298.54425076,1.5467761937,0.30910011,1.370248e-07,5.285734e-07,NA,NA,NA,NA,NA,NA,NA,NA,NA,NA,1
LOC111135935,NA,NA,NA,NA,NA,NA,NA,NA,NA,NA,171.06011665,-1.8618504318,0.37708747,1.167577e-07,4.536579e-07,NA,NA,NA,NA,NA,NA,NA,NA,NA,NA,1
LOC111135940,NA,NA,NA,NA,NA,NA,NA,NA,NA,NA,79.46520024,-1.3647419373,0.22867194,7.856872e-10,3.860021e-09,NA,NA,NA,NA,NA,NA,NA,NA,NA,NA,1
LOC111135948,NA,NA,NA,NA,NA,NA,NA,NA,NA,NA,274.74585583,-2.1533192574,0.19119231,1.994804e-30,4.893433e-29,NA,NA,NA,NA,NA,NA,NA,NA,NA,NA,1
LOC111135951,NA,NA,NA,NA,NA,NA,NA,NA,NA,NA,65.23565673,-1.4917579802,0.26756556,6.619963e-09,2.942206e-08,NA,NA,NA,NA,NA,NA,NA,NA,NA,NA,1
LOC111135952,NA,NA,NA,NA,NA,NA,NA,NA,NA,NA,206.09781934,1.8227064696,0.17038898,1.69447e-27,3.499946e-26,NA,NA,NA,NA,NA,NA,NA,NA,NA,NA,1
LOC111135960,NA,NA,NA,NA,NA,NA,NA,NA,NA,NA,370.34565471,1.1352241977,0.15441584,8.995761e-14,6.529083e-13,NA,NA,NA,NA,NA,NA,NA,NA,NA,NA,1
LOC111135964,NA,NA,NA,NA,NA,NA,NA,NA,NA,NA,452.42591171,1.2524733657,0.15797547,8.669994e-16,7.399867e-15,NA,NA,NA,NA,NA,NA,NA,NA,NA,NA,1
LOC111135983,NA,NA,NA,NA,NA,NA,NA,NA,NA,NA,108.83761249,3.013259003,0.23176805,4.609996e-40,2.008909e-38,NA,NA,NA,NA,NA,NA,NA,NA,NA,NA,1
LOC111135984,NA,NA,NA,NA,NA,NA,NA,NA,NA,NA,72.76690708,1.2687903166,0.24355913,7.128697e-08,2.839823e-07,NA,NA,NA,NA,NA,NA,NA,NA,NA,NA,1
LOC111135985,NA,NA,NA,NA,NA,NA,NA,NA,NA,NA,705.66542469,6.4983927642,0.23451585,2.583284e-171,5.538561e-168,NA,NA,NA,NA,NA,NA,NA,NA,NA,NA,1
LOC111135994,NA,NA,NA,NA,NA,NA,NA,NA,NA,NA,113.19369972,-1.5530580427,0.31084834,1.413455e-07,5.448487e-07,NA,NA,NA,NA,NA,NA,NA,NA,NA,NA,1
LOC111135996,NA,NA,NA,NA,NA,NA,NA,NA,NA,NA,59.6305913,1.8630235804,0.45712771,6.650044e-06,2.069932e-05,NA,NA,NA,NA,NA,NA,NA,NA,NA,NA,1
LOC111135999,NA,NA,NA,NA,NA,NA,NA,NA,NA,NA,117.18865633,-1.9293133762,0.26994727,1.203025e-13,8.603351e-13,NA,NA,NA,NA,NA,NA,NA,NA,NA,NA,1
LOC111136002,NA,NA,NA,NA,NA,NA,NA,NA,NA,NA,509.59636253,-1.1719292381,0.34707779,0.0003096737,0.0007503847,NA,NA,NA,NA,NA,NA,NA,NA,NA,NA,1
LOC111136005,NA,NA,NA,NA,NA,NA,NA,NA,NA,NA,121.61559282,-1.211926458,0.20433683,1.236393e-09,5.909111e-09,NA,NA,NA,NA,NA,NA,NA,NA,NA,NA,1
LOC111136015,NA,NA,NA,NA,NA,NA,NA,NA,NA,NA,453.66817172,-1.139477784,0.22655796,2.223096e-07,8.370772e-07,NA,NA,NA,NA,NA,NA,NA,NA,NA,NA,1
LOC111136029,NA,NA,NA,NA,NA,NA,NA,NA,NA,NA,123.19158229,-2.6081804304,0.23788639,3.223592e-29,7.36821e-28,NA,NA,NA,NA,NA,NA,NA,NA,NA,NA,1
LOC111136032,NA,NA,NA,NA,NA,NA,NA,NA,NA,NA,85.39498198,-1.9521481734,0.29766049,7.100121e-12,4.283247e-11,NA,NA,NA,NA,NA,NA,NA,NA,NA,NA,1
LOC111136037,NA,NA,NA,NA,NA,NA,NA,NA,NA,NA,742.81436255,2.8012988266,0.57409305,4.209262e-08,1.714411e-07,NA,NA,NA,NA,NA,NA,NA,NA,NA,NA,1
LOC111136039,NA,NA,NA,NA,NA,NA,NA,NA,NA,NA,4248.7554152,2.12344667,0.24760571,1.008662e-18,1.109011e-17,NA,NA,NA,NA,NA,NA,NA,NA,NA,NA,1
LOC111136043,NA,NA,NA,NA,NA,NA,NA,NA,NA,NA,449.04234879,2.8204692204,0.29319501,2.94764e-23,4.619694e-22,NA,NA,NA,NA,NA,NA,NA,NA,NA,NA,1
LOC111136045,NA,NA,NA,NA,NA,NA,NA,NA,NA,NA,266.05113747,1.3489049394,0.20409767,1.30097e-11,7.646052e-11,NA,NA,NA,NA,NA,NA,NA,NA,NA,NA,1
LOC111136061,NA,NA,NA,NA,NA,NA,NA,NA,NA,NA,71.94585623,-1.7082756061,0.30344839,3.42905e-09,1.56623e-08,NA,NA,NA,NA,NA,NA,NA,NA,NA,NA,1
LOC111136063,NA,NA,NA,NA,NA,NA,NA,NA,NA,NA,19.27808361,1.8956582009,0.38560154,1.234444e-07,4.782521e-07,NA,NA,NA,NA,NA,NA,NA,NA,NA,NA,1
LOC111136064,NA,NA,NA,NA,NA,NA,NA,NA,NA,NA,268.10673683,-3.1384896225,0.39795445,9.831086e-17,9.220406e-16,NA,NA,NA,NA,NA,NA,NA,NA,NA,NA,1
LOC111136066,NA,NA,NA,NA,NA,NA,NA,NA,NA,NA,130.8593318,1.2700866185,0.32645048,3.694575e-05,0.0001031134,NA,NA,NA,NA,NA,NA,NA,NA,NA,NA,1
LOC111136073,NA,NA,NA,NA,NA,NA,NA,NA,NA,NA,138.31075862,-1.0121921312,0.16831603,9.754836e-10,4.733899e-09,NA,NA,NA,NA,NA,NA,NA,NA,NA,NA,1
LOC111136074,NA,NA,NA,NA,NA,NA,NA,NA,NA,NA,104.21437885,-1.3935472999,0.29056853,5.021687e-07,1.802829e-06,NA,NA,NA,NA,NA,NA,NA,NA,NA,NA,1
LOC111136075,NA,NA,NA,NA,NA,NA,NA,NA,NA,NA,57.25271395,-1.6254388651,0.26394085,1.598933e-10,8.506483e-10,NA,NA,NA,NA,NA,NA,NA,NA,NA,NA,1
LOC111136085,NA,NA,NA,NA,NA,NA,NA,NA,NA,NA,1325.27880879,1.2865513381,0.07610835,1.567524e-64,2.000459e-62,NA,NA,NA,NA,NA,NA,NA,NA,NA,NA,1
LOC111136086,NA,NA,NA,NA,NA,NA,NA,NA,NA,NA,279.0071087,-1.4257245264,0.41551528,0.0001728546,0.0004362056,NA,NA,NA,NA,NA,NA,NA,NA,NA,NA,1
LOC111136087,NA,NA,NA,NA,NA,NA,NA,NA,NA,NA,197.21250071,-2.4451743678,0.26935289,7.457197e-21,9.79671e-20,NA,NA,NA,NA,NA,NA,NA,NA,NA,NA,1
LOC111136093,NA,NA,NA,NA,NA,NA,NA,NA,NA,NA,147.63990647,-1.0028618025,0.19545717,1.562092e-07,5.997718e-07,NA,NA,NA,NA,NA,NA,NA,NA,NA,NA,1
LOC111136095,NA,NA,NA,NA,NA,NA,NA,NA,NA,NA,133.1898919,-1.7642659297,0.27829412,4.022237e-11,2.27178e-10,NA,NA,NA,NA,NA,NA,NA,NA,NA,NA,1
LOC111136102,NA,NA,NA,NA,NA,NA,NA,NA,NA,NA,119.15022237,-1.2244896795,0.31424114,3.854934e-05,0.0001073866,NA,NA,NA,NA,NA,NA,NA,NA,NA,NA,1
LOC111136119,NA,NA,NA,NA,NA,NA,NA,NA,NA,NA,68.4637679,-1.6250832281,0.26565652,2.071636e-10,1.085432e-09,NA,NA,NA,NA,NA,NA,NA,NA,NA,NA,1
LOC111136127,NA,NA,NA,NA,NA,NA,NA,NA,NA,NA,276.19759942,-2.4283964899,0.24993967,1.782367e-23,2.8433e-22,NA,NA,NA,NA,NA,NA,NA,NA,NA,NA,1
LOC111136128,NA,NA,NA,NA,NA,NA,NA,NA,NA,NA,86.16099036,-1.2482694654,0.24543411,1.416825e-07,5.459514e-07,NA,NA,NA,NA,NA,NA,NA,NA,NA,NA,1
LOC111136140,NA,NA,NA,NA,NA,NA,NA,NA,NA,NA,464.35337661,1.0784440741,0.13477534,6.092471e-16,5.305548e-15,NA,NA,NA,NA,NA,NA,NA,NA,NA,NA,1
LOC111136144,NA,NA,NA,NA,NA,NA,NA,NA,NA,NA,88.23943194,1.9631309933,0.18928511,4.368782e-26,8.201986e-25,NA,NA,NA,NA,NA,NA,NA,NA,NA,NA,1
LOC111136146,NA,NA,NA,NA,NA,NA,NA,NA,NA,NA,178.50449058,-3.371790507,0.24388436,5.071037e-45,2.718076e-43,NA,NA,NA,NA,NA,NA,NA,NA,NA,NA,1
LOC111136148,NA,NA,NA,NA,NA,NA,NA,NA,NA,NA,1353.195635,-1.4039302269,0.11870427,8.840872e-33,2.540862e-31,NA,NA,NA,NA,NA,NA,NA,NA,NA,NA,1
LOC111136149,NA,NA,NA,NA,NA,NA,NA,NA,NA,NA,152.74008311,-1.0513172176,0.39796204,0.004020272,0.007896247,NA,NA,NA,NA,NA,NA,NA,NA,NA,NA,1
LOC111136152,NA,NA,NA,NA,NA,NA,NA,NA,NA,NA,387.68054804,1.7790338034,0.14012173,1.07568e-37,4.046066e-36,NA,NA,NA,NA,NA,NA,NA,NA,NA,NA,1
LOC111136154,NA,NA,NA,NA,NA,NA,NA,NA,NA,NA,39.39872193,1.3924799853,0.44028113,0.0004697403,0.00110406,NA,NA,NA,NA,NA,NA,NA,NA,NA,NA,1
LOC111136158,NA,NA,NA,NA,NA,NA,NA,NA,NA,NA,52.25182316,1.2120398905,0.35509625,0.0002557714,0.000628725,NA,NA,NA,NA,NA,NA,NA,NA,NA,NA,1
LOC111136161,NA,NA,NA,NA,NA,NA,NA,NA,NA,NA,441.401859,1.2565756193,0.39089683,0.0004846349,0.001137073,NA,NA,NA,NA,NA,NA,NA,NA,NA,NA,1
LOC111136163,NA,NA,NA,NA,NA,NA,NA,NA,NA,NA,148.20815768,-2.1398654168,0.24220028,1.0039e-19,1.206481e-18,NA,NA,NA,NA,NA,NA,NA,NA,NA,NA,1
LOC111136164,NA,NA,NA,NA,NA,NA,NA,NA,NA,NA,366.59646164,1.2945503779,0.1367973,1.097989e-21,1.528629e-20,NA,NA,NA,NA,NA,NA,NA,NA,NA,NA,1
LOC111136165,NA,NA,NA,NA,NA,NA,NA,NA,NA,NA,19.890318,2.2475366748,0.42162495,8.135457e-09,3.590453e-08,NA,NA,NA,NA,NA,NA,NA,NA,NA,NA,1
LOC111136168,NA,NA,NA,NA,NA,NA,NA,NA,NA,NA,358.84795025,4.210334093,0.215229,5.376252e-87,1.176192e-84,NA,NA,NA,NA,NA,NA,NA,NA,NA,NA,1
LOC111136169,NA,NA,NA,NA,NA,NA,NA,NA,NA,NA,167.29146365,1.3649614448,0.19103327,2.958417e-13,2.040813e-12,NA,NA,NA,NA,NA,NA,NA,NA,NA,NA,1
LOC111136170,NA,NA,NA,NA,NA,NA,NA,NA,NA,NA,164.2523149,2.3383591112,0.26971881,3.329167e-19,3.788606e-18,NA,NA,NA,NA,NA,NA,NA,NA,NA,NA,1
LOC111136181,NA,NA,NA,NA,NA,NA,NA,NA,NA,NA,229.47123095,-3.3417179498,0.50592538,9.863542e-13,6.506903e-12,NA,NA,NA,NA,NA,NA,NA,NA,NA,NA,1
LOC111136184,NA,NA,NA,NA,NA,NA,NA,NA,NA,NA,70.19000508,1.8053334639,0.35258194,4.932507e-08,1.993082e-07,NA,NA,NA,NA,NA,NA,NA,NA,NA,NA,1
LOC111136197,NA,NA,NA,NA,NA,NA,NA,NA,NA,NA,159.21475568,-1.0004786989,0.21510372,1.786783e-06,5.967076e-06,NA,NA,NA,NA,NA,NA,NA,NA,NA,NA,1
LOC111136201,NA,NA,NA,NA,NA,NA,NA,NA,NA,NA,91.21226643,-1.0969506039,0.23936143,2.189281e-06,7.2146e-06,NA,NA,NA,NA,NA,NA,NA,NA,NA,NA,1
LOC111136202,NA,NA,NA,NA,NA,NA,NA,NA,NA,NA,148.57225738,1.2842135025,0.28542125,2.488281e-06,8.159797e-06,NA,NA,NA,NA,NA,NA,NA,NA,NA,NA,1
LOC111136204,NA,NA,NA,NA,NA,NA,NA,NA,NA,NA,85.60680561,-1.2251013465,0.20918339,1.903144e-09,8.944192e-09,NA,NA,NA,NA,NA,NA,NA,NA,NA,NA,1
LOC111136213,NA,NA,NA,NA,NA,NA,NA,NA,NA,NA,339.35189365,1.1831586028,0.19998832,1.410037e-09,6.703146e-09,NA,NA,NA,NA,NA,NA,NA,NA,NA,NA,1
LOC111136215,NA,NA,NA,NA,NA,NA,NA,NA,NA,NA,1727.92946451,2.367721972,0.20831176,4.622695e-31,1.191233e-29,NA,NA,NA,NA,NA,NA,NA,NA,NA,NA,1
LOC111136216,NA,NA,NA,NA,NA,NA,NA,NA,NA,NA,40.35027606,1.2143401315,0.30444803,2.669642e-05,7.613345e-05,NA,NA,NA,NA,NA,NA,NA,NA,NA,NA,1
LOC111136245,NA,NA,NA,NA,NA,NA,NA,NA,NA,NA,1654.08400795,1.5375861442,0.26236461,1.15226e-09,5.546579e-09,NA,NA,NA,NA,NA,NA,NA,NA,NA,NA,1
LOC111136252,NA,NA,NA,NA,NA,NA,NA,NA,NA,NA,66.14404139,-1.1889997423,0.26029775,2.069269e-06,6.848585e-06,NA,NA,NA,NA,NA,NA,NA,NA,NA,NA,1
LOC111136258,NA,NA,NA,NA,NA,NA,NA,NA,NA,NA,960.21493092,-3.2425125398,0.43330628,2.056404e-15,1.704923e-14,NA,NA,NA,NA,NA,NA,NA,NA,NA,NA,1
LOC111136262,NA,NA,NA,NA,NA,NA,NA,NA,NA,NA,91.38975601,1.7141238822,0.22576449,5.969465e-15,4.764904e-14,NA,NA,NA,NA,NA,NA,NA,NA,NA,NA,1
LOC111136265,NA,NA,NA,NA,NA,NA,NA,NA,NA,NA,462.40933916,1.0876356584,0.1164812,4.855239e-21,6.50602e-20,NA,NA,NA,NA,NA,NA,NA,NA,NA,NA,1
LOC111136278,NA,NA,NA,NA,NA,NA,NA,NA,NA,NA,71.21233779,1.8376729906,0.2550265,9.020572e-14,6.542661e-13,NA,NA,NA,NA,NA,NA,NA,NA,NA,NA,1
LOC111136281,NA,NA,NA,NA,NA,NA,NA,NA,NA,NA,132.17553778,2.9106773088,0.22789447,9.879986e-39,3.865454e-37,NA,NA,NA,NA,NA,NA,NA,NA,NA,NA,1
LOC111136290,NA,NA,NA,NA,NA,NA,NA,NA,NA,NA,236.41853483,-1.4546058226,0.35382227,1.099119e-05,3.29951e-05,NA,NA,NA,NA,NA,NA,NA,NA,NA,NA,1
LOC111136292,NA,NA,NA,NA,NA,NA,NA,NA,NA,NA,64.85803138,-1.1221225899,0.3509922,0.0006257286,0.001439136,NA,NA,NA,NA,NA,NA,NA,NA,NA,NA,1
LOC111136295,NA,NA,NA,NA,NA,NA,NA,NA,NA,NA,466.07892363,-2.3248085857,0.23295903,1.476296e-24,2.51604e-23,NA,NA,NA,NA,NA,NA,NA,NA,NA,NA,1
LOC111136300,NA,NA,NA,NA,NA,NA,NA,NA,NA,NA,209.67380633,-3.19422242,0.29515227,8.609866e-29,1.903047e-27,NA,NA,NA,NA,NA,NA,NA,NA,NA,NA,1
LOC111136306,NA,NA,NA,NA,NA,NA,NA,NA,NA,NA,65.93044551,-1.6563737801,0.23132867,1.676453e-13,1.184678e-12,NA,NA,NA,NA,NA,NA,NA,NA,NA,NA,1
LOC111136326,NA,NA,NA,NA,NA,NA,NA,NA,NA,NA,233.80137384,-1.0535786208,0.24793419,1.079618e-05,3.247336e-05,NA,NA,NA,NA,NA,NA,NA,NA,NA,NA,1
LOC111136329,NA,NA,NA,NA,NA,NA,NA,NA,NA,NA,61.26853168,-1.2483230662,0.24821786,1.907365e-07,7.230182e-07,NA,NA,NA,NA,NA,NA,NA,NA,NA,NA,1
LOC111136331,NA,NA,NA,NA,NA,NA,NA,NA,NA,NA,31.68829265,2.7774625042,0.4136412,8.324696e-13,5.525743e-12,NA,NA,NA,NA,NA,NA,NA,NA,NA,NA,1
LOC111136336,NA,NA,NA,NA,NA,NA,NA,NA,NA,NA,79.67130175,-1.6812143959,0.22374952,1.150971e-14,8.940877e-14,NA,NA,NA,NA,NA,NA,NA,NA,NA,NA,1
LOC111136341,NA,NA,NA,NA,NA,NA,NA,NA,NA,NA,82.99568157,-1.2559542775,0.32000314,3.276914e-05,9.234626e-05,NA,NA,NA,NA,NA,NA,NA,NA,NA,NA,1
LOC111136376,NA,NA,NA,NA,NA,NA,NA,NA,NA,NA,200.63360947,-1.3719389235,0.2823101,3.772694e-07,1.375154e-06,NA,NA,NA,NA,NA,NA,NA,NA,NA,NA,1
LOC111136377,NA,NA,NA,NA,NA,NA,NA,NA,NA,NA,592.52534101,-1.2816109871,0.31816291,2.046361e-05,5.928917e-05,NA,NA,NA,NA,NA,NA,NA,NA,NA,NA,1
LOC111136382,NA,NA,NA,NA,NA,NA,NA,NA,NA,NA,251.90581034,-3.2456914796,0.2639113,2.864053e-36,9.968394e-35,NA,NA,NA,NA,NA,NA,NA,NA,NA,NA,1
LOC111136399,NA,NA,NA,NA,NA,NA,NA,NA,NA,NA,141.52526863,-1.907988566,0.27536171,5.93081e-13,3.998634e-12,NA,NA,NA,NA,NA,NA,NA,NA,NA,NA,1
LOC111136400,NA,NA,NA,NA,NA,NA,NA,NA,NA,NA,91.14370307,-1.7941475209,0.27142792,6.409693e-12,3.879837e-11,NA,NA,NA,NA,NA,NA,NA,NA,NA,NA,1
LOC111136405,NA,NA,NA,NA,NA,NA,NA,NA,NA,NA,98.30385648,-1.0077550297,0.3016512,0.0004402972,0.001038501,NA,NA,NA,NA,NA,NA,NA,NA,NA,NA,1
LOC111136406,NA,NA,NA,NA,NA,NA,NA,NA,NA,NA,44.2167729,1.2183211236,0.3401772,0.0001354513,0.0003487123,NA,NA,NA,NA,NA,NA,NA,NA,NA,NA,1
LOC111136418,NA,NA,NA,NA,NA,NA,NA,NA,NA,NA,156.6886298,-2.3668836951,0.19561212,7.967415e-35,2.549573e-33,NA,NA,NA,NA,NA,NA,NA,NA,NA,NA,1
LOC111136420,NA,NA,NA,NA,NA,NA,NA,NA,NA,NA,814.51338267,-4.3682372188,0.35964523,8.398309e-36,2.849047e-34,NA,NA,NA,NA,NA,NA,NA,NA,NA,NA,1
LOC111136430,NA,NA,NA,NA,NA,NA,NA,NA,NA,NA,70.45800277,-1.4717298609,0.22945805,3.942387e-11,2.229029e-10,NA,NA,NA,NA,NA,NA,NA,NA,NA,NA,1
LOC111136433,NA,NA,NA,NA,NA,NA,NA,NA,NA,NA,183.49368325,-1.0547918305,0.15202749,2.030036e-12,1.2969e-11,NA,NA,NA,NA,NA,NA,NA,NA,NA,NA,1
LOC111136437,NA,NA,NA,NA,NA,NA,NA,NA,NA,NA,23.74572051,2.3458266376,0.3392697,3.511185e-13,2.405105e-12,NA,NA,NA,NA,NA,NA,NA,NA,NA,NA,1
LOC111136440,NA,NA,NA,NA,NA,NA,NA,NA,NA,NA,951.11101362,1.2273884899,0.21448182,4.209055e-09,1.90304e-08,NA,NA,NA,NA,NA,NA,NA,NA,NA,NA,1
LOC111136445,NA,NA,NA,NA,NA,NA,NA,NA,NA,NA,44.33798556,2.2366164646,0.24810574,1.73534e-20,2.211991e-19,NA,NA,NA,NA,NA,NA,NA,NA,NA,NA,1
LOC111136454,NA,NA,NA,NA,NA,NA,NA,NA,NA,NA,96.4628743,-1.616124631,0.22381416,1.147257e-13,8.226484e-13,NA,NA,NA,NA,NA,NA,NA,NA,NA,NA,1
LOC111136458,NA,NA,NA,NA,NA,NA,NA,NA,NA,NA,102.13840812,-1.2285093806,0.2354553,7.234668e-08,2.879898e-07,NA,NA,NA,NA,NA,NA,NA,NA,NA,NA,1
LOC111136482,NA,NA,NA,NA,NA,NA,NA,NA,NA,NA,176.50720609,-2.2139577268,0.5637334,7.180335e-06,2.226589e-05,NA,NA,NA,NA,NA,NA,NA,NA,NA,NA,1
LOC111136488,NA,NA,NA,NA,NA,NA,NA,NA,NA,NA,194.13113501,-2.3320155939,0.31518028,1.050107e-14,8.181067e-14,NA,NA,NA,NA,NA,NA,NA,NA,NA,NA,1
LOC111136499,NA,NA,NA,NA,NA,NA,NA,NA,NA,NA,213.88625374,-3.112812781,0.43561972,2.832667e-14,2.129467e-13,NA,NA,NA,NA,NA,NA,NA,NA,NA,NA,1
LOC111136502,NA,NA,NA,NA,NA,NA,NA,NA,NA,NA,43.98485627,-1.0933156797,0.282996,5.315797e-05,0.0001451486,NA,NA,NA,NA,NA,NA,NA,NA,NA,NA,1
LOC111136504,NA,NA,NA,NA,NA,NA,NA,NA,NA,NA,383.62647375,1.4200785577,0.30800601,1.19247e-06,4.071107e-06,NA,NA,NA,NA,NA,NA,NA,NA,NA,NA,1
LOC111136520,NA,NA,NA,NA,NA,NA,NA,NA,NA,NA,117.88292833,3.1452131614,0.38084337,4.685927e-18,4.886492e-17,NA,NA,NA,NA,NA,NA,NA,NA,NA,NA,1
LOC111136541,NA,NA,NA,NA,NA,NA,NA,NA,NA,NA,694.28088694,-2.8791372961,0.34466475,2.735083e-18,2.894382e-17,NA,NA,NA,NA,NA,NA,NA,NA,NA,NA,1
LOC111136547,NA,NA,NA,NA,NA,NA,NA,NA,NA,NA,154.90949847,-1.8797457881,0.31022923,1.987161e-10,1.044234e-09,NA,NA,NA,NA,NA,NA,NA,NA,NA,NA,1
LOC111136585,NA,NA,NA,NA,NA,NA,NA,NA,NA,NA,146.44105253,-3.3859011459,0.25197935,1.021026e-42,4.997897e-41,NA,NA,NA,NA,NA,NA,NA,NA,NA,NA,1
LOC111136586,NA,NA,NA,NA,NA,NA,NA,NA,NA,NA,2693.98167196,4.2886274716,0.38767341,2.730841e-30,6.653322e-29,NA,NA,NA,NA,NA,NA,NA,NA,NA,NA,1
LOC111136596,NA,NA,NA,NA,NA,NA,NA,NA,NA,NA,1072.44931213,1.2606383944,0.16442515,6.786641e-15,5.382103e-14,NA,NA,NA,NA,NA,NA,NA,NA,NA,NA,1
LOC111136599,NA,NA,NA,NA,NA,NA,NA,NA,NA,NA,187.30983999,1.9692944964,0.33383314,4.619106e-10,2.328012e-09,NA,NA,NA,NA,NA,NA,NA,NA,NA,NA,1
LOC111136602,NA,NA,NA,NA,NA,NA,NA,NA,NA,NA,149.45709198,1.2537351152,0.24861527,1.761578e-07,6.705007e-07,NA,NA,NA,NA,NA,NA,NA,NA,NA,NA,1
LOC111136619,NA,NA,NA,NA,NA,NA,NA,NA,NA,NA,528.29208531,-1.148415366,0.34144558,0.0003357776,0.0008090662,NA,NA,NA,NA,NA,NA,NA,NA,NA,NA,1
LOC111136620,NA,NA,NA,NA,NA,NA,NA,NA,NA,NA,500.32583496,2.0473122438,0.39158064,1.902791e-08,8.037005e-08,NA,NA,NA,NA,NA,NA,NA,NA,NA,NA,1
LOC111136621,NA,NA,NA,NA,NA,NA,NA,NA,NA,NA,992.88040093,1.4586179236,0.29788749,2.735695e-07,1.016874e-06,NA,NA,NA,NA,NA,NA,NA,NA,NA,NA,1
LOC111136622,NA,NA,NA,NA,NA,NA,NA,NA,NA,NA,144.44150503,2.1536941439,0.39332123,4.15823e-09,1.880853e-08,NA,NA,NA,NA,NA,NA,NA,NA,NA,NA,1
LOC111136627,NA,NA,NA,NA,NA,NA,NA,NA,NA,NA,56.72731574,1.7745120399,0.28562626,8.937372e-11,4.8708e-10,NA,NA,NA,NA,NA,NA,NA,NA,NA,NA,1
LOC111136629,NA,NA,NA,NA,NA,NA,NA,NA,NA,NA,192.398383,-2.242615256,0.35281063,1.759825e-11,1.024176e-10,NA,NA,NA,NA,NA,NA,NA,NA,NA,NA,1
LOC111136644,NA,NA,NA,NA,NA,NA,NA,NA,NA,NA,559.255552,2.4026216558,0.40705026,2.437656e-10,1.260573e-09,NA,NA,NA,NA,NA,NA,NA,NA,NA,NA,1
LOC111136649,NA,NA,NA,NA,NA,NA,NA,NA,NA,NA,67.0112518,-1.5120992363,0.27936422,1.6088e-08,6.842451e-08,NA,NA,NA,NA,NA,NA,NA,NA,NA,NA,1
LOC111136653,NA,NA,NA,NA,NA,NA,NA,NA,NA,NA,514.01151798,-3.0896907136,0.3894822,7.109957e-17,6.75698e-16,NA,NA,NA,NA,NA,NA,NA,NA,NA,NA,1
LOC111136654,NA,NA,NA,NA,NA,NA,NA,NA,NA,NA,47.83101714,1.4213905287,0.30856073,1.213292e-06,4.140874e-06,NA,NA,NA,NA,NA,NA,NA,NA,NA,NA,1
LOC111136655,NA,NA,NA,NA,NA,NA,NA,NA,NA,NA,133.81118793,-2.647089583,0.23335648,4.343473e-31,1.121977e-29,NA,NA,NA,NA,NA,NA,NA,NA,NA,NA,1
LOC111136657,NA,NA,NA,NA,NA,NA,NA,NA,NA,NA,110.98563018,-1.4122603478,0.26683098,3.648477e-08,1.494523e-07,NA,NA,NA,NA,NA,NA,NA,NA,NA,NA,1
LOC111136663,NA,NA,NA,NA,NA,NA,NA,NA,NA,NA,718.82134672,-3.3232785434,0.41056141,1.548933e-17,1.554735e-16,NA,NA,NA,NA,NA,NA,NA,NA,NA,NA,1
LOC111136674,NA,NA,NA,NA,NA,NA,NA,NA,NA,NA,79.81351535,-1.9809836029,0.22756826,4.012944e-19,4.533062e-18,NA,NA,NA,NA,NA,NA,NA,NA,NA,NA,1
LOC111136678,NA,NA,NA,NA,NA,NA,NA,NA,NA,NA,117.31545111,-1.7821635259,0.38396662,5.765717e-07,2.052075e-06,NA,NA,NA,NA,NA,NA,NA,NA,NA,NA,1
LOC111136689,NA,NA,NA,NA,NA,NA,NA,NA,NA,NA,146.77062884,4.5556088901,0.17909727,1.366174e-144,1.464538e-141,NA,NA,NA,NA,NA,NA,NA,NA,NA,NA,1
LOC111136702,NA,NA,NA,NA,NA,NA,NA,NA,NA,NA,398.88989684,1.4559772146,0.1639645,1.924316e-19,2.242246e-18,NA,NA,NA,NA,NA,NA,NA,NA,NA,NA,1
LOC111136721,NA,NA,NA,NA,NA,NA,NA,NA,NA,NA,232.14982847,-2.7912010005,0.18343895,1.323467e-53,1.099811e-51,NA,NA,NA,NA,NA,NA,NA,NA,NA,NA,1
LOC111136729,NA,NA,NA,NA,NA,NA,NA,NA,NA,NA,300.15539894,1.2752270329,0.3934503,0.0004298266,0.001014474,NA,NA,NA,NA,NA,NA,NA,NA,NA,NA,1
LOC111136730,NA,NA,NA,NA,NA,NA,NA,NA,NA,NA,76.06340311,-1.7237789143,0.60971282,0.000810506,0.00182618,NA,NA,NA,NA,NA,NA,NA,NA,NA,NA,1
LOC111136733,NA,NA,NA,NA,NA,NA,NA,NA,NA,NA,3672.9220602,1.322114857,0.10126844,2.093911e-39,8.534875e-38,NA,NA,NA,NA,NA,NA,NA,NA,NA,NA,1
LOC111136740,NA,NA,NA,NA,NA,NA,NA,NA,NA,NA,192.49327692,-1.793418596,0.47818081,2.833114e-05,8.0581e-05,NA,NA,NA,NA,NA,NA,NA,NA,NA,NA,1
LOC111136786,NA,NA,NA,NA,NA,NA,NA,NA,NA,NA,69.40820679,-1.2936741236,0.32035771,1.925712e-05,5.594479e-05,NA,NA,NA,NA,NA,NA,NA,NA,NA,NA,1
LOC111136787,NA,NA,NA,NA,NA,NA,NA,NA,NA,NA,264.42812098,-1.2492377628,0.42964314,0.001351397,0.002916644,NA,NA,NA,NA,NA,NA,NA,NA,NA,NA,1
LOC111136802,NA,NA,NA,NA,NA,NA,NA,NA,NA,NA,274.52589891,-1.8633836406,0.21263837,2.870128e-19,3.276653e-18,NA,NA,NA,NA,NA,NA,NA,NA,NA,NA,1
LOC111136805,NA,NA,NA,NA,NA,NA,NA,NA,NA,NA,53.08553269,1.0853280555,0.27646829,4.159132e-05,0.0001153879,NA,NA,NA,NA,NA,NA,NA,NA,NA,NA,1
LOC111136807,NA,NA,NA,NA,NA,NA,NA,NA,NA,NA,70.99077873,-2.2790012053,0.39024279,4.196267e-10,2.125897e-09,NA,NA,NA,NA,NA,NA,NA,NA,NA,NA,1
LOC111136811,NA,NA,NA,NA,NA,NA,NA,NA,NA,NA,70.2914545,1.132043738,0.48535965,0.008425571,0.01544232,NA,NA,NA,NA,NA,NA,NA,NA,NA,NA,1
LOC111136833,NA,NA,NA,NA,NA,NA,NA,NA,NA,NA,155.05545064,-2.0557782687,0.23311044,1.308611e-19,1.55009e-18,NA,NA,NA,NA,NA,NA,NA,NA,NA,NA,1
LOC111136845,NA,NA,NA,NA,NA,NA,NA,NA,NA,NA,223.89306633,-1.4833121903,0.1674098,2.195952e-19,2.53944e-18,NA,NA,NA,NA,NA,NA,NA,NA,NA,NA,1
LOC111136854,NA,NA,NA,NA,NA,NA,NA,NA,NA,NA,95.98251522,-2.8596014448,0.27140368,2.549559e-27,5.212302e-26,NA,NA,NA,NA,NA,NA,NA,NA,NA,NA,1
LOC111136857,NA,NA,NA,NA,NA,NA,NA,NA,NA,NA,132.08395878,-1.1907785362,0.17635755,6.191516e-12,3.754132e-11,NA,NA,NA,NA,NA,NA,NA,NA,NA,NA,1
LOC111136858,NA,NA,NA,NA,NA,NA,NA,NA,NA,NA,230.35973048,-1.2233430486,0.39918251,0.0008454979,0.001898562,NA,NA,NA,NA,NA,NA,NA,NA,NA,NA,1
LOC111136866,NA,NA,NA,NA,NA,NA,NA,NA,NA,NA,344.99481031,1.8650449149,0.29342092,3.081215e-11,1.755081e-10,NA,NA,NA,NA,NA,NA,NA,NA,NA,NA,1
LOC111136867,NA,NA,NA,NA,NA,NA,NA,NA,NA,NA,54.18512705,-1.3811681321,0.27432206,1.515659e-07,5.823605e-07,NA,NA,NA,NA,NA,NA,NA,NA,NA,NA,1
LOC111136869,NA,NA,NA,NA,NA,NA,NA,NA,NA,NA,44.55883265,1.6036200237,0.27057695,6.951393e-10,3.434052e-09,NA,NA,NA,NA,NA,NA,NA,NA,NA,NA,1
LOC111136870,NA,NA,NA,NA,NA,NA,NA,NA,NA,NA,84.31080593,2.4111334831,0.34575742,2.123899e-13,1.484237e-12,NA,NA,NA,NA,NA,NA,NA,NA,NA,NA,1
LOC111136877,NA,NA,NA,NA,NA,NA,NA,NA,NA,NA,215.41386274,1.3522056425,0.48398422,0.00164109,0.00348297,NA,NA,NA,NA,NA,NA,NA,NA,NA,NA,1
LOC111136878,NA,NA,NA,NA,NA,NA,NA,NA,NA,NA,94.32818682,-1.6606780304,0.28536527,1.210725e-09,5.801955e-09,NA,NA,NA,NA,NA,NA,NA,NA,NA,NA,1
LOC111136886,NA,NA,NA,NA,NA,NA,NA,NA,NA,NA,252.5358604,-2.0897740657,0.20295087,7.880384e-26,1.461552e-24,NA,NA,NA,NA,NA,NA,NA,NA,NA,NA,1
LOC111136888,NA,NA,NA,NA,NA,NA,NA,NA,NA,NA,76.84067019,-2.4637221209,0.25513364,3.051748e-23,4.768912e-22,NA,NA,NA,NA,NA,NA,NA,NA,NA,NA,1
LOC111136893,NA,NA,NA,NA,NA,NA,NA,NA,NA,NA,57.89445332,1.0626259918,0.20781832,1.588706e-07,6.091177e-07,NA,NA,NA,NA,NA,NA,NA,NA,NA,NA,1
LOC111136896,NA,NA,NA,NA,NA,NA,NA,NA,NA,NA,739.00935197,1.3304772995,0.24389846,1.682757e-08,7.13574e-08,NA,NA,NA,NA,NA,NA,NA,NA,NA,NA,1
LOC111136900,NA,NA,NA,NA,NA,NA,NA,NA,NA,NA,128.74100023,2.4485756907,0.15957778,2.671614e-54,2.291176e-52,NA,NA,NA,NA,NA,NA,NA,NA,NA,NA,1
LOC111136921,NA,NA,NA,NA,NA,NA,NA,NA,NA,NA,131.12028238,-1.9615128661,0.41406503,2.725626e-07,1.013483e-06,NA,NA,NA,NA,NA,NA,NA,NA,NA,NA,1
LOC111136924,NA,NA,NA,NA,NA,NA,NA,NA,NA,NA,784.70711756,-1.4318239311,0.1860788,4.218127e-15,3.417862e-14,NA,NA,NA,NA,NA,NA,NA,NA,NA,NA,1
LOC111136937,NA,NA,NA,NA,NA,NA,NA,NA,NA,NA,123.04906147,-1.1485430262,0.32917715,0.0002119193,0.0005283198,NA,NA,NA,NA,NA,NA,NA,NA,NA,NA,1
LOC111136938,NA,NA,NA,NA,NA,NA,NA,NA,NA,NA,8859.55010469,1.6943280624,0.13047606,2.925063e-39,1.183271e-37,NA,NA,NA,NA,NA,NA,NA,NA,NA,NA,1
LOC111136943,NA,NA,NA,NA,NA,NA,NA,NA,NA,NA,320.29745021,-1.4405318079,0.38718727,5.629791e-05,0.0001529044,NA,NA,NA,NA,NA,NA,NA,NA,NA,NA,1
LOC111136945,NA,NA,NA,NA,NA,NA,NA,NA,NA,NA,111.34001484,-1.4318092758,0.21886471,1.797615e-11,1.045034e-10,NA,NA,NA,NA,NA,NA,NA,NA,NA,NA,1
LOC111136950,NA,NA,NA,NA,NA,NA,NA,NA,NA,NA,502.65521375,1.2354563404,0.13970897,3.731362e-19,4.223886e-18,NA,NA,NA,NA,NA,NA,NA,NA,NA,NA,1
LOC111136976,NA,NA,NA,NA,NA,NA,NA,NA,NA,NA,287.87849733,-2.4226263555,0.22971905,3.705532e-27,7.411064e-26,NA,NA,NA,NA,NA,NA,NA,NA,NA,NA,1
LOC111136977,NA,NA,NA,NA,NA,NA,NA,NA,NA,NA,30.31279941,1.62463785,0.55352389,0.0006822782,0.001557832,NA,NA,NA,NA,NA,NA,NA,NA,NA,NA,1
LOC111136981,NA,NA,NA,NA,NA,NA,NA,NA,NA,NA,529.07232087,-2.3863572603,0.64948179,1.521886e-05,4.482038e-05,NA,NA,NA,NA,NA,NA,NA,NA,NA,NA,1
LOC111136995,NA,NA,NA,NA,NA,NA,NA,NA,NA,NA,52.73321517,1.987929091,0.36746235,7.698407e-09,3.400368e-08,NA,NA,NA,NA,NA,NA,NA,NA,NA,NA,1
LOC111136998,NA,NA,NA,NA,NA,NA,NA,NA,NA,NA,54.24100663,3.5002710512,0.23817037,1.748366e-50,1.292585e-48,NA,NA,NA,NA,NA,NA,NA,NA,NA,NA,1
LOC111137000,NA,NA,NA,NA,NA,NA,NA,NA,NA,NA,301.26133056,-2.5568988571,0.41447854,3.869937e-11,2.190376e-10,NA,NA,NA,NA,NA,NA,NA,NA,NA,NA,1
LOC111137009,NA,NA,NA,NA,NA,NA,NA,NA,NA,NA,982.40267129,-2.5071877967,0.22111439,5.352708e-31,1.372752e-29,NA,NA,NA,NA,NA,NA,NA,NA,NA,NA,1
LOC111137010,NA,NA,NA,NA,NA,NA,NA,NA,NA,NA,886.64370158,1.1449535731,0.12610696,4.978691e-20,6.106587e-19,NA,NA,NA,NA,NA,NA,NA,NA,NA,NA,1
LOC111137011,NA,NA,NA,NA,NA,NA,NA,NA,NA,NA,184.95050487,1.3021520122,0.47299403,0.002007452,0.00419001,NA,NA,NA,NA,NA,NA,NA,NA,NA,NA,1
LOC111137025,NA,NA,NA,NA,NA,NA,NA,NA,NA,NA,297.03470829,5.3323610929,0.44797826,8.513276e-35,2.71614e-33,NA,NA,NA,NA,NA,NA,NA,NA,NA,NA,1
LOC111137029,NA,NA,NA,NA,NA,NA,NA,NA,NA,NA,109.18449893,-1.1086152274,0.2524189,5.266248e-06,1.663843e-05,NA,NA,NA,NA,NA,NA,NA,NA,NA,NA,1
LOC111137053,NA,NA,NA,NA,NA,NA,NA,NA,NA,NA,292.87949631,-1.4367289426,0.35398162,1.415116e-05,4.184841e-05,NA,NA,NA,NA,NA,NA,NA,NA,NA,NA,1
LOC111137059,NA,NA,NA,NA,NA,NA,NA,NA,NA,NA,259.31829242,-1.0516922483,0.54735,0.02539207,0.04177455,NA,NA,NA,NA,NA,NA,NA,NA,NA,NA,1
LOC111137060,NA,NA,NA,NA,NA,NA,NA,NA,NA,NA,138.48702475,-1.1198537251,0.25580401,5.534382e-06,1.741884e-05,NA,NA,NA,NA,NA,NA,NA,NA,NA,NA,1
LOC111137065,NA,NA,NA,NA,NA,NA,NA,NA,NA,NA,30.59295926,1.9589358744,0.33251293,4.917409e-10,2.471384e-09,NA,NA,NA,NA,NA,NA,NA,NA,NA,NA,1
LOC111137068,NA,NA,NA,NA,NA,NA,NA,NA,NA,NA,728.32217699,1.383255889,0.39322046,0.0001341487,0.0003455846,NA,NA,NA,NA,NA,NA,NA,NA,NA,NA,1
LOC111137070,NA,NA,NA,NA,NA,NA,NA,NA,NA,NA,36.41928598,1.1372352751,0.31444972,0.0001329861,0.0003428598,NA,NA,NA,NA,NA,NA,NA,NA,NA,NA,1
LOC111137076,NA,NA,NA,NA,NA,NA,NA,NA,NA,NA,232.61930048,1.0084944754,0.42507306,0.009006158,0.0164166,NA,NA,NA,NA,NA,NA,NA,NA,NA,NA,1
LOC111137082,NA,NA,NA,NA,NA,NA,NA,NA,NA,NA,125.63526257,2.6799726731,0.84491429,5.954841e-05,0.0001611611,NA,NA,NA,NA,NA,NA,NA,NA,NA,NA,1
LOC111137087,NA,NA,NA,NA,NA,NA,NA,NA,NA,NA,1292.34935025,-4.4807240826,0.50371221,6.754102e-21,8.916745e-20,NA,NA,NA,NA,NA,NA,NA,NA,NA,NA,1
LOC111137089,NA,NA,NA,NA,NA,NA,NA,NA,NA,NA,7168.37840786,1.6697024205,0.37550289,1.736195e-06,5.803558e-06,NA,NA,NA,NA,NA,NA,NA,NA,NA,NA,1
LOC111137096,NA,NA,NA,NA,NA,NA,NA,NA,NA,NA,258.41592389,1.0268465668,0.23523491,6.631759e-06,2.06484e-05,NA,NA,NA,NA,NA,NA,NA,NA,NA,NA,1
LOC111137105,NA,NA,NA,NA,NA,NA,NA,NA,NA,NA,1376.008835,1.4249103254,0.1082492,4.329823e-40,1.894518e-38,NA,NA,NA,NA,NA,NA,NA,NA,NA,NA,1
LOC111137108,NA,NA,NA,NA,NA,NA,NA,NA,NA,NA,3518.31845141,1.489877897,0.32009815,8.647394e-07,3.002523e-06,NA,NA,NA,NA,NA,NA,NA,NA,NA,NA,1
LOC111137112,NA,NA,NA,NA,NA,NA,NA,NA,NA,NA,124.24007863,-1.1903286292,0.17238405,2.133713e-12,1.358278e-11,NA,NA,NA,NA,NA,NA,NA,NA,NA,NA,1
LOC111137125,NA,NA,NA,NA,NA,NA,NA,NA,NA,NA,250.33940952,-3.7519838131,0.23381914,1.310935e-59,1.391409e-57,NA,NA,NA,NA,NA,NA,NA,NA,NA,NA,1
LOC111137141,NA,NA,NA,NA,NA,NA,NA,NA,NA,NA,1203.18001389,1.3426152935,0.18729427,2.582047e-13,1.790397e-12,NA,NA,NA,NA,NA,NA,NA,NA,NA,NA,1
LOC111137144,NA,NA,NA,NA,NA,NA,NA,NA,NA,NA,121.54896268,1.0438255456,0.47171892,0.01295092,0.02277832,NA,NA,NA,NA,NA,NA,NA,NA,NA,NA,1
LOC111137156,NA,NA,NA,NA,NA,NA,NA,NA,NA,NA,30.52650806,2.1252529517,0.3112198,8.660618e-13,5.741609e-12,NA,NA,NA,NA,NA,NA,NA,NA,NA,NA,1
LOC111137171,NA,NA,NA,NA,NA,NA,NA,NA,NA,NA,156.66358677,-3.2534252777,0.32894911,1.369295e-24,2.341124e-23,NA,NA,NA,NA,NA,NA,NA,NA,NA,NA,1
LOC111137182,NA,NA,NA,NA,NA,NA,NA,NA,NA,NA,419.35251267,-1.1955131804,0.34604723,0.000225035,0.0005581617,NA,NA,NA,NA,NA,NA,NA,NA,NA,NA,1
LOC111137203,NA,NA,NA,NA,NA,NA,NA,NA,NA,NA,55.76013867,-1.2811261898,0.28521785,2.590636e-06,8.482472e-06,NA,NA,NA,NA,NA,NA,NA,NA,NA,NA,1
LOC111137215,NA,NA,NA,NA,NA,NA,NA,NA,NA,NA,72.57367013,-1.0250193432,0.21976064,1.625645e-06,5.452726e-06,NA,NA,NA,NA,NA,NA,NA,NA,NA,NA,1
LOC111137223,NA,NA,NA,NA,NA,NA,NA,NA,NA,NA,299.64617698,1.3728983175,0.2512278,1.493487e-08,6.376016e-08,NA,NA,NA,NA,NA,NA,NA,NA,NA,NA,1
LOC111137225,NA,NA,NA,NA,NA,NA,NA,NA,NA,NA,243.83140954,1.2962806264,0.24434235,4.068302e-08,1.658258e-07,NA,NA,NA,NA,NA,NA,NA,NA,NA,NA,1
LOC111137232,NA,NA,NA,NA,NA,NA,NA,NA,NA,NA,275.47239208,-1.8385713097,0.26784906,1.041843e-12,6.860291e-12,NA,NA,NA,NA,NA,NA,NA,NA,NA,NA,1
LOC111137241,NA,NA,NA,NA,NA,NA,NA,NA,NA,NA,374.5899544,-1.7006968455,0.19955838,3.050089e-18,3.211882e-17,NA,NA,NA,NA,NA,NA,NA,NA,NA,NA,1
LOC111137242,NA,NA,NA,NA,NA,NA,NA,NA,NA,NA,369.72120346,-1.3815190059,0.1816737,9.198584e-15,7.181997e-14,NA,NA,NA,NA,NA,NA,NA,NA,NA,NA,1
LOC111137247,NA,NA,NA,NA,NA,NA,NA,NA,NA,NA,90.44830038,-2.4630435261,0.25915069,1.333141e-22,1.99878e-21,NA,NA,NA,NA,NA,NA,NA,NA,NA,NA,1
LOC111137256,NA,NA,NA,NA,NA,NA,NA,NA,NA,NA,70.44455589,-1.8684208338,0.26819467,4.830308e-13,3.283507e-12,NA,NA,NA,NA,NA,NA,NA,NA,NA,NA,1
LOC111137277,NA,NA,NA,NA,NA,NA,NA,NA,NA,NA,56.3783839,2.3691870221,0.38594075,5.949387e-11,3.307958e-10,NA,NA,NA,NA,NA,NA,NA,NA,NA,NA,1
LOC111137279,NA,NA,NA,NA,NA,NA,NA,NA,NA,NA,316.87553466,2.3859376857,0.30344726,2.695346e-16,2.426038e-15,NA,NA,NA,NA,NA,NA,NA,NA,NA,NA,1
LOC111137280,NA,NA,NA,NA,NA,NA,NA,NA,NA,NA,191.1597728,1.028911562,0.13838288,5.520083e-14,4.058662e-13,NA,NA,NA,NA,NA,NA,NA,NA,NA,NA,1
LOC111137295,NA,NA,NA,NA,NA,NA,NA,NA,NA,NA,1706.00492854,1.8977357048,0.17009399,9.546055e-30,2.26402e-28,NA,NA,NA,NA,NA,NA,NA,NA,NA,NA,1
LOC111137297,NA,NA,NA,NA,NA,NA,NA,NA,NA,NA,829.31188216,1.5764548165,0.21621308,7.266912e-14,5.303015e-13,NA,NA,NA,NA,NA,NA,NA,NA,NA,NA,1
LOC111137300,NA,NA,NA,NA,NA,NA,NA,NA,NA,NA,118.15585266,1.1352954296,0.57033807,0.01925487,0.03254173,NA,NA,NA,NA,NA,NA,NA,NA,NA,NA,1
LOC111137301,NA,NA,NA,NA,NA,NA,NA,NA,NA,NA,156.5963213,4.1185948856,0.2082788,8.642626e-89,1.971254e-86,NA,NA,NA,NA,NA,NA,NA,NA,NA,NA,1
LOC111137309,NA,NA,NA,NA,NA,NA,NA,NA,NA,NA,129.46393067,-1.0997427855,0.51628986,0.01465486,0.02543719,NA,NA,NA,NA,NA,NA,NA,NA,NA,NA,1
LOC111137311,NA,NA,NA,NA,NA,NA,NA,NA,NA,NA,92.63913021,-1.8461015196,0.22508344,3.668517e-17,3.571889e-16,NA,NA,NA,NA,NA,NA,NA,NA,NA,NA,1
LOC111137321,NA,NA,NA,NA,NA,NA,NA,NA,NA,NA,44.73755276,1.9106937294,0.28532147,2.968008e-12,1.85414e-11,NA,NA,NA,NA,NA,NA,NA,NA,NA,NA,1
LOC111137332,NA,NA,NA,NA,NA,NA,NA,NA,NA,NA,189.40919038,1.3045966522,0.34491726,5.438115e-05,0.0001482251,NA,NA,NA,NA,NA,NA,NA,NA,NA,NA,1
LOC111137341,NA,NA,NA,NA,NA,NA,NA,NA,NA,NA,108.61314296,-2.1289656723,0.38541848,3.284293e-09,1.503314e-08,NA,NA,NA,NA,NA,NA,NA,NA,NA,NA,1
LOC111137356,NA,NA,NA,NA,NA,NA,NA,NA,NA,NA,110.98385337,-1.1532217986,0.20032115,3.819604e-09,1.731339e-08,NA,NA,NA,NA,NA,NA,NA,NA,NA,NA,1
LOC111137365,NA,NA,NA,NA,NA,NA,NA,NA,NA,NA,562.59455877,-3.0400466304,0.30475332,7.075559e-25,1.229335e-23,NA,NA,NA,NA,NA,NA,NA,NA,NA,NA,1
LOC111137368,NA,NA,NA,NA,NA,NA,NA,NA,NA,NA,86.37271558,-2.554396325,0.24175665,2.568829e-27,5.235331e-26,NA,NA,NA,NA,NA,NA,NA,NA,NA,NA,1
LOC111137375,NA,NA,NA,NA,NA,NA,NA,NA,NA,NA,167.95487204,-2.7444079669,0.58863268,1.30842e-07,5.052686e-07,NA,NA,NA,NA,NA,NA,NA,NA,NA,NA,1
LOC111137383,NA,NA,NA,NA,NA,NA,NA,NA,NA,NA,459.88090752,-3.8212932244,0.19939221,1.532626e-83,3.042546e-81,NA,NA,NA,NA,NA,NA,NA,NA,NA,NA,1
LOC111137393,NA,NA,NA,NA,NA,NA,NA,NA,NA,NA,28.52837642,1.5692882446,0.5263339,0.0006439918,0.001477336,NA,NA,NA,NA,NA,NA,NA,NA,NA,NA,1
LOC111137405,NA,NA,NA,NA,NA,NA,NA,NA,NA,NA,92.81026254,-1.1709755656,0.25946696,2.751921e-06,8.974928e-06,NA,NA,NA,NA,NA,NA,NA,NA,NA,NA,1
LOC111137407,NA,NA,NA,NA,NA,NA,NA,NA,NA,NA,59.43333771,-1.1502930607,0.42219551,0.002742655,0.005584285,NA,NA,NA,NA,NA,NA,NA,NA,NA,NA,1
LOC111137415,NA,NA,NA,NA,NA,NA,NA,NA,NA,NA,107.75881179,-1.0151798252,0.26806597,8.021738e-05,0.0002132953,NA,NA,NA,NA,NA,NA,NA,NA,NA,NA,1
LOC111137420,NA,NA,NA,NA,NA,NA,NA,NA,NA,NA,1817.58429001,3.0414169605,0.25406433,1.864604e-34,5.827567e-33,NA,NA,NA,NA,NA,NA,NA,NA,NA,NA,1
LOC111137432,NA,NA,NA,NA,NA,NA,NA,NA,NA,NA,399.60002845,-1.274285982,0.26739648,7.000176e-07,2.463621e-06,NA,NA,NA,NA,NA,NA,NA,NA,NA,NA,1
LOC111137441,NA,NA,NA,NA,NA,NA,NA,NA,NA,NA,387.9829915,-3.3241265307,0.29797076,1.921882e-30,4.72536e-29,NA,NA,NA,NA,NA,NA,NA,NA,NA,NA,1
LOC111137452,NA,NA,NA,NA,NA,NA,NA,NA,NA,NA,55.00616046,-1.7172607983,0.27345898,6.37547e-11,3.528396e-10,NA,NA,NA,NA,NA,NA,NA,NA,NA,NA,1
LOC111137459,NA,NA,NA,NA,NA,NA,NA,NA,NA,NA,183.75770119,-2.3424507276,0.23708559,3.905035e-24,6.470166e-23,NA,NA,NA,NA,NA,NA,NA,NA,NA,NA,1
LOC111137463,NA,NA,NA,NA,NA,NA,NA,NA,NA,NA,241.1305674,-1.2088338105,0.20657642,2.005694e-09,9.409646e-09,NA,NA,NA,NA,NA,NA,NA,NA,NA,NA,1
LOC111137464,NA,NA,NA,NA,NA,NA,NA,NA,NA,NA,104.10773789,-1.7613171077,0.19185495,7.619241e-21,9.985118e-20,NA,NA,NA,NA,NA,NA,NA,NA,NA,NA,1
LOC111137466,NA,NA,NA,NA,NA,NA,NA,NA,NA,NA,88.91124169,-1.9597766201,0.26294536,1.18207e-14,9.175808e-14,NA,NA,NA,NA,NA,NA,NA,NA,NA,NA,1
LOC111137486,NA,NA,NA,NA,NA,NA,NA,NA,NA,NA,102426.15810726,3.7126307248,0.22223837,2.666228e-64,3.362584e-62,NA,NA,NA,NA,NA,NA,NA,NA,NA,NA,1
LOC111137496,NA,NA,NA,NA,NA,NA,NA,NA,NA,NA,52.54988744,-1.234621581,0.23932689,9.831242e-08,3.8506e-07,NA,NA,NA,NA,NA,NA,NA,NA,NA,NA,1
LOC111137512,NA,NA,NA,NA,NA,NA,NA,NA,NA,NA,46.3423816,2.1963147194,0.34064853,1.035409e-11,6.145948e-11,NA,NA,NA,NA,NA,NA,NA,NA,NA,NA,1
LOC111137522,NA,NA,NA,NA,NA,NA,NA,NA,NA,NA,118.7711724,-1.4720457659,0.25077233,1.206607e-09,5.784809e-09,NA,NA,NA,NA,NA,NA,NA,NA,NA,NA,1
LOC111137525,NA,NA,NA,NA,NA,NA,NA,NA,NA,NA,510.28037119,2.0954912655,0.23802245,1.414407e-19,1.664373e-18,NA,NA,NA,NA,NA,NA,NA,NA,NA,NA,1
LOC111137535,NA,NA,NA,NA,NA,NA,NA,NA,NA,NA,144.47006924,-1.5890603246,0.33320901,4.21435e-07,1.527827e-06,NA,NA,NA,NA,NA,NA,NA,NA,NA,NA,1
LOC111137541,NA,NA,NA,NA,NA,NA,NA,NA,NA,NA,179.94150513,-1.1574466422,0.27280882,9.660151e-06,2.930301e-05,NA,NA,NA,NA,NA,NA,NA,NA,NA,NA,1
LOC111137552,NA,NA,NA,NA,NA,NA,NA,NA,NA,NA,381.40168665,-3.6819803021,0.25863517,1.228e-47,7.743623e-46,NA,NA,NA,NA,NA,NA,NA,NA,NA,NA,1
LOC111137559,NA,NA,NA,NA,NA,NA,NA,NA,NA,NA,113.2519395,2.3429941481,0.46030887,2.587919e-08,1.074874e-07,NA,NA,NA,NA,NA,NA,NA,NA,NA,NA,1
LOC111137573,NA,NA,NA,NA,NA,NA,NA,NA,NA,NA,77.22194548,-2.1587756977,0.25441346,2.099624e-18,2.237372e-17,NA,NA,NA,NA,NA,NA,NA,NA,NA,NA,1
LOC111137575,NA,NA,NA,NA,NA,NA,NA,NA,NA,NA,225.90010225,-1.3186941235,0.16881905,2.002107e-15,1.662478e-14,NA,NA,NA,NA,NA,NA,NA,NA,NA,NA,1
LOC111137580,NA,NA,NA,NA,NA,NA,NA,NA,NA,NA,113.59415971,-1.3495136222,0.31004582,4.439856e-06,1.416947e-05,NA,NA,NA,NA,NA,NA,NA,NA,NA,NA,1
LOC111137582,NA,NA,NA,NA,NA,NA,NA,NA,NA,NA,64.96866819,-1.0001517906,0.28710661,0.0002640654,0.0006460021,NA,NA,NA,NA,NA,NA,NA,NA,NA,NA,1
LOC111137585,NA,NA,NA,NA,NA,NA,NA,NA,NA,NA,92.46304429,-1.1020222733,0.22437924,4.298182e-07,1.557165e-06,NA,NA,NA,NA,NA,NA,NA,NA,NA,NA,1
LOC111137589,NA,NA,NA,NA,NA,NA,NA,NA,NA,NA,207.84528673,1.0019936086,0.16465023,6.322857e-10,3.139464e-09,NA,NA,NA,NA,NA,NA,NA,NA,NA,NA,1
LOC111137595,NA,NA,NA,NA,NA,NA,NA,NA,NA,NA,461.73450431,1.2325335139,0.57339843,0.01145901,0.02041898,NA,NA,NA,NA,NA,NA,NA,NA,NA,NA,1
LOC111137601,NA,NA,NA,NA,NA,NA,NA,NA,NA,NA,275.0719846,-2.5418991503,0.14602964,4.561842e-69,6.269608e-67,NA,NA,NA,NA,NA,NA,NA,NA,NA,NA,1
LOC111137602,NA,NA,NA,NA,NA,NA,NA,NA,NA,NA,346.99359119,-1.8702158379,0.40417242,5.366935e-07,1.917146e-06,NA,NA,NA,NA,NA,NA,NA,NA,NA,NA,1
LOC111137609,NA,NA,NA,NA,NA,NA,NA,NA,NA,NA,99.10609299,2.7247429008,0.18607383,7.569622e-50,5.373931e-48,NA,NA,NA,NA,NA,NA,NA,NA,NA,NA,1
LOC111137630,NA,NA,NA,NA,NA,NA,NA,NA,NA,NA,56.62362215,1.2151397856,0.34829217,0.000192777,0.000483408,NA,NA,NA,NA,NA,NA,NA,NA,NA,NA,1
LOC111137632,NA,NA,NA,NA,NA,NA,NA,NA,NA,NA,6669.86930871,2.1559543414,0.39072867,3.26675e-09,1.496562e-08,NA,NA,NA,NA,NA,NA,NA,NA,NA,NA,1
LOC111137635,NA,NA,NA,NA,NA,NA,NA,NA,NA,NA,119.28758568,1.3419008477,0.2541508,4.359087e-08,1.771395e-07,NA,NA,NA,NA,NA,NA,NA,NA,NA,NA,1
LOC111137638,NA,NA,NA,NA,NA,NA,NA,NA,NA,NA,673.16300512,1.5434002441,0.35111128,2.688404e-06,8.781138e-06,NA,NA,NA,NA,NA,NA,NA,NA,NA,NA,1
LOC111137639,NA,NA,NA,NA,NA,NA,NA,NA,NA,NA,116.87869689,1.0345741622,0.2193934,1.249969e-06,4.252513e-06,NA,NA,NA,NA,NA,NA,NA,NA,NA,NA,1
LOC111137647,NA,NA,NA,NA,NA,NA,NA,NA,NA,NA,78.49683533,-1.2072185116,0.23433948,1.062549e-07,4.138998e-07,NA,NA,NA,NA,NA,NA,NA,NA,NA,NA,1
LOC111137648,NA,NA,NA,NA,NA,NA,NA,NA,NA,NA,101.19014479,-2.3499831513,0.24208723,2.140379e-23,3.394211e-22,NA,NA,NA,NA,NA,NA,NA,NA,NA,NA,1
LOC111137676,NA,NA,NA,NA,NA,NA,NA,NA,NA,NA,553.70959976,-1.5843679867,0.16498133,1.820291e-22,2.69152e-21,NA,NA,NA,NA,NA,NA,NA,NA,NA,NA,1
LOC111137679,NA,NA,NA,NA,NA,NA,NA,NA,NA,NA,2080.29740582,2.838046157,0.33010511,3.524297e-19,4.002168e-18,NA,NA,NA,NA,NA,NA,NA,NA,NA,NA,1
LOC111137688,NA,NA,NA,NA,NA,NA,NA,NA,NA,NA,1013.45827321,1.5640444812,0.35063611,1.927814e-06,6.408115e-06,NA,NA,NA,NA,NA,NA,NA,NA,NA,NA,1
LOC111137695,NA,NA,NA,NA,NA,NA,NA,NA,NA,NA,256.70558825,1.4040013451,0.23160301,4.142855e-10,2.09983e-09,NA,NA,NA,NA,NA,NA,NA,NA,NA,NA,1
LOC111137701,NA,NA,NA,NA,NA,NA,NA,NA,NA,NA,103.55022339,-1.9331753123,0.46237453,3.771251e-06,1.209689e-05,NA,NA,NA,NA,NA,NA,NA,NA,NA,NA,1
LOC111137710,NA,NA,NA,NA,NA,NA,NA,NA,NA,NA,223.71400038,-1.4992128961,0.18690188,2.801893e-16,2.509298e-15,NA,NA,NA,NA,NA,NA,NA,NA,NA,NA,1
LOC111137729,NA,NA,NA,NA,NA,NA,NA,NA,NA,NA,113.30940203,2.5488049532,0.14872853,4.824824e-67,6.465264e-65,NA,NA,NA,NA,NA,NA,NA,NA,NA,NA,1
LOC111137733,NA,NA,NA,NA,NA,NA,NA,NA,NA,NA,28.52249002,2.4770520365,0.65854026,9.507847e-06,2.889825e-05,NA,NA,NA,NA,NA,NA,NA,NA,NA,NA,1
LOC111137745,NA,NA,NA,NA,NA,NA,NA,NA,NA,NA,268.55440822,1.2868394645,0.24772083,7.508945e-08,2.984645e-07,NA,NA,NA,NA,NA,NA,NA,NA,NA,NA,1
LOC111137766,NA,NA,NA,NA,NA,NA,NA,NA,NA,NA,62.85527613,1.0006678678,0.44761868,0.01297276,0.02280552,NA,NA,NA,NA,NA,NA,NA,NA,NA,NA,1
LOC111137779,NA,NA,NA,NA,NA,NA,NA,NA,NA,NA,192.83769003,1.0918354059,0.18594092,2.088296e-09,9.775781e-09,NA,NA,NA,NA,NA,NA,NA,NA,NA,NA,1
LOC111137784,NA,NA,NA,NA,NA,NA,NA,NA,NA,NA,72.7465837,1.6971052354,0.19776985,1.841415e-18,1.972024e-17,NA,NA,NA,NA,NA,NA,NA,NA,NA,NA,1
LOC111137800,NA,NA,NA,NA,NA,NA,NA,NA,NA,NA,83.29886575,-2.3720641358,0.23634763,7.83154e-25,1.358481e-23,NA,NA,NA,NA,NA,NA,NA,NA,NA,NA,1
LOC111137803,NA,NA,NA,NA,NA,NA,NA,NA,NA,NA,741.11017659,1.7979047881,0.32046654,3.323534e-09,1.519978e-08,NA,NA,NA,NA,NA,NA,NA,NA,NA,NA,1
LOC111137808,NA,NA,NA,NA,NA,NA,NA,NA,NA,NA,21.14252775,1.4501736327,0.29446979,2.402189e-07,8.989584e-07,NA,NA,NA,NA,NA,NA,NA,NA,NA,NA,1
LOC111137818,NA,NA,NA,NA,NA,NA,NA,NA,NA,NA,97.11662301,-1.8770841402,0.38689885,1.761302e-07,6.705007e-07,NA,NA,NA,NA,NA,NA,NA,NA,NA,NA,1
LOC111137827,NA,NA,NA,NA,NA,NA,NA,NA,NA,NA,25.78825992,1.0518720161,0.34396442,0.00110064,0.002412855,NA,NA,NA,NA,NA,NA,NA,NA,NA,NA,1
LOC111137831,NA,NA,NA,NA,NA,NA,NA,NA,NA,NA,79.35007569,-1.4971889711,0.22942222,1.806353e-11,1.049545e-10,NA,NA,NA,NA,NA,NA,NA,NA,NA,NA,1
LOC111137833,NA,NA,NA,NA,NA,NA,NA,NA,NA,NA,223.43289974,-1.599905672,0.19622133,8.077161e-17,7.642292e-16,NA,NA,NA,NA,NA,NA,NA,NA,NA,NA,1
LOC111137845,NA,NA,NA,NA,NA,NA,NA,NA,NA,NA,140.71077516,-1.8397292127,0.30781546,3.518436e-10,1.795223e-09,NA,NA,NA,NA,NA,NA,NA,NA,NA,NA,1
LOC111137854,NA,NA,NA,NA,NA,NA,NA,NA,NA,NA,99.88644897,-1.4585728212,0.34900112,8.121868e-06,2.498405e-05,NA,NA,NA,NA,NA,NA,NA,NA,NA,NA,1
LOC111137864,NA,NA,NA,NA,NA,NA,NA,NA,NA,NA,145.07003399,4.8719997233,0.51797489,4.700964e-23,7.27191e-22,NA,NA,NA,NA,NA,NA,NA,NA,NA,NA,1
LOC111137877,NA,NA,NA,NA,NA,NA,NA,NA,NA,NA,83.11366425,-1.5203992568,0.27740991,1.083824e-08,4.709605e-08,NA,NA,NA,NA,NA,NA,NA,NA,NA,NA,1
LOC111137878,NA,NA,NA,NA,NA,NA,NA,NA,NA,NA,60.21926599,-1.3737059616,0.33507768,1.310503e-05,3.892655e-05,NA,NA,NA,NA,NA,NA,NA,NA,NA,NA,1
LOC111137884,NA,NA,NA,NA,NA,NA,NA,NA,NA,NA,90.52418542,1.7221948919,0.31738736,1.066633e-08,4.640545e-08,NA,NA,NA,NA,NA,NA,NA,NA,NA,NA,1
LOC111137885,NA,NA,NA,NA,NA,NA,NA,NA,NA,NA,136.02283062,2.2112725841,0.32568113,1.005735e-12,6.630675e-12,NA,NA,NA,NA,NA,NA,NA,NA,NA,NA,1
LOC111137942,NA,NA,NA,NA,NA,NA,NA,NA,NA,NA,69.71048057,-1.4576228967,0.23303301,1.128815e-10,6.102316e-10,NA,NA,NA,NA,NA,NA,NA,NA,NA,NA,1
LOC111137947,NA,NA,NA,NA,NA,NA,NA,NA,NA,NA,244.46333067,1.6356242744,0.21147141,2.239182e-15,1.852163e-14,NA,NA,NA,NA,NA,NA,NA,NA,NA,NA,1
LOC111137955,NA,NA,NA,NA,NA,NA,NA,NA,NA,NA,79.40244402,-2.1096801436,0.22674174,1.41545e-21,1.952848e-20,NA,NA,NA,NA,NA,NA,NA,NA,NA,NA,1
LOC111137960,NA,NA,NA,NA,NA,NA,NA,NA,NA,NA,146.9278182,1.1149683211,0.2376341,1.261608e-06,4.289388e-06,NA,NA,NA,NA,NA,NA,NA,NA,NA,NA,1
LOC111137967,NA,NA,NA,NA,NA,NA,NA,NA,NA,NA,90.24589039,1.2979143633,0.38080357,0.0002290875,0.0005674255,NA,NA,NA,NA,NA,NA,NA,NA,NA,NA,1
LOC111137968,NA,NA,NA,NA,NA,NA,NA,NA,NA,NA,88.17161874,-1.7706201218,0.22497919,6.17065e-16,5.364912e-15,NA,NA,NA,NA,NA,NA,NA,NA,NA,NA,1
LOC111137969,NA,NA,NA,NA,NA,NA,NA,NA,NA,NA,55.11172997,2.550919107,0.32908233,5.309898e-16,4.650515e-15,NA,NA,NA,NA,NA,NA,NA,NA,NA,NA,1
LOC111137970,NA,NA,NA,NA,NA,NA,NA,NA,NA,NA,193.07069266,-2.2574502312,0.42581766,9.41189e-09,4.116502e-08,NA,NA,NA,NA,NA,NA,NA,NA,NA,NA,1
LOC111137971,NA,NA,NA,NA,NA,NA,NA,NA,NA,NA,65.87768611,-1.5637505495,0.24793501,6.829655e-11,3.768085e-10,NA,NA,NA,NA,NA,NA,NA,NA,NA,NA,1
LOC111137972,NA,NA,NA,NA,NA,NA,NA,NA,NA,NA,53.4274355,-1.2346298097,0.27171294,2.170766e-06,7.157987e-06,NA,NA,NA,NA,NA,NA,NA,NA,NA,NA,1
LOC111137975,NA,NA,NA,NA,NA,NA,NA,NA,NA,NA,106.98940178,-1.1845564123,0.42618193,0.002212033,0.004584878,NA,NA,NA,NA,NA,NA,NA,NA,NA,NA,1
LOC111137978,NA,NA,NA,NA,NA,NA,NA,NA,NA,NA,56.71767488,2.9515475186,0.52913015,8.442958e-10,4.130923e-09,NA,NA,NA,NA,NA,NA,NA,NA,NA,NA,1
LOC111137980,NA,NA,NA,NA,NA,NA,NA,NA,NA,NA,86.59592145,-1.0874618456,0.25592361,1.033394e-05,3.117924e-05,NA,NA,NA,NA,NA,NA,NA,NA,NA,NA,1
LOC111137981,NA,NA,NA,NA,NA,NA,NA,NA,NA,NA,428.42197217,-1.6968857007,0.37421774,1.101456e-06,3.779643e-06,NA,NA,NA,NA,NA,NA,NA,NA,NA,NA,1
LOC111138001,NA,NA,NA,NA,NA,NA,NA,NA,NA,NA,281.55502823,-2.3770665821,0.34164501,2.481684e-13,1.723035e-12,NA,NA,NA,NA,NA,NA,NA,NA,NA,NA,1
LOC111138017,NA,NA,NA,NA,NA,NA,NA,NA,NA,NA,153.62414648,-1.769880212,0.2822143,6.18808e-11,3.431775e-10,NA,NA,NA,NA,NA,NA,NA,NA,NA,NA,1
LOC111138031,NA,NA,NA,NA,NA,NA,NA,NA,NA,NA,64.59587916,1.2793843856,0.29798207,6.450056e-06,2.009433e-05,NA,NA,NA,NA,NA,NA,NA,NA,NA,NA,1
LOC111138032,NA,NA,NA,NA,NA,NA,NA,NA,NA,NA,128.34299799,-2.3330319349,0.25995123,2.197712e-20,2.771702e-19,NA,NA,NA,NA,NA,NA,NA,NA,NA,NA,1
LOC111138035,NA,NA,NA,NA,NA,NA,NA,NA,NA,NA,344.06112517,1.6619388743,0.2098934,4.995194e-16,4.396427e-15,NA,NA,NA,NA,NA,NA,NA,NA,NA,NA,1
LOC111138047,NA,NA,NA,NA,NA,NA,NA,NA,NA,NA,65.38911397,-1.4948717574,0.23930329,1.122252e-10,6.069901e-10,NA,NA,NA,NA,NA,NA,NA,NA,NA,NA,1
LOC111138048,NA,NA,NA,NA,NA,NA,NA,NA,NA,NA,138.18965453,-1.4555449071,0.32949258,2.796485e-06,9.109181e-06,NA,NA,NA,NA,NA,NA,NA,NA,NA,NA,1
LOC111138049,NA,NA,NA,NA,NA,NA,NA,NA,NA,NA,90.00156066,-1.0463203379,0.19188432,2.545214e-08,1.060011e-07,NA,NA,NA,NA,NA,NA,NA,NA,NA,NA,1
LOC111138050,NA,NA,NA,NA,NA,NA,NA,NA,NA,NA,111.19041588,-2.0360333543,0.25757759,3.120448e-16,2.780648e-15,NA,NA,NA,NA,NA,NA,NA,NA,NA,NA,1
LOC111138059,NA,NA,NA,NA,NA,NA,NA,NA,NA,NA,1038.21348789,2.8600550942,0.30967101,1.094673e-21,1.525994e-20,NA,NA,NA,NA,NA,NA,NA,NA,NA,NA,1
LOC111138063,NA,NA,NA,NA,NA,NA,NA,NA,NA,NA,1812.3224092,1.7554578453,0.30676587,1.849629e-09,8.711786e-09,NA,NA,NA,NA,NA,NA,NA,NA,NA,NA,1
LOC111138095,NA,NA,NA,NA,NA,NA,NA,NA,NA,NA,80.16076754,-1.1829060431,0.20101785,1.707579e-09,8.053342e-09,NA,NA,NA,NA,NA,NA,NA,NA,NA,NA,1
LOC111138105,NA,NA,NA,NA,NA,NA,NA,NA,NA,NA,165.52991638,-2.2690021262,0.19306929,5.856212e-33,1.701317e-31,NA,NA,NA,NA,NA,NA,NA,NA,NA,NA,1
LOC111138109,NA,NA,NA,NA,NA,NA,NA,NA,NA,NA,245.04121926,-1.5833977528,0.40996754,2.540131e-05,7.265262e-05,NA,NA,NA,NA,NA,NA,NA,NA,NA,NA,1
LOC111138123,NA,NA,NA,NA,NA,NA,NA,NA,NA,NA,45.65084444,1.0446562941,0.36387102,0.002029998,0.004232123,NA,NA,NA,NA,NA,NA,NA,NA,NA,NA,1
LOC111138124,NA,NA,NA,NA,NA,NA,NA,NA,NA,NA,319.45823044,-1.8111618423,0.31011879,8.417247e-10,4.122106e-09,NA,NA,NA,NA,NA,NA,NA,NA,NA,NA,1
LOC111138127,NA,NA,NA,NA,NA,NA,NA,NA,NA,NA,175.36252161,3.7041931874,0.35150008,1.215164e-27,2.519644e-26,NA,NA,NA,NA,NA,NA,NA,NA,NA,NA,1
LOC111138129,NA,NA,NA,NA,NA,NA,NA,NA,NA,NA,144.83107605,-2.3686733335,0.23478463,4.620809e-25,8.187616e-24,NA,NA,NA,NA,NA,NA,NA,NA,NA,NA,1
LOC111138141,NA,NA,NA,NA,NA,NA,NA,NA,NA,NA,546.68210331,-2.7298905149,0.24762859,1.453676e-29,3.402491e-28,NA,NA,NA,NA,NA,NA,NA,NA,NA,NA,1
LOC111138154,NA,NA,NA,NA,NA,NA,NA,NA,NA,NA,145.57316299,1.8849338071,0.27208987,6.207279e-13,4.177152e-12,NA,NA,NA,NA,NA,NA,NA,NA,NA,NA,1
LOC111138159,NA,NA,NA,NA,NA,NA,NA,NA,NA,NA,52.58370789,1.1384730811,0.34950415,0.0004959756,0.001160886,NA,NA,NA,NA,NA,NA,NA,NA,NA,NA,1
LOC111138166,NA,NA,NA,NA,NA,NA,NA,NA,NA,NA,1021.87121484,3.0449998542,0.18219746,4.012571e-64,5.001717e-62,NA,NA,NA,NA,NA,NA,NA,NA,NA,NA,1
LOC111138178,NA,NA,NA,NA,NA,NA,NA,NA,NA,NA,66.40720453,1.5026919005,0.29751314,1.152649e-07,4.483453e-07,NA,NA,NA,NA,NA,NA,NA,NA,NA,NA,1
LOC111138184,NA,NA,NA,NA,NA,NA,NA,NA,NA,NA,173.07625341,1.2516169382,0.18992216,1.709027e-11,9.962353e-11,NA,NA,NA,NA,NA,NA,NA,NA,NA,NA,1
LOC111138187,NA,NA,NA,NA,NA,NA,NA,NA,NA,NA,1322.04349109,1.2406994147,0.53037932,0.007035737,0.01311934,NA,NA,NA,NA,NA,NA,NA,NA,NA,NA,1
LOC111138190,NA,NA,NA,NA,NA,NA,NA,NA,NA,NA,81.39178703,-1.9932369742,0.36634111,6.420531e-09,2.857123e-08,NA,NA,NA,NA,NA,NA,NA,NA,NA,NA,1
LOC111138191,NA,NA,NA,NA,NA,NA,NA,NA,NA,NA,1201.97890518,-1.2970242113,0.41892803,0.0006817446,0.001556945,NA,NA,NA,NA,NA,NA,NA,NA,NA,NA,1
LOC111138198,NA,NA,NA,NA,NA,NA,NA,NA,NA,NA,60.0415782,2.9015503081,0.26239143,8.386211e-30,1.997782e-28,NA,NA,NA,NA,NA,NA,NA,NA,NA,NA,1
LOC111138201,NA,NA,NA,NA,NA,NA,NA,NA,NA,NA,81.33400133,-1.7278612407,0.21879242,5.314255e-16,4.650515e-15,NA,NA,NA,NA,NA,NA,NA,NA,NA,NA,1
LOC111138209,NA,NA,NA,NA,NA,NA,NA,NA,NA,NA,81.01176261,-1.5371191601,0.50393371,0.0005427763,0.001262983,NA,NA,NA,NA,NA,NA,NA,NA,NA,NA,1
LOC111138210,NA,NA,NA,NA,NA,NA,NA,NA,NA,NA,27.86282302,1.4314500255,0.46014526,0.0005260704,0.001225973,NA,NA,NA,NA,NA,NA,NA,NA,NA,NA,1
LOC111138235,NA,NA,NA,NA,NA,NA,NA,NA,NA,NA,11125.05917836,1.2720069063,0.07687051,6.389696e-62,7.445385e-60,NA,NA,NA,NA,NA,NA,NA,NA,NA,NA,1
LOC111138274,NA,NA,NA,NA,NA,NA,NA,NA,NA,NA,211.63799925,1.4811617628,0.35327852,7.391212e-06,2.289332e-05,NA,NA,NA,NA,NA,NA,NA,NA,NA,NA,1
LOC111138322,NA,NA,NA,NA,NA,NA,NA,NA,NA,NA,72.96555143,-1.4467630849,0.35347931,1.203495e-05,3.591723e-05,NA,NA,NA,NA,NA,NA,NA,NA,NA,NA,1
LOC111138341,NA,NA,NA,NA,NA,NA,NA,NA,NA,NA,893.14217821,-1.052973948,0.15251834,2.591121e-12,1.63393e-11,NA,NA,NA,NA,NA,NA,NA,NA,NA,NA,1
LOC111138348,NA,NA,NA,NA,NA,NA,NA,NA,NA,NA,135.48449988,-1.222173913,0.35448946,0.0002221554,0.0005515299,NA,NA,NA,NA,NA,NA,NA,NA,NA,NA,1
LOC111138363,NA,NA,NA,NA,NA,NA,NA,NA,NA,NA,1072.31001855,2.5651104599,0.39417998,4.295925e-12,2.642129e-11,NA,NA,NA,NA,NA,NA,NA,NA,NA,NA,1
LOC111138378,NA,NA,NA,NA,NA,NA,NA,NA,NA,NA,62.05360065,1.0925993694,0.49956991,0.01288799,0.02268625,NA,NA,NA,NA,NA,NA,NA,NA,NA,NA,1
LOC111138423,NA,NA,NA,NA,NA,NA,NA,NA,NA,NA,61.49131181,-1.4076394819,0.22182498,6.799086e-11,3.753151e-10,NA,NA,NA,NA,NA,NA,NA,NA,NA,NA,1
LOC111138443,NA,NA,NA,NA,NA,NA,NA,NA,NA,NA,30.61173642,2.7622154564,0.34305828,3.783723e-17,3.677381e-16,NA,NA,NA,NA,NA,NA,NA,NA,NA,NA,1
LOC111138444,NA,NA,NA,NA,NA,NA,NA,NA,NA,NA,788.79997175,-3.8232174147,0.27743902,6.793284e-45,3.623085e-43,NA,NA,NA,NA,NA,NA,NA,NA,NA,NA,1
LOC111138449,NA,NA,NA,NA,NA,NA,NA,NA,NA,NA,115.37742825,2.0277279312,0.2561432,2.872491e-16,2.570376e-15,NA,NA,NA,NA,NA,NA,NA,NA,NA,NA,1
LOC111138458,NA,NA,NA,NA,NA,NA,NA,NA,NA,NA,240.13192432,-1.2679248466,0.15755886,3.229436e-16,2.872992e-15,NA,NA,NA,NA,NA,NA,NA,NA,NA,NA,1
LOC111138463,NA,NA,NA,NA,NA,NA,NA,NA,NA,NA,99.43745053,1.0697688352,0.47368867,0.0111383,0.01990375,NA,NA,NA,NA,NA,NA,NA,NA,NA,NA,1
LOC111138488,NA,NA,NA,NA,NA,NA,NA,NA,NA,NA,66.23984663,-1.5124643126,0.34711147,3.367382e-06,1.086645e-05,NA,NA,NA,NA,NA,NA,NA,NA,NA,NA,1
LOC111138494,NA,NA,NA,NA,NA,NA,NA,NA,NA,NA,48.04122579,-1.3853091136,0.3001378,1.228733e-06,4.18558e-06,NA,NA,NA,NA,NA,NA,NA,NA,NA,NA,1
LOC111138500,NA,NA,NA,NA,NA,NA,NA,NA,NA,NA,5979.67330778,-3.5690070435,0.3133745,1.124246e-31,3.043414e-30,NA,NA,NA,NA,NA,NA,NA,NA,NA,NA,1
LOC111138501,NA,NA,NA,NA,NA,NA,NA,NA,NA,NA,44.50194175,2.4079321526,0.25884725,9.692571e-22,1.356454e-20,NA,NA,NA,NA,NA,NA,NA,NA,NA,NA,1
LOC111138502,NA,NA,NA,NA,NA,NA,NA,NA,NA,NA,94.54281022,-1.1071895467,0.25481753,6.53782e-06,2.036183e-05,NA,NA,NA,NA,NA,NA,NA,NA,NA,NA,1
LOC111138503,NA,NA,NA,NA,NA,NA,NA,NA,NA,NA,51.34367986,2.6858967674,0.27313973,4.167189e-24,6.893869e-23,NA,NA,NA,NA,NA,NA,NA,NA,NA,NA,1
LOC111138521,NA,NA,NA,NA,NA,NA,NA,NA,NA,NA,315.52867225,-3.0963910033,0.2993658,1.554195e-26,3.040324e-25,NA,NA,NA,NA,NA,NA,NA,NA,NA,NA,1
LOC111099119,NA,NA,NA,NA,NA,NA,NA,NA,NA,NA,NA,NA,NA,NA,NA,56.13028434,-1.43397,0.35677033,4.729419e-09,1.245089e-06,NA,NA,NA,NA,NA,1
LOC111099468,NA,NA,NA,NA,NA,NA,NA,NA,NA,NA,NA,NA,NA,NA,NA,87.83388448,1.083886,0.48487836,8.49805e-06,0.0002542156,NA,NA,NA,NA,NA,1
LOC111099681,NA,NA,NA,NA,NA,NA,NA,NA,NA,NA,NA,NA,NA,NA,NA,386.51325116,-1.508387,0.51684747,3.810605e-07,2.696342e-05,NA,NA,NA,NA,NA,1
LOC111100613,NA,NA,NA,NA,NA,NA,NA,NA,NA,NA,NA,NA,NA,NA,NA,595.65555257,-1.206767,0.20805079,1.304535e-13,7.784595e-10,NA,NA,NA,NA,NA,1
LOC111104678,NA,NA,NA,NA,NA,NA,NA,NA,NA,NA,NA,NA,NA,NA,NA,34.75639682,1.517157,0.45804976,9.698926e-08,9.978745e-06,NA,NA,NA,NA,NA,1
LOC111104723,NA,NA,NA,NA,NA,NA,NA,NA,NA,NA,NA,NA,NA,NA,NA,43.89920979,1.095323,0.24391352,5.299081e-10,2.790122e-07,NA,NA,NA,NA,NA,1
LOC111106495,NA,NA,NA,NA,NA,NA,NA,NA,NA,NA,NA,NA,NA,NA,NA,801.35997256,1.368808,0.44047293,1.920741e-07,1.56296e-05,NA,NA,NA,NA,NA,1
LOC111106878,NA,NA,NA,NA,NA,NA,NA,NA,NA,NA,NA,NA,NA,NA,NA,37.79168804,1.189474,0.32686257,2.283936e-08,3.751103e-06,NA,NA,NA,NA,NA,1
LOC111108587,NA,NA,NA,NA,NA,NA,NA,NA,NA,NA,NA,NA,NA,NA,NA,4280.10096361,-1.018317,0.41317401,5.769418e-06,0.0001898605,NA,NA,NA,NA,NA,1
LOC111108685,NA,NA,NA,NA,NA,NA,NA,NA,NA,NA,NA,NA,NA,NA,NA,70.1283882,1.041975,0.47985285,1.253357e-05,0.0003363957,NA,NA,NA,NA,NA,1
LOC111111610,NA,NA,NA,NA,NA,NA,NA,NA,NA,NA,NA,NA,NA,NA,NA,56.92720542,-1.025219,0.34332086,8.759824e-07,5.137094e-05,NA,NA,NA,NA,NA,1
LOC111111883,NA,NA,NA,NA,NA,NA,NA,NA,NA,NA,NA,NA,NA,NA,NA,411.98443668,3.677684,0.83103961,1.706596e-09,6.698507e-07,NA,NA,NA,NA,NA,1
LOC111112389,NA,NA,NA,NA,NA,NA,NA,NA,NA,NA,NA,NA,NA,NA,NA,39.16859434,1.245396,0.48488821,1.644489e-06,8.0217e-05,NA,NA,NA,NA,NA,1
LOC111113397,NA,NA,NA,NA,NA,NA,NA,NA,NA,NA,NA,NA,NA,NA,NA,454.47121814,-1.108463,0.2233502,3.541053e-11,4.876302e-08,NA,NA,NA,NA,NA,1
LOC111114630,NA,NA,NA,NA,NA,NA,NA,NA,NA,NA,NA,NA,NA,NA,NA,94.84576072,-1.025143,0.38940367,3.151435e-06,0.0001250931,NA,NA,NA,NA,NA,1
LOC111114706,NA,NA,NA,NA,NA,NA,NA,NA,NA,NA,NA,NA,NA,NA,NA,729.8166387,1.272167,0.47215823,9.940665e-07,5.578614e-05,NA,NA,NA,NA,NA,1
LOC111114749,NA,NA,NA,NA,NA,NA,NA,NA,NA,NA,NA,NA,NA,NA,NA,35.32325957,-1.206625,0.25887049,1.222097e-10,1.041809e-07,NA,NA,NA,NA,NA,1
LOC111115003,NA,NA,NA,NA,NA,NA,NA,NA,NA,NA,NA,NA,NA,NA,NA,30.73756036,-1.032547,0.28585654,6.436952e-08,7.631412e-06,NA,NA,NA,NA,NA,1
LOC111115384,NA,NA,NA,NA,NA,NA,NA,NA,NA,NA,NA,NA,NA,NA,NA,45.54873801,-1.595841,0.51428088,2.098236e-07,1.66945e-05,NA,NA,NA,NA,NA,1
LOC111116279,NA,NA,NA,NA,NA,NA,NA,NA,NA,NA,NA,NA,NA,NA,NA,74.02773805,1.232431,0.64078488,1.210189e-05,0.0003282546,NA,NA,NA,NA,NA,1
LOC111118358,NA,NA,NA,NA,NA,NA,NA,NA,NA,NA,NA,NA,NA,NA,NA,60.86042868,-1.080611,0.2659971,5.268627e-09,1.347414e-06,NA,NA,NA,NA,NA,1
LOC111119442,NA,NA,NA,NA,NA,NA,NA,NA,NA,NA,NA,NA,NA,NA,NA,118.1979787,-1.279821,0.54856126,3.348135e-06,0.000130018,NA,NA,NA,NA,NA,1
LOC111119705,NA,NA,NA,NA,NA,NA,NA,NA,NA,NA,NA,NA,NA,NA,NA,90.04431521,-1.639925,0.3432689,4.097774e-10,2.22298e-07,NA,NA,NA,NA,NA,1
LOC111121271,NA,NA,NA,NA,NA,NA,NA,NA,NA,NA,NA,NA,NA,NA,NA,47.97021673,-1.127554,0.27752156,3.802809e-09,1.080744e-06,NA,NA,NA,NA,NA,1
LOC111121619,NA,NA,NA,NA,NA,NA,NA,NA,NA,NA,NA,NA,NA,NA,NA,32.06120436,-1.207376,0.37579514,1.451323e-07,1.312201e-05,NA,NA,NA,NA,NA,1
LOC111121945,NA,NA,NA,NA,NA,NA,NA,NA,NA,NA,NA,NA,NA,NA,NA,50.34073633,-1.83424,0.32125533,1.35534e-11,2.695923e-08,NA,NA,NA,NA,NA,1
LOC111122098,NA,NA,NA,NA,NA,NA,NA,NA,NA,NA,NA,NA,NA,NA,NA,135.67004266,-1.019651,0.33376995,7.034613e-07,4.327617e-05,NA,NA,NA,NA,NA,1
LOC111124627,NA,NA,NA,NA,NA,NA,NA,NA,NA,NA,NA,NA,NA,NA,NA,54.09465565,-1.28421,0.51728671,2.03912e-06,9.080677e-05,NA,NA,NA,NA,NA,1
LOC111125329,NA,NA,NA,NA,NA,NA,NA,NA,NA,NA,NA,NA,NA,NA,NA,227.28623541,1.0186,0.30901535,2.745817e-07,2.100667e-05,NA,NA,NA,NA,NA,1
LOC111125464,NA,NA,NA,NA,NA,NA,NA,NA,NA,NA,NA,NA,NA,NA,NA,118.62802159,1.052738,0.32930875,3.136802e-07,2.320456e-05,NA,NA,NA,NA,NA,1
LOC111126269,NA,NA,NA,NA,NA,NA,NA,NA,NA,NA,NA,NA,NA,NA,NA,51.24780504,-1.143316,0.37722716,3.776519e-07,2.682827e-05,NA,NA,NA,NA,NA,1
LOC111126705,NA,NA,NA,NA,NA,NA,NA,NA,NA,NA,NA,NA,NA,NA,NA,177.36089592,-1.114152,0.59051633,1.97962e-05,0.0004706394,NA,NA,NA,NA,NA,1
LOC111127803,NA,NA,NA,NA,NA,NA,NA,NA,NA,NA,NA,NA,NA,NA,NA,1066.4079161,1.63239,0.92954688,6.334552e-06,0.0002046952,NA,NA,NA,NA,NA,1
LOC111127886,NA,NA,NA,NA,NA,NA,NA,NA,NA,NA,NA,NA,NA,NA,NA,71.81088326,-1.460605,0.37550176,8.969788e-09,1.934664e-06,NA,NA,NA,NA,NA,1
LOC111127935,NA,NA,NA,NA,NA,NA,NA,NA,NA,NA,NA,NA,NA,NA,NA,1026.2801952,4.621016,0.9989852,1.87947e-09,7.145639e-07,NA,NA,NA,NA,NA,1
LOC111128155,NA,NA,NA,NA,NA,NA,NA,NA,NA,NA,NA,NA,NA,NA,NA,67.93593886,-1.02532,0.33843934,7.421294e-07,4.503593e-05,NA,NA,NA,NA,NA,1
LOC111128410,NA,NA,NA,NA,NA,NA,NA,NA,NA,NA,NA,NA,NA,NA,NA,99.14549431,1.283609,0.2385461,2.082222e-12,6.212658e-09,NA,NA,NA,NA,NA,1
LOC111128443,NA,NA,NA,NA,NA,NA,NA,NA,NA,NA,NA,NA,NA,NA,NA,58.27693639,1.21071,0.51285677,3.63089e-06,0.0001374211,NA,NA,NA,NA,NA,1
LOC111129386,NA,NA,NA,NA,NA,NA,NA,NA,NA,NA,NA,NA,NA,NA,NA,139.55343328,1.858611,0.70115805,6.507535e-07,4.073353e-05,NA,NA,NA,NA,NA,1
LOC111129561,NA,NA,NA,NA,NA,NA,NA,NA,NA,NA,NA,NA,NA,NA,NA,108.32043243,1.153125,0.27994366,2.524842e-09,8.300021e-07,NA,NA,NA,NA,NA,1
LOC111130455,NA,NA,NA,NA,NA,NA,NA,NA,NA,NA,NA,NA,NA,NA,NA,812.45938143,3.627531,0.82971655,1.989022e-09,7.145639e-07,NA,NA,NA,NA,NA,1
LOC111131076,NA,NA,NA,NA,NA,NA,NA,NA,NA,NA,NA,NA,NA,NA,NA,27.81670007,1.005597,0.29297936,1.779041e-07,1.460935e-05,NA,NA,NA,NA,NA,1
LOC111131686,NA,NA,NA,NA,NA,NA,NA,NA,NA,NA,NA,NA,NA,NA,NA,2141.38377144,1.108621,0.36074643,3.709577e-07,2.656354e-05,NA,NA,NA,NA,NA,1
LOC111132807,NA,NA,NA,NA,NA,NA,NA,NA,NA,NA,NA,NA,NA,NA,NA,99.18646673,2.500649,0.49292354,1.581502e-10,1.260944e-07,NA,NA,NA,NA,NA,1
LOC111132860,NA,NA,NA,NA,NA,NA,NA,NA,NA,NA,NA,NA,NA,NA,NA,57.75453998,-1.178444,0.30697301,9.164597e-09,1.95315e-06,NA,NA,NA,NA,NA,1
LOC111133376,NA,NA,NA,NA,NA,NA,NA,NA,NA,NA,NA,NA,NA,NA,NA,1050.28612323,1.387981,0.4398252,1.597169e-07,1.381281e-05,NA,NA,NA,NA,NA,1
LOC111134185,NA,NA,NA,NA,NA,NA,NA,NA,NA,NA,NA,NA,NA,NA,NA,183.66757475,-1.469511,0.29293,4.890297e-11,5.723721e-08,NA,NA,NA,NA,NA,1
LOC111134208,NA,NA,NA,NA,NA,NA,NA,NA,NA,NA,NA,NA,NA,NA,NA,312.28892433,1.036248,0.65222797,5.041742e-05,0.0009500765,NA,NA,NA,NA,NA,1
LOC111134705,NA,NA,NA,NA,NA,NA,NA,NA,NA,NA,NA,NA,NA,NA,NA,126.49970768,-1.658237,0.2310415,1.038305e-15,9.293868e-12,NA,NA,NA,NA,NA,1
LOC111134793,NA,NA,NA,NA,NA,NA,NA,NA,NA,NA,NA,NA,NA,NA,NA,177.51093838,1.541329,0.85339228,7.079588e-06,0.0002227395,NA,NA,NA,NA,NA,1
LOC111135564,NA,NA,NA,NA,NA,NA,NA,NA,NA,NA,NA,NA,NA,NA,NA,315.94205912,1.026022,0.57917836,3.752512e-05,0.0007670934,NA,NA,NA,NA,NA,1
LOC111136124,NA,NA,NA,NA,NA,NA,NA,NA,NA,NA,NA,NA,NA,NA,NA,149.49034448,1.005885,0.23016306,2.609817e-09,8.343026e-07,NA,NA,NA,NA,NA,1
LOC111136237,NA,NA,NA,NA,NA,NA,NA,NA,NA,NA,NA,NA,NA,NA,NA,40.29980527,1.128682,0.42380482,1.656646e-06,8.059042e-05,NA,NA,NA,NA,NA,1
LOC111136817,NA,NA,NA,NA,NA,NA,NA,NA,NA,NA,NA,NA,NA,NA,NA,39.08887826,-1.304498,0.46530869,6.345462e-07,3.999876e-05,NA,NA,NA,NA,NA,1
LOC111137179,NA,NA,NA,NA,NA,NA,NA,NA,NA,NA,NA,NA,NA,NA,NA,34.97680732,-1.266015,0.35696147,3.09976e-08,4.676624e-06,NA,NA,NA,NA,NA,1
LOC111138165,NA,NA,NA,NA,NA,NA,NA,NA,NA,NA,NA,NA,NA,NA,NA,2694.66905728,1.297093,0.40738673,1.445975e-07,1.312201e-05,NA,NA,NA,NA,NA,1
LOC111138307,NA,NA,NA,NA,NA,NA,NA,NA,NA,NA,NA,NA,NA,NA,NA,141.07450853,-1.38454,0.35222853,6.135813e-09,1.525602e-06,NA,NA,NA,NA,NA,1
LOC111099118,NA,NA,NA,NA,NA,NA,NA,NA,NA,NA,NA,NA,NA,NA,NA,NA,NA,NA,NA,NA,35.97700986,1.128294,0.10858917,1.670172e-26,3.03076e-24,1
LOC111099202,NA,NA,NA,NA,NA,NA,NA,NA,NA,NA,NA,NA,NA,NA,NA,NA,NA,NA,NA,NA,35.37653982,-1.465885,0.27482661,1.265852e-09,2.489556e-08,1
LOC111099228,NA,NA,NA,NA,NA,NA,NA,NA,NA,NA,NA,NA,NA,NA,NA,NA,NA,NA,NA,NA,25.34971935,-1.05306,0.19864799,6.794393e-09,1.134677e-07,1
LOC111099579,NA,NA,NA,NA,NA,NA,NA,NA,NA,NA,NA,NA,NA,NA,NA,NA,NA,NA,NA,NA,64.00132296,-2.164607,0.26873335,3.509507e-18,2.38511e-16,1
LOC111099649,NA,NA,NA,NA,NA,NA,NA,NA,NA,NA,NA,NA,NA,NA,NA,NA,NA,NA,NA,NA,38.17630205,1.700397,0.23894872,6.555645e-15,2.892042e-13,1
LOC111099656,NA,NA,NA,NA,NA,NA,NA,NA,NA,NA,NA,NA,NA,NA,NA,NA,NA,NA,NA,NA,28.57501966,-1.357077,0.2646633,5.803611e-09,9.898756e-08,1
LOC111099680,NA,NA,NA,NA,NA,NA,NA,NA,NA,NA,NA,NA,NA,NA,NA,NA,NA,NA,NA,NA,80.5363841,-1.479433,0.22579416,7.500458e-13,2.472342e-11,1
LOC111099745,NA,NA,NA,NA,NA,NA,NA,NA,NA,NA,NA,NA,NA,NA,NA,NA,NA,NA,NA,NA,33.02127984,1.266415,0.22761213,7.832864e-10,1.612562e-08,1
LOC111099753,NA,NA,NA,NA,NA,NA,NA,NA,NA,NA,NA,NA,NA,NA,NA,NA,NA,NA,NA,NA,32.20895109,1.503212,0.17306698,4.649637e-20,4.051629e-18,1
LOC111099765,NA,NA,NA,NA,NA,NA,NA,NA,NA,NA,NA,NA,NA,NA,NA,NA,NA,NA,NA,NA,40.52615137,1.183503,0.25013118,7.897428e-08,1.07344e-06,1
LOC111099800,NA,NA,NA,NA,NA,NA,NA,NA,NA,NA,NA,NA,NA,NA,NA,NA,NA,NA,NA,NA,36.61732973,1.706163,0.28697516,1.63598e-11,4.464576e-10,1
LOC111099902,NA,NA,NA,NA,NA,NA,NA,NA,NA,NA,NA,NA,NA,NA,NA,NA,NA,NA,NA,NA,29.79376514,-1.204281,0.22158519,2.022752e-09,3.812043e-08,1
LOC111099910,NA,NA,NA,NA,NA,NA,NA,NA,NA,NA,NA,NA,NA,NA,NA,NA,NA,NA,NA,NA,100.09263501,-1.870598,0.40312462,1.463765e-08,2.323281e-07,1
LOC111099922,NA,NA,NA,NA,NA,NA,NA,NA,NA,NA,NA,NA,NA,NA,NA,NA,NA,NA,NA,NA,61.00916484,1.486412,0.14057581,5.328442e-28,1.187231e-25,1
LOC111099927,NA,NA,NA,NA,NA,NA,NA,NA,NA,NA,NA,NA,NA,NA,NA,NA,NA,NA,NA,NA,146.71910806,-1.010085,0.5291226,0.0009017933,0.004308731,1
LOC111099972,NA,NA,NA,NA,NA,NA,NA,NA,NA,NA,NA,NA,NA,NA,NA,NA,NA,NA,NA,NA,84.3186541,-1.044255,0.26368507,3.282701e-06,3.006353e-05,1
LOC111099976,NA,NA,NA,NA,NA,NA,NA,NA,NA,NA,NA,NA,NA,NA,NA,NA,NA,NA,NA,NA,168.6290877,-1.254959,0.29985333,6.84307e-07,7.50478e-06,1
LOC111100080,NA,NA,NA,NA,NA,NA,NA,NA,NA,NA,NA,NA,NA,NA,NA,NA,NA,NA,NA,NA,57.09217138,-1.019667,0.27360338,8.270565e-06,6.863672e-05,1
LOC111100103,NA,NA,NA,NA,NA,NA,NA,NA,NA,NA,NA,NA,NA,NA,NA,NA,NA,NA,NA,NA,210.16858861,2.261983,0.32319946,1.163949e-14,4.948751e-13,1
LOC111100255,NA,NA,NA,NA,NA,NA,NA,NA,NA,NA,NA,NA,NA,NA,NA,NA,NA,NA,NA,NA,36.10742514,-1.398555,0.16266689,1.624166e-19,1.323545e-17,1
LOC111100278,NA,NA,NA,NA,NA,NA,NA,NA,NA,NA,NA,NA,NA,NA,NA,NA,NA,NA,NA,NA,30.98910495,-1.218227,0.1955107,1.759217e-11,4.749346e-10,1
LOC111100394,NA,NA,NA,NA,NA,NA,NA,NA,NA,NA,NA,NA,NA,NA,NA,NA,NA,NA,NA,NA,37.31421289,1.654461,0.31914615,1.485377e-09,2.889018e-08,1
LOC111100432,NA,NA,NA,NA,NA,NA,NA,NA,NA,NA,NA,NA,NA,NA,NA,NA,NA,NA,NA,NA,66.25019111,-1.619842,0.20953868,8.167266e-17,4.637426e-15,1
LOC111100442,NA,NA,NA,NA,NA,NA,NA,NA,NA,NA,NA,NA,NA,NA,NA,NA,NA,NA,NA,NA,124.56010911,1.087555,0.23718691,2.123851e-07,2.636392e-06,1
LOC111100476,NA,NA,NA,NA,NA,NA,NA,NA,NA,NA,NA,NA,NA,NA,NA,NA,NA,NA,NA,NA,145.17884333,3.728186,0.13379028,2.345034e-174,4.127728e-170,1
LOC111100557,NA,NA,NA,NA,NA,NA,NA,NA,NA,NA,NA,NA,NA,NA,NA,NA,NA,NA,NA,NA,25.48906961,1.016345,0.16532703,5.593553e-11,1.400414e-09,1
LOC111100596,NA,NA,NA,NA,NA,NA,NA,NA,NA,NA,NA,NA,NA,NA,NA,NA,NA,NA,NA,NA,96.81187179,1.129827,0.18511298,5.292404e-11,1.333815e-09,1
LOC111100603,NA,NA,NA,NA,NA,NA,NA,NA,NA,NA,NA,NA,NA,NA,NA,NA,NA,NA,NA,NA,113.96215568,-1.024642,0.08586064,6.43979e-34,2.138739e-31,1
LOC111100606,NA,NA,NA,NA,NA,NA,NA,NA,NA,NA,NA,NA,NA,NA,NA,NA,NA,NA,NA,NA,76.90929489,-1.200316,0.19168168,1.543753e-11,4.252447e-10,1
LOC111100670,NA,NA,NA,NA,NA,NA,NA,NA,NA,NA,NA,NA,NA,NA,NA,NA,NA,NA,NA,NA,32.01609393,1.596513,0.16928782,3.357677e-23,4.314002e-21,1
LOC111100677,NA,NA,NA,NA,NA,NA,NA,NA,NA,NA,NA,NA,NA,NA,NA,NA,NA,NA,NA,NA,67.15430281,1.273804,0.37981488,1.284524e-05,0.0001011189,1
LOC111100725,NA,NA,NA,NA,NA,NA,NA,NA,NA,NA,NA,NA,NA,NA,NA,NA,NA,NA,NA,NA,26.48837152,-1.23561,0.20002033,2.307407e-11,6.089203e-10,1
LOC111100922,NA,NA,NA,NA,NA,NA,NA,NA,NA,NA,NA,NA,NA,NA,NA,NA,NA,NA,NA,NA,70.55537626,-2.714707,0.31072298,2.006334e-20,1.829818e-18,1
LOC111100931,NA,NA,NA,NA,NA,NA,NA,NA,NA,NA,NA,NA,NA,NA,NA,NA,NA,NA,NA,NA,69.7104068,-1.39002,0.32991056,3.75196e-07,4.376541e-06,1
LOC111101123,NA,NA,NA,NA,NA,NA,NA,NA,NA,NA,NA,NA,NA,NA,NA,NA,NA,NA,NA,NA,83.4378031,-1.027908,0.07616415,1.356802e-42,9.185548e-40,1
LOC111101204,NA,NA,NA,NA,NA,NA,NA,NA,NA,NA,NA,NA,NA,NA,NA,NA,NA,NA,NA,NA,251.93740902,-3.528704,0.52092879,5.515695e-15,2.457905e-13,1
LOC111101236,NA,NA,NA,NA,NA,NA,NA,NA,NA,NA,NA,NA,NA,NA,NA,NA,NA,NA,NA,NA,105.86881984,-1.602693,0.17593401,6.66247e-22,7.239062e-20,1
LOC111101243,NA,NA,NA,NA,NA,NA,NA,NA,NA,NA,NA,NA,NA,NA,NA,NA,NA,NA,NA,NA,95.36951765,-1.151275,0.23542112,4.1076e-08,5.902202e-07,1
LOC111101367,NA,NA,NA,NA,NA,NA,NA,NA,NA,NA,NA,NA,NA,NA,NA,NA,NA,NA,NA,NA,50.83671233,-1.20827,0.27172554,2.655872e-07,3.224045e-06,1
LOC111101506,NA,NA,NA,NA,NA,NA,NA,NA,NA,NA,NA,NA,NA,NA,NA,NA,NA,NA,NA,NA,43.01342693,-1.18407,0.29046466,1.35495e-06,1.381797e-05,1
LOC111101531,NA,NA,NA,NA,NA,NA,NA,NA,NA,NA,NA,NA,NA,NA,NA,NA,NA,NA,NA,NA,33.30552425,-1.297678,0.32945359,1.562237e-06,1.563302e-05,1
LOC111101550,NA,NA,NA,NA,NA,NA,NA,NA,NA,NA,NA,NA,NA,NA,NA,NA,NA,NA,NA,NA,32.8931235,1.912076,0.22671322,1.318632e-19,1.089698e-17,1
LOC111101706,NA,NA,NA,NA,NA,NA,NA,NA,NA,NA,NA,NA,NA,NA,NA,NA,NA,NA,NA,NA,44.73085577,-1.463384,0.22493696,1.091775e-12,3.54565e-11,1
LOC111101717,NA,NA,NA,NA,NA,NA,NA,NA,NA,NA,NA,NA,NA,NA,NA,NA,NA,NA,NA,NA,109.79463554,-1.931431,0.45757851,8.976713e-08,1.20433e-06,1
LOC111101722,NA,NA,NA,NA,NA,NA,NA,NA,NA,NA,NA,NA,NA,NA,NA,NA,NA,NA,NA,NA,70.03293018,2.245984,0.38218328,1.609193e-11,4.398294e-10,1
LOC111101787,NA,NA,NA,NA,NA,NA,NA,NA,NA,NA,NA,NA,NA,NA,NA,NA,NA,NA,NA,NA,38.01847813,1.880097,0.26926529,1.204876e-14,5.110416e-13,1
LOC111101830,NA,NA,NA,NA,NA,NA,NA,NA,NA,NA,NA,NA,NA,NA,NA,NA,NA,NA,NA,NA,39.25715961,-1.314961,0.30838754,3.976092e-07,4.610486e-06,1
LOC111101834,NA,NA,NA,NA,NA,NA,NA,NA,NA,NA,NA,NA,NA,NA,NA,NA,NA,NA,NA,NA,82.45328929,2.570529,0.25209168,1.948764e-26,3.500219e-24,1
LOC111101859,NA,NA,NA,NA,NA,NA,NA,NA,NA,NA,NA,NA,NA,NA,NA,NA,NA,NA,NA,NA,29.91921313,-1.097785,0.26960446,1.820906e-06,1.791593e-05,1
LOC111102235,NA,NA,NA,NA,NA,NA,NA,NA,NA,NA,NA,NA,NA,NA,NA,NA,NA,NA,NA,NA,182.17265402,-1.056853,0.20593009,1.632986e-08,2.561838e-07,1
LOC111102259,NA,NA,NA,NA,NA,NA,NA,NA,NA,NA,NA,NA,NA,NA,NA,NA,NA,NA,NA,NA,133.70042177,-2.308971,0.38654476,9.313976e-12,2.657125e-10,1
LOC111102272,NA,NA,NA,NA,NA,NA,NA,NA,NA,NA,NA,NA,NA,NA,NA,NA,NA,NA,NA,NA,71.06340832,1.105945,0.24064922,1.914119e-07,2.39803e-06,1
LOC111102406,NA,NA,NA,NA,NA,NA,NA,NA,NA,NA,NA,NA,NA,NA,NA,NA,NA,NA,NA,NA,63.02034827,1.813869,0.19082362,8.595181e-24,1.200733e-21,1
LOC111102476,NA,NA,NA,NA,NA,NA,NA,NA,NA,NA,NA,NA,NA,NA,NA,NA,NA,NA,NA,NA,35.48653058,-1.133912,0.22981799,3.508501e-08,5.11654e-07,1
LOC111102539,NA,NA,NA,NA,NA,NA,NA,NA,NA,NA,NA,NA,NA,NA,NA,NA,NA,NA,NA,NA,42.86724251,-1.699325,0.28463363,1.430691e-11,3.959594e-10,1
LOC111102645,NA,NA,NA,NA,NA,NA,NA,NA,NA,NA,NA,NA,NA,NA,NA,NA,NA,NA,NA,NA,85.97507106,-1.250293,0.14996597,2.863441e-18,1.968839e-16,1
LOC111102697,NA,NA,NA,NA,NA,NA,NA,NA,NA,NA,NA,NA,NA,NA,NA,NA,NA,NA,NA,NA,62.88309049,1.522621,0.19223642,2.665256e-17,1.584927e-15,1
LOC111102719,NA,NA,NA,NA,NA,NA,NA,NA,NA,NA,NA,NA,NA,NA,NA,NA,NA,NA,NA,NA,41.85781026,1.802431,0.18188738,1.653518e-25,2.694928e-23,1
LOC111102808,NA,NA,NA,NA,NA,NA,NA,NA,NA,NA,NA,NA,NA,NA,NA,NA,NA,NA,NA,NA,23.85757956,1.238299,0.2364379,5.169124e-09,8.920286e-08,1
LOC111102900,NA,NA,NA,NA,NA,NA,NA,NA,NA,NA,NA,NA,NA,NA,NA,NA,NA,NA,NA,NA,145.65813478,1.996003,0.25127364,7.641579e-18,4.981744e-16,1
LOC111102941,NA,NA,NA,NA,NA,NA,NA,NA,NA,NA,NA,NA,NA,NA,NA,NA,NA,NA,NA,NA,34.11571723,1.069309,0.23031034,1.721785e-07,2.18035e-06,1
LOC111102977,NA,NA,NA,NA,NA,NA,NA,NA,NA,NA,NA,NA,NA,NA,NA,NA,NA,NA,NA,NA,36.50639712,-1.56895,0.14698738,1.242097e-28,2.915119e-26,1
LOC111103015,NA,NA,NA,NA,NA,NA,NA,NA,NA,NA,NA,NA,NA,NA,NA,NA,NA,NA,NA,NA,226.0512978,3.176036,0.46741559,2.466641e-14,1.000411e-12,1
LOC111103028,NA,NA,NA,NA,NA,NA,NA,NA,NA,NA,NA,NA,NA,NA,NA,NA,NA,NA,NA,NA,42.48531172,1.615149,0.41775629,7.424041e-07,8.081507e-06,1
LOC111103050,NA,NA,NA,NA,NA,NA,NA,NA,NA,NA,NA,NA,NA,NA,NA,NA,NA,NA,NA,NA,34.06593295,-1.193985,0.31926679,4.636026e-06,4.087586e-05,1
LOC111103076,NA,NA,NA,NA,NA,NA,NA,NA,NA,NA,NA,NA,NA,NA,NA,NA,NA,NA,NA,NA,262.18780619,1.074549,0.329614,3.223243e-05,0.0002311019,1
LOC111103143,NA,NA,NA,NA,NA,NA,NA,NA,NA,NA,NA,NA,NA,NA,NA,NA,NA,NA,NA,NA,110.71716212,-1.487503,0.21130149,2.493576e-14,1.00901e-12,1
LOC111103151,NA,NA,NA,NA,NA,NA,NA,NA,NA,NA,NA,NA,NA,NA,NA,NA,NA,NA,NA,NA,160.61797907,1.191052,0.17406924,3.406702e-13,1.197649e-11,1
LOC111103215,NA,NA,NA,NA,NA,NA,NA,NA,NA,NA,NA,NA,NA,NA,NA,NA,NA,NA,NA,NA,55.65842255,1.07964,0.24750701,5.828614e-07,6.484427e-06,1
LOC111103245,NA,NA,NA,NA,NA,NA,NA,NA,NA,NA,NA,NA,NA,NA,NA,NA,NA,NA,NA,NA,57.56154788,-1.079738,0.24868979,6.35647e-07,7.028052e-06,1
LOC111103262,NA,NA,NA,NA,NA,NA,NA,NA,NA,NA,NA,NA,NA,NA,NA,NA,NA,NA,NA,NA,88.21908012,-1.242494,0.16228368,7.223657e-16,3.571652e-14,1
LOC111103274,NA,NA,NA,NA,NA,NA,NA,NA,NA,NA,NA,NA,NA,NA,NA,NA,NA,NA,NA,NA,43.78151336,-1.462168,0.1792436,5.060191e-18,3.361113e-16,1
LOC111103333,NA,NA,NA,NA,NA,NA,NA,NA,NA,NA,NA,NA,NA,NA,NA,NA,NA,NA,NA,NA,285.31961295,1.127139,0.43992663,0.0001694082,0.0009999744,1
LOC111103381,NA,NA,NA,NA,NA,NA,NA,NA,NA,NA,NA,NA,NA,NA,NA,NA,NA,NA,NA,NA,62.66113415,2.016599,0.26813425,2.11798e-16,1.11954e-14,1
LOC111103402,NA,NA,NA,NA,NA,NA,NA,NA,NA,NA,NA,NA,NA,NA,NA,NA,NA,NA,NA,NA,304.16099451,-3.193496,0.17719297,7.95184e-75,2.799366e-71,1
LOC111103443,NA,NA,NA,NA,NA,NA,NA,NA,NA,NA,NA,NA,NA,NA,NA,NA,NA,NA,NA,NA,88.33197282,2.714835,0.2842609,1.212281e-23,1.654153e-21,1
LOC111103603,NA,NA,NA,NA,NA,NA,NA,NA,NA,NA,NA,NA,NA,NA,NA,NA,NA,NA,NA,NA,39.64456308,1.280579,0.2215205,2.135486e-10,4.859984e-09,1
LOC111103831,NA,NA,NA,NA,NA,NA,NA,NA,NA,NA,NA,NA,NA,NA,NA,NA,NA,NA,NA,NA,78.71616701,-1.078192,0.46511438,0.0003355614,0.001826392,1
LOC111103843,NA,NA,NA,NA,NA,NA,NA,NA,NA,NA,NA,NA,NA,NA,NA,NA,NA,NA,NA,NA,31.21284777,-1.255205,0.2208133,4.120828e-10,8.845708e-09,1
LOC111103848,NA,NA,NA,NA,NA,NA,NA,NA,NA,NA,NA,NA,NA,NA,NA,NA,NA,NA,NA,NA,25.93777509,-1.284942,0.22316046,2.399873e-10,5.405334e-09,1
LOC111103864,NA,NA,NA,NA,NA,NA,NA,NA,NA,NA,NA,NA,NA,NA,NA,NA,NA,NA,NA,NA,65.87400239,-1.007861,0.20691244,6.923052e-08,9.554514e-07,1
LOC111103900,NA,NA,NA,NA,NA,NA,NA,NA,NA,NA,NA,NA,NA,NA,NA,NA,NA,NA,NA,NA,25.98253758,-1.282079,0.21669827,9.516662e-11,2.294689e-09,1
LOC111103987,NA,NA,NA,NA,NA,NA,NA,NA,NA,NA,NA,NA,NA,NA,NA,NA,NA,NA,NA,NA,253.5241577,1.466532,0.18813229,9.263063e-17,5.242715e-15,1
LOC111104002,NA,NA,NA,NA,NA,NA,NA,NA,NA,NA,NA,NA,NA,NA,NA,NA,NA,NA,NA,NA,53.47895238,-1.184167,0.19086009,2.351877e-11,6.179007e-10,1
LOC111104046,NA,NA,NA,NA,NA,NA,NA,NA,NA,NA,NA,NA,NA,NA,NA,NA,NA,NA,NA,NA,77.09722329,-1.281042,0.18322475,8.512152e-14,3.215053e-12,1
LOC111104067,NA,NA,NA,NA,NA,NA,NA,NA,NA,NA,NA,NA,NA,NA,NA,NA,NA,NA,NA,NA,41.52002698,-1.333652,0.19914731,5.27951e-13,1.776863e-11,1
LOC111104083,NA,NA,NA,NA,NA,NA,NA,NA,NA,NA,NA,NA,NA,NA,NA,NA,NA,NA,NA,NA,105.22384345,-1.048579,0.20978782,3.302344e-08,4.852075e-07,1
LOC111104091,NA,NA,NA,NA,NA,NA,NA,NA,NA,NA,NA,NA,NA,NA,NA,NA,NA,NA,NA,NA,60.48349727,1.055858,0.20453979,1.401941e-08,2.23321e-07,1
LOC111104102,NA,NA,NA,NA,NA,NA,NA,NA,NA,NA,NA,NA,NA,NA,NA,NA,NA,NA,NA,NA,54.89018569,-1.505509,0.28713451,1.776814e-09,3.410631e-08,1
LOC111104147,NA,NA,NA,NA,NA,NA,NA,NA,NA,NA,NA,NA,NA,NA,NA,NA,NA,NA,NA,NA,27.91275896,1.151681,0.25008181,1.581968e-07,2.026762e-06,1
LOC111104263,NA,NA,NA,NA,NA,NA,NA,NA,NA,NA,NA,NA,NA,NA,NA,NA,NA,NA,NA,NA,46.35752004,-1.688065,0.2584955,4.058256e-13,1.400655e-11,1
LOC111104315,NA,NA,NA,NA,NA,NA,NA,NA,NA,NA,NA,NA,NA,NA,NA,NA,NA,NA,NA,NA,108.37497763,3.507319,0.23967782,2.214854e-51,2.293286e-48,1
LOC111104327,NA,NA,NA,NA,NA,NA,NA,NA,NA,NA,NA,NA,NA,NA,NA,NA,NA,NA,NA,NA,70.53341115,-1.377383,0.32080863,2.796859e-07,3.371939e-06,1
LOC111104342,NA,NA,NA,NA,NA,NA,NA,NA,NA,NA,NA,NA,NA,NA,NA,NA,NA,NA,NA,NA,40.98112376,-1.227429,0.16752639,9.278517e-15,4.002952e-13,1
LOC111104385,NA,NA,NA,NA,NA,NA,NA,NA,NA,NA,NA,NA,NA,NA,NA,NA,NA,NA,NA,NA,27.80456632,1.574473,0.18570251,2.068493e-19,1.638432e-17,1
LOC111104386,NA,NA,NA,NA,NA,NA,NA,NA,NA,NA,NA,NA,NA,NA,NA,NA,NA,NA,NA,NA,107.16826369,1.617596,0.20995767,1.010977e-16,5.667267e-15,1
LOC111104414,NA,NA,NA,NA,NA,NA,NA,NA,NA,NA,NA,NA,NA,NA,NA,NA,NA,NA,NA,NA,124.50360573,-1.612126,0.13798256,1.18087e-33,3.849198e-31,1
LOC111104426,NA,NA,NA,NA,NA,NA,NA,NA,NA,NA,NA,NA,NA,NA,NA,NA,NA,NA,NA,NA,255.23818991,-1.171461,0.13868782,1.511717e-18,1.068644e-16,1
LOC111104467,NA,NA,NA,NA,NA,NA,NA,NA,NA,NA,NA,NA,NA,NA,NA,NA,NA,NA,NA,NA,52.0277763,1.016864,0.25261468,2.755841e-06,2.58023e-05,1
LOC111104479,NA,NA,NA,NA,NA,NA,NA,NA,NA,NA,NA,NA,NA,NA,NA,NA,NA,NA,NA,NA,122.66312874,1.027461,0.17278256,1.859828e-10,4.279307e-09,1
LOC111104488,NA,NA,NA,NA,NA,NA,NA,NA,NA,NA,NA,NA,NA,NA,NA,NA,NA,NA,NA,NA,147.15119276,-1.611714,0.21031158,1.422853e-16,7.777967e-15,1
LOC111104516,NA,NA,NA,NA,NA,NA,NA,NA,NA,NA,NA,NA,NA,NA,NA,NA,NA,NA,NA,NA,49.43357377,1.037766,0.28034248,8.588426e-06,7.084618e-05,1
LOC111104543,NA,NA,NA,NA,NA,NA,NA,NA,NA,NA,NA,NA,NA,NA,NA,NA,NA,NA,NA,NA,81.47869158,1.35502,0.33762597,9.568764e-07,1.010981e-05,1
LOC111104575,NA,NA,NA,NA,NA,NA,NA,NA,NA,NA,NA,NA,NA,NA,NA,NA,NA,NA,NA,NA,44.00489615,1.370701,0.19186054,1.956278e-14,8.064263e-13,1
LOC111104628,NA,NA,NA,NA,NA,NA,NA,NA,NA,NA,NA,NA,NA,NA,NA,NA,NA,NA,NA,NA,88.59746108,2.444968,0.41426156,1.48603e-11,4.09986e-10,1
LOC111104650,NA,NA,NA,NA,NA,NA,NA,NA,NA,NA,NA,NA,NA,NA,NA,NA,NA,NA,NA,NA,29.60724952,-1.67553,0.1980977,1.692112e-19,1.37256e-17,1
LOC111104693,NA,NA,NA,NA,NA,NA,NA,NA,NA,NA,NA,NA,NA,NA,NA,NA,NA,NA,NA,NA,24.69833754,1.042485,0.22760261,2.476585e-07,3.023082e-06,1
LOC111104801,NA,NA,NA,NA,NA,NA,NA,NA,NA,NA,NA,NA,NA,NA,NA,NA,NA,NA,NA,NA,20.41517044,-1.310607,0.19566875,5.762709e-13,1.932099e-11,1
LOC111104804,NA,NA,NA,NA,NA,NA,NA,NA,NA,NA,NA,NA,NA,NA,NA,NA,NA,NA,NA,NA,197.92428654,-1.188242,0.40420513,5.542912e-05,0.0003711158,1
LOC111104845,NA,NA,NA,NA,NA,NA,NA,NA,NA,NA,NA,NA,NA,NA,NA,NA,NA,NA,NA,NA,128.47207749,1.219051,0.55331224,0.0002654487,0.001484253,1
LOC111105181,NA,NA,NA,NA,NA,NA,NA,NA,NA,NA,NA,NA,NA,NA,NA,NA,NA,NA,NA,NA,108.60218162,1.60149,0.18938234,2.242798e-19,1.754565e-17,1
LOC111105241,NA,NA,NA,NA,NA,NA,NA,NA,NA,NA,NA,NA,NA,NA,NA,NA,NA,NA,NA,NA,352.73460016,1.8354,0.31855324,3.756326e-11,9.624287e-10,1
LOC111105281,NA,NA,NA,NA,NA,NA,NA,NA,NA,NA,NA,NA,NA,NA,NA,NA,NA,NA,NA,NA,32.05179998,1.19872,0.2094235,4.048875e-10,8.712506e-09,1
LOC111105354,NA,NA,NA,NA,NA,NA,NA,NA,NA,NA,NA,NA,NA,NA,NA,NA,NA,NA,NA,NA,63.44962716,1.391289,0.46127067,2.377912e-05,0.0001763843,1
LOC111105372,NA,NA,NA,NA,NA,NA,NA,NA,NA,NA,NA,NA,NA,NA,NA,NA,NA,NA,NA,NA,168.91386138,2.554538,0.39507503,5.003545e-13,1.696963e-11,1
LOC111105380,NA,NA,NA,NA,NA,NA,NA,NA,NA,NA,NA,NA,NA,NA,NA,NA,NA,NA,NA,NA,27.74388093,1.122463,0.27290178,1.432282e-06,1.452249e-05,1
LOC111105386,NA,NA,NA,NA,NA,NA,NA,NA,NA,NA,NA,NA,NA,NA,NA,NA,NA,NA,NA,NA,39.76762577,1.954278,0.31638882,2.566855e-12,7.885128e-11,1
LOC111105423,NA,NA,NA,NA,NA,NA,NA,NA,NA,NA,NA,NA,NA,NA,NA,NA,NA,NA,NA,NA,228.34177396,-2.192834,0.2870896,9.786149e-17,5.50338e-15,1
LOC111105483,NA,NA,NA,NA,NA,NA,NA,NA,NA,NA,NA,NA,NA,NA,NA,NA,NA,NA,NA,NA,36.85189565,-1.158208,0.24323302,7.461131e-08,1.021235e-06,1
LOC111105501,NA,NA,NA,NA,NA,NA,NA,NA,NA,NA,NA,NA,NA,NA,NA,NA,NA,NA,NA,NA,55.12758478,-1.050085,0.26347775,2.932091e-06,2.72564e-05,1
LOC111105564,NA,NA,NA,NA,NA,NA,NA,NA,NA,NA,NA,NA,NA,NA,NA,NA,NA,NA,NA,NA,117.75236801,1.884419,0.54168548,1.673246e-06,1.664923e-05,1
LOC111105573,NA,NA,NA,NA,NA,NA,NA,NA,NA,NA,NA,NA,NA,NA,NA,NA,NA,NA,NA,NA,256.10893841,1.022749,0.12166005,3.260217e-18,2.224277e-16,1
LOC111105636,NA,NA,NA,NA,NA,NA,NA,NA,NA,NA,NA,NA,NA,NA,NA,NA,NA,NA,NA,NA,98.49134817,-1.035673,0.1276093,3.576034e-17,2.091207e-15,1
LOC111105710,NA,NA,NA,NA,NA,NA,NA,NA,NA,NA,NA,NA,NA,NA,NA,NA,NA,NA,NA,NA,18.89340033,-1.004165,0.16004969,2.601314e-11,6.783456e-10,1
LOC111105721,NA,NA,NA,NA,NA,NA,NA,NA,NA,NA,NA,NA,NA,NA,NA,NA,NA,NA,NA,NA,1304.99987656,-1.185782,0.30677747,3.023089e-06,2.79918e-05,1
LOC111105724,NA,NA,NA,NA,NA,NA,NA,NA,NA,NA,NA,NA,NA,NA,NA,NA,NA,NA,NA,NA,71.692775,1.189553,0.23596878,1.7001e-08,2.660015e-07,1
LOC111105833,NA,NA,NA,NA,NA,NA,NA,NA,NA,NA,NA,NA,NA,NA,NA,NA,NA,NA,NA,NA,43.58644233,1.009396,0.18309455,2.408385e-09,4.462357e-08,1
LOC111105836,NA,NA,NA,NA,NA,NA,NA,NA,NA,NA,NA,NA,NA,NA,NA,NA,NA,NA,NA,NA,50.83711214,-1.028011,0.09530588,3.187402e-28,7.192905e-26,1
LOC111105878,NA,NA,NA,NA,NA,NA,NA,NA,NA,NA,NA,NA,NA,NA,NA,NA,NA,NA,NA,NA,71.64246351,1.314331,0.47623997,5.875036e-05,0.0003899411,1
LOC111105882,NA,NA,NA,NA,NA,NA,NA,NA,NA,NA,NA,NA,NA,NA,NA,NA,NA,NA,NA,NA,163.60468365,1.213806,0.15771123,5.900577e-16,2.967485e-14,1
LOC111105982,NA,NA,NA,NA,NA,NA,NA,NA,NA,NA,NA,NA,NA,NA,NA,NA,NA,NA,NA,NA,28.13654516,1.035569,0.25044958,1.699175e-06,1.685957e-05,1
LOC111106012,NA,NA,NA,NA,NA,NA,NA,NA,NA,NA,NA,NA,NA,NA,NA,NA,NA,NA,NA,NA,642.16717355,-1.088613,0.2968302,8.342728e-06,6.908795e-05,1
LOC111106036,NA,NA,NA,NA,NA,NA,NA,NA,NA,NA,NA,NA,NA,NA,NA,NA,NA,NA,NA,NA,432.8986384,-1.286098,0.2839002,1.383241e-07,1.796886e-06,1
LOC111106053,NA,NA,NA,NA,NA,NA,NA,NA,NA,NA,NA,NA,NA,NA,NA,NA,NA,NA,NA,NA,42.38592642,-1.096631,0.40428445,0.0001313712,0.0007984793,1
LOC111106077,NA,NA,NA,NA,NA,NA,NA,NA,NA,NA,NA,NA,NA,NA,NA,NA,NA,NA,NA,NA,298.86673609,2.504938,0.30354334,1.090663e-18,7.932995e-17,1
LOC111106080,NA,NA,NA,NA,NA,NA,NA,NA,NA,NA,NA,NA,NA,NA,NA,NA,NA,NA,NA,NA,207.2765604,1.397975,0.35731508,1.220249e-06,1.261234e-05,1
LOC111106142,NA,NA,NA,NA,NA,NA,NA,NA,NA,NA,NA,NA,NA,NA,NA,NA,NA,NA,NA,NA,29.49716627,1.047601,0.16484234,1.381299e-11,3.834955e-10,1
LOC111106255,NA,NA,NA,NA,NA,NA,NA,NA,NA,NA,NA,NA,NA,NA,NA,NA,NA,NA,NA,NA,33.88469307,-1.5101,0.12894313,1.349026e-33,4.317375e-31,1
LOC111106267,NA,NA,NA,NA,NA,NA,NA,NA,NA,NA,NA,NA,NA,NA,NA,NA,NA,NA,NA,NA,64.17817733,-1.372548,0.34124727,8.691902e-07,9.311921e-06,1
LOC111106275,NA,NA,NA,NA,NA,NA,NA,NA,NA,NA,NA,NA,NA,NA,NA,NA,NA,NA,NA,NA,116.01465621,1.538232,0.19851273,9.773265e-17,5.50338e-15,1
LOC111106288,NA,NA,NA,NA,NA,NA,NA,NA,NA,NA,NA,NA,NA,NA,NA,NA,NA,NA,NA,NA,386.8969769,1.417806,0.25027866,2.401415e-10,5.405334e-09,1
LOC111106535,NA,NA,NA,NA,NA,NA,NA,NA,NA,NA,NA,NA,NA,NA,NA,NA,NA,NA,NA,NA,54.98479825,-1.92234,0.23680879,1.870933e-18,1.301667e-16,1
LOC111106605,NA,NA,NA,NA,NA,NA,NA,NA,NA,NA,NA,NA,NA,NA,NA,NA,NA,NA,NA,NA,54.04835981,1.603226,0.26234507,8.044803e-12,2.317588e-10,1
LOC111106659,NA,NA,NA,NA,NA,NA,NA,NA,NA,NA,NA,NA,NA,NA,NA,NA,NA,NA,NA,NA,44.865341,1.952587,0.24839703,1.489542e-17,9.135511e-16,1
LOC111106882,NA,NA,NA,NA,NA,NA,NA,NA,NA,NA,NA,NA,NA,NA,NA,NA,NA,NA,NA,NA,34.24031107,-1.110302,0.1860489,1.288731e-10,3.040783e-09,1
LOC111106917,NA,NA,NA,NA,NA,NA,NA,NA,NA,NA,NA,NA,NA,NA,NA,NA,NA,NA,NA,NA,47.81480261,-2.247491,0.28777473,2.75359e-17,1.631943e-15,1
LOC111106930,NA,NA,NA,NA,NA,NA,NA,NA,NA,NA,NA,NA,NA,NA,NA,NA,NA,NA,NA,NA,55.92079582,-1.054656,0.11169006,2.659751e-22,3.121129e-20,1
LOC111107093,NA,NA,NA,NA,NA,NA,NA,NA,NA,NA,NA,NA,NA,NA,NA,NA,NA,NA,NA,NA,38.62074406,1.093427,0.1418512,7.986076e-16,3.93756e-14,1
LOC111107097,NA,NA,NA,NA,NA,NA,NA,NA,NA,NA,NA,NA,NA,NA,NA,NA,NA,NA,NA,NA,120.20987572,-1.236501,0.10760316,6.235743e-32,1.860365e-29,1
LOC111107234,NA,NA,NA,NA,NA,NA,NA,NA,NA,NA,NA,NA,NA,NA,NA,NA,NA,NA,NA,NA,724.77881496,-1.043607,0.25644311,2.154004e-06,2.075248e-05,1
LOC111107278,NA,NA,NA,NA,NA,NA,NA,NA,NA,NA,NA,NA,NA,NA,NA,NA,NA,NA,NA,NA,90.68631648,-1.137581,0.22692623,2.337626e-08,3.541041e-07,1
LOC111107288,NA,NA,NA,NA,NA,NA,NA,NA,NA,NA,NA,NA,NA,NA,NA,NA,NA,NA,NA,NA,95.50950938,1.081451,0.30341671,1.209569e-05,9.603445e-05,1
LOC111107289,NA,NA,NA,NA,NA,NA,NA,NA,NA,NA,NA,NA,NA,NA,NA,NA,NA,NA,NA,NA,156.64970262,-1.626984,0.26530683,6.493522e-12,1.883014e-10,1
LOC111107549,NA,NA,NA,NA,NA,NA,NA,NA,NA,NA,NA,NA,NA,NA,NA,NA,NA,NA,NA,NA,35.40697053,-1.563049,0.21700818,5.601477e-15,2.483557e-13,1
LOC111107566,NA,NA,NA,NA,NA,NA,NA,NA,NA,NA,NA,NA,NA,NA,NA,NA,NA,NA,NA,NA,259.41959802,1.062613,0.16272983,4.236624e-12,1.266096e-10,1
LOC111107756,NA,NA,NA,NA,NA,NA,NA,NA,NA,NA,NA,NA,NA,NA,NA,NA,NA,NA,NA,NA,263.2301826,1.331263,0.27251526,2.18519e-08,3.330192e-07,1
LOC111107840,NA,NA,NA,NA,NA,NA,NA,NA,NA,NA,NA,NA,NA,NA,NA,NA,NA,NA,NA,NA,42.28282044,-1.188157,0.23734066,2.038489e-08,3.122844e-07,1
LOC111107931,NA,NA,NA,NA,NA,NA,NA,NA,NA,NA,NA,NA,NA,NA,NA,NA,NA,NA,NA,NA,35.73730252,-1.55019,0.21536686,6.109219e-15,2.701871e-13,1
LOC111107967,NA,NA,NA,NA,NA,NA,NA,NA,NA,NA,NA,NA,NA,NA,NA,NA,NA,NA,NA,NA,404.57890406,-3.56674,0.26305225,5.958405e-45,4.767266e-42,1
LOC111108012,NA,NA,NA,NA,NA,NA,NA,NA,NA,NA,NA,NA,NA,NA,NA,NA,NA,NA,NA,NA,46.90510942,1.007916,0.16505144,7.364345e-11,1.800378e-09,1
LOC111108165,NA,NA,NA,NA,NA,NA,NA,NA,NA,NA,NA,NA,NA,NA,NA,NA,NA,NA,NA,NA,39.07251912,-1.013256,0.17307846,3.350074e-10,7.31613e-09,1
LOC111108299,NA,NA,NA,NA,NA,NA,NA,NA,NA,NA,NA,NA,NA,NA,NA,NA,NA,NA,NA,NA,39.36805993,1.003585,0.2625624,6.132635e-06,5.255435e-05,1
LOC111108377,NA,NA,NA,NA,NA,NA,NA,NA,NA,NA,NA,NA,NA,NA,NA,NA,NA,NA,NA,NA,168.06538944,1.394316,0.18646999,1.495722e-15,7.134878e-14,1
LOC111108419,NA,NA,NA,NA,NA,NA,NA,NA,NA,NA,NA,NA,NA,NA,NA,NA,NA,NA,NA,NA,19.49935335,1.20038,0.16846014,4.458136e-14,1.75161e-12,1
LOC111108431,NA,NA,NA,NA,NA,NA,NA,NA,NA,NA,NA,NA,NA,NA,NA,NA,NA,NA,NA,NA,53.49354383,1.319939,0.21419573,1.816735e-11,4.882163e-10,1
LOC111108446,NA,NA,NA,NA,NA,NA,NA,NA,NA,NA,NA,NA,NA,NA,NA,NA,NA,NA,NA,NA,35.5601235,-1.25971,0.16627991,1.254438e-15,6.066102e-14,1
LOC111108498,NA,NA,NA,NA,NA,NA,NA,NA,NA,NA,NA,NA,NA,NA,NA,NA,NA,NA,NA,NA,104.61700844,1.750518,0.15270441,9.63213e-33,3.027585e-30,1
LOC111108566,NA,NA,NA,NA,NA,NA,NA,NA,NA,NA,NA,NA,NA,NA,NA,NA,NA,NA,NA,NA,54.61570848,-1.036934,0.22209515,1.674489e-07,2.126577e-06,1
LOC111108641,NA,NA,NA,NA,NA,NA,NA,NA,NA,NA,NA,NA,NA,NA,NA,NA,NA,NA,NA,NA,27.32288693,1.109719,0.12757276,2.075732e-19,1.638432e-17,1
LOC111108718,NA,NA,NA,NA,NA,NA,NA,NA,NA,NA,NA,NA,NA,NA,NA,NA,NA,NA,NA,NA,91.50349396,1.149188,0.33738806,1.636129e-05,0.0001263121,1
LOC111108726,NA,NA,NA,NA,NA,NA,NA,NA,NA,NA,NA,NA,NA,NA,NA,NA,NA,NA,NA,NA,19.55300691,-1.179876,0.14174727,4.159006e-18,2.804859e-16,1
LOC111108730,NA,NA,NA,NA,NA,NA,NA,NA,NA,NA,NA,NA,NA,NA,NA,NA,NA,NA,NA,NA,37.10653901,-1.494784,0.21125155,1.865444e-14,7.726013e-13,1
LOC111108769,NA,NA,NA,NA,NA,NA,NA,NA,NA,NA,NA,NA,NA,NA,NA,NA,NA,NA,NA,NA,66.44905877,1.321603,0.36369956,4.37009e-06,3.865444e-05,1
LOC111108781,NA,NA,NA,NA,NA,NA,NA,NA,NA,NA,NA,NA,NA,NA,NA,NA,NA,NA,NA,NA,560.5488909,1.011202,0.35650111,0.0001255017,0.0007673087,1
LOC111109277,NA,NA,NA,NA,NA,NA,NA,NA,NA,NA,NA,NA,NA,NA,NA,NA,NA,NA,NA,NA,29.09450199,-1.344485,0.22690843,7.016096e-11,1.727235e-09,1
LOC111109386,NA,NA,NA,NA,NA,NA,NA,NA,NA,NA,NA,NA,NA,NA,NA,NA,NA,NA,NA,NA,54.41936545,-1.136998,0.18684912,5.789995e-11,1.443562e-09,1
LOC111109401,NA,NA,NA,NA,NA,NA,NA,NA,NA,NA,NA,NA,NA,NA,NA,NA,NA,NA,NA,NA,53.24863017,-1.733825,0.26686325,4.47997e-13,1.534172e-11,1
LOC111109418,NA,NA,NA,NA,NA,NA,NA,NA,NA,NA,NA,NA,NA,NA,NA,NA,NA,NA,NA,NA,119.19216704,-1.116182,0.12444733,1.827964e-20,1.684598e-18,1
LOC111109439,NA,NA,NA,NA,NA,NA,NA,NA,NA,NA,NA,NA,NA,NA,NA,NA,NA,NA,NA,NA,112.70436202,-1.080299,0.18454808,2.79097e-10,6.187236e-09,1
LOC111109456,NA,NA,NA,NA,NA,NA,NA,NA,NA,NA,NA,NA,NA,NA,NA,NA,NA,NA,NA,NA,170.23952333,-4.191057,0.33438157,2.112739e-41,1.162139e-38,1
LOC111109470,NA,NA,NA,NA,NA,NA,NA,NA,NA,NA,NA,NA,NA,NA,NA,NA,NA,NA,NA,NA,24.25621222,1.026808,0.15460416,2.21616e-12,6.867756e-11,1
LOC111109596,NA,NA,NA,NA,NA,NA,NA,NA,NA,NA,NA,NA,NA,NA,NA,NA,NA,NA,NA,NA,155.54755029,-2.818033,0.40240121,1.341526e-14,5.676331e-13,1
LOC111109655,NA,NA,NA,NA,NA,NA,NA,NA,NA,NA,NA,NA,NA,NA,NA,NA,NA,NA,NA,NA,39.93143059,-1.678165,0.27976887,1.276633e-11,3.578232e-10,1
LOC111109740,NA,NA,NA,NA,NA,NA,NA,NA,NA,NA,NA,NA,NA,NA,NA,NA,NA,NA,NA,NA,111.10733461,-1.024094,0.18529611,2.144769e-09,4.016194e-08,1
LOC111109877,NA,NA,NA,NA,NA,NA,NA,NA,NA,NA,NA,NA,NA,NA,NA,NA,NA,NA,NA,NA,107.95951762,-1.070493,0.24706752,6.785291e-07,7.446053e-06,1
LOC111109893,NA,NA,NA,NA,NA,NA,NA,NA,NA,NA,NA,NA,NA,NA,NA,NA,NA,NA,NA,NA,91.1906359,-1.757307,0.43798693,2.935413e-07,3.510132e-06,1
LOC111109942,NA,NA,NA,NA,NA,NA,NA,NA,NA,NA,NA,NA,NA,NA,NA,NA,NA,NA,NA,NA,38.58470373,1.374825,0.28127202,1.822247e-08,2.828501e-07,1
LOC111109950,NA,NA,NA,NA,NA,NA,NA,NA,NA,NA,NA,NA,NA,NA,NA,NA,NA,NA,NA,NA,25.46621096,1.115494,0.17526479,1.066127e-11,3.012193e-10,1
LOC111109969,NA,NA,NA,NA,NA,NA,NA,NA,NA,NA,NA,NA,NA,NA,NA,NA,NA,NA,NA,NA,88.07329996,1.482445,0.29840288,8.120146e-09,1.338304e-07,1
LOC111109996,NA,NA,NA,NA,NA,NA,NA,NA,NA,NA,NA,NA,NA,NA,NA,NA,NA,NA,NA,NA,54.87654106,-1.178236,0.14376308,1.217692e-17,7.627693e-16,1
LOC111110059,NA,NA,NA,NA,NA,NA,NA,NA,NA,NA,NA,NA,NA,NA,NA,NA,NA,NA,NA,NA,33.15482992,-1.023688,0.17674022,4.704603e-10,1.000126e-08,1
LOC111110076,NA,NA,NA,NA,NA,NA,NA,NA,NA,NA,NA,NA,NA,NA,NA,NA,NA,NA,NA,NA,58.90072165,1.119556,0.2799759,2.263034e-06,2.170786e-05,1
LOC111110090,NA,NA,NA,NA,NA,NA,NA,NA,NA,NA,NA,NA,NA,NA,NA,NA,NA,NA,NA,NA,218.86042143,1.870696,0.40245421,1.40875e-08,2.242027e-07,1
LOC111110096,NA,NA,NA,NA,NA,NA,NA,NA,NA,NA,NA,NA,NA,NA,NA,NA,NA,NA,NA,NA,369.10482189,-1.102422,0.40346277,0.0001229313,0.0007526387,1
LOC111110104,NA,NA,NA,NA,NA,NA,NA,NA,NA,NA,NA,NA,NA,NA,NA,NA,NA,NA,NA,NA,118.72645264,1.953214,0.10664785,2.381103e-77,1.047805e-73,1
LOC111110148,NA,NA,NA,NA,NA,NA,NA,NA,NA,NA,NA,NA,NA,NA,NA,NA,NA,NA,NA,NA,165.34928787,-1.245705,0.14653439,7.237303e-19,5.330167e-17,1
LOC111110179,NA,NA,NA,NA,NA,NA,NA,NA,NA,NA,NA,NA,NA,NA,NA,NA,NA,NA,NA,NA,121.60179779,1.562954,0.15160839,6.074263e-27,1.201339e-24,1
LOC111110232,NA,NA,NA,NA,NA,NA,NA,NA,NA,NA,NA,NA,NA,NA,NA,NA,NA,NA,NA,NA,515.79275313,-1.009523,0.2254977,4.305546e-07,4.950112e-06,1
LOC111110296,NA,NA,NA,NA,NA,NA,NA,NA,NA,NA,NA,NA,NA,NA,NA,NA,NA,NA,NA,NA,31.77904532,-1.978085,0.22591536,7.857429e-21,7.476025e-19,1
LOC111110371,NA,NA,NA,NA,NA,NA,NA,NA,NA,NA,NA,NA,NA,NA,NA,NA,NA,NA,NA,NA,67.12386921,1.154823,0.25990811,3.235405e-07,3.827258e-06,1
LOC111110471,NA,NA,NA,NA,NA,NA,NA,NA,NA,NA,NA,NA,NA,NA,NA,NA,NA,NA,NA,NA,306.81720395,-1.210027,0.14797734,1.267948e-17,7.886366e-16,1
LOC111110509,NA,NA,NA,NA,NA,NA,NA,NA,NA,NA,NA,NA,NA,NA,NA,NA,NA,NA,NA,NA,77.83696277,1.005492,0.18768289,5.713797e-09,9.783487e-08,1
LOC111110518,NA,NA,NA,NA,NA,NA,NA,NA,NA,NA,NA,NA,NA,NA,NA,NA,NA,NA,NA,NA,65.79290331,-2.479143,0.30985217,8.118073e-18,5.253468e-16,1
LOC111110532,NA,NA,NA,NA,NA,NA,NA,NA,NA,NA,NA,NA,NA,NA,NA,NA,NA,NA,NA,NA,97.54429026,1.061063,0.15965644,1.962429e-12,6.135468e-11,1
LOC111110574,NA,NA,NA,NA,NA,NA,NA,NA,NA,NA,NA,NA,NA,NA,NA,NA,NA,NA,NA,NA,124.56415939,2.536853,0.39444069,6.195112e-13,2.061368e-11,1
LOC111110592,NA,NA,NA,NA,NA,NA,NA,NA,NA,NA,NA,NA,NA,NA,NA,NA,NA,NA,NA,NA,35.99697522,1.256969,0.22970263,1.354671e-09,2.661262e-08,1
LOC111110604,NA,NA,NA,NA,NA,NA,NA,NA,NA,NA,NA,NA,NA,NA,NA,NA,NA,NA,NA,NA,48.07520298,-2.172729,0.25144135,2.557297e-20,2.308387e-18,1
LOC111110648,NA,NA,NA,NA,NA,NA,NA,NA,NA,NA,NA,NA,NA,NA,NA,NA,NA,NA,NA,NA,34.04110996,1.218826,0.13361898,3.222365e-21,3.204524e-19,1
LOC111110661,NA,NA,NA,NA,NA,NA,NA,NA,NA,NA,NA,NA,NA,NA,NA,NA,NA,NA,NA,NA,142.03167161,1.485291,0.27837151,1.163651e-09,2.306598e-08,1
LOC111110682,NA,NA,NA,NA,NA,NA,NA,NA,NA,NA,NA,NA,NA,NA,NA,NA,NA,NA,NA,NA,88.61456102,1.169336,0.23810372,3.490498e-08,5.098734e-07,1
LOC111110802,NA,NA,NA,NA,NA,NA,NA,NA,NA,NA,NA,NA,NA,NA,NA,NA,NA,NA,NA,NA,1055.0492692,1.06135,0.34109305,5.158434e-05,0.0003478706,1
LOC111110804,NA,NA,NA,NA,NA,NA,NA,NA,NA,NA,NA,NA,NA,NA,NA,NA,NA,NA,NA,NA,144.19888513,-1.277547,0.40013333,2.061359e-05,0.0001549276,1
LOC111110836,NA,NA,NA,NA,NA,NA,NA,NA,NA,NA,NA,NA,NA,NA,NA,NA,NA,NA,NA,NA,2319.56848036,1.466871,0.33887504,1.748606e-07,2.209545e-06,1
LOC111110861,NA,NA,NA,NA,NA,NA,NA,NA,NA,NA,NA,NA,NA,NA,NA,NA,NA,NA,NA,NA,30.49810569,1.007182,0.18507488,3.586881e-09,6.455652e-08,1
LOC111110871,NA,NA,NA,NA,NA,NA,NA,NA,NA,NA,NA,NA,NA,NA,NA,NA,NA,NA,NA,NA,91.60114925,-1.144262,0.21178906,2.965361e-09,5.403342e-08,1
LOC111110877,NA,NA,NA,NA,NA,NA,NA,NA,NA,NA,NA,NA,NA,NA,NA,NA,NA,NA,NA,NA,384.08349823,2.075297,0.3667214,5.608975e-11,1.400414e-09,1
LOC111110962,NA,NA,NA,NA,NA,NA,NA,NA,NA,NA,NA,NA,NA,NA,NA,NA,NA,NA,NA,NA,292.52301644,3.318469,0.22470426,8.139421e-52,8.95438e-49,1
LOC111111023,NA,NA,NA,NA,NA,NA,NA,NA,NA,NA,NA,NA,NA,NA,NA,NA,NA,NA,NA,NA,61.56123027,-1.184246,0.22404967,4.864441e-09,8.460858e-08,1
LOC111111037,NA,NA,NA,NA,NA,NA,NA,NA,NA,NA,NA,NA,NA,NA,NA,NA,NA,NA,NA,NA,74.83360879,2.94333,0.2437532,1.383681e-35,5.412345e-33,1
LOC111111122,NA,NA,NA,NA,NA,NA,NA,NA,NA,NA,NA,NA,NA,NA,NA,NA,NA,NA,NA,NA,112.94825168,1.945467,0.26911913,1.911515e-15,8.901189e-14,1
LOC111111127,NA,NA,NA,NA,NA,NA,NA,NA,NA,NA,NA,NA,NA,NA,NA,NA,NA,NA,NA,NA,76.13277724,-1.213203,0.24348355,2.097557e-08,3.210539e-07,1
LOC111111132,NA,NA,NA,NA,NA,NA,NA,NA,NA,NA,NA,NA,NA,NA,NA,NA,NA,NA,NA,NA,120.12866897,-1.56163,0.30312119,2.365082e-09,4.400653e-08,1
LOC111111168,NA,NA,NA,NA,NA,NA,NA,NA,NA,NA,NA,NA,NA,NA,NA,NA,NA,NA,NA,NA,36.84871533,1.028846,0.2356767,6.640468e-07,7.314488e-06,1
LOC111111184,NA,NA,NA,NA,NA,NA,NA,NA,NA,NA,NA,NA,NA,NA,NA,NA,NA,NA,NA,NA,47.66682714,-1.038809,0.2160508,8.62832e-08,1.162907e-06,1
LOC111111206,NA,NA,NA,NA,NA,NA,NA,NA,NA,NA,NA,NA,NA,NA,NA,NA,NA,NA,NA,NA,59.2328531,1.000318,0.16874169,2.230122e-10,5.058584e-09,1
LOC111111234,NA,NA,NA,NA,NA,NA,NA,NA,NA,NA,NA,NA,NA,NA,NA,NA,NA,NA,NA,NA,54.80762714,-1.422606,0.2347911,2.247989e-11,5.941306e-10,1
LOC111111286,NA,NA,NA,NA,NA,NA,NA,NA,NA,NA,NA,NA,NA,NA,NA,NA,NA,NA,NA,NA,57.61960161,-1.070392,0.15560273,3.875293e-13,1.345422e-11,1
LOC111111314,NA,NA,NA,NA,NA,NA,NA,NA,NA,NA,NA,NA,NA,NA,NA,NA,NA,NA,NA,NA,26.13707072,1.964081,0.2105374,4.134945e-23,5.236209e-21,1
LOC111111464,NA,NA,NA,NA,NA,NA,NA,NA,NA,NA,NA,NA,NA,NA,NA,NA,NA,NA,NA,NA,173.87026016,-1.792105,0.38835335,1.899935e-08,2.928428e-07,1
LOC111111482,NA,NA,NA,NA,NA,NA,NA,NA,NA,NA,NA,NA,NA,NA,NA,NA,NA,NA,NA,NA,232.53712405,1.469139,0.42731536,5.254054e-06,4.576044e-05,1
LOC111111536,NA,NA,NA,NA,NA,NA,NA,NA,NA,NA,NA,NA,NA,NA,NA,NA,NA,NA,NA,NA,30.07976031,-1.261121,0.1870761,5.249494e-13,1.770145e-11,1
LOC111111632,NA,NA,NA,NA,NA,NA,NA,NA,NA,NA,NA,NA,NA,NA,NA,NA,NA,NA,NA,NA,3224.98001533,-1.572592,0.38241617,3.122026e-07,3.70809e-06,1
LOC111111652,NA,NA,NA,NA,NA,NA,NA,NA,NA,NA,NA,NA,NA,NA,NA,NA,NA,NA,NA,NA,88.48336198,-1.538632,0.15146958,3.227366e-26,5.51535e-24,1
LOC111111668,NA,NA,NA,NA,NA,NA,NA,NA,NA,NA,NA,NA,NA,NA,NA,NA,NA,NA,NA,NA,79.32874649,1.186047,0.35411257,1.734743e-05,0.0001331079,1
LOC111111705,NA,NA,NA,NA,NA,NA,NA,NA,NA,NA,NA,NA,NA,NA,NA,NA,NA,NA,NA,NA,63.60758837,2.396605,0.32889729,1.709426e-15,8.045274e-14,1
LOC111111708,NA,NA,NA,NA,NA,NA,NA,NA,NA,NA,NA,NA,NA,NA,NA,NA,NA,NA,NA,NA,20.4810823,-1.245972,0.18075387,1.952469e-13,6.985237e-12,1
LOC111111814,NA,NA,NA,NA,NA,NA,NA,NA,NA,NA,NA,NA,NA,NA,NA,NA,NA,NA,NA,NA,82.21595835,-1.01044,0.20284591,3.989044e-08,5.75534e-07,1
LOC111111860,NA,NA,NA,NA,NA,NA,NA,NA,NA,NA,NA,NA,NA,NA,NA,NA,NA,NA,NA,NA,39.84987561,-1.197175,0.27150163,3.248274e-07,3.839901e-06,1
LOC111111880,NA,NA,NA,NA,NA,NA,NA,NA,NA,NA,NA,NA,NA,NA,NA,NA,NA,NA,NA,NA,38.07775159,1.36929,0.29431379,5.772403e-08,8.076776e-07,1
LOC111111930,NA,NA,NA,NA,NA,NA,NA,NA,NA,NA,NA,NA,NA,NA,NA,NA,NA,NA,NA,NA,49.52487658,1.104145,0.23870762,1.679135e-07,2.130939e-06,1
LOC111111932,NA,NA,NA,NA,NA,NA,NA,NA,NA,NA,NA,NA,NA,NA,NA,NA,NA,NA,NA,NA,22.90766818,1.577434,0.14064852,3.03903e-31,8.358283e-29,1
LOC111111938,NA,NA,NA,NA,NA,NA,NA,NA,NA,NA,NA,NA,NA,NA,NA,NA,NA,NA,NA,NA,29.96602858,1.284688,0.27219924,5.792328e-08,8.098217e-07,1
LOC111111945,NA,NA,NA,NA,NA,NA,NA,NA,NA,NA,NA,NA,NA,NA,NA,NA,NA,NA,NA,NA,105.54715367,-1.083597,0.27339043,2.891285e-06,2.694145e-05,1
LOC111112175,NA,NA,NA,NA,NA,NA,NA,NA,NA,NA,NA,NA,NA,NA,NA,NA,NA,NA,NA,NA,33.80857111,2.295503,0.22516579,1.299051e-26,2.479461e-24,1
LOC111112214,NA,NA,NA,NA,NA,NA,NA,NA,NA,NA,NA,NA,NA,NA,NA,NA,NA,NA,NA,NA,98.37789146,-1.386327,0.24413894,2.525491e-10,5.670113e-09,1
LOC111112251,NA,NA,NA,NA,NA,NA,NA,NA,NA,NA,NA,NA,NA,NA,NA,NA,NA,NA,NA,NA,188.86774137,-1.631598,0.14272696,2.05393e-32,6.342681e-30,1
LOC111112433,NA,NA,NA,NA,NA,NA,NA,NA,NA,NA,NA,NA,NA,NA,NA,NA,NA,NA,NA,NA,49.64965876,-2.200481,0.20537385,4.576213e-29,1.103432e-26,1
LOC111112445,NA,NA,NA,NA,NA,NA,NA,NA,NA,NA,NA,NA,NA,NA,NA,NA,NA,NA,NA,NA,55.93097786,-1.268374,0.30921218,9.147619e-07,9.746755e-06,1
LOC111112614,NA,NA,NA,NA,NA,NA,NA,NA,NA,NA,NA,NA,NA,NA,NA,NA,NA,NA,NA,NA,57.91075293,1.234497,0.28773995,4.750743e-07,5.405467e-06,1
LOC111112629,NA,NA,NA,NA,NA,NA,NA,NA,NA,NA,NA,NA,NA,NA,NA,NA,NA,NA,NA,NA,185.88638599,2.368438,0.26184797,9.687262e-22,1.039727e-19,1
LOC111112630,NA,NA,NA,NA,NA,NA,NA,NA,NA,NA,NA,NA,NA,NA,NA,NA,NA,NA,NA,NA,72.91729038,1.134691,0.32526579,1.316884e-05,0.0001034351,1
LOC111112682,NA,NA,NA,NA,NA,NA,NA,NA,NA,NA,NA,NA,NA,NA,NA,NA,NA,NA,NA,NA,26.83461238,1.208286,0.16807134,2.735426e-14,1.099291e-12,1
LOC111112706,NA,NA,NA,NA,NA,NA,NA,NA,NA,NA,NA,NA,NA,NA,NA,NA,NA,NA,NA,NA,97.78152787,1.489593,0.16189125,4.672524e-22,5.272164e-20,1
LOC111112746,NA,NA,NA,NA,NA,NA,NA,NA,NA,NA,NA,NA,NA,NA,NA,NA,NA,NA,NA,NA,51.4348489,-1.430369,0.2646298,9.851512e-10,1.986327e-08,1
LOC111112767,NA,NA,NA,NA,NA,NA,NA,NA,NA,NA,NA,NA,NA,NA,NA,NA,NA,NA,NA,NA,80.74112697,-2.384152,0.31283188,1.405752e-16,7.708424e-15,1
LOC111112892,NA,NA,NA,NA,NA,NA,NA,NA,NA,NA,NA,NA,NA,NA,NA,NA,NA,NA,NA,NA,46.99531705,-1.299728,0.206294,8.253922e-12,2.370074e-10,1
LOC111112895,NA,NA,NA,NA,NA,NA,NA,NA,NA,NA,NA,NA,NA,NA,NA,NA,NA,NA,NA,NA,39.43415378,1.586093,0.17725241,3.117125e-21,3.117479e-19,1
LOC111112905,NA,NA,NA,NA,NA,NA,NA,NA,NA,NA,NA,NA,NA,NA,NA,NA,NA,NA,NA,NA,62.00743672,-1.639158,0.39459679,2.168699e-07,2.682603e-06,1
LOC111112922,NA,NA,NA,NA,NA,NA,NA,NA,NA,NA,NA,NA,NA,NA,NA,NA,NA,NA,NA,NA,37.08175701,1.493095,0.20468983,3.809934e-15,1.728414e-13,1
LOC111113024,NA,NA,NA,NA,NA,NA,NA,NA,NA,NA,NA,NA,NA,NA,NA,NA,NA,NA,NA,NA,56.16425797,1.625328,0.21550161,3.463115e-16,1.787617e-14,1
LOC111113086,NA,NA,NA,NA,NA,NA,NA,NA,NA,NA,NA,NA,NA,NA,NA,NA,NA,NA,NA,NA,74.64207376,2.815698,0.18913321,5.13297e-52,6.023369e-49,1
LOC111113166,NA,NA,NA,NA,NA,NA,NA,NA,NA,NA,NA,NA,NA,NA,NA,NA,NA,NA,NA,NA,43.41213835,2.235693,0.22179202,3.710343e-26,6.279756e-24,1
LOC111113208,NA,NA,NA,NA,NA,NA,NA,NA,NA,NA,NA,NA,NA,NA,NA,NA,NA,NA,NA,NA,172.25263061,1.301034,0.39523268,1.421668e-05,0.0001108246,1
LOC111113261,NA,NA,NA,NA,NA,NA,NA,NA,NA,NA,NA,NA,NA,NA,NA,NA,NA,NA,NA,NA,118.78075255,2.814817,0.2498834,2.102712e-31,5.874911e-29,1
LOC111113278,NA,NA,NA,NA,NA,NA,NA,NA,NA,NA,NA,NA,NA,NA,NA,NA,NA,NA,NA,NA,108.62225562,-1.265703,0.2699147,7.172162e-08,9.838866e-07,1
LOC111113291,NA,NA,NA,NA,NA,NA,NA,NA,NA,NA,NA,NA,NA,NA,NA,NA,NA,NA,NA,NA,71.92634635,-1.11483,0.18532319,9.510295e-11,2.294689e-09,1
LOC111113293,NA,NA,NA,NA,NA,NA,NA,NA,NA,NA,NA,NA,NA,NA,NA,NA,NA,NA,NA,NA,63.99362731,-1.03426,0.23183996,4.31798e-07,4.961168e-06,1
LOC111113400,NA,NA,NA,NA,NA,NA,NA,NA,NA,NA,NA,NA,NA,NA,NA,NA,NA,NA,NA,NA,56.04698599,2.577452,0.21449032,3.206405e-35,1.200833e-32,1
LOC111113474,NA,NA,NA,NA,NA,NA,NA,NA,NA,NA,NA,NA,NA,NA,NA,NA,NA,NA,NA,NA,22.31108274,1.225993,0.15764101,2.999356e-16,1.561973e-14,1
LOC111113948,NA,NA,NA,NA,NA,NA,NA,NA,NA,NA,NA,NA,NA,NA,NA,NA,NA,NA,NA,NA,46.46524748,1.237285,0.10408071,5.872648e-34,2.02687e-31,1
LOC111114492,NA,NA,NA,NA,NA,NA,NA,NA,NA,NA,NA,NA,NA,NA,NA,NA,NA,NA,NA,NA,44.42258382,-1.196708,0.19847511,6.636311e-11,1.645244e-09,1
LOC111114530,NA,NA,NA,NA,NA,NA,NA,NA,NA,NA,NA,NA,NA,NA,NA,NA,NA,NA,NA,NA,69.29569664,-1.29149,0.26102856,1.867093e-08,2.885388e-07,1
LOC111114633,NA,NA,NA,NA,NA,NA,NA,NA,NA,NA,NA,NA,NA,NA,NA,NA,NA,NA,NA,NA,140.94291015,1.814473,0.33238258,2.245426e-10,5.086743e-09,1
LOC111114747,NA,NA,NA,NA,NA,NA,NA,NA,NA,NA,NA,NA,NA,NA,NA,NA,NA,NA,NA,NA,57.54702123,1.512884,0.30240009,6.084258e-09,1.031745e-07,1
LOC111114792,NA,NA,NA,NA,NA,NA,NA,NA,NA,NA,NA,NA,NA,NA,NA,NA,NA,NA,NA,NA,23.4360426,-1.435669,0.14377347,3.020286e-25,4.833007e-23,1
LOC111114803,NA,NA,NA,NA,NA,NA,NA,NA,NA,NA,NA,NA,NA,NA,NA,NA,NA,NA,NA,NA,149.44212363,-1.175106,0.30819026,3.794356e-06,3.421529e-05,1
LOC111114853,NA,NA,NA,NA,NA,NA,NA,NA,NA,NA,NA,NA,NA,NA,NA,NA,NA,NA,NA,NA,41.12237259,1.06653,0.12925833,1.079386e-17,6.858972e-16,1
LOC111114905,NA,NA,NA,NA,NA,NA,NA,NA,NA,NA,NA,NA,NA,NA,NA,NA,NA,NA,NA,NA,38.63698187,-1.681474,0.19970358,2.303909e-19,1.794399e-17,1
LOC111114909,NA,NA,NA,NA,NA,NA,NA,NA,NA,NA,NA,NA,NA,NA,NA,NA,NA,NA,NA,NA,70.82269708,-1.299346,0.22405385,1.779978e-10,4.100938e-09,1
LOC111114913,NA,NA,NA,NA,NA,NA,NA,NA,NA,NA,NA,NA,NA,NA,NA,NA,NA,NA,NA,NA,485.60432597,-1.124645,0.09158049,7.319689e-36,2.928208e-33,1
LOC111114974,NA,NA,NA,NA,NA,NA,NA,NA,NA,NA,NA,NA,NA,NA,NA,NA,NA,NA,NA,NA,50.92844708,-1.153335,0.37309534,4.108144e-05,0.0002858164,1
LOC111114992,NA,NA,NA,NA,NA,NA,NA,NA,NA,NA,NA,NA,NA,NA,NA,NA,NA,NA,NA,NA,64.53525831,1.956808,0.29759198,1.900788e-13,6.81419e-12,1
LOC111115175,NA,NA,NA,NA,NA,NA,NA,NA,NA,NA,NA,NA,NA,NA,NA,NA,NA,NA,NA,NA,119.44676291,-2.298429,0.20468061,1.931178e-31,5.482678e-29,1
LOC111115301,NA,NA,NA,NA,NA,NA,NA,NA,NA,NA,NA,NA,NA,NA,NA,NA,NA,NA,NA,NA,54.36692651,1.511845,0.22601476,2.604419e-13,9.22394e-12,1
LOC111115342,NA,NA,NA,NA,NA,NA,NA,NA,NA,NA,NA,NA,NA,NA,NA,NA,NA,NA,NA,NA,304.74670569,1.285248,0.39918703,1.857994e-05,0.0001415697,1
LOC111115361,NA,NA,NA,NA,NA,NA,NA,NA,NA,NA,NA,NA,NA,NA,NA,NA,NA,NA,NA,NA,62.00917397,-2.746032,0.25064849,6.746684e-30,1.746399e-27,1
LOC111115372,NA,NA,NA,NA,NA,NA,NA,NA,NA,NA,NA,NA,NA,NA,NA,NA,NA,NA,NA,NA,87.8738629,1.489626,0.28292766,1.677091e-09,3.233314e-08,1
LOC111115452,NA,NA,NA,NA,NA,NA,NA,NA,NA,NA,NA,NA,NA,NA,NA,NA,NA,NA,NA,NA,109.21173802,-3.45218,0.2401871,1.343057e-49,1.244236e-46,1
LOC111115463,NA,NA,NA,NA,NA,NA,NA,NA,NA,NA,NA,NA,NA,NA,NA,NA,NA,NA,NA,NA,69.43322366,1.056874,0.20955318,2.568658e-08,3.87102e-07,1
LOC111115468,NA,NA,NA,NA,NA,NA,NA,NA,NA,NA,NA,NA,NA,NA,NA,NA,NA,NA,NA,NA,90.71526833,-1.104238,0.18581004,1.526213e-10,3.586703e-09,1
LOC111115498,NA,NA,NA,NA,NA,NA,NA,NA,NA,NA,NA,NA,NA,NA,NA,NA,NA,NA,NA,NA,82.79102985,1.159441,0.21262697,2.142332e-09,4.015903e-08,1
LOC111115520,NA,NA,NA,NA,NA,NA,NA,NA,NA,NA,NA,NA,NA,NA,NA,NA,NA,NA,NA,NA,66.24607122,-1.169088,0.26660714,3.973583e-07,4.610486e-06,1
LOC111115531,NA,NA,NA,NA,NA,NA,NA,NA,NA,NA,NA,NA,NA,NA,NA,NA,NA,NA,NA,NA,57.2424964,1.234526,0.26425452,8.725953e-08,1.174268e-06,1
LOC111115587,NA,NA,NA,NA,NA,NA,NA,NA,NA,NA,NA,NA,NA,NA,NA,NA,NA,NA,NA,NA,84.73948995,1.229922,0.28094019,3.321582e-07,3.910801e-06,1
LOC111115595,NA,NA,NA,NA,NA,NA,NA,NA,NA,NA,NA,NA,NA,NA,NA,NA,NA,NA,NA,NA,6275.40243247,2.251587,0.30071334,3.294892e-16,1.710817e-14,1
LOC111115656,NA,NA,NA,NA,NA,NA,NA,NA,NA,NA,NA,NA,NA,NA,NA,NA,NA,NA,NA,NA,20.17105839,-1.17993,0.1664323,6.210618e-14,2.386884e-12,1
LOC111115697,NA,NA,NA,NA,NA,NA,NA,NA,NA,NA,NA,NA,NA,NA,NA,NA,NA,NA,NA,NA,97.12220476,1.655695,0.20847538,1.334132e-17,8.239787e-16,1
LOC111115723,NA,NA,NA,NA,NA,NA,NA,NA,NA,NA,NA,NA,NA,NA,NA,NA,NA,NA,NA,NA,74.62211762,1.122614,0.4765677,0.0002687019,0.001500061,1
LOC111115840,NA,NA,NA,NA,NA,NA,NA,NA,NA,NA,NA,NA,NA,NA,NA,NA,NA,NA,NA,NA,4701.73491906,-1.605256,0.32400346,5.709224e-09,9.783487e-08,1
LOC111115870,NA,NA,NA,NA,NA,NA,NA,NA,NA,NA,NA,NA,NA,NA,NA,NA,NA,NA,NA,NA,172.59890594,3.217334,0.2077453,2.269355e-56,3.631381e-53,1
LOC111115896,NA,NA,NA,NA,NA,NA,NA,NA,NA,NA,NA,NA,NA,NA,NA,NA,NA,NA,NA,NA,39.63531129,-1.183496,0.16541179,3.832513e-14,1.512553e-12,1
LOC111115962,NA,NA,NA,NA,NA,NA,NA,NA,NA,NA,NA,NA,NA,NA,NA,NA,NA,NA,NA,NA,82.62257882,1.458715,0.24961002,7.128093e-11,1.749912e-09,1
LOC111115974,NA,NA,NA,NA,NA,NA,NA,NA,NA,NA,NA,NA,NA,NA,NA,NA,NA,NA,NA,NA,43.77593762,-1.438326,0.24276719,4.775643e-11,1.209509e-09,1
LOC111116041,NA,NA,NA,NA,NA,NA,NA,NA,NA,NA,NA,NA,NA,NA,NA,NA,NA,NA,NA,NA,407.10014427,-2.745308,0.55230616,1.581943e-09,3.064766e-08,1
LOC111116064,NA,NA,NA,NA,NA,NA,NA,NA,NA,NA,NA,NA,NA,NA,NA,NA,NA,NA,NA,NA,85.98663052,1.49972,0.22012024,1.167677e-13,4.327043e-12,1
LOC111116065,NA,NA,NA,NA,NA,NA,NA,NA,NA,NA,NA,NA,NA,NA,NA,NA,NA,NA,NA,NA,242.89083678,1.260136,0.22032372,3.304462e-10,7.243479e-09,1
LOC111116089,NA,NA,NA,NA,NA,NA,NA,NA,NA,NA,NA,NA,NA,NA,NA,NA,NA,NA,NA,NA,159.05040154,1.609512,0.13712306,6.300032e-34,2.132561e-31,1
LOC111116160,NA,NA,NA,NA,NA,NA,NA,NA,NA,NA,NA,NA,NA,NA,NA,NA,NA,NA,NA,NA,35.30443797,1.281339,0.39835012,1.89869e-05,0.0001442414,1
LOC111116321,NA,NA,NA,NA,NA,NA,NA,NA,NA,NA,NA,NA,NA,NA,NA,NA,NA,NA,NA,NA,37.69924227,-1.789262,0.21091159,1.007205e-19,8.442299e-18,1
LOC111116600,NA,NA,NA,NA,NA,NA,NA,NA,NA,NA,NA,NA,NA,NA,NA,NA,NA,NA,NA,NA,35.18824863,-1.738194,0.21218098,1.338422e-18,9.576792e-17,1
LOC111116639,NA,NA,NA,NA,NA,NA,NA,NA,NA,NA,NA,NA,NA,NA,NA,NA,NA,NA,NA,NA,73.97293977,-1.122866,0.25171197,3.320196e-07,3.910801e-06,1
LOC111116648,NA,NA,NA,NA,NA,NA,NA,NA,NA,NA,NA,NA,NA,NA,NA,NA,NA,NA,NA,NA,67.18071174,1.424503,0.27384808,3.018363e-09,5.494232e-08,1
LOC111116665,NA,NA,NA,NA,NA,NA,NA,NA,NA,NA,NA,NA,NA,NA,NA,NA,NA,NA,NA,NA,44.26762818,-1.465975,0.26109072,2.638564e-10,5.901398e-09,1
LOC111116745,NA,NA,NA,NA,NA,NA,NA,NA,NA,NA,NA,NA,NA,NA,NA,NA,NA,NA,NA,NA,79.0940273,1.357929,0.26053055,3.715505e-09,6.65991e-08,1
LOC111116774,NA,NA,NA,NA,NA,NA,NA,NA,NA,NA,NA,NA,NA,NA,NA,NA,NA,NA,NA,NA,59.61037812,1.495168,0.16154962,2.752771e-22,3.208892e-20,1
LOC111116824,NA,NA,NA,NA,NA,NA,NA,NA,NA,NA,NA,NA,NA,NA,NA,NA,NA,NA,NA,NA,45.35318729,1.002789,0.22295264,3.994289e-07,4.620978e-06,1
LOC111116825,NA,NA,NA,NA,NA,NA,NA,NA,NA,NA,NA,NA,NA,NA,NA,NA,NA,NA,NA,NA,30.32819889,1.202906,0.28487377,7.03836e-07,7.694982e-06,1
LOC111116857,NA,NA,NA,NA,NA,NA,NA,NA,NA,NA,NA,NA,NA,NA,NA,NA,NA,NA,NA,NA,47.76584825,-1.03926,0.17138778,8.831716e-11,2.135383e-09,1
LOC111116888,NA,NA,NA,NA,NA,NA,NA,NA,NA,NA,NA,NA,NA,NA,NA,NA,NA,NA,NA,NA,67.80910545,-1.683189,0.1903509,5.648322e-21,5.462735e-19,1
LOC111116940,NA,NA,NA,NA,NA,NA,NA,NA,NA,NA,NA,NA,NA,NA,NA,NA,NA,NA,NA,NA,75.23186155,1.548519,0.17061641,1.139154e-21,1.215236e-19,1
LOC111116942,NA,NA,NA,NA,NA,NA,NA,NA,NA,NA,NA,NA,NA,NA,NA,NA,NA,NA,NA,NA,55.11514901,2.835727,0.17348809,6.199825e-62,1.55899e-58,1
LOC111117016,NA,NA,NA,NA,NA,NA,NA,NA,NA,NA,NA,NA,NA,NA,NA,NA,NA,NA,NA,NA,359.02275593,1.223009,0.52463174,0.0002041101,0.001177178,1
LOC111117144,NA,NA,NA,NA,NA,NA,NA,NA,NA,NA,NA,NA,NA,NA,NA,NA,NA,NA,NA,NA,151.3186727,-1.184774,0.12870247,1.678614e-21,1.733847e-19,1
LOC111117205,NA,NA,NA,NA,NA,NA,NA,NA,NA,NA,NA,NA,NA,NA,NA,NA,NA,NA,NA,NA,36.09879878,-1.207827,0.19103833,1.022734e-11,2.903574e-10,1
LOC111117311,NA,NA,NA,NA,NA,NA,NA,NA,NA,NA,NA,NA,NA,NA,NA,NA,NA,NA,NA,NA,116.48143309,-1.427517,0.26263064,8.431856e-10,1.721781e-08,1
LOC111117321,NA,NA,NA,NA,NA,NA,NA,NA,NA,NA,NA,NA,NA,NA,NA,NA,NA,NA,NA,NA,38.35695141,1.628401,0.26431981,5.408964e-12,1.592117e-10,1
LOC111117352,NA,NA,NA,NA,NA,NA,NA,NA,NA,NA,NA,NA,NA,NA,NA,NA,NA,NA,NA,NA,52.80695562,1.005703,0.24053414,1.527414e-06,1.537195e-05,1
LOC111117438,NA,NA,NA,NA,NA,NA,NA,NA,NA,NA,NA,NA,NA,NA,NA,NA,NA,NA,NA,NA,144.3220391,-2.253689,0.52109264,4.146992e-08,5.953944e-07,1
LOC111117459,NA,NA,NA,NA,NA,NA,NA,NA,NA,NA,NA,NA,NA,NA,NA,NA,NA,NA,NA,NA,188.99705268,-1.226131,0.23542125,6.300505e-09,1.062275e-07,1
LOC111117490,NA,NA,NA,NA,NA,NA,NA,NA,NA,NA,NA,NA,NA,NA,NA,NA,NA,NA,NA,NA,53.75349626,-1.228456,0.30496599,1.408234e-06,1.430337e-05,1
LOC111117533,NA,NA,NA,NA,NA,NA,NA,NA,NA,NA,NA,NA,NA,NA,NA,NA,NA,NA,NA,NA,117.76700867,-1.313635,0.20687717,5.680944e-12,1.663827e-10,1
LOC111117543,NA,NA,NA,NA,NA,NA,NA,NA,NA,NA,NA,NA,NA,NA,NA,NA,NA,NA,NA,NA,52.55292207,-1.039722,0.15585125,1.753061e-12,5.520104e-11,1
LOC111117571,NA,NA,NA,NA,NA,NA,NA,NA,NA,NA,NA,NA,NA,NA,NA,NA,NA,NA,NA,NA,103.03961206,-1.329118,0.28172396,4.941702e-08,7.004357e-07,1
LOC111117652,NA,NA,NA,NA,NA,NA,NA,NA,NA,NA,NA,NA,NA,NA,NA,NA,NA,NA,NA,NA,32.20283711,-1.308371,0.23071792,3.618057e-10,7.86235e-09,1
LOC111117698,NA,NA,NA,NA,NA,NA,NA,NA,NA,NA,NA,NA,NA,NA,NA,NA,NA,NA,NA,NA,287.96631263,-1.333797,0.58984871,0.0001655706,0.0009809406,1
LOC111117760,NA,NA,NA,NA,NA,NA,NA,NA,NA,NA,NA,NA,NA,NA,NA,NA,NA,NA,NA,NA,181.05076914,-2.641797,0.17133206,1.636993e-55,2.401197e-52,1
LOC111117764,NA,NA,NA,NA,NA,NA,NA,NA,NA,NA,NA,NA,NA,NA,NA,NA,NA,NA,NA,NA,44.64974496,-2.56671,0.16903632,5.645642e-54,7.098185e-51,1
LOC111118027,NA,NA,NA,NA,NA,NA,NA,NA,NA,NA,NA,NA,NA,NA,NA,NA,NA,NA,NA,NA,34.52493402,1.122123,0.19370129,3.509909e-10,7.636763e-09,1
LOC111118043,NA,NA,NA,NA,NA,NA,NA,NA,NA,NA,NA,NA,NA,NA,NA,NA,NA,NA,NA,NA,136.71589,2.366423,0.42551326,9.975833e-11,2.389042e-09,1
LOC111118136,NA,NA,NA,NA,NA,NA,NA,NA,NA,NA,NA,NA,NA,NA,NA,NA,NA,NA,NA,NA,307.65157404,1.734307,0.228339,1.637189e-16,8.759211e-15,1
LOC111118141,NA,NA,NA,NA,NA,NA,NA,NA,NA,NA,NA,NA,NA,NA,NA,NA,NA,NA,NA,NA,59.13688917,1.456698,0.17059263,2.064095e-19,1.638432e-17,1
LOC111118148,NA,NA,NA,NA,NA,NA,NA,NA,NA,NA,NA,NA,NA,NA,NA,NA,NA,NA,NA,NA,20.94005005,-1.085404,0.16079001,9.013624e-13,2.954522e-11,1
LOC111118183,NA,NA,NA,NA,NA,NA,NA,NA,NA,NA,NA,NA,NA,NA,NA,NA,NA,NA,NA,NA,315.29556475,1.407524,0.1821822,2.08219e-16,1.103937e-14,1
LOC111118270,NA,NA,NA,NA,NA,NA,NA,NA,NA,NA,NA,NA,NA,NA,NA,NA,NA,NA,NA,NA,39.34562401,-1.024327,0.14844159,3.773364e-13,1.312624e-11,1
LOC111118419,NA,NA,NA,NA,NA,NA,NA,NA,NA,NA,NA,NA,NA,NA,NA,NA,NA,NA,NA,NA,35.63101846,-1.05515,0.28211826,7.142906e-06,6.035979e-05,1
LOC111118620,NA,NA,NA,NA,NA,NA,NA,NA,NA,NA,NA,NA,NA,NA,NA,NA,NA,NA,NA,NA,59.48337877,1.410458,0.20507038,1.091838e-13,4.089048e-12,1
LOC111118629,NA,NA,NA,NA,NA,NA,NA,NA,NA,NA,NA,NA,NA,NA,NA,NA,NA,NA,NA,NA,54.34538593,1.45051,0.36296963,7.370105e-07,8.027759e-06,1
LOC111118645,NA,NA,NA,NA,NA,NA,NA,NA,NA,NA,NA,NA,NA,NA,NA,NA,NA,NA,NA,NA,56.01280434,-1.090871,0.21423603,1.815625e-08,2.820709e-07,1
LOC111118898,NA,NA,NA,NA,NA,NA,NA,NA,NA,NA,NA,NA,NA,NA,NA,NA,NA,NA,NA,NA,93.39088753,-2.164336,0.24313322,2.523022e-21,2.567066e-19,1
LOC111118983,NA,NA,NA,NA,NA,NA,NA,NA,NA,NA,NA,NA,NA,NA,NA,NA,NA,NA,NA,NA,3172.85160168,1.368281,0.31358955,2.139177e-07,2.651675e-06,1
LOC111118990,NA,NA,NA,NA,NA,NA,NA,NA,NA,NA,NA,NA,NA,NA,NA,NA,NA,NA,NA,NA,401.18450538,-2.378989,0.23824933,1.265339e-25,2.081542e-23,1
LOC111119001,NA,NA,NA,NA,NA,NA,NA,NA,NA,NA,NA,NA,NA,NA,NA,NA,NA,NA,NA,NA,48.42099402,-1.580334,0.29140952,5.094357e-10,1.077775e-08,1
LOC111119024,NA,NA,NA,NA,NA,NA,NA,NA,NA,NA,NA,NA,NA,NA,NA,NA,NA,NA,NA,NA,57.51400929,-1.455843,0.16749503,5.471681e-20,4.74446e-18,1
LOC111119066,NA,NA,NA,NA,NA,NA,NA,NA,NA,NA,NA,NA,NA,NA,NA,NA,NA,NA,NA,NA,29.94761843,1.616472,0.19665995,1.569742e-18,1.105224e-16,1
LOC111119072,NA,NA,NA,NA,NA,NA,NA,NA,NA,NA,NA,NA,NA,NA,NA,NA,NA,NA,NA,NA,596.13237747,1.304576,0.19335218,4.230926e-13,1.451711e-11,1
LOC111119099,NA,NA,NA,NA,NA,NA,NA,NA,NA,NA,NA,NA,NA,NA,NA,NA,NA,NA,NA,NA,41.86386715,1.594202,0.29259523,4.218506e-10,9.03335e-09,1
LOC111119355,NA,NA,NA,NA,NA,NA,NA,NA,NA,NA,NA,NA,NA,NA,NA,NA,NA,NA,NA,NA,31.47164053,-2.145027,0.20875489,4.257847e-27,8.714723e-25,1
LOC111119365,NA,NA,NA,NA,NA,NA,NA,NA,NA,NA,NA,NA,NA,NA,NA,NA,NA,NA,NA,NA,71.16820049,1.338969,0.24739725,1.366204e-09,2.677943e-08,1
LOC111119418,NA,NA,NA,NA,NA,NA,NA,NA,NA,NA,NA,NA,NA,NA,NA,NA,NA,NA,NA,NA,48.71709987,-1.49657,0.19094311,5.786225e-17,3.339316e-15,1
LOC111119433,NA,NA,NA,NA,NA,NA,NA,NA,NA,NA,NA,NA,NA,NA,NA,NA,NA,NA,NA,NA,416.28220723,1.178481,0.088119,4.65677e-42,2.732282e-39,1
LOC111119502,NA,NA,NA,NA,NA,NA,NA,NA,NA,NA,NA,NA,NA,NA,NA,NA,NA,NA,NA,NA,33.73790041,-1.260685,0.25010731,1.315778e-08,2.109319e-07,1
LOC111119550,NA,NA,NA,NA,NA,NA,NA,NA,NA,NA,NA,NA,NA,NA,NA,NA,NA,NA,NA,NA,91.09352229,1.558928,0.18206134,1.066926e-19,8.900487e-18,1
LOC111119589,NA,NA,NA,NA,NA,NA,NA,NA,NA,NA,NA,NA,NA,NA,NA,NA,NA,NA,NA,NA,94.98567991,2.299795,0.25412692,8.278818e-22,8.940108e-20,1
LOC111119604,NA,NA,NA,NA,NA,NA,NA,NA,NA,NA,NA,NA,NA,NA,NA,NA,NA,NA,NA,NA,56.19686118,1.39792,0.24284154,1.53063e-10,3.592286e-09,1
LOC111119613,NA,NA,NA,NA,NA,NA,NA,NA,NA,NA,NA,NA,NA,NA,NA,NA,NA,NA,NA,NA,338.63463676,3.115478,0.39067834,5.986292e-18,3.961305e-16,1
LOC111119627,NA,NA,NA,NA,NA,NA,NA,NA,NA,NA,NA,NA,NA,NA,NA,NA,NA,NA,NA,NA,56.02597773,-2.441942,0.18617486,2.56567e-41,1.368513e-38,1
LOC111119719,NA,NA,NA,NA,NA,NA,NA,NA,NA,NA,NA,NA,NA,NA,NA,NA,NA,NA,NA,NA,186.90791552,-1.273354,0.14369595,2.755535e-20,2.462078e-18,1
LOC111119896,NA,NA,NA,NA,NA,NA,NA,NA,NA,NA,NA,NA,NA,NA,NA,NA,NA,NA,NA,NA,83.33280347,-1.805725,0.37267132,5.992748e-09,1.017207e-07,1
LOC111119912,NA,NA,NA,NA,NA,NA,NA,NA,NA,NA,NA,NA,NA,NA,NA,NA,NA,NA,NA,NA,46.53563277,1.994842,0.20726014,2.448465e-24,3.652363e-22,1
LOC111119957,NA,NA,NA,NA,NA,NA,NA,NA,NA,NA,NA,NA,NA,NA,NA,NA,NA,NA,NA,NA,52.85546057,1.287887,0.13706336,1.882926e-22,2.254644e-20,1
LOC111119981,NA,NA,NA,NA,NA,NA,NA,NA,NA,NA,NA,NA,NA,NA,NA,NA,NA,NA,NA,NA,127.60227292,-1.190813,0.15745599,1.795561e-15,8.415375e-14,1
LOC111119998,NA,NA,NA,NA,NA,NA,NA,NA,NA,NA,NA,NA,NA,NA,NA,NA,NA,NA,NA,NA,45.70128923,1.347256,0.17960937,1.538654e-15,7.319412e-14,1
LOC111120066,NA,NA,NA,NA,NA,NA,NA,NA,NA,NA,NA,NA,NA,NA,NA,NA,NA,NA,NA,NA,44.3729143,1.872958,0.13400071,8.207884e-47,7.223759e-44,1
LOC111120090,NA,NA,NA,NA,NA,NA,NA,NA,NA,NA,NA,NA,NA,NA,NA,NA,NA,NA,NA,NA,98.00777058,-1.15753,0.18498631,1.845459e-11,4.944258e-10,1
LOC111120107,NA,NA,NA,NA,NA,NA,NA,NA,NA,NA,NA,NA,NA,NA,NA,NA,NA,NA,NA,NA,77.78222638,-1.657422,0.16772154,3.239212e-25,5.090769e-23,1
LOC111120113,NA,NA,NA,NA,NA,NA,NA,NA,NA,NA,NA,NA,NA,NA,NA,NA,NA,NA,NA,NA,45.97936421,-1.641007,0.17777969,1.870612e-22,2.254644e-20,1
LOC111120385,NA,NA,NA,NA,NA,NA,NA,NA,NA,NA,NA,NA,NA,NA,NA,NA,NA,NA,NA,NA,35.10802889,-1.353307,0.12893042,2.284968e-27,4.845784e-25,1
LOC111120484,NA,NA,NA,NA,NA,NA,NA,NA,NA,NA,NA,NA,NA,NA,NA,NA,NA,NA,NA,NA,83.54755135,1.016293,0.14301313,8.946763e-14,3.364977e-12,1
LOC111120589,NA,NA,NA,NA,NA,NA,NA,NA,NA,NA,NA,NA,NA,NA,NA,NA,NA,NA,NA,NA,38.51092034,-1.157882,0.22649857,1.320371e-08,2.114757e-07,1
LOC111120592,NA,NA,NA,NA,NA,NA,NA,NA,NA,NA,NA,NA,NA,NA,NA,NA,NA,NA,NA,NA,48.81052326,-1.389799,0.26455377,2.632087e-09,4.846234e-08,1
LOC111120626,NA,NA,NA,NA,NA,NA,NA,NA,NA,NA,NA,NA,NA,NA,NA,NA,NA,NA,NA,NA,105.15836424,1.329227,0.13817205,1.840336e-23,2.435608e-21,1
LOC111120691,NA,NA,NA,NA,NA,NA,NA,NA,NA,NA,NA,NA,NA,NA,NA,NA,NA,NA,NA,NA,75.82226038,1.281496,0.11776574,4.965032e-29,1.181007e-26,1
LOC111120733,NA,NA,NA,NA,NA,NA,NA,NA,NA,NA,NA,NA,NA,NA,NA,NA,NA,NA,NA,NA,27.64524258,-1.048984,0.10110581,2.431602e-26,4.280105e-24,1
LOC111120749,NA,NA,NA,NA,NA,NA,NA,NA,NA,NA,NA,NA,NA,NA,NA,NA,NA,NA,NA,NA,70.26354346,-1.01943,0.23163888,5.846722e-07,6.497096e-06,1
LOC111120762,NA,NA,NA,NA,NA,NA,NA,NA,NA,NA,NA,NA,NA,NA,NA,NA,NA,NA,NA,NA,244.77559721,1.045029,0.24305322,8.402249e-07,9.034599e-06,1
LOC111120778,NA,NA,NA,NA,NA,NA,NA,NA,NA,NA,NA,NA,NA,NA,NA,NA,NA,NA,NA,NA,289.37608896,-1.327386,0.12195402,3.947974e-29,9.651701e-27,1
LOC111120786,NA,NA,NA,NA,NA,NA,NA,NA,NA,NA,NA,NA,NA,NA,NA,NA,NA,NA,NA,NA,88.77656665,1.253219,0.14295339,6.947495e-20,5.936399e-18,1
LOC111120792,NA,NA,NA,NA,NA,NA,NA,NA,NA,NA,NA,NA,NA,NA,NA,NA,NA,NA,NA,NA,101.03604414,1.448308,0.31147678,4.355337e-08,6.242886e-07,1
LOC111120893,NA,NA,NA,NA,NA,NA,NA,NA,NA,NA,NA,NA,NA,NA,NA,NA,NA,NA,NA,NA,156.6949179,1.398937,0.16645094,8.525685e-19,6.25288e-17,1
LOC111120898,NA,NA,NA,NA,NA,NA,NA,NA,NA,NA,NA,NA,NA,NA,NA,NA,NA,NA,NA,NA,98.36884814,-2.154766,0.34113678,1.043813e-12,3.396155e-11,1
LOC111120995,NA,NA,NA,NA,NA,NA,NA,NA,NA,NA,NA,NA,NA,NA,NA,NA,NA,NA,NA,NA,96.12629115,-2.203758,0.41231724,3.1868e-10,7.011757e-09,1
LOC111120997,NA,NA,NA,NA,NA,NA,NA,NA,NA,NA,NA,NA,NA,NA,NA,NA,NA,NA,NA,NA,97.12102658,-1.12462,0.30659867,7.453729e-06,6.274535e-05,1
LOC111121026,NA,NA,NA,NA,NA,NA,NA,NA,NA,NA,NA,NA,NA,NA,NA,NA,NA,NA,NA,NA,210.24102392,-1.035444,0.11606684,3.503362e-20,3.098803e-18,1
LOC111121034,NA,NA,NA,NA,NA,NA,NA,NA,NA,NA,NA,NA,NA,NA,NA,NA,NA,NA,NA,NA,33.01842107,-1.358155,0.16626159,7.385157e-18,4.832473e-16,1
LOC111121065,NA,NA,NA,NA,NA,NA,NA,NA,NA,NA,NA,NA,NA,NA,NA,NA,NA,NA,NA,NA,42.52794994,-1.659662,0.17903807,1.210406e-22,1.479553e-20,1
LOC111121076,NA,NA,NA,NA,NA,NA,NA,NA,NA,NA,NA,NA,NA,NA,NA,NA,NA,NA,NA,NA,59.63532494,-1.380552,0.19354225,2.031642e-14,8.335887e-13,1
LOC111121088,NA,NA,NA,NA,NA,NA,NA,NA,NA,NA,NA,NA,NA,NA,NA,NA,NA,NA,NA,NA,1075.26959691,1.884634,0.23054876,1.200154e-18,8.693465e-17,1
LOC111121103,NA,NA,NA,NA,NA,NA,NA,NA,NA,NA,NA,NA,NA,NA,NA,NA,NA,NA,NA,NA,41.51023162,1.514927,0.22788893,3.408828e-13,1.197649e-11,1
LOC111121166,NA,NA,NA,NA,NA,NA,NA,NA,NA,NA,NA,NA,NA,NA,NA,NA,NA,NA,NA,NA,39.51374215,-1.556246,0.1609525,3.993151e-24,5.857288e-22,1
LOC111121182,NA,NA,NA,NA,NA,NA,NA,NA,NA,NA,NA,NA,NA,NA,NA,NA,NA,NA,NA,NA,2509.49759296,-1.032367,0.268464,5.211249e-06,4.541763e-05,1
LOC111121243,NA,NA,NA,NA,NA,NA,NA,NA,NA,NA,NA,NA,NA,NA,NA,NA,NA,NA,NA,NA,2416.89703487,1.08532,0.20433879,5.853803e-09,9.965052e-08,1
LOC111121260,NA,NA,NA,NA,NA,NA,NA,NA,NA,NA,NA,NA,NA,NA,NA,NA,NA,NA,NA,NA,43.23167995,1.105315,0.19006666,3.245161e-10,7.122359e-09,1
LOC111121264,NA,NA,NA,NA,NA,NA,NA,NA,NA,NA,NA,NA,NA,NA,NA,NA,NA,NA,NA,NA,52.23022522,-1.682366,0.20217863,5.31588e-19,3.981707e-17,1
LOC111121265,NA,NA,NA,NA,NA,NA,NA,NA,NA,NA,NA,NA,NA,NA,NA,NA,NA,NA,NA,NA,39.60226794,-1.714049,0.28620831,1.226912e-11,3.455377e-10,1
LOC111121372,NA,NA,NA,NA,NA,NA,NA,NA,NA,NA,NA,NA,NA,NA,NA,NA,NA,NA,NA,NA,617.85237011,-1.746246,0.13234793,4.492008e-42,2.726494e-39,1
LOC111121392,NA,NA,NA,NA,NA,NA,NA,NA,NA,NA,NA,NA,NA,NA,NA,NA,NA,NA,NA,NA,29.74823572,1.375234,0.22124913,1.032135e-11,2.925546e-10,1
LOC111121408,NA,NA,NA,NA,NA,NA,NA,NA,NA,NA,NA,NA,NA,NA,NA,NA,NA,NA,NA,NA,52.24075344,1.026659,0.15832679,6.302171e-12,1.830542e-10,1
LOC111121419,NA,NA,NA,NA,NA,NA,NA,NA,NA,NA,NA,NA,NA,NA,NA,NA,NA,NA,NA,NA,205.5760648,1.424493,0.36771752,1.292555e-06,1.326622e-05,1
LOC111121442,NA,NA,NA,NA,NA,NA,NA,NA,NA,NA,NA,NA,NA,NA,NA,NA,NA,NA,NA,NA,27.15233239,1.08455,0.15115217,4.527836e-14,1.771088e-12,1
LOC111121522,NA,NA,NA,NA,NA,NA,NA,NA,NA,NA,NA,NA,NA,NA,NA,NA,NA,NA,NA,NA,45.09689247,1.781931,0.21129891,1.574532e-19,1.289065e-17,1
LOC111121537,NA,NA,NA,NA,NA,NA,NA,NA,NA,NA,NA,NA,NA,NA,NA,NA,NA,NA,NA,NA,23.31889658,1.485946,0.207764,1.116478e-14,4.769963e-13,1
LOC111121599,NA,NA,NA,NA,NA,NA,NA,NA,NA,NA,NA,NA,NA,NA,NA,NA,NA,NA,NA,NA,144.44023261,-1.093592,0.19536836,1.181514e-09,2.339371e-08,1
LOC111121722,NA,NA,NA,NA,NA,NA,NA,NA,NA,NA,NA,NA,NA,NA,NA,NA,NA,NA,NA,NA,27.90792321,-1.025785,0.25600057,2.888663e-06,2.693128e-05,1
LOC111121743,NA,NA,NA,NA,NA,NA,NA,NA,NA,NA,NA,NA,NA,NA,NA,NA,NA,NA,NA,NA,72.18204804,-1.160476,0.19829501,2.183699e-10,4.959675e-09,1
LOC111121807,NA,NA,NA,NA,NA,NA,NA,NA,NA,NA,NA,NA,NA,NA,NA,NA,NA,NA,NA,NA,44.08768906,-1.287704,0.21268779,4.033504e-11,1.031944e-09,1
LOC111121847,NA,NA,NA,NA,NA,NA,NA,NA,NA,NA,NA,NA,NA,NA,NA,NA,NA,NA,NA,NA,211.61459741,-1.155383,0.37737086,4.430912e-05,0.000304898,1
LOC111121848,NA,NA,NA,NA,NA,NA,NA,NA,NA,NA,NA,NA,NA,NA,NA,NA,NA,NA,NA,NA,4555.40550671,-1.075414,0.11481099,5.177646e-22,5.8049e-20,1
LOC111121956,NA,NA,NA,NA,NA,NA,NA,NA,NA,NA,NA,NA,NA,NA,NA,NA,NA,NA,NA,NA,105.812356,1.236055,0.22945925,2.340044e-09,4.363119e-08,1
LOC111122021,NA,NA,NA,NA,NA,NA,NA,NA,NA,NA,NA,NA,NA,NA,NA,NA,NA,NA,NA,NA,270.97915901,3.655989,0.39572585,8.203365e-24,1.155165e-21,1
LOC111122040,NA,NA,NA,NA,NA,NA,NA,NA,NA,NA,NA,NA,NA,NA,NA,NA,NA,NA,NA,NA,82.44136882,-2.130431,0.20999144,1.581619e-26,2.899965e-24,1
LOC111122097,NA,NA,NA,NA,NA,NA,NA,NA,NA,NA,NA,NA,NA,NA,NA,NA,NA,NA,NA,NA,309.40384664,2.083235,0.5886928,9.808466e-07,1.033205e-05,1
LOC111122179,NA,NA,NA,NA,NA,NA,NA,NA,NA,NA,NA,NA,NA,NA,NA,NA,NA,NA,NA,NA,48.34250305,1.015579,0.15566571,4.993094e-12,1.484602e-10,1
LOC111122185,NA,NA,NA,NA,NA,NA,NA,NA,NA,NA,NA,NA,NA,NA,NA,NA,NA,NA,NA,NA,108.99764283,-1.55041,0.28620672,5.845786e-10,1.220611e-08,1
LOC111122374,NA,NA,NA,NA,NA,NA,NA,NA,NA,NA,NA,NA,NA,NA,NA,NA,NA,NA,NA,NA,34.25235748,1.017795,0.20604172,4.810153e-08,6.84465e-07,1
LOC111122540,NA,NA,NA,NA,NA,NA,NA,NA,NA,NA,NA,NA,NA,NA,NA,NA,NA,NA,NA,NA,136.56516034,-1.30667,0.26605478,2.110625e-08,3.224933e-07,1
LOC111122548,NA,NA,NA,NA,NA,NA,NA,NA,NA,NA,NA,NA,NA,NA,NA,NA,NA,NA,NA,NA,119.39244879,1.814264,0.1396134,5.389811e-41,2.710613e-38,1
LOC111122549,NA,NA,NA,NA,NA,NA,NA,NA,NA,NA,NA,NA,NA,NA,NA,NA,NA,NA,NA,NA,130.73982029,-1.174986,0.16221718,2.073596e-14,8.48824e-13,1
LOC111122617,NA,NA,NA,NA,NA,NA,NA,NA,NA,NA,NA,NA,NA,NA,NA,NA,NA,NA,NA,NA,65.45429977,-1.148544,0.17901263,6.878397e-12,1.988071e-10,1
LOC111122705,NA,NA,NA,NA,NA,NA,NA,NA,NA,NA,NA,NA,NA,NA,NA,NA,NA,NA,NA,NA,55.46407908,-2.676468,0.2613633,1.324107e-26,2.479461e-24,1
LOC111122742,NA,NA,NA,NA,NA,NA,NA,NA,NA,NA,NA,NA,NA,NA,NA,NA,NA,NA,NA,NA,26.1770839,1.160257,0.18616853,2.142601e-11,5.696989e-10,1
LOC111122748,NA,NA,NA,NA,NA,NA,NA,NA,NA,NA,NA,NA,NA,NA,NA,NA,NA,NA,NA,NA,37.64512478,1.64523,0.22427479,1.542723e-15,7.319412e-14,1
LOC111122756,NA,NA,NA,NA,NA,NA,NA,NA,NA,NA,NA,NA,NA,NA,NA,NA,NA,NA,NA,NA,32.32090697,-1.089991,0.30700871,1.23454e-05,9.762071e-05,1
LOC111122765,NA,NA,NA,NA,NA,NA,NA,NA,NA,NA,NA,NA,NA,NA,NA,NA,NA,NA,NA,NA,30.65180363,1.438734,0.19436108,2.161722e-15,1.003974e-13,1
LOC111122828,NA,NA,NA,NA,NA,NA,NA,NA,NA,NA,NA,NA,NA,NA,NA,NA,NA,NA,NA,NA,55.46512063,-1.045879,0.40361601,0.0002052138,0.001182768,1
LOC111122838,NA,NA,NA,NA,NA,NA,NA,NA,NA,NA,NA,NA,NA,NA,NA,NA,NA,NA,NA,NA,109.0232826,2.421322,0.30454447,1.137105e-17,7.199756e-16,1
LOC111122858,NA,NA,NA,NA,NA,NA,NA,NA,NA,NA,NA,NA,NA,NA,NA,NA,NA,NA,NA,NA,29.92492852,1.088954,0.20506506,5.823938e-09,9.923809e-08,1
LOC111123021,NA,NA,NA,NA,NA,NA,NA,NA,NA,NA,NA,NA,NA,NA,NA,NA,NA,NA,NA,NA,59.69202679,1.070684,0.20880386,1.60475e-08,2.522037e-07,1
LOC111123052,NA,NA,NA,NA,NA,NA,NA,NA,NA,NA,NA,NA,NA,NA,NA,NA,NA,NA,NA,NA,69.09990271,1.042361,0.22010262,1.20574e-07,1.585022e-06,1
LOC111123245,NA,NA,NA,NA,NA,NA,NA,NA,NA,NA,NA,NA,NA,NA,NA,NA,NA,NA,NA,NA,25.25044026,1.24318,0.18246484,3.435083e-13,1.204469e-11,1
LOC111123448,NA,NA,NA,NA,NA,NA,NA,NA,NA,NA,NA,NA,NA,NA,NA,NA,NA,NA,NA,NA,32.89775784,1.256061,0.16648238,1.614509e-15,7.618924e-14,1
LOC111123510,NA,NA,NA,NA,NA,NA,NA,NA,NA,NA,NA,NA,NA,NA,NA,NA,NA,NA,NA,NA,43.55546982,-1.131533,0.28951519,3.071774e-06,2.835311e-05,1
LOC111123599,NA,NA,NA,NA,NA,NA,NA,NA,NA,NA,NA,NA,NA,NA,NA,NA,NA,NA,NA,NA,45.15978432,-1.299497,0.22168008,1.228077e-10,2.905458e-09,1
LOC111124169,NA,NA,NA,NA,NA,NA,NA,NA,NA,NA,NA,NA,NA,NA,NA,NA,NA,NA,NA,NA,88.04569474,1.356291,0.12348665,1.16265e-29,2.965938e-27,1
LOC111124258,NA,NA,NA,NA,NA,NA,NA,NA,NA,NA,NA,NA,NA,NA,NA,NA,NA,NA,NA,NA,45.19211736,1.271124,0.24180436,4.118928e-09,7.28657e-08,1
LOC111124493,NA,NA,NA,NA,NA,NA,NA,NA,NA,NA,NA,NA,NA,NA,NA,NA,NA,NA,NA,NA,125.58362602,1.061643,0.1192054,3.757213e-20,3.290272e-18,1
LOC111124505,NA,NA,NA,NA,NA,NA,NA,NA,NA,NA,NA,NA,NA,NA,NA,NA,NA,NA,NA,NA,94.87442163,-1.562469,0.17327786,1.839038e-21,1.882021e-19,1
LOC111124536,NA,NA,NA,NA,NA,NA,NA,NA,NA,NA,NA,NA,NA,NA,NA,NA,NA,NA,NA,NA,375.84381538,-1.012407,0.21684678,1.790373e-07,2.254628e-06,1
LOC111124599,NA,NA,NA,NA,NA,NA,NA,NA,NA,NA,NA,NA,NA,NA,NA,NA,NA,NA,NA,NA,128.35075145,1.068585,0.18750467,7.133642e-10,1.473784e-08,1
LOC111124620,NA,NA,NA,NA,NA,NA,NA,NA,NA,NA,NA,NA,NA,NA,NA,NA,NA,NA,NA,NA,32.21309002,-1.589601,0.17418398,6.040588e-22,6.679785e-20,1
LOC111124681,NA,NA,NA,NA,NA,NA,NA,NA,NA,NA,NA,NA,NA,NA,NA,NA,NA,NA,NA,NA,67.45374564,-2.177299,0.16180957,1.527244e-43,1.120106e-40,1
LOC111124877,NA,NA,NA,NA,NA,NA,NA,NA,NA,NA,NA,NA,NA,NA,NA,NA,NA,NA,NA,NA,386.512208,1.126976,0.19318318,2.721349e-10,6.063442e-09,1
LOC111124878,NA,NA,NA,NA,NA,NA,NA,NA,NA,NA,NA,NA,NA,NA,NA,NA,NA,NA,NA,NA,171.97683214,1.321884,0.31278256,4.543578e-07,5.203388e-06,1
LOC111124896,NA,NA,NA,NA,NA,NA,NA,NA,NA,NA,NA,NA,NA,NA,NA,NA,NA,NA,NA,NA,26.30550021,1.407878,0.17897306,6.858178e-17,3.919404e-15,1
LOC111124926,NA,NA,NA,NA,NA,NA,NA,NA,NA,NA,NA,NA,NA,NA,NA,NA,NA,NA,NA,NA,67.86773109,1.459313,0.17550792,1.380253e-18,9.836121e-17,1
LOC111125088,NA,NA,NA,NA,NA,NA,NA,NA,NA,NA,NA,NA,NA,NA,NA,NA,NA,NA,NA,NA,133.97594115,-1.9534,0.15181445,2.624559e-40,1.283263e-37,1
LOC111125151,NA,NA,NA,NA,NA,NA,NA,NA,NA,NA,NA,NA,NA,NA,NA,NA,NA,NA,NA,NA,58.10695314,1.115008,0.15621433,5.43011e-14,2.100677e-12,1
LOC111125157,NA,NA,NA,NA,NA,NA,NA,NA,NA,NA,NA,NA,NA,NA,NA,NA,NA,NA,NA,NA,334.6044968,1.943058,0.17320714,1.268898e-31,3.722525e-29,1
LOC111125197,NA,NA,NA,NA,NA,NA,NA,NA,NA,NA,NA,NA,NA,NA,NA,NA,NA,NA,NA,NA,423.29366967,2.209476,0.24205898,3.4821e-22,4.006008e-20,1
LOC111125291,NA,NA,NA,NA,NA,NA,NA,NA,NA,NA,NA,NA,NA,NA,NA,NA,NA,NA,NA,NA,68.57944686,1.179231,0.24840646,7.442844e-08,1.019525e-06,1
LOC111125316,NA,NA,NA,NA,NA,NA,NA,NA,NA,NA,NA,NA,NA,NA,NA,NA,NA,NA,NA,NA,229.06343568,2.11139,0.13456246,8.328153e-58,1.465921e-54,1
LOC111125332,NA,NA,NA,NA,NA,NA,NA,NA,NA,NA,NA,NA,NA,NA,NA,NA,NA,NA,NA,NA,67.0524968,-1.336506,0.40097971,1.116029e-05,8.908996e-05,1
LOC111125436,NA,NA,NA,NA,NA,NA,NA,NA,NA,NA,NA,NA,NA,NA,NA,NA,NA,NA,NA,NA,35.13677517,1.301461,0.33155046,1.623189e-06,1.620611e-05,1
LOC111125563,NA,NA,NA,NA,NA,NA,NA,NA,NA,NA,NA,NA,NA,NA,NA,NA,NA,NA,NA,NA,263.78018949,3.373796,0.54008291,3.372476e-13,1.189626e-11,1
LOC111125591,NA,NA,NA,NA,NA,NA,NA,NA,NA,NA,NA,NA,NA,NA,NA,NA,NA,NA,NA,NA,46.12864779,-1.145916,0.12284467,6.071842e-22,6.679785e-20,1
LOC111125601,NA,NA,NA,NA,NA,NA,NA,NA,NA,NA,NA,NA,NA,NA,NA,NA,NA,NA,NA,NA,76.68701135,-1.024605,0.23025811,4.658969e-07,5.321686e-06,1
LOC111125666,NA,NA,NA,NA,NA,NA,NA,NA,NA,NA,NA,NA,NA,NA,NA,NA,NA,NA,NA,NA,457.12712212,1.221542,0.27571733,2.72214e-07,3.290873e-06,1
LOC111125690,NA,NA,NA,NA,NA,NA,NA,NA,NA,NA,NA,NA,NA,NA,NA,NA,NA,NA,NA,NA,69.00577829,1.314186,0.182523,1.662006e-14,6.932375e-13,1
LOC111125743,NA,NA,NA,NA,NA,NA,NA,NA,NA,NA,NA,NA,NA,NA,NA,NA,NA,NA,NA,NA,129.39537803,-1.365055,0.23466355,1.227504e-10,2.905458e-09,1
LOC111125746,NA,NA,NA,NA,NA,NA,NA,NA,NA,NA,NA,NA,NA,NA,NA,NA,NA,NA,NA,NA,110.83573559,1.329299,0.15411176,1.741568e-19,1.404767e-17,1
LOC111125789,NA,NA,NA,NA,NA,NA,NA,NA,NA,NA,NA,NA,NA,NA,NA,NA,NA,NA,NA,NA,307.0241148,-1.497745,0.31194064,1.760009e-08,2.746425e-07,1
LOC111125790,NA,NA,NA,NA,NA,NA,NA,NA,NA,NA,NA,NA,NA,NA,NA,NA,NA,NA,NA,NA,141.06651269,-1.269488,0.30800317,8.417418e-07,9.045385e-06,1
LOC111125797,NA,NA,NA,NA,NA,NA,NA,NA,NA,NA,NA,NA,NA,NA,NA,NA,NA,NA,NA,NA,64.1584849,-1.544768,0.2340357,4.156408e-13,1.428928e-11,1
LOC111126018,NA,NA,NA,NA,NA,NA,NA,NA,NA,NA,NA,NA,NA,NA,NA,NA,NA,NA,NA,NA,45.82708272,-1.18578,0.21617154,1.635531e-09,3.160113e-08,1
LOC111126029,NA,NA,NA,NA,NA,NA,NA,NA,NA,NA,NA,NA,NA,NA,NA,NA,NA,NA,NA,NA,48.92763951,-1.011252,0.22799987,5.145144e-07,5.809162e-06,1
LOC111126080,NA,NA,NA,NA,NA,NA,NA,NA,NA,NA,NA,NA,NA,NA,NA,NA,NA,NA,NA,NA,20.40644805,-1.110017,0.17130392,5.128531e-12,1.5223e-10,1
LOC111126110,NA,NA,NA,NA,NA,NA,NA,NA,NA,NA,NA,NA,NA,NA,NA,NA,NA,NA,NA,NA,324.97623041,-1.036123,0.16698703,3.708507e-11,9.52951e-10,1
LOC111126233,NA,NA,NA,NA,NA,NA,NA,NA,NA,NA,NA,NA,NA,NA,NA,NA,NA,NA,NA,NA,41.53449459,-1.106761,0.18695636,1.737899e-10,4.019775e-09,1
LOC111126243,NA,NA,NA,NA,NA,NA,NA,NA,NA,NA,NA,NA,NA,NA,NA,NA,NA,NA,NA,NA,55.35395711,1.108964,0.21448092,1.145094e-08,1.847475e-07,1
LOC111126340,NA,NA,NA,NA,NA,NA,NA,NA,NA,NA,NA,NA,NA,NA,NA,NA,NA,NA,NA,NA,30.67852083,1.819085,0.17812977,7.400602e-27,1.431488e-24,1
LOC111126363,NA,NA,NA,NA,NA,NA,NA,NA,NA,NA,NA,NA,NA,NA,NA,NA,NA,NA,NA,NA,174.33300947,-1.13536,0.20115779,7.95361e-10,1.633599e-08,1
LOC111126448,NA,NA,NA,NA,NA,NA,NA,NA,NA,NA,NA,NA,NA,NA,NA,NA,NA,NA,NA,NA,154.27610694,-1.358296,0.14879469,1.684399e-21,1.733847e-19,1
LOC111126493,NA,NA,NA,NA,NA,NA,NA,NA,NA,NA,NA,NA,NA,NA,NA,NA,NA,NA,NA,NA,122.06903222,1.073494,0.30373203,1.367501e-05,0.0001068386,1
LOC111126585,NA,NA,NA,NA,NA,NA,NA,NA,NA,NA,NA,NA,NA,NA,NA,NA,NA,NA,NA,NA,117.56136866,1.221061,0.21031111,2.313759e-10,5.228084e-09,1
LOC111126586,NA,NA,NA,NA,NA,NA,NA,NA,NA,NA,NA,NA,NA,NA,NA,NA,NA,NA,NA,NA,76.83374143,-1.358423,0.30353646,1.352805e-07,1.759946e-06,1
LOC111126602,NA,NA,NA,NA,NA,NA,NA,NA,NA,NA,NA,NA,NA,NA,NA,NA,NA,NA,NA,NA,170.45039958,-1.237656,0.13441565,1.354263e-21,1.436008e-19,1
LOC111126622,NA,NA,NA,NA,NA,NA,NA,NA,NA,NA,NA,NA,NA,NA,NA,NA,NA,NA,NA,NA,142.97230683,-1.558121,0.13604031,2.186314e-32,6.635087e-30,1
LOC111126727,NA,NA,NA,NA,NA,NA,NA,NA,NA,NA,NA,NA,NA,NA,NA,NA,NA,NA,NA,NA,44.95382146,1.08862,0.34108543,3.777544e-05,0.0002654416,1
LOC111126786,NA,NA,NA,NA,NA,NA,NA,NA,NA,NA,NA,NA,NA,NA,NA,NA,NA,NA,NA,NA,93.77641378,1.22188,0.13600113,1.116354e-20,1.056455e-18,1
LOC111126813,NA,NA,NA,NA,NA,NA,NA,NA,NA,NA,NA,NA,NA,NA,NA,NA,NA,NA,NA,NA,77.35360383,-1.049758,0.1946381,4.170378e-09,7.348607e-08,1
LOC111126856,NA,NA,NA,NA,NA,NA,NA,NA,NA,NA,NA,NA,NA,NA,NA,NA,NA,NA,NA,NA,148.94916646,-1.441798,0.20490477,3.110677e-14,1.241591e-12,1
LOC111126988,NA,NA,NA,NA,NA,NA,NA,NA,NA,NA,NA,NA,NA,NA,NA,NA,NA,NA,NA,NA,68.30262202,-1.431277,0.1184128,2.198751e-35,8.41357e-33,1
LOC111126999,NA,NA,NA,NA,NA,NA,NA,NA,NA,NA,NA,NA,NA,NA,NA,NA,NA,NA,NA,NA,180.02256189,1.57469,0.15296937,6.744233e-27,1.319022e-24,1
LOC111127049,NA,NA,NA,NA,NA,NA,NA,NA,NA,NA,NA,NA,NA,NA,NA,NA,NA,NA,NA,NA,57.6221112,-1.029921,0.22328133,2.212261e-07,2.732647e-06,1
LOC111127079,NA,NA,NA,NA,NA,NA,NA,NA,NA,NA,NA,NA,NA,NA,NA,NA,NA,NA,NA,NA,708.66833762,-1.92614,0.44128126,4.81886e-08,6.8515e-07,1
LOC111127099,NA,NA,NA,NA,NA,NA,NA,NA,NA,NA,NA,NA,NA,NA,NA,NA,NA,NA,NA,NA,64.97857518,1.248613,0.42981291,5.004274e-05,0.000339573,1
LOC111127143,NA,NA,NA,NA,NA,NA,NA,NA,NA,NA,NA,NA,NA,NA,NA,NA,NA,NA,NA,NA,249.86498322,-1.017617,0.20138202,2.725787e-08,4.079873e-07,1
LOC111127180,NA,NA,NA,NA,NA,NA,NA,NA,NA,NA,NA,NA,NA,NA,NA,NA,NA,NA,NA,NA,32.47780652,1.044859,0.30648591,2.226291e-05,0.0001659771,1
LOC111127217,NA,NA,NA,NA,NA,NA,NA,NA,NA,NA,NA,NA,NA,NA,NA,NA,NA,NA,NA,NA,91.44295073,-1.056306,0.10138885,1.51815e-26,2.812892e-24,1
LOC111127271,NA,NA,NA,NA,NA,NA,NA,NA,NA,NA,NA,NA,NA,NA,NA,NA,NA,NA,NA,NA,162.6496461,-1.694487,0.32271096,9.281845e-10,1.884418e-08,1
LOC111127303,NA,NA,NA,NA,NA,NA,NA,NA,NA,NA,NA,NA,NA,NA,NA,NA,NA,NA,NA,NA,21.18872004,-1.359062,0.13439606,1.200455e-25,1.993434e-23,1
LOC111127334,NA,NA,NA,NA,NA,NA,NA,NA,NA,NA,NA,NA,NA,NA,NA,NA,NA,NA,NA,NA,54.15559858,-1.35625,0.24482652,6.286572e-10,1.304908e-08,1
LOC111127341,NA,NA,NA,NA,NA,NA,NA,NA,NA,NA,NA,NA,NA,NA,NA,NA,NA,NA,NA,NA,32.58851822,-1.446724,0.18589276,1.118602e-16,6.230895e-15,1
LOC111127350,NA,NA,NA,NA,NA,NA,NA,NA,NA,NA,NA,NA,NA,NA,NA,NA,NA,NA,NA,NA,50.01263078,1.143481,0.24381545,1.098713e-07,1.453009e-06,1
LOC111127384,NA,NA,NA,NA,NA,NA,NA,NA,NA,NA,NA,NA,NA,NA,NA,NA,NA,NA,NA,NA,43.84273071,-1.301693,0.18315217,3.431319e-14,1.363388e-12,1
LOC111127599,NA,NA,NA,NA,NA,NA,NA,NA,NA,NA,NA,NA,NA,NA,NA,NA,NA,NA,NA,NA,42.23080022,1.38127,0.31600674,1.972462e-07,2.460615e-06,1
LOC111127638,NA,NA,NA,NA,NA,NA,NA,NA,NA,NA,NA,NA,NA,NA,NA,NA,NA,NA,NA,NA,1092.282252,3.306984,0.30338669,3.385578e-30,8.89447e-28,1
LOC111127658,NA,NA,NA,NA,NA,NA,NA,NA,NA,NA,NA,NA,NA,NA,NA,NA,NA,NA,NA,NA,57.73481146,1.435669,0.16256508,1.746431e-20,1.626491e-18,1
LOC111127724,NA,NA,NA,NA,NA,NA,NA,NA,NA,NA,NA,NA,NA,NA,NA,NA,NA,NA,NA,NA,70.3946856,-1.77675,0.22250751,6.712582e-18,4.408764e-16,1
LOC111127802,NA,NA,NA,NA,NA,NA,NA,NA,NA,NA,NA,NA,NA,NA,NA,NA,NA,NA,NA,NA,373.85055949,-1.022412,0.19404866,8.781663e-09,1.441929e-07,1
LOC111127828,NA,NA,NA,NA,NA,NA,NA,NA,NA,NA,NA,NA,NA,NA,NA,NA,NA,NA,NA,NA,66.01500794,-2.63299,0.2798844,4.619076e-23,5.807498e-21,1
LOC111127873,NA,NA,NA,NA,NA,NA,NA,NA,NA,NA,NA,NA,NA,NA,NA,NA,NA,NA,NA,NA,43.54107056,-1.109598,0.33560024,2.520578e-05,0.0001857923,1
LOC111127895,NA,NA,NA,NA,NA,NA,NA,NA,NA,NA,NA,NA,NA,NA,NA,NA,NA,NA,NA,NA,2162.92267699,-3.629728,0.4639844,1.607552e-18,1.127336e-16,1
LOC111127939,NA,NA,NA,NA,NA,NA,NA,NA,NA,NA,NA,NA,NA,NA,NA,NA,NA,NA,NA,NA,157.87153198,1.003075,0.26243969,6.144493e-06,5.260475e-05,1
LOC111128001,NA,NA,NA,NA,NA,NA,NA,NA,NA,NA,NA,NA,NA,NA,NA,NA,NA,NA,NA,NA,15.83340913,1.068512,0.13964094,1.327141e-15,6.365212e-14,1
LOC111128026,NA,NA,NA,NA,NA,NA,NA,NA,NA,NA,NA,NA,NA,NA,NA,NA,NA,NA,NA,NA,56.29596249,-1.082505,0.14506403,5.437418e-15,2.435354e-13,1
LOC111128033,NA,NA,NA,NA,NA,NA,NA,NA,NA,NA,NA,NA,NA,NA,NA,NA,NA,NA,NA,NA,1828.78839502,2.146007,0.5388978,1.831363e-07,2.300903e-06,1
LOC111128095,NA,NA,NA,NA,NA,NA,NA,NA,NA,NA,NA,NA,NA,NA,NA,NA,NA,NA,NA,NA,136.61459635,-2.130556,0.43843407,3.924672e-09,6.963919e-08,1
LOC111128175,NA,NA,NA,NA,NA,NA,NA,NA,NA,NA,NA,NA,NA,NA,NA,NA,NA,NA,NA,NA,22.78192766,1.252732,0.23954806,5.101593e-09,8.821046e-08,1
LOC111128200,NA,NA,NA,NA,NA,NA,NA,NA,NA,NA,NA,NA,NA,NA,NA,NA,NA,NA,NA,NA,64.73274294,-1.134506,0.28155214,1.916541e-06,1.875206e-05,1
LOC111128206,NA,NA,NA,NA,NA,NA,NA,NA,NA,NA,NA,NA,NA,NA,NA,NA,NA,NA,NA,NA,149.53814134,-1.161898,0.15905848,1.378453e-14,5.81859e-13,1
LOC111128303,NA,NA,NA,NA,NA,NA,NA,NA,NA,NA,NA,NA,NA,NA,NA,NA,NA,NA,NA,NA,26.39486387,1.007181,0.1602729,2.421165e-11,6.351318e-10,1
LOC111128405,NA,NA,NA,NA,NA,NA,NA,NA,NA,NA,NA,NA,NA,NA,NA,NA,NA,NA,NA,NA,24.80382047,1.032786,0.13514268,1.571044e-15,7.433742e-14,1
LOC111128436,NA,NA,NA,NA,NA,NA,NA,NA,NA,NA,NA,NA,NA,NA,NA,NA,NA,NA,NA,NA,74.9371646,2.157752,0.2135508,2.518144e-26,4.388551e-24,1
LOC111128440,NA,NA,NA,NA,NA,NA,NA,NA,NA,NA,NA,NA,NA,NA,NA,NA,NA,NA,NA,NA,206.13552786,-1.068228,0.17608885,8.015854e-11,1.956936e-09,1
LOC111128481,NA,NA,NA,NA,NA,NA,NA,NA,NA,NA,NA,NA,NA,NA,NA,NA,NA,NA,NA,NA,25.98239564,-1.010498,0.18158521,1.79606e-09,3.436331e-08,1
LOC111128597,NA,NA,NA,NA,NA,NA,NA,NA,NA,NA,NA,NA,NA,NA,NA,NA,NA,NA,NA,NA,52.65258842,-1.694955,0.20923846,3.222851e-18,2.207339e-16,1
LOC111128633,NA,NA,NA,NA,NA,NA,NA,NA,NA,NA,NA,NA,NA,NA,NA,NA,NA,NA,NA,NA,79.97319099,1.4548,0.1458398,3.058203e-25,4.849594e-23,1
LOC111128640,NA,NA,NA,NA,NA,NA,NA,NA,NA,NA,NA,NA,NA,NA,NA,NA,NA,NA,NA,NA,21.6079652,1.11994,0.17894845,2.071533e-11,5.516359e-10,1
LOC111128648,NA,NA,NA,NA,NA,NA,NA,NA,NA,NA,NA,NA,NA,NA,NA,NA,NA,NA,NA,NA,611.2630802,-1.033157,0.10342474,1.321753e-24,1.988505e-22,1
LOC111128708,NA,NA,NA,NA,NA,NA,NA,NA,NA,NA,NA,NA,NA,NA,NA,NA,NA,NA,NA,NA,3756.31314409,2.744045,0.78173904,3.085941e-07,3.670185e-06,1
LOC111128788,NA,NA,NA,NA,NA,NA,NA,NA,NA,NA,NA,NA,NA,NA,NA,NA,NA,NA,NA,NA,25.1089731,-1.073241,0.22026176,5.724958e-08,8.023146e-07,1
LOC111128804,NA,NA,NA,NA,NA,NA,NA,NA,NA,NA,NA,NA,NA,NA,NA,NA,NA,NA,NA,NA,88.05679603,-1.712027,0.24701967,2.40267e-14,9.789768e-13,1
LOC111128812,NA,NA,NA,NA,NA,NA,NA,NA,NA,NA,NA,NA,NA,NA,NA,NA,NA,NA,NA,NA,80.01663835,1.065782,0.21736808,5.039587e-08,7.119327e-07,1
LOC111128817,NA,NA,NA,NA,NA,NA,NA,NA,NA,NA,NA,NA,NA,NA,NA,NA,NA,NA,NA,NA,67.2756092,1.508728,0.31788279,2.214549e-08,3.372015e-07,1
LOC111128863,NA,NA,NA,NA,NA,NA,NA,NA,NA,NA,NA,NA,NA,NA,NA,NA,NA,NA,NA,NA,77.46070398,1.301878,0.13069324,7.150287e-25,1.1138e-22,1
LOC111128864,NA,NA,NA,NA,NA,NA,NA,NA,NA,NA,NA,NA,NA,NA,NA,NA,NA,NA,NA,NA,62.30235979,2.114417,0.2059498,4.431265e-27,8.863537e-25,1
LOC111128874,NA,NA,NA,NA,NA,NA,NA,NA,NA,NA,NA,NA,NA,NA,NA,NA,NA,NA,NA,NA,58.87275942,2.110785,0.23133932,3.110162e-22,3.60165e-20,1
LOC111128879,NA,NA,NA,NA,NA,NA,NA,NA,NA,NA,NA,NA,NA,NA,NA,NA,NA,NA,NA,NA,28.78601967,1.048913,0.20722585,2.395437e-08,3.622378e-07,1
LOC111129018,NA,NA,NA,NA,NA,NA,NA,NA,NA,NA,NA,NA,NA,NA,NA,NA,NA,NA,NA,NA,236.83839753,-1.908032,0.28673261,1.153917e-13,4.285072e-12,1
LOC111129023,NA,NA,NA,NA,NA,NA,NA,NA,NA,NA,NA,NA,NA,NA,NA,NA,NA,NA,NA,NA,54.52536747,-1.155094,0.24008463,5.951878e-08,8.301502e-07,1
LOC111129163,NA,NA,NA,NA,NA,NA,NA,NA,NA,NA,NA,NA,NA,NA,NA,NA,NA,NA,NA,NA,151.09602493,-1.130032,0.11672896,2.173261e-23,2.854757e-21,1
LOC111129352,NA,NA,NA,NA,NA,NA,NA,NA,NA,NA,NA,NA,NA,NA,NA,NA,NA,NA,NA,NA,192.75984576,-1.248228,0.22895743,1.566849e-09,3.040758e-08,1
LOC111129381,NA,NA,NA,NA,NA,NA,NA,NA,NA,NA,NA,NA,NA,NA,NA,NA,NA,NA,NA,NA,806.695396,-1.013817,0.37607548,0.0001768523,0.001039037,1
LOC111129418,NA,NA,NA,NA,NA,NA,NA,NA,NA,NA,NA,NA,NA,NA,NA,NA,NA,NA,NA,NA,107.8228633,1.737145,0.31503505,1.93049e-10,4.424542e-09,1
LOC111129456,NA,NA,NA,NA,NA,NA,NA,NA,NA,NA,NA,NA,NA,NA,NA,NA,NA,NA,NA,NA,80.92527096,-1.468409,0.14699868,2.49083e-25,4.022348e-23,1
LOC111129812,NA,NA,NA,NA,NA,NA,NA,NA,NA,NA,NA,NA,NA,NA,NA,NA,NA,NA,NA,NA,38.07560335,1.37005,0.2615285,3.078681e-09,5.598238e-08,1
LOC111129881,NA,NA,NA,NA,NA,NA,NA,NA,NA,NA,NA,NA,NA,NA,NA,NA,NA,NA,NA,NA,58.78657045,2.215713,0.29258131,1.654392e-16,8.824427e-15,1
LOC111129895,NA,NA,NA,NA,NA,NA,NA,NA,NA,NA,NA,NA,NA,NA,NA,NA,NA,NA,NA,NA,32.79770409,1.04545,0.25686961,2.139314e-06,2.062224e-05,1
LOC111129953,NA,NA,NA,NA,NA,NA,NA,NA,NA,NA,NA,NA,NA,NA,NA,NA,NA,NA,NA,NA,168.87481041,-1.50844,0.22148045,1.145511e-13,4.262851e-12,1
LOC111129973,NA,NA,NA,NA,NA,NA,NA,NA,NA,NA,NA,NA,NA,NA,NA,NA,NA,NA,NA,NA,123.7217425,-1.189869,0.26521608,2.374875e-07,2.91307e-06,1
LOC111129983,NA,NA,NA,NA,NA,NA,NA,NA,NA,NA,NA,NA,NA,NA,NA,NA,NA,NA,NA,NA,47.21826824,-1.01939,0.2870306,1.508782e-05,0.000117252,1
LOC111129992,NA,NA,NA,NA,NA,NA,NA,NA,NA,NA,NA,NA,NA,NA,NA,NA,NA,NA,NA,NA,101.99709019,-1.075691,0.18066001,1.552281e-10,3.633411e-09,1
LOC111130036,NA,NA,NA,NA,NA,NA,NA,NA,NA,NA,NA,NA,NA,NA,NA,NA,NA,NA,NA,NA,79.50879736,-1.447865,0.31308421,4.912128e-08,6.972845e-07,1
LOC111130068,NA,NA,NA,NA,NA,NA,NA,NA,NA,NA,NA,NA,NA,NA,NA,NA,NA,NA,NA,NA,198.63469852,1.023218,0.11907891,6.582775e-19,4.868487e-17,1
LOC111130218,NA,NA,NA,NA,NA,NA,NA,NA,NA,NA,NA,NA,NA,NA,NA,NA,NA,NA,NA,NA,2130.75797864,-1.079682,0.40595551,0.0001572591,0.0009376944,1
LOC111130229,NA,NA,NA,NA,NA,NA,NA,NA,NA,NA,NA,NA,NA,NA,NA,NA,NA,NA,NA,NA,81.68970226,1.808394,0.23384423,4.737018e-17,2.742796e-15,1
LOC111130248,NA,NA,NA,NA,NA,NA,NA,NA,NA,NA,NA,NA,NA,NA,NA,NA,NA,NA,NA,NA,39.32623506,-1.02942,0.20498272,3.091445e-08,4.565068e-07,1
LOC111130260,NA,NA,NA,NA,NA,NA,NA,NA,NA,NA,NA,NA,NA,NA,NA,NA,NA,NA,NA,NA,604.7614026,-2.459854,0.18812059,4.504619e-41,2.332068e-38,1
LOC111130277,NA,NA,NA,NA,NA,NA,NA,NA,NA,NA,NA,NA,NA,NA,NA,NA,NA,NA,NA,NA,120.74148167,-1.099565,0.17701185,2.960772e-11,7.686652e-10,1
LOC111130317,NA,NA,NA,NA,NA,NA,NA,NA,NA,NA,NA,NA,NA,NA,NA,NA,NA,NA,NA,NA,24.87551233,1.074395,0.15079037,6.697823e-14,2.562937e-12,1
LOC111130375,NA,NA,NA,NA,NA,NA,NA,NA,NA,NA,NA,NA,NA,NA,NA,NA,NA,NA,NA,NA,214.04992075,1.274338,0.13692191,4.623516e-22,5.250525e-20,1
LOC111130558,NA,NA,NA,NA,NA,NA,NA,NA,NA,NA,NA,NA,NA,NA,NA,NA,NA,NA,NA,NA,21.94285691,1.27583,0.22741751,5.819063e-10,1.216474e-08,1
LOC111130560,NA,NA,NA,NA,NA,NA,NA,NA,NA,NA,NA,NA,NA,NA,NA,NA,NA,NA,NA,NA,61.36997163,1.013641,0.1192516,1.500296e-18,1.064848e-16,1
LOC111130639,NA,NA,NA,NA,NA,NA,NA,NA,NA,NA,NA,NA,NA,NA,NA,NA,NA,NA,NA,NA,82.36051102,-1.037556,0.24911052,1.495992e-06,1.510755e-05,1
LOC111130694,NA,NA,NA,NA,NA,NA,NA,NA,NA,NA,NA,NA,NA,NA,NA,NA,NA,NA,NA,NA,88.2498806,1.099604,0.12674619,2.616649e-19,2.028998e-17,1
LOC111130723,NA,NA,NA,NA,NA,NA,NA,NA,NA,NA,NA,NA,NA,NA,NA,NA,NA,NA,NA,NA,58.81534294,-1.264624,0.27992492,1.582594e-07,2.026762e-06,1
LOC111130765,NA,NA,NA,NA,NA,NA,NA,NA,NA,NA,NA,NA,NA,NA,NA,NA,NA,NA,NA,NA,27.50731985,2.022449,0.24524121,6.386813e-19,4.743488e-17,1
LOC111130853,NA,NA,NA,NA,NA,NA,NA,NA,NA,NA,NA,NA,NA,NA,NA,NA,NA,NA,NA,NA,27.16721801,1.21296,0.1945019,1.735416e-11,4.692288e-10,1
LOC111130930,NA,NA,NA,NA,NA,NA,NA,NA,NA,NA,NA,NA,NA,NA,NA,NA,NA,NA,NA,NA,134.52966952,1.084405,0.20103684,3.757044e-09,6.713857e-08,1
LOC111131002,NA,NA,NA,NA,NA,NA,NA,NA,NA,NA,NA,NA,NA,NA,NA,NA,NA,NA,NA,NA,35.4622317,1.57897,0.15738162,9.68519e-26,1.623607e-23,1
LOC111131004,NA,NA,NA,NA,NA,NA,NA,NA,NA,NA,NA,NA,NA,NA,NA,NA,NA,NA,NA,NA,42.52798346,-1.146653,0.11681632,5.47552e-24,7.835781e-22,1
LOC111131055,NA,NA,NA,NA,NA,NA,NA,NA,NA,NA,NA,NA,NA,NA,NA,NA,NA,NA,NA,NA,61.0073659,1.057035,0.17134583,4.382388e-11,1.113114e-09,1
LOC111131129,NA,NA,NA,NA,NA,NA,NA,NA,NA,NA,NA,NA,NA,NA,NA,NA,NA,NA,NA,NA,64.41318595,-1.639439,0.17985402,5.485269e-22,6.110867e-20,1
LOC111131146,NA,NA,NA,NA,NA,NA,NA,NA,NA,NA,NA,NA,NA,NA,NA,NA,NA,NA,NA,NA,58.30023926,-1.438414,0.33517796,2.268017e-07,2.791722e-06,1
LOC111131160,NA,NA,NA,NA,NA,NA,NA,NA,NA,NA,NA,NA,NA,NA,NA,NA,NA,NA,NA,NA,113.9801152,1.071256,0.17009562,1.865221e-11,4.989607e-10,1
LOC111131199,NA,NA,NA,NA,NA,NA,NA,NA,NA,NA,NA,NA,NA,NA,NA,NA,NA,NA,NA,NA,105.77621736,-1.255964,0.29912973,6.451006e-07,7.123626e-06,1
LOC111131297,NA,NA,NA,NA,NA,NA,NA,NA,NA,NA,NA,NA,NA,NA,NA,NA,NA,NA,NA,NA,886.37238067,2.406476,0.51129547,7.102808e-09,1.185058e-07,1
LOC111131329,NA,NA,NA,NA,NA,NA,NA,NA,NA,NA,NA,NA,NA,NA,NA,NA,NA,NA,NA,NA,48.42821463,-1.282196,0.33567802,2.57609e-06,2.435249e-05,1
LOC111131334,NA,NA,NA,NA,NA,NA,NA,NA,NA,NA,NA,NA,NA,NA,NA,NA,NA,NA,NA,NA,78.77300875,1.00283,0.19095365,1.012628e-08,1.650397e-07,1
LOC111131381,NA,NA,NA,NA,NA,NA,NA,NA,NA,NA,NA,NA,NA,NA,NA,NA,NA,NA,NA,NA,51.71873172,-1.562251,0.21108495,1.287273e-15,6.207829e-14,1
LOC111131483,NA,NA,NA,NA,NA,NA,NA,NA,NA,NA,NA,NA,NA,NA,NA,NA,NA,NA,NA,NA,45.33484856,1.282466,0.14981593,3.748398e-19,2.83173e-17,1
LOC111131612,NA,NA,NA,NA,NA,NA,NA,NA,NA,NA,NA,NA,NA,NA,NA,NA,NA,NA,NA,NA,46.92862677,-2.067087,0.27239754,1.28498e-16,7.112648e-15,1
LOC111131631,NA,NA,NA,NA,NA,NA,NA,NA,NA,NA,NA,NA,NA,NA,NA,NA,NA,NA,NA,NA,23.69773541,-1.144302,0.2137975,3.900076e-09,6.941269e-08,1
LOC111131632,NA,NA,NA,NA,NA,NA,NA,NA,NA,NA,NA,NA,NA,NA,NA,NA,NA,NA,NA,NA,58.49144995,1.015358,0.10942551,1.372684e-21,1.446825e-19,1
LOC111131692,NA,NA,NA,NA,NA,NA,NA,NA,NA,NA,NA,NA,NA,NA,NA,NA,NA,NA,NA,NA,158.39072448,-1.242222,0.23192766,2.701342e-09,4.937593e-08,1
LOC111131700,NA,NA,NA,NA,NA,NA,NA,NA,NA,NA,NA,NA,NA,NA,NA,NA,NA,NA,NA,NA,32.22475572,1.252472,0.27717972,1.647517e-07,2.096861e-06,1
LOC111131835,NA,NA,NA,NA,NA,NA,NA,NA,NA,NA,NA,NA,NA,NA,NA,NA,NA,NA,NA,NA,108.24779775,-1.218543,0.1812074,6.919822e-13,2.293836e-11,1
LOC111132042,NA,NA,NA,NA,NA,NA,NA,NA,NA,NA,NA,NA,NA,NA,NA,NA,NA,NA,NA,NA,91.31966873,1.628801,0.1706564,9.934113e-24,1.376852e-21,1
LOC111132049,NA,NA,NA,NA,NA,NA,NA,NA,NA,NA,NA,NA,NA,NA,NA,NA,NA,NA,NA,NA,27.71792963,1.672878,0.17419911,4.787075e-24,6.963809e-22,1
LOC111132106,NA,NA,NA,NA,NA,NA,NA,NA,NA,NA,NA,NA,NA,NA,NA,NA,NA,NA,NA,NA,81.44838016,-1.358025,0.42790575,1.685153e-05,0.0001298121,1
LOC111132189,NA,NA,NA,NA,NA,NA,NA,NA,NA,NA,NA,NA,NA,NA,NA,NA,NA,NA,NA,NA,22.67297254,1.516061,0.24202249,4.233477e-12,1.266096e-10,1
LOC111132202,NA,NA,NA,NA,NA,NA,NA,NA,NA,NA,NA,NA,NA,NA,NA,NA,NA,NA,NA,NA,80.74576797,1.00016,0.12088752,1.05674e-17,6.739398e-16,1
LOC111132244,NA,NA,NA,NA,NA,NA,NA,NA,NA,NA,NA,NA,NA,NA,NA,NA,NA,NA,NA,NA,117.67620884,-1.625396,0.22878226,9.067878e-15,3.92169e-13,1
LOC111132329,NA,NA,NA,NA,NA,NA,NA,NA,NA,NA,NA,NA,NA,NA,NA,NA,NA,NA,NA,NA,49.7551949,1.399175,0.14145462,9.244905e-25,1.402835e-22,1
LOC111132333,NA,NA,NA,NA,NA,NA,NA,NA,NA,NA,NA,NA,NA,NA,NA,NA,NA,NA,NA,NA,60.22983303,-1.559114,0.1617471,5.272329e-24,7.606848e-22,1
LOC111132492,NA,NA,NA,NA,NA,NA,NA,NA,NA,NA,NA,NA,NA,NA,NA,NA,NA,NA,NA,NA,52.57054821,-2.066098,0.12370365,5.532635e-65,1.623091e-61,1
LOC111132831,NA,NA,NA,NA,NA,NA,NA,NA,NA,NA,NA,NA,NA,NA,NA,NA,NA,NA,NA,NA,47.53479079,-2.145484,0.16012903,3.086248e-43,2.172965e-40,1
LOC111132835,NA,NA,NA,NA,NA,NA,NA,NA,NA,NA,NA,NA,NA,NA,NA,NA,NA,NA,NA,NA,52.1894311,-1.521447,0.178533,1.784996e-19,1.428159e-17,1
LOC111132847,NA,NA,NA,NA,NA,NA,NA,NA,NA,NA,NA,NA,NA,NA,NA,NA,NA,NA,NA,NA,36.81042748,-1.362751,0.19956729,1.89197e-13,6.796418e-12,1
LOC111133041,NA,NA,NA,NA,NA,NA,NA,NA,NA,NA,NA,NA,NA,NA,NA,NA,NA,NA,NA,NA,40.95364084,1.084961,0.18708639,3.795307e-10,8.217096e-09,1
LOC111133048,NA,NA,NA,NA,NA,NA,NA,NA,NA,NA,NA,NA,NA,NA,NA,NA,NA,NA,NA,NA,75.30433239,1.24175,0.30323892,1.033013e-06,1.082327e-05,1
LOC111133058,NA,NA,NA,NA,NA,NA,NA,NA,NA,NA,NA,NA,NA,NA,NA,NA,NA,NA,NA,NA,88.86405368,-1.118281,0.34561656,3.031187e-05,0.0002193872,1
LOC111133179,NA,NA,NA,NA,NA,NA,NA,NA,NA,NA,NA,NA,NA,NA,NA,NA,NA,NA,NA,NA,35.79928008,-1.079787,0.19544557,1.854029e-09,3.531885e-08,1
LOC111133197,NA,NA,NA,NA,NA,NA,NA,NA,NA,NA,NA,NA,NA,NA,NA,NA,NA,NA,NA,NA,54.85941117,-1.153478,0.2904477,2.255731e-06,2.166142e-05,1
LOC111133275,NA,NA,NA,NA,NA,NA,NA,NA,NA,NA,NA,NA,NA,NA,NA,NA,NA,NA,NA,NA,50.63421012,1.234433,0.26299154,7.872996e-08,1.070947e-06,1
LOC111133420,NA,NA,NA,NA,NA,NA,NA,NA,NA,NA,NA,NA,NA,NA,NA,NA,NA,NA,NA,NA,83.63320877,-1.280745,0.2799212,1.148858e-07,1.514772e-06,1
LOC111133488,NA,NA,NA,NA,NA,NA,NA,NA,NA,NA,NA,NA,NA,NA,NA,NA,NA,NA,NA,NA,56.77180207,1.155984,0.41152503,8.588533e-05,0.0005517349,1
LOC111133490,NA,NA,NA,NA,NA,NA,NA,NA,NA,NA,NA,NA,NA,NA,NA,NA,NA,NA,NA,NA,49.82408174,-1.959259,0.39503104,2.690995e-09,4.923794e-08,1
LOC111133617,NA,NA,NA,NA,NA,NA,NA,NA,NA,NA,NA,NA,NA,NA,NA,NA,NA,NA,NA,NA,134.57212135,-1.120988,0.16960999,2.103779e-12,6.565729e-11,1
LOC111133619,NA,NA,NA,NA,NA,NA,NA,NA,NA,NA,NA,NA,NA,NA,NA,NA,NA,NA,NA,NA,159.29787423,1.015591,0.21212391,1.013615e-07,1.347557e-06,1
LOC111133622,NA,NA,NA,NA,NA,NA,NA,NA,NA,NA,NA,NA,NA,NA,NA,NA,NA,NA,NA,NA,149.28010552,-1.607609,0.17974124,2.969472e-21,2.98678e-19,1
LOC111133656,NA,NA,NA,NA,NA,NA,NA,NA,NA,NA,NA,NA,NA,NA,NA,NA,NA,NA,NA,NA,70.90848056,1.121543,0.30360582,6.876294e-06,5.827468e-05,1
LOC111133765,NA,NA,NA,NA,NA,NA,NA,NA,NA,NA,NA,NA,NA,NA,NA,NA,NA,NA,NA,NA,58.127917,-1.654309,0.33800735,6.692466e-09,1.118716e-07,1
LOC111133797,NA,NA,NA,NA,NA,NA,NA,NA,NA,NA,NA,NA,NA,NA,NA,NA,NA,NA,NA,NA,71.08815347,-1.76673,0.4103701,8.287647e-08,1.121285e-06,1
LOC111133994,NA,NA,NA,NA,NA,NA,NA,NA,NA,NA,NA,NA,NA,NA,NA,NA,NA,NA,NA,NA,64.91663606,1.620279,0.250608,7.752261e-13,2.550566e-11,1
LOC111134064,NA,NA,NA,NA,NA,NA,NA,NA,NA,NA,NA,NA,NA,NA,NA,NA,NA,NA,NA,NA,138.91412857,-1.229556,0.17352595,5.331014e-14,2.066883e-12,1
LOC111134116,NA,NA,NA,NA,NA,NA,NA,NA,NA,NA,NA,NA,NA,NA,NA,NA,NA,NA,NA,NA,20.461087,-1.006847,0.18869459,6.39531e-09,1.075169e-07,1
LOC111134219,NA,NA,NA,NA,NA,NA,NA,NA,NA,NA,NA,NA,NA,NA,NA,NA,NA,NA,NA,NA,47.36415375,1.781305,0.38362399,1.692433e-08,2.650374e-07,1
LOC111134220,NA,NA,NA,NA,NA,NA,NA,NA,NA,NA,NA,NA,NA,NA,NA,NA,NA,NA,NA,NA,108.99073597,1.87525,0.5112627,8.791655e-07,9.401623e-06,1
LOC111134231,NA,NA,NA,NA,NA,NA,NA,NA,NA,NA,NA,NA,NA,NA,NA,NA,NA,NA,NA,NA,78.63807685,-1.009442,0.13761818,1.707658e-14,7.105958e-13,1
LOC111134313,NA,NA,NA,NA,NA,NA,NA,NA,NA,NA,NA,NA,NA,NA,NA,NA,NA,NA,NA,NA,57.74867798,-1.290104,0.27619562,7.135221e-08,9.796736e-07,1
LOC111134357,NA,NA,NA,NA,NA,NA,NA,NA,NA,NA,NA,NA,NA,NA,NA,NA,NA,NA,NA,NA,66.72983246,1.002435,0.19340773,1.454133e-08,2.310076e-07,1
LOC111134371,NA,NA,NA,NA,NA,NA,NA,NA,NA,NA,NA,NA,NA,NA,NA,NA,NA,NA,NA,NA,65.54454033,-1.012943,0.11490259,9.503839e-20,8.004142e-18,1
LOC111134436,NA,NA,NA,NA,NA,NA,NA,NA,NA,NA,NA,NA,NA,NA,NA,NA,NA,NA,NA,NA,94.79795393,-1.8933,0.2334156,2.011348e-18,1.393848e-16,1
LOC111134521,NA,NA,NA,NA,NA,NA,NA,NA,NA,NA,NA,NA,NA,NA,NA,NA,NA,NA,NA,NA,109.99329087,1.212381,0.25936793,9.331576e-08,1.247186e-06,1
LOC111134535,NA,NA,NA,NA,NA,NA,NA,NA,NA,NA,NA,NA,NA,NA,NA,NA,NA,NA,NA,NA,58.51344708,-1.324723,0.32700226,9.173987e-07,9.76303e-06,1
LOC111134538,NA,NA,NA,NA,NA,NA,NA,NA,NA,NA,NA,NA,NA,NA,NA,NA,NA,NA,NA,NA,74.38906192,3.383804,0.27998649,2.822214e-36,1.182776e-33,1
LOC111134611,NA,NA,NA,NA,NA,NA,NA,NA,NA,NA,NA,NA,NA,NA,NA,NA,NA,NA,NA,NA,115.38104595,-1.066566,0.28378104,6.474941e-06,5.51388e-05,1
LOC111134645,NA,NA,NA,NA,NA,NA,NA,NA,NA,NA,NA,NA,NA,NA,NA,NA,NA,NA,NA,NA,33.41389887,-1.173284,0.34854694,1.715817e-05,0.0001320587,1
LOC111134695,NA,NA,NA,NA,NA,NA,NA,NA,NA,NA,NA,NA,NA,NA,NA,NA,NA,NA,NA,NA,1000.86375573,-1.584982,0.21673539,2.276159e-15,1.054341e-13,1
LOC111134742,NA,NA,NA,NA,NA,NA,NA,NA,NA,NA,NA,NA,NA,NA,NA,NA,NA,NA,NA,NA,106.67993572,-1.039428,0.18296462,8.587609e-10,1.751554e-08,1
LOC111134800,NA,NA,NA,NA,NA,NA,NA,NA,NA,NA,NA,NA,NA,NA,NA,NA,NA,NA,NA,NA,48.33615731,1.442378,0.24435741,5.360969e-11,1.348054e-09,1
LOC111134846,NA,NA,NA,NA,NA,NA,NA,NA,NA,NA,NA,NA,NA,NA,NA,NA,NA,NA,NA,NA,64.5070721,-1.91768,0.23885916,3.899814e-18,2.640174e-16,1
LOC111134877,NA,NA,NA,NA,NA,NA,NA,NA,NA,NA,NA,NA,NA,NA,NA,NA,NA,NA,NA,NA,554.3059386,1.250163,0.16850922,4.277059e-15,1.926979e-13,1
LOC111134937,NA,NA,NA,NA,NA,NA,NA,NA,NA,NA,NA,NA,NA,NA,NA,NA,NA,NA,NA,NA,30.37571099,-1.069509,0.19869131,4.174847e-09,7.348607e-08,1
LOC111135164,NA,NA,NA,NA,NA,NA,NA,NA,NA,NA,NA,NA,NA,NA,NA,NA,NA,NA,NA,NA,35.80573108,-1.063134,0.2361853,3.330816e-07,3.915995e-06,1
LOC111135171,NA,NA,NA,NA,NA,NA,NA,NA,NA,NA,NA,NA,NA,NA,NA,NA,NA,NA,NA,NA,2648.4866242,-1.572939,0.1940523,4.78565e-18,3.202928e-16,1
LOC111135203,NA,NA,NA,NA,NA,NA,NA,NA,NA,NA,NA,NA,NA,NA,NA,NA,NA,NA,NA,NA,295.56995737,-1.06258,0.48015946,0.000435823,0.002295439,1
LOC111135267,NA,NA,NA,NA,NA,NA,NA,NA,NA,NA,NA,NA,NA,NA,NA,NA,NA,NA,NA,NA,50.8571447,1.579223,0.24591998,1.196819e-12,3.851262e-11,1
LOC111135288,NA,NA,NA,NA,NA,NA,NA,NA,NA,NA,NA,NA,NA,NA,NA,NA,NA,NA,NA,NA,31.17767097,1.122991,0.20443549,1.934776e-09,3.669821e-08,1
LOC111135486,NA,NA,NA,NA,NA,NA,NA,NA,NA,NA,NA,NA,NA,NA,NA,NA,NA,NA,NA,NA,90.64890922,-1.351424,0.33696581,9.798107e-07,1.032732e-05,1
LOC111135561,NA,NA,NA,NA,NA,NA,NA,NA,NA,NA,NA,NA,NA,NA,NA,NA,NA,NA,NA,NA,94.37228501,1.886493,0.17823452,1.373915e-28,3.182059e-26,1
LOC111135567,NA,NA,NA,NA,NA,NA,NA,NA,NA,NA,NA,NA,NA,NA,NA,NA,NA,NA,NA,NA,678.62479886,-1.961004,0.18558219,1.632882e-28,3.732726e-26,1
LOC111135714,NA,NA,NA,NA,NA,NA,NA,NA,NA,NA,NA,NA,NA,NA,NA,NA,NA,NA,NA,NA,359.05590444,-1.002003,0.21077428,1.233848e-07,1.619552e-06,1
LOC111135759,NA,NA,NA,NA,NA,NA,NA,NA,NA,NA,NA,NA,NA,NA,NA,NA,NA,NA,NA,NA,350.35740457,1.033283,0.16314326,1.649209e-11,4.486766e-10,1
LOC111135810,NA,NA,NA,NA,NA,NA,NA,NA,NA,NA,NA,NA,NA,NA,NA,NA,NA,NA,NA,NA,220.14011644,1.047346,0.07869415,1.609081e-41,9.136466e-39,1
LOC111135842,NA,NA,NA,NA,NA,NA,NA,NA,NA,NA,NA,NA,NA,NA,NA,NA,NA,NA,NA,NA,87.44528892,1.000107,0.18166405,2.575234e-09,4.751496e-08,1
LOC111135866,NA,NA,NA,NA,NA,NA,NA,NA,NA,NA,NA,NA,NA,NA,NA,NA,NA,NA,NA,NA,35.49754929,1.069417,0.1874099,6.82234e-10,1.412786e-08,1
LOC111136001,NA,NA,NA,NA,NA,NA,NA,NA,NA,NA,NA,NA,NA,NA,NA,NA,NA,NA,NA,NA,80.18596695,1.196803,0.1623762,7.501635e-15,3.276521e-13,1
LOC111136054,NA,NA,NA,NA,NA,NA,NA,NA,NA,NA,NA,NA,NA,NA,NA,NA,NA,NA,NA,NA,51.04136553,-1.422801,0.15909852,6.809682e-21,6.514349e-19,1
LOC111136274,NA,NA,NA,NA,NA,NA,NA,NA,NA,NA,NA,NA,NA,NA,NA,NA,NA,NA,NA,NA,33.20252783,1.536666,0.23715686,9.620556e-13,3.141763e-11,1
LOC111136279,NA,NA,NA,NA,NA,NA,NA,NA,NA,NA,NA,NA,NA,NA,NA,NA,NA,NA,NA,NA,36.70915384,1.508955,0.25704052,4.982289e-11,1.260032e-09,1
LOC111136288,NA,NA,NA,NA,NA,NA,NA,NA,NA,NA,NA,NA,NA,NA,NA,NA,NA,NA,NA,NA,120.59515393,-1.244681,0.27487076,1.622965e-07,2.071605e-06,1
LOC111136379,NA,NA,NA,NA,NA,NA,NA,NA,NA,NA,NA,NA,NA,NA,NA,NA,NA,NA,NA,NA,105.25948154,1.732577,0.21801638,1.015598e-17,6.524291e-16,1
LOC111136519,NA,NA,NA,NA,NA,NA,NA,NA,NA,NA,NA,NA,NA,NA,NA,NA,NA,NA,NA,NA,154.96717677,-1.216465,0.19630497,2.19516e-11,5.819157e-10,1
LOC111136536,NA,NA,NA,NA,NA,NA,NA,NA,NA,NA,NA,NA,NA,NA,NA,NA,NA,NA,NA,NA,84.11813952,1.124264,0.12325024,4.429126e-21,4.343574e-19,1
LOC111136546,NA,NA,NA,NA,NA,NA,NA,NA,NA,NA,NA,NA,NA,NA,NA,NA,NA,NA,NA,NA,278.32340467,1.798132,0.12915262,1.943519e-46,1.629039e-43,1
LOC111136552,NA,NA,NA,NA,NA,NA,NA,NA,NA,NA,NA,NA,NA,NA,NA,NA,NA,NA,NA,NA,26.78047631,-1.155717,0.15908219,1.888498e-14,7.803132e-13,1
LOC111136574,NA,NA,NA,NA,NA,NA,NA,NA,NA,NA,NA,NA,NA,NA,NA,NA,NA,NA,NA,NA,238.91475464,1.097489,0.41504095,0.0001541077,0.0009204627,1
LOC111136583,NA,NA,NA,NA,NA,NA,NA,NA,NA,NA,NA,NA,NA,NA,NA,NA,NA,NA,NA,NA,35.67527907,1.309956,0.25125107,4.450726e-09,7.802955e-08,1
LOC111136771,NA,NA,NA,NA,NA,NA,NA,NA,NA,NA,NA,NA,NA,NA,NA,NA,NA,NA,NA,NA,44.75904282,-1.044775,0.28818504,1.096e-05,8.776973e-05,1
LOC111136850,NA,NA,NA,NA,NA,NA,NA,NA,NA,NA,NA,NA,NA,NA,NA,NA,NA,NA,NA,NA,29.05485168,1.110084,0.25003693,3.794563e-07,4.414534e-06,1
LOC111136871,NA,NA,NA,NA,NA,NA,NA,NA,NA,NA,NA,NA,NA,NA,NA,NA,NA,NA,NA,NA,133.30675485,-1.615172,0.20476926,2.383622e-17,1.427093e-15,1
LOC111136914,NA,NA,NA,NA,NA,NA,NA,NA,NA,NA,NA,NA,NA,NA,NA,NA,NA,NA,NA,NA,32.4132626,1.293878,0.20733453,1.235693e-11,3.474547e-10,1
LOC111136982,NA,NA,NA,NA,NA,NA,NA,NA,NA,NA,NA,NA,NA,NA,NA,NA,NA,NA,NA,NA,95.1499056,1.573543,0.24753119,1.865384e-12,5.842435e-11,1
LOC111137049,NA,NA,NA,NA,NA,NA,NA,NA,NA,NA,NA,NA,NA,NA,NA,NA,NA,NA,NA,NA,473.28772823,1.131068,0.19084821,1.54668e-10,3.625121e-09,1
LOC111137111,NA,NA,NA,NA,NA,NA,NA,NA,NA,NA,NA,NA,NA,NA,NA,NA,NA,NA,NA,NA,122.20808799,1.039592,0.19257422,4.174871e-09,7.348607e-08,1
LOC111137167,NA,NA,NA,NA,NA,NA,NA,NA,NA,NA,NA,NA,NA,NA,NA,NA,NA,NA,NA,NA,36.47210393,-1.035427,0.18681274,1.904104e-09,3.615538e-08,1
LOC111137224,NA,NA,NA,NA,NA,NA,NA,NA,NA,NA,NA,NA,NA,NA,NA,NA,NA,NA,NA,NA,72.35357714,1.208795,0.29307627,1.028736e-06,1.078488e-05,1
LOC111137229,NA,NA,NA,NA,NA,NA,NA,NA,NA,NA,NA,NA,NA,NA,NA,NA,NA,NA,NA,NA,36.68965562,1.107783,0.35332921,4.18733e-05,0.0002897224,1
LOC111137258,NA,NA,NA,NA,NA,NA,NA,NA,NA,NA,NA,NA,NA,NA,NA,NA,NA,NA,NA,NA,100.70525082,-1.063763,0.23377368,2.668175e-07,3.236748e-06,1
LOC111137302,NA,NA,NA,NA,NA,NA,NA,NA,NA,NA,NA,NA,NA,NA,NA,NA,NA,NA,NA,NA,42.22517865,1.133698,0.2034527,1.201206e-09,2.370362e-08,1
LOC111137303,NA,NA,NA,NA,NA,NA,NA,NA,NA,NA,NA,NA,NA,NA,NA,NA,NA,NA,NA,NA,44.13956906,1.987178,0.24793848,4.286854e-18,2.880046e-16,1
LOC111137449,NA,NA,NA,NA,NA,NA,NA,NA,NA,NA,NA,NA,NA,NA,NA,NA,NA,NA,NA,NA,80.59102704,-1.473024,0.18948262,1.064485e-16,5.948276e-15,1
LOC111137752,NA,NA,NA,NA,NA,NA,NA,NA,NA,NA,NA,NA,NA,NA,NA,NA,NA,NA,NA,NA,25.90130752,-1.393586,0.20171273,9.47061e-14,3.554407e-12,1
LOC111138030,NA,NA,NA,NA,NA,NA,NA,NA,NA,NA,NA,NA,NA,NA,NA,NA,NA,NA,NA,NA,213.16877497,1.220161,0.13623154,1.445125e-20,1.353037e-18,1
LOC111138056,NA,NA,NA,NA,NA,NA,NA,NA,NA,NA,NA,NA,NA,NA,NA,NA,NA,NA,NA,NA,37.07987025,1.295467,0.17941004,1.546208e-14,6.49555e-13,1
LOC111138153,NA,NA,NA,NA,NA,NA,NA,NA,NA,NA,NA,NA,NA,NA,NA,NA,NA,NA,NA,NA,20.17280937,-1.060937,0.18806704,1.015147e-09,2.030524e-08,1
LOC111138263,NA,NA,NA,NA,NA,NA,NA,NA,NA,NA,NA,NA,NA,NA,NA,NA,NA,NA,NA,NA,44.177392,-1.295738,0.15102665,3.001739e-19,2.317395e-17,1
LOC111138429,NA,NA,NA,NA,NA,NA,NA,NA,NA,NA,NA,NA,NA,NA,NA,NA,NA,NA,NA,NA,59.18739159,-2.371214,0.15611691,3.767202e-54,5.100791e-51,1
